{
  "type": "FeatureCollection",
  "features": [
    {
      "type": "Feature",
      "geometry": {
        "type": "Point",
        "coordinates": [
          102.7103500366211,
          25.045913696289062
        ]
      },
      "properties": {
        "SRC": "PA_1903",
        "STATUS": "L",
        "YZ_ID": 1,
        "YZ_LABEL": "YUNNANFU Yunnan (云南府)",
        "YZNM_PY": "YUNNANFU",
        "YZNM_CH": "云南府",
        "YZNM_FT": "雲南府",
        "CHGIS_ID": "9755",
        "NOTE": null,
        "10CNTY_CH": "盘龙区",
        "10CNTY_EN": "Panlong",
        "10PREF_CH": "昆明市",
        "10PREF_EN": "Kunming",
        "10PROV_CH": "云南省",
        "10PROV_EN": "Yunnan",
        "GBCODE": 530103,
        "YZ_LAT": 102.71035,
        "YZ_LONG": 25.045914,
        "_layer_id": "ming_courier_stations",
        "_layer_title": "명대 역참 지점",
        "_source_file": "Ming_Stations_2016.shp",
        "_source_crs": "EPSG:4326"
      }
    },
    {
      "type": "Feature",
      "geometry": {
        "type": "Point",
        "coordinates": [
          103.06188999999999,
          25.220108000000018
        ]
      },
      "properties": {
        "SRC": "PA_1903",
        "STATUS": "L",
        "YZ_ID": 2,
        "YZ_LABEL": "YANGLIN Yunnan (杨林)",
        "YZNM_PY": "YANGLIN",
        "YZNM_CH": "杨林",
        "YZNM_FT": "楊林",
        "CHGIS_ID": "80685",
        "NOTE": null,
        "10CNTY_CH": "嵩明县",
        "10CNTY_EN": "Songming",
        "10PREF_CH": "昆明市",
        "10PREF_EN": "Kunming",
        "10PROV_CH": "云南省",
        "10PROV_EN": "Yunnan",
        "GBCODE": 530127,
        "YZ_LAT": 103.06189,
        "YZ_LONG": 25.220108,
        "_layer_id": "ming_courier_stations",
        "_layer_title": "명대 역참 지점",
        "_source_file": "Ming_Stations_2016.shp",
        "_source_crs": "EPSG:4326"
      }
    },
    {
      "type": "Feature",
      "geometry": {
        "type": "Point",
        "coordinates": [
          103.25371551513672,
          25.562204360961914
        ]
      },
      "properties": {
        "SRC": "PA_1903",
        "STATUS": "B",
        "YZ_ID": 3,
        "YZ_LABEL": "XUNDIAN GUCHENG Yunnan (寻甸)",
        "YZNM_PY": "XUNDIAN GUCHENG",
        "YZNM_CH": "寻甸",
        "YZNM_FT": "尋甸",
        "CHGIS_ID": "1574",
        "NOTE": null,
        "10CNTY_CH": "寻甸回族彝族自治县",
        "10CNTY_EN": "Xundianhuizuyizuzhzhixian",
        "10PREF_CH": "昆明市",
        "10PREF_EN": "Kunming",
        "10PROV_CH": "云南省",
        "10PROV_EN": "Yunnan",
        "GBCODE": 530129,
        "YZ_LAT": 103.253716,
        "YZ_LONG": 25.562204,
        "_layer_id": "ming_courier_stations",
        "_layer_title": "명대 역참 지점",
        "_source_file": "Ming_Stations_2016.shp",
        "_source_crs": "EPSG:4326"
      }
    },
    {
      "type": "Feature",
      "geometry": {
        "type": "Point",
        "coordinates": [
          103.58020782470703,
          25.428434371948242
        ]
      },
      "properties": {
        "SRC": "PA_1903",
        "STATUS": "B",
        "YZ_ID": 4,
        "YZ_LABEL": "MALONG Yunnan (马龙)",
        "YZNM_PY": "MALONG",
        "YZNM_CH": "马龙",
        "YZNM_FT": "馬龍",
        "CHGIS_ID": "1575",
        "NOTE": null,
        "10CNTY_CH": "马龙县",
        "10CNTY_EN": "Malong",
        "10PREF_CH": "曲靖市",
        "10PREF_EN": "Qujing",
        "10PROV_CH": "云南省",
        "10PROV_EN": "Yunnan",
        "GBCODE": 530321,
        "YZ_LAT": 103.580208,
        "YZ_LONG": 25.428434,
        "_layer_id": "ming_courier_stations",
        "_layer_title": "명대 역참 지점",
        "_source_file": "Ming_Stations_2016.shp",
        "_source_crs": "EPSG:4326"
      }
    },
    {
      "type": "Feature",
      "geometry": {
        "type": "Point",
        "coordinates": [
          103.7967758178711,
          25.4958438873291
        ]
      },
      "properties": {
        "SRC": "PA_1903",
        "STATUS": "L",
        "YZ_ID": 5,
        "YZ_LABEL": "NANNING XIAN Yunnan (南宁县)",
        "YZNM_PY": "NANNING XIAN",
        "YZNM_CH": "南宁县",
        "YZNM_FT": "南寧縣",
        "CHGIS_ID": "121501",
        "NOTE": null,
        "10CNTY_CH": "麒麟区",
        "10CNTY_EN": "Qilin",
        "10PREF_CH": "曲靖市",
        "10PREF_EN": "Qujing",
        "10PROV_CH": "云南省",
        "10PROV_EN": "Yunnan",
        "GBCODE": 530302,
        "YZ_LAT": 103.796776,
        "YZ_LONG": 25.495844,
        "_layer_id": "ming_courier_stations",
        "_layer_title": "명대 역참 지점",
        "_source_file": "Ming_Stations_2016.shp",
        "_source_crs": "EPSG:4326"
      }
    },
    {
      "type": "Feature",
      "geometry": {
        "type": "Point",
        "coordinates": [
          103.82211303710938,
          25.609928131103516
        ]
      },
      "properties": {
        "SRC": "PA_1903",
        "STATUS": "B",
        "YZ_ID": 6,
        "YZ_LABEL": "ZHANYI Yunnan (沾益)",
        "YZNM_PY": "ZHANYI",
        "YZNM_CH": "沾益",
        "YZNM_FT": "沾益",
        "CHGIS_ID": "1570",
        "NOTE": null,
        "10CNTY_CH": "沾益县",
        "10CNTY_EN": "Zhanyi",
        "10PREF_CH": "曲靖市",
        "10PREF_EN": "Qujing",
        "10PROV_CH": "云南省",
        "10PROV_EN": "Yunnan",
        "GBCODE": 530328,
        "YZ_LAT": 103.822113,
        "YZ_LONG": 25.609928,
        "_layer_id": "ming_courier_stations",
        "_layer_title": "명대 역참 지점",
        "_source_file": "Ming_Stations_2016.shp",
        "_source_crs": "EPSG:4326"
      }
    },
    {
      "type": "Feature",
      "geometry": {
        "type": "Point",
        "coordinates": [
          103.84713745117188,
          36.04703140258789
        ]
      },
      "properties": {
        "SRC": "MDYZK",
        "STATUS": "Y",
        "YZ_ID": 7,
        "YZ_LABEL": "LANQUANYI Gansu (兰泉驿)",
        "YZNM_PY": "LANQUANYI",
        "YZNM_CH": "兰泉驿",
        "YZNM_FT": "蘭泉驛",
        "CHGIS_ID": "70091",
        "NOTE": "Lanzhou f",
        "10CNTY_CH": "城关区",
        "10CNTY_EN": "Chengguan",
        "10PREF_CH": "兰州市",
        "10PREF_EN": "Lanzhou",
        "10PROV_CH": "甘肃省",
        "10PROV_EN": "Gansu",
        "GBCODE": 620102,
        "YZ_LAT": 103.847137,
        "YZ_LONG": 36.047031,
        "_layer_id": "ming_courier_stations",
        "_layer_title": "명대 역참 지점",
        "_source_file": "Ming_Stations_2016.shp",
        "_source_crs": "EPSG:4326"
      }
    },
    {
      "type": "Feature",
      "geometry": {
        "type": "Point",
        "coordinates": [
          104.07799530029297,
          30.6503849029541
        ]
      },
      "properties": {
        "SRC": "MDYZK",
        "STATUS": "N",
        "YZ_ID": 8,
        "YZ_LABEL": "JINGUANYI Sichuan (锦官驿)",
        "YZNM_PY": "JINGUANYI",
        "YZNM_CH": "锦官驿",
        "YZNM_FT": "錦官驛",
        "CHGIS_ID": "44394",
        "NOTE": "JINGUAN",
        "10CNTY_CH": "锦江区",
        "10CNTY_EN": "Jinjiang",
        "10PREF_CH": "成都市",
        "10PREF_EN": "Chengdu",
        "10PROV_CH": "四川省",
        "10PROV_EN": "Sichuan",
        "GBCODE": 510104,
        "YZ_LAT": 104.077995,
        "YZ_LONG": 30.650385,
        "_layer_id": "ming_courier_stations",
        "_layer_title": "명대 역참 지점",
        "_source_file": "Ming_Stations_2016.shp",
        "_source_crs": "EPSG:4326"
      }
    },
    {
      "type": "Feature",
      "geometry": {
        "type": "Point",
        "coordinates": [
          104.10787200927734,
          35.84682083129883
        ]
      },
      "properties": {
        "SRC": "MDYZK",
        "STATUS": "Y",
        "YZ_ID": 9,
        "YZ_LABEL": "QINGSHUI Gansu (清水驿)",
        "YZNM_PY": "QINGSHUI",
        "YZNM_CH": "清水驿",
        "YZNM_FT": "清水驛",
        "CHGIS_ID": "70099",
        "NOTE": null,
        "10CNTY_CH": "榆中县",
        "10CNTY_EN": "Yuzhong",
        "10PREF_CH": "兰州市",
        "10PREF_EN": "Lanzhou",
        "10PROV_CH": "甘肃省",
        "10PROV_EN": "Gansu",
        "GBCODE": 620123,
        "YZ_LAT": 104.107872,
        "YZ_LONG": 35.846821,
        "_layer_id": "ming_courier_stations",
        "_layer_title": "명대 역참 지점",
        "_source_file": "Ming_Stations_2016.shp",
        "_source_crs": "EPSG:4326"
      }
    },
    {
      "type": "Feature",
      "geometry": {
        "type": "Point",
        "coordinates": [
          104.1605453491211,
          30.831390380859375
        ]
      },
      "properties": {
        "SRC": "MDYZK",
        "STATUS": "Y",
        "YZ_ID": 10,
        "YZ_LABEL": "XINDU Sichuan (新都驿)",
        "YZNM_PY": "XINDU",
        "YZNM_CH": "新都驿",
        "YZNM_FT": "新都驛",
        "CHGIS_ID": "44418",
        "NOTE": null,
        "10CNTY_CH": "新都区",
        "10CNTY_EN": "Xindu",
        "10PREF_CH": "成都市",
        "10PREF_EN": "Chengdu",
        "10PROV_CH": "四川省",
        "10PROV_EN": "Sichuan",
        "GBCODE": 510114,
        "YZ_LAT": 104.160545,
        "YZ_LONG": 30.83139,
        "_layer_id": "ming_courier_stations",
        "_layer_title": "명대 역참 지점",
        "_source_file": "Ming_Stations_2016.shp",
        "_source_crs": "EPSG:4326"
      }
    },
    {
      "type": "Feature",
      "geometry": {
        "type": "Point",
        "coordinates": [
          104.62030792236328,
          35.57509231567383
        ]
      },
      "properties": {
        "SRC": "MDYZK",
        "STATUS": "N",
        "YZ_ID": 12,
        "YZ_LABEL": "YANSHOUYI Gansu (延寿驿)",
        "YZNM_PY": "YANSHOUYI",
        "YZNM_CH": "延寿驿",
        "YZNM_FT": "延壽驛",
        "CHGIS_ID": "70008",
        "NOTE": "ANDING",
        "10CNTY_CH": "安定区",
        "10CNTY_EN": "Anding",
        "10PREF_CH": "定西市",
        "10PREF_EN": "Dingxi",
        "10PROV_CH": "甘肃省",
        "10PROV_EN": "Gansu",
        "GBCODE": 621102,
        "YZ_LAT": 104.620308,
        "YZ_LONG": 35.575092,
        "_layer_id": "ming_courier_stations",
        "_layer_title": "명대 역참 지점",
        "_source_file": "Ming_Stations_2016.shp",
        "_source_crs": "EPSG:4326"
      }
    },
    {
      "type": "Feature",
      "geometry": {
        "type": "Point",
        "coordinates": [
          104.64989471435547,
          25.793142318725586
        ]
      },
      "properties": {
        "SRC": "MDYZK",
        "STATUS": "Y",
        "YZ_ID": 13,
        "YZ_LABEL": "PU'AN Guizhou (普安)",
        "YZNM_PY": "PU'AN",
        "YZNM_CH": "普安",
        "YZNM_FT": "普安",
        "CHGIS_ID": "99346",
        "NOTE": null,
        "10CNTY_CH": "盘县",
        "10CNTY_EN": "Pan",
        "10PREF_CH": "六盘水市",
        "10PREF_EN": "Liupanshui",
        "10PROV_CH": "贵州省",
        "10PROV_EN": "Guizhou",
        "GBCODE": 520222,
        "YZ_LAT": 104.649895,
        "YZ_LONG": 25.793142,
        "_layer_id": "ming_courier_stations",
        "_layer_title": "명대 역참 지점",
        "_source_file": "Ming_Stations_2016.shp",
        "_source_crs": "EPSG:4326"
      }
    },
    {
      "type": "Feature",
      "geometry": {
        "type": "Point",
        "coordinates": [
          104.74929809570312,
          31.459007263183594
        ]
      },
      "properties": {
        "SRC": "MDYZK",
        "STATUS": "Y",
        "YZ_ID": 14,
        "YZ_LABEL": "JINSHANYI Sichuan (金山驿)",
        "YZNM_PY": "JINSHANYI",
        "YZNM_CH": "金山驿",
        "YZNM_FT": "金山驛",
        "CHGIS_ID": "9705",
        "NOTE": "MIANZHOU",
        "10CNTY_CH": "涪城区",
        "10CNTY_EN": "Fucheng",
        "10PREF_CH": "绵阳市",
        "10PREF_EN": "Mianyang",
        "10PROV_CH": "四川省",
        "10PROV_EN": "Sichuan",
        "GBCODE": 510703,
        "YZ_LAT": 104.749298,
        "YZ_LONG": 31.459007,
        "_layer_id": "ming_courier_stations",
        "_layer_title": "명대 역참 지점",
        "_source_file": "Ming_Stations_2016.shp",
        "_source_crs": "EPSG:4326"
      }
    },
    {
      "type": "Feature",
      "geometry": {
        "type": "Point",
        "coordinates": [
          104.95207977294922,
          25.788410186767578
        ]
      },
      "properties": {
        "SRC": "MDYZK",
        "STATUS": "Y",
        "YZ_ID": 15,
        "YZ_LABEL": "XINXING Guizhou (新兴驿)",
        "YZNM_PY": "XINXING",
        "YZNM_CH": "新兴驿",
        "YZNM_FT": "新興驛",
        "CHGIS_ID": "99348",
        "NOTE": null,
        "10CNTY_CH": "普安县",
        "10CNTY_EN": "Puan",
        "10PREF_CH": "黔西南州",
        "10PREF_EN": "Qianxinanbuyizumiaozu",
        "10PROV_CH": "贵州省",
        "10PROV_EN": "Guizhou",
        "GBCODE": 522323,
        "YZ_LAT": 104.95208,
        "YZ_LONG": 25.78841,
        "_layer_id": "ming_courier_stations",
        "_layer_title": "명대 역참 지점",
        "_source_file": "Ming_Stations_2016.shp",
        "_source_crs": "EPSG:4326"
      }
    },
    {
      "type": "Feature",
      "geometry": {
        "type": "Point",
        "coordinates": [
          105.05613708496094,
          35.69419860839844
        ]
      },
      "properties": {
        "SRC": "MDYZK",
        "STATUS": "N",
        "YZ_ID": 16,
        "YZ_LABEL": "BAONINGYI Gansu (保宁驿)",
        "YZNM_PY": "BAONINGYI",
        "YZNM_CH": "保宁驿",
        "YZNM_FT": "保寧驛",
        "CHGIS_ID": "70016",
        "NOTE": "HUINING",
        "10CNTY_CH": "会宁县",
        "10CNTY_EN": "Huining",
        "10PREF_CH": "白银市",
        "10PREF_EN": "Baiyin",
        "10PROV_CH": "甘肃省",
        "10PROV_EN": "Gansu",
        "GBCODE": 620422,
        "YZ_LAT": 105.056137,
        "YZ_LONG": 35.694199,
        "_layer_id": "ming_courier_stations",
        "_layer_title": "명대 역참 지점",
        "_source_file": "Ming_Stations_2016.shp",
        "_source_crs": "EPSG:4326"
      }
    },
    {
      "type": "Feature",
      "geometry": {
        "type": "Point",
        "coordinates": [
          105.21588134765625,
          25.83346939086914
        ]
      },
      "properties": {
        "SRC": "MDYZK",
        "STATUS": "L",
        "YZ_ID": 17,
        "YZ_LABEL": "WEIJIUYI Guizhou (尾酒驿)",
        "YZNM_PY": "WEIJIUYI",
        "YZNM_CH": "尾酒驿",
        "YZNM_FT": "尾酒驛",
        "CHGIS_ID": "99338",
        "NOTE": null,
        "10CNTY_CH": "晴隆县",
        "10CNTY_EN": "Qinglong",
        "10PREF_CH": "黔西南州",
        "10PREF_EN": "Qianxinanbuyizumiaozu",
        "10PROV_CH": "贵州省",
        "10PROV_EN": "Guizhou",
        "GBCODE": 522324,
        "YZ_LAT": 105.215881,
        "YZ_LONG": 25.833469,
        "_layer_id": "ming_courier_stations",
        "_layer_title": "명대 역참 지점",
        "_source_file": "Ming_Stations_2016.shp",
        "_source_crs": "EPSG:4326"
      }
    },
    {
      "type": "Feature",
      "geometry": {
        "type": "Point",
        "coordinates": [
          105.48582458496094,
          25.910207748413086
        ]
      },
      "properties": {
        "SRC": "MDYZK",
        "STATUS": "Y",
        "YZ_ID": 18,
        "YZ_LABEL": "CHACHENG Guizhou (查城)",
        "YZNM_PY": "CHACHENG",
        "YZNM_CH": "查城",
        "YZNM_FT": "查城",
        "CHGIS_ID": "99021",
        "NOTE": null,
        "10CNTY_CH": "关岭布依族苗族自治县",
        "10CNTY_EN": "Guanlingbuyizumiaozuzhzhixi",
        "10PREF_CH": "安顺市",
        "10PREF_EN": "Anshun",
        "10PROV_CH": "贵州省",
        "10PROV_EN": "Guizhou",
        "GBCODE": 520424,
        "YZ_LAT": 105.485825,
        "YZ_LONG": 25.910208,
        "_layer_id": "ming_courier_stations",
        "_layer_title": "명대 역참 지점",
        "_source_file": "Ming_Stations_2016.shp",
        "_source_crs": "EPSG:4326"
      }
    },
    {
      "type": "Feature",
      "geometry": {
        "type": "Point",
        "coordinates": [
          105.72882080078125,
          35.52409744262695
        ]
      },
      "properties": {
        "SRC": "MDYZK",
        "STATUS": "Y",
        "YZ_ID": 19,
        "YZ_LABEL": "JINGYANG Gansu (泾阳驿)",
        "YZNM_PY": "JINGYANG",
        "YZNM_CH": "泾阳驿",
        "YZNM_FT": "涇陽驛",
        "CHGIS_ID": "245",
        "NOTE": null,
        "10CNTY_CH": "静宁县",
        "10CNTY_EN": "Jingning",
        "10PREF_CH": "平凉市",
        "10PREF_EN": "Pingliang",
        "10PROV_CH": "甘肃省",
        "10PROV_EN": "Gansu",
        "GBCODE": 620826,
        "YZ_LAT": 105.728821,
        "YZ_LONG": 35.524097,
        "_layer_id": "ming_courier_stations",
        "_layer_title": "명대 역참 지점",
        "_source_file": "Ming_Stations_2016.shp",
        "_source_crs": "EPSG:4326"
      }
    },
    {
      "type": "Feature",
      "geometry": {
        "type": "Point",
        "coordinates": [
          105.76355743408203,
          26.054595947265625
        ]
      },
      "properties": {
        "SRC": "MDYZK",
        "STATUS": "Y",
        "YZ_ID": 20,
        "YZ_LABEL": "ANZHUANG Guizhou (安庄驿)",
        "YZNM_PY": "ANZHUANG",
        "YZNM_CH": "安庄驿",
        "YZNM_FT": "安莊驛",
        "CHGIS_ID": "99025",
        "NOTE": null,
        "10CNTY_CH": "镇宁布依族苗族自治县",
        "10CNTY_EN": "Zhenningbuyizumiaozuzhzhixi",
        "10PREF_CH": "安顺市",
        "10PREF_EN": "Anshun",
        "10PROV_CH": "贵州省",
        "10PROV_EN": "Guizhou",
        "GBCODE": 520423,
        "YZ_LAT": 105.763557,
        "YZ_LONG": 26.054596,
        "_layer_id": "ming_courier_stations",
        "_layer_title": "명대 역참 지점",
        "_source_file": "Ming_Stations_2016.shp",
        "_source_crs": "EPSG:4326"
      }
    },
    {
      "type": "Feature",
      "geometry": {
        "type": "Point",
        "coordinates": [
          105.83299255371094,
          32.44388961791992
        ]
      },
      "properties": {
        "SRC": "MDYZK",
        "STATUS": "Y",
        "YZ_ID": 21,
        "YZ_LABEL": "WENJINYI Sichuan (问津驿)",
        "YZNM_PY": "WENJINYI",
        "YZNM_CH": "问津驿",
        "YZNM_FT": "問津驛",
        "CHGIS_ID": "44592",
        "NOTE": "GUANGYUAN",
        "10CNTY_CH": "利州区",
        "10CNTY_EN": "Shizhong",
        "10PREF_CH": "广元市",
        "10PREF_EN": "Guangyuan",
        "10PROV_CH": "四川省",
        "10PROV_EN": "Sichuan",
        "GBCODE": 510802,
        "YZ_LAT": 105.832993,
        "YZ_LONG": 32.44389,
        "_layer_id": "ming_courier_stations",
        "_layer_title": "명대 역참 지점",
        "_source_file": "Ming_Stations_2016.shp",
        "_source_crs": "EPSG:4326"
      }
    },
    {
      "type": "Feature",
      "geometry": {
        "type": "Point",
        "coordinates": [
          105.92786407470703,
          26.243244171142578
        ]
      },
      "properties": {
        "SRC": "MDYZK",
        "STATUS": "N",
        "YZ_ID": 22,
        "YZ_LABEL": "PULIYI Guizhou (普利驿)",
        "YZNM_PY": "PULIYI",
        "YZNM_CH": "普利驿",
        "YZNM_FT": "普利驛",
        "CHGIS_ID": "99030",
        "NOTE": null,
        "10CNTY_CH": "西秀区",
        "10CNTY_EN": "Xixiu",
        "10PREF_CH": "安顺市",
        "10PREF_EN": "Anshun",
        "10PROV_CH": "贵州省",
        "10PROV_EN": "Guizhou",
        "GBCODE": 520402,
        "YZ_LAT": 105.927864,
        "YZ_LONG": 26.243244,
        "_layer_id": "ming_courier_stations",
        "_layer_title": "명대 역참 지점",
        "_source_file": "Ming_Stations_2016.shp",
        "_source_crs": "EPSG:4326"
      }
    },
    {
      "type": "Feature",
      "geometry": {
        "type": "Point",
        "coordinates": [
          106.12223815917969,
          35.61709213256836
        ]
      },
      "properties": {
        "SRC": "MDYZK",
        "STATUS": "Y",
        "YZ_ID": 23,
        "YZ_LABEL": "LONGCHENG Ningxia (隆城驿)",
        "YZNM_PY": "LONGCHENG",
        "YZNM_CH": "隆城驿",
        "YZNM_FT": "隆城驛",
        "CHGIS_ID": "248",
        "NOTE": null,
        "10CNTY_CH": "隆德县",
        "10CNTY_EN": "Longde",
        "10PREF_CH": "固原市",
        "10PREF_EN": "Guyuan",
        "10PROV_CH": "宁夏回族自治区",
        "10PROV_EN": "Ningxia",
        "GBCODE": 640423,
        "YZ_LAT": 106.122238,
        "YZ_LONG": 35.617092,
        "_layer_id": "ming_courier_stations",
        "_layer_title": "명대 역참 지점",
        "_source_file": "Ming_Stations_2016.shp",
        "_source_crs": "EPSG:4326"
      }
    },
    {
      "type": "Feature",
      "geometry": {
        "type": "Point",
        "coordinates": [
          106.26085662841797,
          26.417787551879883
        ]
      },
      "properties": {
        "SRC": "MDYZK",
        "STATUS": "Y",
        "YZ_ID": 24,
        "YZ_LABEL": "PINGBA Guizhou (平坝驿)",
        "YZNM_PY": "PINGBA",
        "YZNM_CH": "平坝驿",
        "YZNM_FT": "平壩驛",
        "CHGIS_ID": "99395",
        "NOTE": null,
        "10CNTY_CH": "平坝县",
        "10CNTY_EN": "Pingba",
        "10PREF_CH": "安顺市",
        "10PREF_EN": "Anshun",
        "10PROV_CH": "贵州省",
        "10PROV_EN": "Guizhou",
        "GBCODE": 520421,
        "YZ_LAT": 106.260857,
        "YZ_LONG": 26.417788,
        "_layer_id": "ming_courier_stations",
        "_layer_title": "명대 역참 지점",
        "_source_file": "Ming_Stations_2016.shp",
        "_source_crs": "EPSG:4326"
      }
    },
    {
      "type": "Feature",
      "geometry": {
        "type": "Point",
        "coordinates": [
          106.46762084960938,
          26.556049346923828
        ]
      },
      "properties": {
        "SRC": "MDYZK",
        "STATUS": "Y",
        "YZ_ID": 25,
        "YZ_LABEL": "WEIQING Guizhou (威清驿)",
        "YZNM_PY": "WEIQING",
        "YZNM_CH": "威清驿",
        "YZNM_FT": "威清驛",
        "CHGIS_ID": "99155",
        "NOTE": null,
        "10CNTY_CH": "清镇市",
        "10CNTY_EN": "Qingzhen",
        "10PREF_CH": "贵阳市",
        "10PREF_EN": "Guiyang",
        "10PROV_CH": "贵州省",
        "10PROV_EN": "Guizhou",
        "GBCODE": 520181,
        "YZ_LAT": 106.467621,
        "YZ_LONG": 26.556049,
        "_layer_id": "ming_courier_stations",
        "_layer_title": "명대 역참 지점",
        "_source_file": "Ming_Stations_2016.shp",
        "_source_crs": "EPSG:4326"
      }
    },
    {
      "type": "Feature",
      "geometry": {
        "type": "Point",
        "coordinates": [
          106.62294006347656,
          33.945247650146484
        ]
      },
      "properties": {
        "SRC": "MDYZK",
        "STATUS": "N",
        "YZ_ID": 26,
        "YZ_LABEL": "FENGXIANG Shaanxi (凤县)",
        "YZNM_PY": "FENGXIANG",
        "YZNM_CH": "凤县",
        "YZNM_FT": "鳳縣",
        "CHGIS_ID": "71071",
        "NOTE": null,
        "10CNTY_CH": "凤县",
        "10CNTY_EN": "Feng",
        "10PREF_CH": "宝鸡市",
        "10PREF_EN": "Baoji",
        "10PROV_CH": "陕西省",
        "10PROV_EN": "Shaanxi",
        "GBCODE": 610330,
        "YZ_LAT": 106.62294,
        "YZ_LONG": 33.945248,
        "_layer_id": "ming_courier_stations",
        "_layer_title": "명대 역참 지점",
        "_source_file": "Ming_Stations_2016.shp",
        "_source_crs": "EPSG:4326"
      }
    },
    {
      "type": "Feature",
      "geometry": {
        "type": "Point",
        "coordinates": [
          106.31996899999999,
          35.691391000000024
        ]
      },
      "properties": {
        "SRC": "MDYZK",
        "STATUS": "Y",
        "YZ_ID": 27,
        "YZ_LABEL": "WATING Ningxia (瓦亭驿)",
        "YZNM_PY": "WATING",
        "YZNM_CH": "瓦亭驿",
        "YZNM_FT": "瓦亭驛",
        "CHGIS_ID": "152128",
        "NOTE": "nearest town",
        "10CNTY_CH": "原州区",
        "10CNTY_EN": "Yuanzhou",
        "10PREF_CH": "固原市",
        "10PREF_EN": "Guyuan",
        "10PROV_CH": "宁夏回族自治区",
        "10PROV_EN": "Ningxia",
        "GBCODE": 640402,
        "YZ_LAT": 106.319969,
        "YZ_LONG": 35.691391,
        "_layer_id": "ming_courier_stations",
        "_layer_title": "명대 역참 지점",
        "_source_file": "Ming_Stations_2016.shp",
        "_source_crs": "EPSG:4326"
      }
    },
    {
      "type": "Feature",
      "geometry": {
        "type": "Point",
        "coordinates": [
          106.68566131591797,
          35.53584671020508
        ]
      },
      "properties": {
        "SRC": "MDYZK",
        "STATUS": "Y",
        "YZ_ID": 28,
        "YZ_LABEL": "GAOPING Gansu (高平驿)",
        "YZNM_PY": "GAOPING",
        "YZNM_CH": "高平驿",
        "YZNM_FT": "高平驛",
        "CHGIS_ID": "70159",
        "NOTE": null,
        "10CNTY_CH": "崆峒区",
        "10CNTY_EN": "Kongtong",
        "10PREF_CH": "平凉市",
        "10PREF_EN": "Pingliang",
        "10PROV_CH": "甘肃省",
        "10PROV_EN": "Gansu",
        "GBCODE": 620802,
        "YZ_LAT": 106.685661,
        "YZ_LONG": 35.535847,
        "_layer_id": "ming_courier_stations",
        "_layer_title": "명대 역참 지점",
        "_source_file": "Ming_Stations_2016.shp",
        "_source_crs": "EPSG:4326"
      }
    },
    {
      "type": "Feature",
      "geometry": {
        "type": "Point",
        "coordinates": [
          106.70911407470703,
          26.580778121948242
        ]
      },
      "properties": {
        "SRC": "MDYZK",
        "STATUS": "N",
        "YZ_ID": 29,
        "YZ_LABEL": "HUANGHUA Guizhou (贵州驿)",
        "YZNM_PY": "HUANGHUA",
        "YZNM_CH": "贵州驿",
        "YZNM_FT": "貴州驛",
        "CHGIS_ID": "494",
        "NOTE": "Guiyang f",
        "10CNTY_CH": "南明区",
        "10CNTY_EN": "Nanming",
        "10PREF_CH": "贵阳市",
        "10PREF_EN": "Guiyang",
        "10PROV_CH": "贵州省",
        "10PROV_EN": "Guizhou",
        "GBCODE": 520102,
        "YZ_LAT": 106.709114,
        "YZ_LONG": 26.580778,
        "_layer_id": "ming_courier_stations",
        "_layer_title": "명대 역참 지점",
        "_source_file": "Ming_Stations_2016.shp",
        "_source_crs": "EPSG:4326"
      }
    },
    {
      "type": "Feature",
      "geometry": {
        "type": "Point",
        "coordinates": [
          106.7748031616211,
          33.137901306152344
        ]
      },
      "properties": {
        "SRC": "PA_1903",
        "STATUS": "L",
        "YZ_ID": 30,
        "YZ_LABEL": "MIANXIAN Shaanxi (勉县)",
        "YZNM_PY": "MIANXIAN",
        "YZNM_CH": "勉县",
        "YZNM_FT": "勉縣",
        "CHGIS_ID": "132146",
        "NOTE": "nearest town",
        "10CNTY_CH": "勉县",
        "10CNTY_EN": "Mian",
        "10PREF_CH": "汉中市",
        "10PREF_EN": "Hanzhong",
        "10PROV_CH": "陕西省",
        "10PROV_EN": "Shaanxi",
        "GBCODE": 610725,
        "YZ_LAT": 106.774803,
        "YZ_LONG": 33.137901,
        "_layer_id": "ming_courier_stations",
        "_layer_title": "명대 역참 지점",
        "_source_file": "Ming_Stations_2016.shp",
        "_source_crs": "EPSG:4326"
      }
    },
    {
      "type": "Feature",
      "geometry": {
        "type": "Point",
        "coordinates": [
          106.9692611694336,
          33.20038986206055
        ]
      },
      "properties": {
        "SRC": "MDYZK",
        "STATUS": "Y",
        "YZ_ID": 31,
        "YZ_LABEL": "BAOCHENG Shaanxi (褒城)",
        "YZNM_PY": "BAOCHENG",
        "YZNM_CH": "褒城",
        "YZNM_FT": "褒城",
        "CHGIS_ID": "958",
        "NOTE": null,
        "10CNTY_CH": "汉台区",
        "10CNTY_EN": "Hantai",
        "10PREF_CH": "汉中市",
        "10PREF_EN": "Hanzhong",
        "10PROV_CH": "陕西省",
        "10PROV_EN": "Shaanxi",
        "GBCODE": 610702,
        "YZ_LAT": 106.969261,
        "YZ_LONG": 33.20039,
        "_layer_id": "ming_courier_stations",
        "_layer_title": "명대 역참 지점",
        "_source_file": "Ming_Stations_2016.shp",
        "_source_crs": "EPSG:4326"
      }
    },
    {
      "type": "Feature",
      "geometry": {
        "type": "Point",
        "coordinates": [
          106.98106384277344,
          26.458335876464844
        ]
      },
      "properties": {
        "SRC": "MDYZK",
        "STATUS": "Y",
        "YZ_ID": 32,
        "YZ_LABEL": "LONGLI Guizhou (龙里驿)",
        "YZNM_PY": "LONGLI",
        "YZNM_CH": "龙里驿",
        "YZNM_FT": "龍裡驛",
        "CHGIS_ID": "99152",
        "NOTE": null,
        "10CNTY_CH": "龙里县",
        "10CNTY_EN": "Longli",
        "10PREF_CH": "黔南布依族苗族自治州",
        "10PREF_EN": "Qiannanbuyizumiaozu",
        "10PROV_CH": "贵州省",
        "10PROV_EN": "Guizhou",
        "GBCODE": 522730,
        "YZ_LAT": 106.981064,
        "YZ_LONG": 26.458336,
        "_layer_id": "ming_courier_stations",
        "_layer_title": "명대 역참 지점",
        "_source_file": "Ming_Stations_2016.shp",
        "_source_crs": "EPSG:4326"
      }
    },
    {
      "type": "Feature",
      "geometry": {
        "type": "Point",
        "coordinates": [
          107.14038848876953,
          34.38187026977539
        ]
      },
      "properties": {
        "SRC": "MDYZK",
        "STATUS": "Y",
        "YZ_ID": 33,
        "YZ_LABEL": "CHENCANG Shaanxi (陈仓驿)",
        "YZNM_PY": "CHENCANG",
        "YZNM_CH": "陈仓驿",
        "YZNM_FT": "陳倉驛",
        "CHGIS_ID": "70926",
        "NOTE": "BAOJI",
        "10CNTY_CH": "金台区",
        "10CNTY_EN": "Jintai",
        "10PREF_CH": "宝鸡市",
        "10PREF_EN": "Baoji",
        "10PROV_CH": "陕西省",
        "10PROV_EN": "Shaanxi",
        "GBCODE": 610303,
        "YZ_LAT": 107.140388,
        "YZ_LONG": 34.38187,
        "_layer_id": "ming_courier_stations",
        "_layer_title": "명대 역참 지점",
        "_source_file": "Ming_Stations_2016.shp",
        "_source_crs": "EPSG:4326"
      }
    },
    {
      "type": "Feature",
      "geometry": {
        "type": "Point",
        "coordinates": [
          106.97579199999998,
          35.42941700000002
        ]
      },
      "properties": {
        "SRC": "MDYZK",
        "STATUS": "Y",
        "YZ_ID": 34,
        "YZ_LABEL": "BAISHUI Gansu (白水驿)",
        "YZNM_PY": "BAISHUI",
        "YZNM_CH": "白水驿",
        "YZNM_FT": "白水驛",
        "CHGIS_ID": "16844",
        "NOTE": "Near Baishui Zhen (not in CHGIS)",
        "10CNTY_CH": "崆峒区",
        "10CNTY_EN": "Kongtong",
        "10PREF_CH": "平凉市",
        "10PREF_EN": "Pingliang",
        "10PROV_CH": "甘肃省",
        "10PROV_EN": "Gansu",
        "GBCODE": 620802,
        "YZ_LAT": 106.975792,
        "YZ_LONG": 35.429417,
        "_layer_id": "ming_courier_stations",
        "_layer_title": "명대 역참 지점",
        "_source_file": "Ming_Stations_2016.shp",
        "_source_crs": "EPSG:4326"
      }
    },
    {
      "type": "Feature",
      "geometry": {
        "type": "Point",
        "coordinates": [
          107.2396240234375,
          26.58564567565918
        ]
      },
      "properties": {
        "SRC": "MDYZK",
        "STATUS": "Y",
        "YZ_ID": 35,
        "YZ_LABEL": "XINTIAN Guizhou (新添驿)",
        "YZNM_PY": "XINTIAN",
        "YZNM_CH": "新添驿",
        "YZNM_FT": "新添驛",
        "CHGIS_ID": "99150",
        "NOTE": null,
        "10CNTY_CH": "贵定县",
        "10CNTY_EN": "Guiding",
        "10PREF_CH": "黔南布依族苗族自治州",
        "10PREF_EN": "Qiannanbuyizumiaozu",
        "10PROV_CH": "贵州省",
        "10PROV_EN": "Guizhou",
        "GBCODE": 522723,
        "YZ_LAT": 107.239624,
        "YZ_LONG": 26.585646,
        "_layer_id": "ming_courier_stations",
        "_layer_title": "명대 역참 지점",
        "_source_file": "Ming_Stations_2016.shp",
        "_source_crs": "EPSG:4326"
      }
    },
    {
      "type": "Feature",
      "geometry": {
        "type": "Point",
        "coordinates": [
          107.36338806152344,
          35.32880783081055
        ]
      },
      "properties": {
        "SRC": "MDYZK",
        "STATUS": "Y",
        "YZ_ID": 36,
        "YZ_LABEL": "WAYUN Gansu (瓦云驿)",
        "YZNM_PY": "WAYUN",
        "YZNM_CH": "瓦云驿",
        "YZNM_FT": "瓦雲驛",
        "CHGIS_ID": null,
        "NOTE": "Near Wulipu hvd_152059",
        "10CNTY_CH": "泾川县",
        "10CNTY_EN": "Jingchuan",
        "10PREF_CH": "平凉市",
        "10PREF_EN": "Pingliang",
        "10PROV_CH": "甘肃省",
        "10PROV_EN": "Gansu",
        "GBCODE": 620821,
        "YZ_LAT": 107.363388,
        "YZ_LONG": 35.328808,
        "_layer_id": "ming_courier_stations",
        "_layer_title": "명대 역참 지점",
        "_source_file": "Ming_Stations_2016.shp",
        "_source_crs": "EPSG:4326"
      }
    },
    {
      "type": "Feature",
      "geometry": {
        "type": "Point",
        "coordinates": [
          107.62709045410156,
          34.43963623046875
        ]
      },
      "properties": {
        "SRC": "MDYZK",
        "STATUS": "Y",
        "YZ_ID": 37,
        "YZ_LABEL": "QIZHOU Shaanxi (岐周驿)",
        "YZNM_PY": "QIZHOU",
        "YZNM_CH": "岐周驿",
        "YZNM_FT": "岐周驛",
        "CHGIS_ID": "70907",
        "NOTE": null,
        "10CNTY_CH": "岐山县",
        "10CNTY_EN": "Qishan",
        "10PREF_CH": "宝鸡市",
        "10PREF_EN": "Baoji",
        "10PROV_CH": "陕西省",
        "10PROV_EN": "Shaanxi",
        "GBCODE": 610323,
        "YZ_LAT": 107.62709,
        "YZ_LONG": 34.439636,
        "_layer_id": "ming_courier_stations",
        "_layer_title": "명대 역참 지점",
        "_source_file": "Ming_Stations_2016.shp",
        "_source_crs": "EPSG:4326"
      }
    },
    {
      "type": "Feature",
      "geometry": {
        "type": "Point",
        "coordinates": [
          107.78897857666016,
          26.65831756591797
        ]
      },
      "properties": {
        "SRC": "MDYZK",
        "STATUS": "Y",
        "YZ_ID": 38,
        "YZ_LABEL": "QINGPING Guizhou (清平驿)",
        "YZNM_PY": "QINGPING",
        "YZNM_CH": "清平驿",
        "YZNM_FT": "清平驛",
        "CHGIS_ID": "99088",
        "NOTE": null,
        "10CNTY_CH": "凯里市",
        "10CNTY_EN": "Kaili",
        "10PREF_CH": "黔东南苗族侗族自治州",
        "10PREF_EN": "Qiandongnanmiaozudongzu",
        "10PROV_CH": "贵州省",
        "10PROV_EN": "Guizhou",
        "GBCODE": 522601,
        "YZ_LAT": 107.788979,
        "YZ_LONG": 26.658318,
        "_layer_id": "ming_courier_stations",
        "_layer_title": "명대 역참 지점",
        "_source_file": "Ming_Stations_2016.shp",
        "_source_crs": "EPSG:4326"
      }
    },
    {
      "type": "Feature",
      "geometry": {
        "type": "Point",
        "coordinates": [
          107.78932189941406,
          35.205440521240234
        ]
      },
      "properties": {
        "SRC": "MDYZK",
        "STATUS": "N",
        "YZ_ID": 39,
        "YZ_LABEL": "YILUYI Shaanxi (宜禄驿)",
        "YZNM_PY": "YILUYI",
        "YZNM_CH": "宜禄驿",
        "YZNM_FT": "宜祿驛",
        "CHGIS_ID": "70215",
        "NOTE": null,
        "10CNTY_CH": "长武县",
        "10CNTY_EN": "Changwu",
        "10PREF_CH": "咸阳市",
        "10PREF_EN": "Xianyang",
        "10PROV_CH": "陕西省",
        "10PROV_EN": "Shaanxi",
        "GBCODE": 610428,
        "YZ_LAT": 107.789322,
        "YZ_LONG": 35.205441,
        "_layer_id": "ming_courier_stations",
        "_layer_title": "명대 역참 지점",
        "_source_file": "Ming_Stations_2016.shp",
        "_source_crs": "EPSG:4326"
      }
    },
    {
      "type": "Feature",
      "geometry": {
        "type": "Point",
        "coordinates": [
          107.86849212646484,
          34.36182403564453
        ]
      },
      "properties": {
        "SRC": "MDYZK",
        "STATUS": "Y",
        "YZ_ID": 40,
        "YZ_LABEL": "FENGQUAN Shaanxi (凤泉驿)",
        "YZNM_PY": "FENGQUAN",
        "YZNM_CH": "凤泉驿",
        "YZNM_FT": "鳳泉驛",
        "CHGIS_ID": "1743",
        "NOTE": null,
        "10CNTY_CH": "扶风县",
        "10CNTY_EN": "Fufeng",
        "10PREF_CH": "宝鸡市",
        "10PREF_EN": "Baoji",
        "10PROV_CH": "陕西省",
        "10PROV_EN": "Shaanxi",
        "GBCODE": 610324,
        "YZ_LAT": 107.868492,
        "YZ_LONG": 34.361824,
        "_layer_id": "ming_courier_stations",
        "_layer_title": "명대 역참 지점",
        "_source_file": "Ming_Stations_2016.shp",
        "_source_crs": "EPSG:4326"
      }
    },
    {
      "type": "Feature",
      "geometry": {
        "type": "Point",
        "coordinates": [
          108.0439682006836,
          34.812747955322266
        ]
      },
      "properties": {
        "SRC": "MDYZK",
        "STATUS": "Y",
        "YZ_ID": 42,
        "YZ_LABEL": "YONG'AN Shaanxi (永安驿)",
        "YZNM_PY": "YONG'AN",
        "YZNM_CH": "永安驿",
        "YZNM_FT": "永安驛",
        "CHGIS_ID": "70259",
        "NOTE": null,
        "10CNTY_CH": "永寿县",
        "10CNTY_EN": "Yongshou",
        "10PREF_CH": "咸阳市",
        "10PREF_EN": "Xianyang",
        "10PROV_CH": "陕西省",
        "10PROV_EN": "Shaanxi",
        "GBCODE": 610426,
        "YZ_LAT": 108.043968,
        "YZ_LONG": 34.812748,
        "_layer_id": "ming_courier_stations",
        "_layer_title": "명대 역참 지점",
        "_source_file": "Ming_Stations_2016.shp",
        "_source_crs": "EPSG:4326"
      }
    },
    {
      "type": "Feature",
      "geometry": {
        "type": "Point",
        "coordinates": [
          108.07798767089844,
          35.03965759277344
        ]
      },
      "properties": {
        "SRC": "MDYZK",
        "STATUS": "Y",
        "YZ_ID": 43,
        "YZ_LABEL": "XINPING Shaanxi (新平驿)",
        "YZNM_PY": "XINPING",
        "YZNM_CH": "新平驿",
        "YZNM_FT": "新平驛",
        "CHGIS_ID": "70862",
        "NOTE": null,
        "10CNTY_CH": "彬县",
        "10CNTY_EN": "Bin",
        "10PREF_CH": "咸阳市",
        "10PREF_EN": "Xianyang",
        "10PROV_CH": "陕西省",
        "10PROV_EN": "Shaanxi",
        "GBCODE": 610427,
        "YZ_LAT": 108.077988,
        "YZ_LONG": 35.039658,
        "_layer_id": "ming_courier_stations",
        "_layer_title": "명대 역참 지점",
        "_source_file": "Ming_Stations_2016.shp",
        "_source_crs": "EPSG:4326"
      }
    },
    {
      "type": "Feature",
      "geometry": {
        "type": "Point",
        "coordinates": [
          108.1051025390625,
          34.332054138183594
        ]
      },
      "properties": {
        "SRC": "MDYZK",
        "STATUS": "N",
        "YZ_ID": 44,
        "YZ_LABEL": "TAICHENGYI Shaanxi (邰城驿)",
        "YZNM_PY": "TAICHENGYI",
        "YZNM_CH": "邰城驿",
        "YZNM_FT": "邰城驛",
        "CHGIS_ID": "70252",
        "NOTE": null,
        "10CNTY_CH": "武功县",
        "10CNTY_EN": "Wugong",
        "10PREF_CH": "咸阳市",
        "10PREF_EN": "Xianyang",
        "10PROV_CH": "陕西省",
        "10PROV_EN": "Shaanxi",
        "GBCODE": 610431,
        "YZ_LAT": 108.105103,
        "YZ_LONG": 34.332054,
        "_layer_id": "ming_courier_stations",
        "_layer_title": "명대 역참 지점",
        "_source_file": "Ming_Stations_2016.shp",
        "_source_crs": "EPSG:4326"
      }
    },
    {
      "type": "Feature",
      "geometry": {
        "type": "Point",
        "coordinates": [
          108.11892700195312,
          27.037273406982422
        ]
      },
      "properties": {
        "SRC": "MDYZK",
        "STATUS": "Y",
        "YZ_ID": 45,
        "YZ_LABEL": "PIANQIAO Guizhou (偏桥驿)",
        "YZNM_PY": "PIANQIAO",
        "YZNM_CH": "偏桥驿",
        "YZNM_FT": "偏橋驛",
        "CHGIS_ID": "477",
        "NOTE": null,
        "10CNTY_CH": "施秉县",
        "10CNTY_EN": "Shibing",
        "10PREF_CH": "黔东南苗族侗族自治州",
        "10PREF_EN": "Qiandongnanmiaozudongzu",
        "10PROV_CH": "贵州省",
        "10PROV_EN": "Guizhou",
        "GBCODE": 522623,
        "YZ_LAT": 108.118927,
        "YZ_LONG": 27.037273,
        "_layer_id": "ming_courier_stations",
        "_layer_title": "명대 역참 지점",
        "_source_file": "Ming_Stations_2016.shp",
        "_source_crs": "EPSG:4326"
      }
    },
    {
      "type": "Feature",
      "geometry": {
        "type": "Point",
        "coordinates": [
          108.23560333251953,
          34.53030014038086
        ]
      },
      "properties": {
        "SRC": "MDYZK",
        "STATUS": "Y",
        "YZ_ID": 46,
        "YZ_LABEL": "WEISHENG Shaanxi (威胜驿)",
        "YZNM_PY": "WEISHENG",
        "YZNM_CH": "威胜驿",
        "YZNM_FT": "威勝驛",
        "CHGIS_ID": "70856",
        "NOTE": null,
        "10CNTY_CH": "乾县",
        "10CNTY_EN": "Qian",
        "10PREF_CH": "咸阳市",
        "10PREF_EN": "Xianyang",
        "10PROV_CH": "陕西省",
        "10PROV_EN": "Shaanxi",
        "GBCODE": 610424,
        "YZ_LAT": 108.235603,
        "YZ_LONG": 34.5303,
        "_layer_id": "ming_courier_stations",
        "_layer_title": "명대 역참 지점",
        "_source_file": "Ming_Stations_2016.shp",
        "_source_crs": "EPSG:4326"
      }
    },
    {
      "type": "Feature",
      "geometry": {
        "type": "Point",
        "coordinates": [
          108.41844940185547,
          27.054264068603516
        ]
      },
      "properties": {
        "SRC": "MDYZK",
        "STATUS": "Y",
        "YZ_ID": 47,
        "YZ_LABEL": "ZHENYUAN Guizhou (镇远驿)",
        "YZNM_PY": "ZHENYUAN",
        "YZNM_CH": "镇远驿",
        "YZNM_FT": "鎮遠驛",
        "CHGIS_ID": "479",
        "NOTE": null,
        "10CNTY_CH": "镇远县",
        "10CNTY_EN": "Zhenyuan",
        "10PREF_CH": "黔东南苗族侗族自治州",
        "10PREF_EN": "Qiandongnanmiaozudongzu",
        "10PROV_CH": "贵州省",
        "10PROV_EN": "Guizhou",
        "GBCODE": 522625,
        "YZ_LAT": 108.418449,
        "YZ_LONG": 27.054264,
        "_layer_id": "ming_courier_stations",
        "_layer_title": "명대 역참 지점",
        "_source_file": "Ming_Stations_2016.shp",
        "_source_crs": "EPSG:4326"
      }
    },
    {
      "type": "Feature",
      "geometry": {
        "type": "Point",
        "coordinates": [
          108.48260498046875,
          34.29872131347656
        ]
      },
      "properties": {
        "SRC": "MDYZK",
        "STATUS": "Y",
        "YZ_ID": 48,
        "YZ_LABEL": "BAIQU Shaanxi (白渠驿)",
        "YZNM_PY": "BAIQU",
        "YZNM_CH": "白渠驿",
        "YZNM_FT": "白渠驛",
        "CHGIS_ID": "70722",
        "NOTE": null,
        "10CNTY_CH": "兴平市",
        "10CNTY_EN": "Xingping",
        "10PREF_CH": "咸阳市",
        "10PREF_EN": "Xianyang",
        "10PROV_CH": "陕西省",
        "10PROV_EN": "Shaanxi",
        "GBCODE": 610481,
        "YZ_LAT": 108.482605,
        "YZ_LONG": 34.298721,
        "_layer_id": "ming_courier_stations",
        "_layer_title": "명대 역참 지점",
        "_source_file": "Ming_Stations_2016.shp",
        "_source_crs": "EPSG:4326"
      }
    },
    {
      "type": "Feature",
      "geometry": {
        "type": "Point",
        "coordinates": [
          108.527099609375,
          34.42853927612305
        ]
      },
      "properties": {
        "SRC": "PA_1903",
        "STATUS": "L",
        "YZ_ID": 49,
        "YZ_LABEL": "DIANZHANG Shaanxi (店张)",
        "YZNM_PY": "DIANZHANG",
        "YZNM_CH": "店张",
        "YZNM_FT": "店張",
        "CHGIS_ID": "131811",
        "NOTE": null,
        "10CNTY_CH": "兴平市",
        "10CNTY_EN": "Xingping",
        "10PREF_CH": "咸阳市",
        "10PREF_EN": "Xianyang",
        "10PROV_CH": "陕西省",
        "10PROV_EN": "Shaanxi",
        "GBCODE": 610481,
        "YZ_LAT": 108.5271,
        "YZ_LONG": 34.428539,
        "_layer_id": "ming_courier_stations",
        "_layer_title": "명대 역참 지점",
        "_source_file": "Ming_Stations_2016.shp",
        "_source_crs": "EPSG:4326"
      }
    },
    {
      "type": "Feature",
      "geometry": {
        "type": "Point",
        "coordinates": [
          108.73037719726562,
          27.126684188842773
        ]
      },
      "properties": {
        "SRC": "MDYZK",
        "STATUS": "Y",
        "YZ_ID": 50,
        "YZ_LABEL": "QINGLANG Guizhou (清浪卫)",
        "YZNM_PY": "QINGLANG",
        "YZNM_CH": "清浪卫",
        "YZNM_FT": "清浪衛",
        "CHGIS_ID": "480",
        "NOTE": null,
        "10CNTY_CH": "镇远县",
        "10CNTY_EN": "Zhenyuan",
        "10PREF_CH": "黔东南苗族侗族自治州",
        "10PREF_EN": "Qiandongnanmiaozudongzu",
        "10PROV_CH": "贵州省",
        "10PROV_EN": "Guizhou",
        "GBCODE": 522625,
        "YZ_LAT": 108.730377,
        "YZ_LONG": 27.126684,
        "_layer_id": "ming_courier_stations",
        "_layer_title": "명대 역참 지점",
        "_source_file": "Ming_Stations_2016.shp",
        "_source_crs": "EPSG:4326"
      }
    },
    {
      "type": "Feature",
      "geometry": {
        "type": "Point",
        "coordinates": [
          108.91154479980469,
          27.235931396484375
        ]
      },
      "properties": {
        "SRC": "MDYZK",
        "STATUS": "Y",
        "YZ_ID": 51,
        "YZ_LABEL": "PINGXI Guizhou (平溪驿)",
        "YZNM_PY": "PINGXI",
        "YZNM_CH": "平溪驿",
        "YZNM_FT": "平溪驛",
        "CHGIS_ID": "122700",
        "NOTE": null,
        "10CNTY_CH": "玉屏侗族自治县",
        "10CNTY_EN": "Yupingdongzuzizhi",
        "10PREF_CH": "铜仁地区",
        "10PREF_EN": "Tongren",
        "10PROV_CH": "贵州省",
        "10PROV_EN": "Guizhou",
        "GBCODE": 522223,
        "YZ_LAT": 108.911545,
        "YZ_LONG": 27.235931,
        "_layer_id": "ming_courier_stations",
        "_layer_title": "명대 역참 지점",
        "_source_file": "Ming_Stations_2016.shp",
        "_source_crs": "EPSG:4326"
      }
    },
    {
      "type": "Feature",
      "geometry": {
        "type": "Point",
        "coordinates": [
          108.94420623779297,
          34.266605377197266
        ]
      },
      "properties": {
        "SRC": "MDYZK",
        "STATUS": "Y",
        "YZ_ID": 52,
        "YZ_LABEL": "JINGZHAO Shaanxi (京兆驿)",
        "YZNM_PY": "JINGZHAO",
        "YZNM_CH": "京兆驿",
        "YZNM_FT": "京兆驛",
        "CHGIS_ID": "121526",
        "NOTE": "Xi'an fu",
        "10CNTY_CH": "碑林区",
        "10CNTY_EN": "Beilin",
        "10PREF_CH": "西安市",
        "10PREF_EN": "Xian",
        "10PROV_CH": "陕西省",
        "10PROV_EN": "Shaanxi",
        "GBCODE": 610103,
        "YZ_LAT": 108.944206,
        "YZ_LONG": 34.266605,
        "_layer_id": "ming_courier_stations",
        "_layer_title": "명대 역참 지점",
        "_source_file": "Ming_Stations_2016.shp",
        "_source_crs": "EPSG:4326"
      }
    },
    {
      "type": "Feature",
      "geometry": {
        "type": "Point",
        "coordinates": [
          109.1985092163086,
          27.381704330444336
        ]
      },
      "properties": {
        "SRC": "MDYZK",
        "STATUS": "Y",
        "YZ_ID": 53,
        "YZ_LABEL": "HUANGZHOU Hunan (晃州驿)",
        "YZNM_PY": "HUANGZHOU",
        "YZNM_CH": "晃州驿",
        "YZNM_FT": "晃州驛",
        "CHGIS_ID": "32803",
        "NOTE": "Should be at Huangzhou Ting",
        "10CNTY_CH": "新晃侗族自治县",
        "10CNTY_EN": "Xinhuangdongzuzizhixian",
        "10PREF_CH": "怀化市",
        "10PREF_EN": "Huaihua",
        "10PROV_CH": "湖南省",
        "10PROV_EN": "Hunan",
        "GBCODE": 431227,
        "YZ_LAT": 109.198509,
        "YZ_LONG": 27.381704,
        "_layer_id": "ming_courier_stations",
        "_layer_title": "명대 역참 지점",
        "_source_file": "Ming_Stations_2016.shp",
        "_source_crs": "EPSG:4326"
      }
    },
    {
      "type": "Feature",
      "geometry": {
        "type": "Point",
        "coordinates": [
          109.23829650878906,
          34.43141174316406
        ]
      },
      "properties": {
        "SRC": "MDYZK",
        "STATUS": "Y",
        "YZ_ID": 54,
        "YZ_LABEL": "XINFENG Shaanxi (新丰驿)",
        "YZNM_PY": "XINFENG",
        "YZNM_CH": "新丰驿",
        "YZNM_FT": "新豐驛",
        "CHGIS_ID": "131827",
        "NOTE": "Should be at Xinfeng Zhen",
        "10CNTY_CH": "临潼区",
        "10CNTY_EN": "Lintong",
        "10PREF_CH": "西安市",
        "10PREF_EN": "Xian",
        "10PROV_CH": "陕西省",
        "10PROV_EN": "Shaanxi",
        "GBCODE": 610115,
        "YZ_LAT": 109.238297,
        "YZ_LONG": 34.431412,
        "_layer_id": "ming_courier_stations",
        "_layer_title": "명대 역참 지점",
        "_source_file": "Ming_Stations_2016.shp",
        "_source_crs": "EPSG:4326"
      }
    },
    {
      "type": "Feature",
      "geometry": {
        "type": "Point",
        "coordinates": [
          109.50123596191406,
          34.50299835205078
        ]
      },
      "properties": {
        "SRC": "MDYZK",
        "STATUS": "Y",
        "YZ_ID": 55,
        "YZ_LABEL": "FENGYUAN Shaanxi (丰原驿)",
        "YZNM_PY": "FENGYUAN",
        "YZNM_CH": "丰原驿",
        "YZNM_FT": "豐原驛",
        "CHGIS_ID": "121322",
        "NOTE": null,
        "10CNTY_CH": "临渭区",
        "10CNTY_EN": "Linwei",
        "10PREF_CH": "渭南市",
        "10PREF_EN": "Weinan",
        "10PROV_CH": "陕西省",
        "10PROV_EN": "Shaanxi",
        "GBCODE": 610502,
        "YZ_LAT": 109.501236,
        "YZ_LONG": 34.502998,
        "_layer_id": "ming_courier_stations",
        "_layer_title": "명대 역참 지점",
        "_source_file": "Ming_Stations_2016.shp",
        "_source_crs": "EPSG:4326"
      }
    },
    {
      "type": "Feature",
      "geometry": {
        "type": "Point",
        "coordinates": [
          110.07839965820312,
          34.53443145751953
        ]
      },
      "properties": {
        "SRC": "MDYZK",
        "STATUS": "Y",
        "YZ_ID": 56,
        "YZ_LABEL": "HUASHAN Shaanxi (华山驿)",
        "YZNM_PY": "HUASHAN",
        "YZNM_CH": "华山驿",
        "YZNM_FT": "華山驛",
        "CHGIS_ID": null,
        "NOTE": "not in chgis",
        "10CNTY_CH": "华阴市",
        "10CNTY_EN": "Huayin",
        "10PREF_CH": "渭南市",
        "10PREF_EN": "Weinan",
        "10PROV_CH": "陕西省",
        "10PROV_EN": "Shaanxi",
        "GBCODE": 610582,
        "YZ_LAT": 110.0784,
        "YZ_LONG": 34.534431,
        "_layer_id": "ming_courier_stations",
        "_layer_title": "명대 역참 지점",
        "_source_file": "Ming_Stations_2016.shp",
        "_source_crs": "EPSG:4326"
      }
    },
    {
      "type": "Feature",
      "geometry": {
        "type": "Point",
        "coordinates": [
          110.08936309814453,
          34.56830978393555
        ]
      },
      "properties": {
        "SRC": "MDYZK",
        "STATUS": "Y",
        "YZ_ID": 57,
        "YZ_LABEL": "TONGJIN Shaanxi (潼津驿)",
        "YZNM_PY": "TONGJIN",
        "YZNM_CH": "潼津驿",
        "YZNM_FT": "潼津驛",
        "CHGIS_ID": "121361",
        "NOTE": null,
        "10CNTY_CH": "华阴市",
        "10CNTY_EN": "Huayin",
        "10PREF_CH": "渭南市",
        "10PREF_EN": "Weinan",
        "10PROV_CH": "陕西省",
        "10PROV_EN": "Shaanxi",
        "GBCODE": 610582,
        "YZ_LAT": 110.089363,
        "YZ_LONG": 34.56831,
        "_layer_id": "ming_courier_stations",
        "_layer_title": "명대 역참 지점",
        "_source_file": "Ming_Stations_2016.shp",
        "_source_crs": "EPSG:4326"
      }
    },
    {
      "type": "Feature",
      "geometry": {
        "type": "Point",
        "coordinates": [
          110.15422058105469,
          28.280029296875
        ]
      },
      "properties": {
        "SRC": "MDYZK",
        "STATUS": "Y",
        "YZ_ID": 58,
        "YZ_LABEL": "CHUANXIYI Hunan (船溪驿)",
        "YZNM_PY": "CHUANXIYI",
        "YZNM_CH": "船溪驿",
        "YZNM_FT": "船溪驛",
        "CHGIS_ID": "121282",
        "NOTE": "LUXI",
        "10CNTY_CH": "泸溪县",
        "10CNTY_EN": "Luxi",
        "10PREF_CH": "湘西土家族苗族自治州",
        "10PREF_EN": "Xiangxitujiazumiaozu",
        "10PROV_CH": "湖南省",
        "10PROV_EN": "Hunan",
        "GBCODE": 433122,
        "YZ_LAT": 110.154221,
        "YZ_LONG": 28.280029,
        "_layer_id": "ming_courier_stations",
        "_layer_title": "명대 역참 지점",
        "_source_file": "Ming_Stations_2016.shp",
        "_source_crs": "EPSG:4326"
      }
    },
    {
      "type": "Feature",
      "geometry": {
        "type": "Point",
        "coordinates": [
          110.18264770507812,
          28.018482208251953
        ]
      },
      "properties": {
        "SRC": "MDYZK",
        "STATUS": "Y",
        "YZ_ID": 59,
        "YZ_LABEL": "CHENYANGSHUIYI Hunan (辰阳水驿)",
        "YZNM_PY": "CHENYANGSHUIYI",
        "YZNM_CH": "辰阳水驿",
        "YZNM_FT": "辰陽水驛",
        "CHGIS_ID": "121283",
        "NOTE": "SHANTANG",
        "10CNTY_CH": "辰溪县",
        "10CNTY_EN": "Chenxi",
        "10PREF_CH": "怀化市",
        "10PREF_EN": "Huaihua",
        "10PROV_CH": "湖南省",
        "10PROV_EN": "Hunan",
        "GBCODE": 431223,
        "YZ_LAT": 110.182648,
        "YZ_LONG": 28.018482,
        "_layer_id": "ming_courier_stations",
        "_layer_title": "명대 역참 지점",
        "_source_file": "Ming_Stations_2016.shp",
        "_source_crs": "EPSG:4326"
      }
    },
    {
      "type": "Feature",
      "geometry": {
        "type": "Point",
        "coordinates": [
          110.27365112304688,
          34.59880828857422
        ]
      },
      "properties": {
        "SRC": "MDYZK",
        "STATUS": "Y",
        "YZ_ID": 60,
        "YZ_LABEL": "TONGGUAN Shaanxi (潼关驿)",
        "YZNM_PY": "TONGGUAN",
        "YZNM_CH": "潼关驿",
        "YZNM_FT": "潼關驛",
        "CHGIS_ID": "70349",
        "NOTE": null,
        "10CNTY_CH": "潼关县",
        "10CNTY_EN": "Tongguan",
        "10PREF_CH": "渭南市",
        "10PREF_EN": "Weinan",
        "10PROV_CH": "陕西省",
        "10PROV_EN": "Shaanxi",
        "GBCODE": 610522,
        "YZ_LAT": 110.273651,
        "YZ_LONG": 34.598808,
        "_layer_id": "ming_courier_stations",
        "_layer_title": "명대 역참 지점",
        "_source_file": "Ming_Stations_2016.shp",
        "_source_crs": "EPSG:4326"
      }
    },
    {
      "type": "Feature",
      "geometry": {
        "type": "Point",
        "coordinates": [
          110.28626251220703,
          25.280059814453125
        ]
      },
      "properties": {
        "SRC": "MDYZK",
        "STATUS": "Y",
        "YZ_ID": 61,
        "YZ_LABEL": "DONGJIANG Guangxi (东江驿)",
        "YZNM_PY": "DONGJIANG",
        "YZNM_CH": "东江驿",
        "YZNM_FT": "東江驛",
        "CHGIS_ID": "35443",
        "NOTE": "Guilin fu",
        "10CNTY_CH": "七星区",
        "10CNTY_EN": "Qixing",
        "10PREF_CH": "桂林市",
        "10PREF_EN": "Guilin",
        "10PROV_CH": "广西壮族自治区",
        "10PROV_EN": "Guangxi",
        "GBCODE": 450305,
        "YZ_LAT": 110.286263,
        "YZ_LONG": 25.28006,
        "_layer_id": "ming_courier_stations",
        "_layer_title": "명대 역참 지점",
        "_source_file": "Ming_Stations_2016.shp",
        "_source_crs": "EPSG:4326"
      }
    },
    {
      "type": "Feature",
      "geometry": {
        "type": "Point",
        "coordinates": [
          110.3836898803711,
          25.46320343017578
        ]
      },
      "properties": {
        "SRC": "MDYZK",
        "STATUS": "Y",
        "YZ_ID": 62,
        "YZ_LABEL": "DALONG Guangxi (大龙驿)",
        "YZNM_PY": "DALONG",
        "YZNM_CH": "大龙驿",
        "YZNM_FT": "大龍驛",
        "CHGIS_ID": "122297",
        "NOTE": null,
        "10CNTY_CH": "灵川县",
        "10CNTY_EN": "Lingchuan",
        "10PREF_CH": "桂林市",
        "10PREF_EN": "Guilin",
        "10PROV_CH": "广西壮族自治区",
        "10PROV_EN": "Guangxi",
        "GBCODE": 450323,
        "YZ_LAT": 110.38369,
        "YZ_LONG": 25.463203,
        "_layer_id": "ming_courier_stations",
        "_layer_title": "명대 역참 지점",
        "_source_file": "Ming_Stations_2016.shp",
        "_source_crs": "EPSG:4326"
      }
    },
    {
      "type": "Feature",
      "geometry": {
        "type": "Point",
        "coordinates": [
          110.39696502685547,
          28.45819091796875
        ]
      },
      "properties": {
        "SRC": "MDYZK",
        "STATUS": "Y",
        "YZ_ID": 63,
        "YZ_LABEL": "YIRONGYI Hunan (怡容驿)",
        "YZNM_PY": "YIRONGYI",
        "YZNM_CH": "怡容驿",
        "YZNM_FT": "怡容驛",
        "CHGIS_ID": "121281",
        "NOTE": "CHENZHOUFU",
        "10CNTY_CH": "沅陵县",
        "10CNTY_EN": "Yuanling",
        "10PREF_CH": "怀化市",
        "10PREF_EN": "Huaihua",
        "10PROV_CH": "湖南省",
        "10PROV_EN": "Hunan",
        "GBCODE": 431222,
        "YZ_LAT": 110.396965,
        "YZ_LONG": 28.458191,
        "_layer_id": "ming_courier_stations",
        "_layer_title": "명대 역참 지점",
        "_source_file": "Ming_Stations_2016.shp",
        "_source_crs": "EPSG:4326"
      }
    },
    {
      "type": "Feature",
      "geometry": {
        "type": "Point",
        "coordinates": [
          110.59600100000002,
          35.05600000000001
        ]
      },
      "properties": {
        "SRC": "MDYZK",
        "STATUS": "Y",
        "YZ_ID": 64,
        "YZ_LABEL": "FANQIAOYI Shanxi (樊桥驿)",
        "YZNM_PY": "FANQIAOYI",
        "YZNM_CH": "樊桥驿",
        "YZNM_FT": "樊橋驛",
        "CHGIS_ID": "145449",
        "NOTE": "Should be at Fanqiao Tun",
        "10CNTY_CH": "临猗县",
        "10CNTY_EN": "Linyi",
        "10PREF_CH": "运城市",
        "10PREF_EN": "Yuncheng",
        "10PROV_CH": "山西省",
        "10PROV_EN": "Shanxi",
        "GBCODE": 140821,
        "YZ_LAT": 110.596001,
        "YZ_LONG": 35.056,
        "_layer_id": "ming_courier_stations",
        "_layer_title": "명대 역참 지점",
        "_source_file": "Ming_Stations_2016.shp",
        "_source_crs": "EPSG:4326"
      }
    },
    {
      "type": "Feature",
      "geometry": {
        "type": "Point",
        "coordinates": [
          110.6658706665039,
          25.61313247680664
        ]
      },
      "properties": {
        "SRC": "MDYZK",
        "STATUS": "N",
        "YZ_ID": 65,
        "YZ_LABEL": "BAIYUNYI Guangxi (白云驿)",
        "YZNM_PY": "BAIYUNYI",
        "YZNM_CH": "白云驿",
        "YZNM_FT": "白雲驛",
        "CHGIS_ID": "122296",
        "NOTE": null,
        "10CNTY_CH": "兴安县",
        "10CNTY_EN": "Xingan",
        "10PREF_CH": "桂林市",
        "10PREF_EN": "Guilin",
        "10PROV_CH": "广西壮族自治区",
        "10PROV_EN": "Guangxi",
        "GBCODE": 450325,
        "YZ_LAT": 110.665871,
        "YZ_LONG": 25.613132,
        "_layer_id": "ming_courier_stations",
        "_layer_title": "명대 역참 지점",
        "_source_file": "Ming_Stations_2016.shp",
        "_source_crs": "EPSG:4326"
      }
    },
    {
      "type": "Feature",
      "geometry": {
        "type": "Point",
        "coordinates": [
          110.95201194487291,
          35.066373239776205
        ]
      },
      "properties": {
        "SRC": "MDYZK",
        "STATUS": "Y",
        "YZ_ID": 66,
        "YZ_LABEL": "HONGZHI Shanxi (泓芝驿)",
        "YZNM_PY": "HONGZHI",
        "YZNM_CH": "泓芝驿",
        "YZNM_FT": "泓芝驛",
        "CHGIS_ID": null,
        "NOTE": "not in chgis",
        "10CNTY_CH": "盐湖区",
        "10CNTY_EN": "Yanhu",
        "10PREF_CH": "运城市",
        "10PREF_EN": "Yuncheng",
        "10PROV_CH": "山西省",
        "10PROV_EN": "Shanxi",
        "GBCODE": 140802,
        "YZ_LAT": 110.952012,
        "YZ_LONG": 35.066373,
        "_layer_id": "ming_courier_stations",
        "_layer_title": "명대 역참 지점",
        "_source_file": "Ming_Stations_2016.shp",
        "_source_crs": "EPSG:4326"
      }
    },
    {
      "type": "Feature",
      "geometry": {
        "type": "Point",
        "coordinates": [
          111.06500244140625,
          25.931814193725586
        ]
      },
      "properties": {
        "SRC": "MDYZK",
        "STATUS": "Y",
        "YZ_ID": 67,
        "YZ_LABEL": "CHENGNAN Guangxi (城南驿)",
        "YZNM_PY": "CHENGNAN",
        "YZNM_CH": "城南驿",
        "YZNM_FT": "城南驛",
        "CHGIS_ID": "122302",
        "NOTE": null,
        "10CNTY_CH": "全州县",
        "10CNTY_EN": "Quanzhou",
        "10PREF_CH": "桂林市",
        "10PREF_EN": "Guilin",
        "10PROV_CH": "广西壮族自治区",
        "10PROV_EN": "Guangxi",
        "GBCODE": 450324,
        "YZ_LAT": 111.065002,
        "YZ_LONG": 25.931814,
        "_layer_id": "ming_courier_stations",
        "_layer_title": "명대 역참 지점",
        "_source_file": "Ming_Stations_2016.shp",
        "_source_crs": "EPSG:4326"
      }
    },
    {
      "type": "Feature",
      "geometry": {
        "type": "Point",
        "coordinates": [
          111.21720886230469,
          35.357723236083984
        ]
      },
      "properties": {
        "SRC": "MDYZK",
        "STATUS": "N",
        "YZ_ID": 68,
        "YZ_LABEL": "SUCHUANYI Shanxi (涑川驿)",
        "YZNM_PY": "SUCHUANYI",
        "YZNM_CH": "涑川驿",
        "YZNM_FT": "涑川驛",
        "CHGIS_ID": "121876",
        "NOTE": null,
        "10CNTY_CH": "闻喜县",
        "10CNTY_EN": "Wenxi",
        "10PREF_CH": "运城市",
        "10PREF_EN": "Yuncheng",
        "10PROV_CH": "山西省",
        "10PROV_EN": "Shanxi",
        "GBCODE": 140823,
        "YZ_LAT": 111.217209,
        "YZ_LONG": 35.357723,
        "_layer_id": "ming_courier_stations",
        "_layer_title": "명대 역참 지점",
        "_source_file": "Ming_Stations_2016.shp",
        "_source_crs": "EPSG:4326"
      }
    },
    {
      "type": "Feature",
      "geometry": {
        "type": "Point",
        "coordinates": [
          111.44947800000004,
          35.79209500000009
        ]
      },
      "properties": {
        "SRC": "MDYZK",
        "STATUS": "Y",
        "YZ_ID": 69,
        "YZ_LABEL": "MENGCHENGYI Shanxi (蒙城驿)",
        "YZNM_PY": "MENGCHENGYI",
        "YZNM_CH": "蒙城驿",
        "YZNM_FT": "蒙城驛",
        "CHGIS_ID": "148126",
        "NOTE": null,
        "10CNTY_CH": "曲沃县",
        "10CNTY_EN": "Quwo",
        "10PREF_CH": "临汾市",
        "10PREF_EN": "Linfen",
        "10PROV_CH": "山西省",
        "10PROV_EN": "Shanxi",
        "GBCODE": 141021,
        "YZ_LAT": 111.449478,
        "YZ_LONG": 35.792095,
        "_layer_id": "ming_courier_stations",
        "_layer_title": "명대 역참 지점",
        "_source_file": "Ming_Stations_2016.shp",
        "_source_crs": "EPSG:4326"
      }
    },
    {
      "type": "Feature",
      "geometry": {
        "type": "Point",
        "coordinates": [
          111.47776794433594,
          28.90159797668457
        ]
      },
      "properties": {
        "SRC": "MDYZK",
        "STATUS": "Y",
        "YZ_ID": 70,
        "YZ_LABEL": "TAOYUAN Hunan (桃源驿)",
        "YZNM_PY": "TAOYUAN",
        "YZNM_CH": "桃源驿",
        "YZNM_FT": "桃源驛",
        "CHGIS_ID": "121279",
        "NOTE": null,
        "10CNTY_CH": "桃源县",
        "10CNTY_EN": "Taoyuan",
        "10PREF_CH": "常德市",
        "10PREF_EN": "Changde",
        "10PROV_CH": "湖南省",
        "10PROV_EN": "Hunan",
        "GBCODE": 430725,
        "YZ_LAT": 111.477768,
        "YZ_LONG": 28.901598,
        "_layer_id": "ming_courier_stations",
        "_layer_title": "명대 역참 지점",
        "_source_file": "Ming_Stations_2016.shp",
        "_source_crs": "EPSG:4326"
      }
    },
    {
      "type": "Feature",
      "geometry": {
        "type": "Point",
        "coordinates": [
          111.51543426513672,
          36.07803726196289
        ]
      },
      "properties": {
        "SRC": "MDYZK",
        "STATUS": "Y",
        "YZ_ID": 71,
        "YZ_LABEL": "JIANXIONG Shanxi (建雄驿)",
        "YZNM_PY": "JIANXIONG",
        "YZNM_CH": "建雄驿",
        "YZNM_FT": "建雄驛",
        "CHGIS_ID": "94068",
        "NOTE": null,
        "10CNTY_CH": "尧都区",
        "10CNTY_EN": "Yaodu",
        "10PREF_CH": "临汾市",
        "10PREF_EN": "Linfen",
        "10PROV_CH": "山西省",
        "10PROV_EN": "Shanxi",
        "GBCODE": 141002,
        "YZ_LAT": 111.515434,
        "YZ_LONG": 36.078037,
        "_layer_id": "ming_courier_stations",
        "_layer_title": "명대 역참 지점",
        "_source_file": "Ming_Stations_2016.shp",
        "_source_crs": "EPSG:4326"
      }
    },
    {
      "type": "Feature",
      "geometry": {
        "type": "Point",
        "coordinates": [
          111.61256408691406,
          26.210338592529297
        ]
      },
      "properties": {
        "SRC": "PA_1903",
        "STATUS": "N",
        "YZ_ID": 72,
        "YZ_LABEL": "LINGLING Hunan (零陵)",
        "YZNM_PY": "LINGLING",
        "YZNM_CH": "零陵",
        "YZNM_FT": "零陵",
        "CHGIS_ID": "121207",
        "NOTE": null,
        "10CNTY_CH": "零陵区",
        "10CNTY_EN": "Zhishan",
        "10PREF_CH": "永州市",
        "10PREF_EN": "Yongzhou",
        "10PROV_CH": "湖南省",
        "10PROV_EN": "Hunan",
        "GBCODE": 431102,
        "YZ_LAT": 111.612564,
        "YZ_LONG": 26.210339,
        "_layer_id": "ming_courier_stations",
        "_layer_title": "명대 역참 지점",
        "_source_file": "Ming_Stations_2016.shp",
        "_source_crs": "EPSG:4326"
      }
    },
    {
      "type": "Feature",
      "geometry": {
        "type": "Point",
        "coordinates": [
          111.68291473388672,
          36.2593994140625
        ]
      },
      "properties": {
        "SRC": "MDYZK",
        "STATUS": "N",
        "YZ_ID": 73,
        "YZ_LABEL": "PUJIANYI Shanxi (普涧驿)",
        "YZNM_PY": "PUJIANYI",
        "YZNM_CH": "普涧驿",
        "YZNM_FT": "普澗驛",
        "CHGIS_ID": "121857",
        "NOTE": null,
        "10CNTY_CH": "洪洞县",
        "10CNTY_EN": "Hongdong",
        "10PREF_CH": "临汾市",
        "10PREF_EN": "Linfen",
        "10PROV_CH": "山西省",
        "10PROV_EN": "Shanxi",
        "GBCODE": 141024,
        "YZ_LAT": 111.682915,
        "YZ_LONG": 36.259399,
        "_layer_id": "ming_courier_stations",
        "_layer_title": "명대 역참 지점",
        "_source_file": "Ming_Stations_2016.shp",
        "_source_crs": "EPSG:4326"
      }
    },
    {
      "type": "Feature",
      "geometry": {
        "type": "Point",
        "coordinates": [
          111.69129943847656,
          29.034807205200195
        ]
      },
      "properties": {
        "SRC": "MDYZK",
        "STATUS": "Y",
        "YZ_ID": 74,
        "YZ_LABEL": "DALONG Hunan (大龙驿)",
        "YZNM_PY": "DALONG",
        "YZNM_CH": "大龙驿",
        "YZNM_FT": "大龍驛",
        "CHGIS_ID": "121278",
        "NOTE": null,
        "10CNTY_CH": "武陵区",
        "10CNTY_EN": "Wuling",
        "10PREF_CH": "常德市",
        "10PREF_EN": "Changde",
        "10PROV_CH": "湖南省",
        "10PROV_EN": "Hunan",
        "GBCODE": 430702,
        "YZ_LAT": 111.691299,
        "YZ_LONG": 29.034807,
        "_layer_id": "ming_courier_stations",
        "_layer_title": "명대 역참 지점",
        "_source_file": "Ming_Stations_2016.shp",
        "_source_crs": "EPSG:4326"
      }
    },
    {
      "type": "Feature",
      "geometry": {
        "type": "Point",
        "coordinates": [
          111.72808074951172,
          36.56382369995117
        ]
      },
      "properties": {
        "SRC": "MDYZK",
        "STATUS": "Y",
        "YZ_ID": 75,
        "YZ_LABEL": "HUOSHAN Shanxi (霍山驿)",
        "YZNM_PY": "HUOSHAN",
        "YZNM_CH": "霍山驿",
        "YZNM_FT": "霍山驛",
        "CHGIS_ID": "94042",
        "NOTE": null,
        "10CNTY_CH": "霍州市",
        "10CNTY_EN": "Huozhou",
        "10PREF_CH": "临汾市",
        "10PREF_EN": "Linfen",
        "10PROV_CH": "山西省",
        "10PROV_EN": "Shanxi",
        "GBCODE": 141082,
        "YZ_LAT": 111.728081,
        "YZ_LONG": 36.563824,
        "_layer_id": "ming_courier_stations",
        "_layer_title": "명대 역참 지점",
        "_source_file": "Ming_Stations_2016.shp",
        "_source_crs": "EPSG:4326"
      }
    },
    {
      "type": "Feature",
      "geometry": {
        "type": "Point",
        "coordinates": [
          111.75698852539062,
          29.640151977539062
        ]
      },
      "properties": {
        "SRC": "MDYZK",
        "STATUS": "Y",
        "YZ_ID": 76,
        "YZ_LABEL": "LANJIANGYI Hunan (兰江驿)",
        "YZNM_PY": "LANJIANGYI",
        "YZNM_CH": "兰江驿",
        "YZNM_FT": "蘭江驛",
        "CHGIS_ID": "32760",
        "NOTE": "LIZHOU",
        "10CNTY_CH": "澧县",
        "10CNTY_EN": "Li",
        "10PREF_CH": "常德市",
        "10PREF_EN": "Changde",
        "10PROV_CH": "湖南省",
        "10PROV_EN": "Hunan",
        "GBCODE": 430723,
        "YZ_LAT": 111.756989,
        "YZ_LONG": 29.640152,
        "_layer_id": "ming_courier_stations",
        "_layer_title": "명대 역참 지점",
        "_source_file": "Ming_Stations_2016.shp",
        "_source_crs": "EPSG:4326"
      }
    },
    {
      "type": "Feature",
      "geometry": {
        "type": "Point",
        "coordinates": [
          111.77621459960938,
          36.8421516418457
        ]
      },
      "properties": {
        "SRC": "MDYZK",
        "STATUS": "Y",
        "YZ_ID": 77,
        "YZ_LABEL": "RUISHI Shanxi (瑞石驿)",
        "YZNM_PY": "RUISHI",
        "YZNM_CH": "瑞石驿",
        "YZNM_FT": "瑞石驛",
        "CHGIS_ID": "121869",
        "NOTE": null,
        "10CNTY_CH": "灵石县",
        "10CNTY_EN": "Lingshi",
        "10PREF_CH": "晋中市",
        "10PREF_EN": "Jinzhong",
        "10PROV_CH": "山西省",
        "10PROV_EN": "Shanxi",
        "GBCODE": 140729,
        "YZ_LAT": 111.776215,
        "YZ_LONG": 36.842152,
        "_layer_id": "ming_courier_stations",
        "_layer_title": "명대 역참 지점",
        "_source_file": "Ming_Stations_2016.shp",
        "_source_crs": "EPSG:4326"
      }
    },
    {
      "type": "Feature",
      "geometry": {
        "type": "Point",
        "coordinates": [
          111.91216300000002,
          37.02647400000001
        ]
      },
      "properties": {
        "SRC": "MDYZK",
        "STATUS": "Y",
        "YZ_ID": 78,
        "YZ_LABEL": "YITANG Shanxi (义棠驿)",
        "YZNM_PY": "YITANG",
        "YZNM_CH": "义棠驿",
        "YZNM_FT": "義棠驛",
        "CHGIS_ID": "122093",
        "NOTE": "JIEXIU",
        "10CNTY_CH": "介休市",
        "10CNTY_EN": "Jiexiu",
        "10PREF_CH": "晋中市",
        "10PREF_EN": "Jinzhong",
        "10PROV_CH": "山西省",
        "10PROV_EN": "Shanxi",
        "GBCODE": 140781,
        "YZ_LAT": 111.912163,
        "YZ_LONG": 37.026474,
        "_layer_id": "ming_courier_stations",
        "_layer_title": "명대 역참 지점",
        "_source_file": "Ming_Stations_2016.shp",
        "_source_crs": "EPSG:4326"
      }
    },
    {
      "type": "Feature",
      "geometry": {
        "type": "Point",
        "coordinates": [
          111.85589599609375,
          26.591691970825195
        ]
      },
      "properties": {
        "SRC": "MDYZK",
        "STATUS": "N",
        "YZ_ID": 79,
        "YZ_LABEL": "SANWUYI Hunan (三吾驿)",
        "YZNM_PY": "SANWUYI",
        "YZNM_CH": "三吾驿",
        "YZNM_FT": "三吾驛",
        "CHGIS_ID": "121208",
        "NOTE": null,
        "10CNTY_CH": "祁阳县",
        "10CNTY_EN": "Qiyang",
        "10PREF_CH": "永州市",
        "10PREF_EN": "Yongzhou",
        "10PROV_CH": "湖南省",
        "10PROV_EN": "Hunan",
        "GBCODE": 431121,
        "YZ_LAT": 111.855896,
        "YZ_LONG": 26.591692,
        "_layer_id": "ming_courier_stations",
        "_layer_title": "명대 역참 지점",
        "_source_file": "Ming_Stations_2016.shp",
        "_source_crs": "EPSG:4326"
      }
    },
    {
      "type": "Feature",
      "geometry": {
        "type": "Point",
        "coordinates": [
          112.0781021118164,
          29.914501190185547
        ]
      },
      "properties": {
        "SRC": "MDYZK",
        "STATUS": "Y",
        "YZ_ID": 80,
        "YZ_LABEL": "CHANLING Hubei (孱陵驿)",
        "YZNM_PY": "CHANLING",
        "YZNM_CH": "孱陵驿",
        "YZNM_FT": "孱陵驛",
        "CHGIS_ID": "121164",
        "NOTE": null,
        "10CNTY_CH": "公安县",
        "10CNTY_EN": "Gongan",
        "10PREF_CH": "荆州市",
        "10PREF_EN": "Jingzhou",
        "10PROV_CH": "湖北省",
        "10PROV_EN": "Hubei",
        "GBCODE": 421022,
        "YZ_LAT": 112.078102,
        "YZ_LONG": 29.914501,
        "_layer_id": "ming_courier_stations",
        "_layer_title": "명대 역참 지점",
        "_source_file": "Ming_Stations_2016.shp",
        "_source_crs": "EPSG:4326"
      }
    },
    {
      "type": "Feature",
      "geometry": {
        "type": "Point",
        "coordinates": [
          112.155862,
          32.02028300000001
        ]
      },
      "properties": {
        "SRC": "MDYZK",
        "STATUS": "N",
        "YZ_ID": 81,
        "YZ_LABEL": "HANJIANGYI Hubei (汉江驿)",
        "YZNM_PY": "HANJIANGYI",
        "YZNM_CH": "汉江驿",
        "YZNM_FT": "漢江驛",
        "CHGIS_ID": "121146",
        "NOTE": "Should be at Xiangyang Xian",
        "10CNTY_CH": "襄城区",
        "10CNTY_EN": "Xiangcheng",
        "10PREF_CH": "襄樊市",
        "10PREF_EN": "Xiangfan",
        "10PROV_CH": "湖北省",
        "10PROV_EN": "Hubei",
        "GBCODE": 420602,
        "YZ_LAT": 112.155862,
        "YZ_LONG": 32.020283,
        "_layer_id": "ming_courier_stations",
        "_layer_title": "명대 역참 지점",
        "_source_file": "Ming_Stations_2016.shp",
        "_source_crs": "EPSG:4326"
      }
    },
    {
      "type": "Feature",
      "geometry": {
        "type": "Point",
        "coordinates": [
          112.1907730102539,
          30.350444793701172
        ]
      },
      "properties": {
        "SRC": "MDYZK",
        "STATUS": "Y",
        "YZ_ID": 82,
        "YZ_LABEL": "JINGNAN Hubei (荆南驿)",
        "YZNM_PY": "JINGNAN",
        "YZNM_CH": "荆南驿",
        "YZNM_FT": "荊南驛",
        "CHGIS_ID": "43676",
        "NOTE": null,
        "10CNTY_CH": "荆州区",
        "10CNTY_EN": "Jingzhou",
        "10PREF_CH": "荆州市",
        "10PREF_EN": "Jingzhou",
        "10PROV_CH": "湖北省",
        "10PROV_EN": "Hubei",
        "GBCODE": 421003,
        "YZ_LAT": 112.190773,
        "YZ_LONG": 30.350445,
        "_layer_id": "ming_courier_stations",
        "_layer_title": "명대 역참 지점",
        "_source_file": "Ming_Stations_2016.shp",
        "_source_crs": "EPSG:4326"
      }
    },
    {
      "type": "Feature",
      "geometry": {
        "type": "Point",
        "coordinates": [
          112.19841766357422,
          31.028728485107422
        ]
      },
      "properties": {
        "SRC": "MDYZK",
        "STATUS": "Y",
        "YZ_ID": 83,
        "YZ_LABEL": "JINGSHANYI Hubei (荆山驿)",
        "YZNM_PY": "JINGSHANYI",
        "YZNM_CH": "荆山驿",
        "YZNM_FT": "荊山驛",
        "CHGIS_ID": "45770",
        "NOTE": "JINGMENZHOU",
        "10CNTY_CH": "掇刀区",
        "10CNTY_EN": "Duodao",
        "10PREF_CH": "荆门市",
        "10PREF_EN": "Jingmen",
        "10PROV_CH": "湖北省",
        "10PROV_EN": "Hubei",
        "GBCODE": 420804,
        "YZ_LAT": 112.198418,
        "YZ_LONG": 31.028728,
        "_layer_id": "ming_courier_stations",
        "_layer_title": "명대 역참 지점",
        "_source_file": "Ming_Stations_2016.shp",
        "_source_crs": "EPSG:4326"
      }
    },
    {
      "type": "Feature",
      "geometry": {
        "type": "Point",
        "coordinates": [
          112.216796875,
          37.28424835205078
        ]
      },
      "properties": {
        "SRC": "MDYZK",
        "STATUS": "Y",
        "YZ_ID": 84,
        "YZ_LABEL": "HONGSHANYI Shanxi (洪善驿)",
        "YZNM_PY": "HONGSHANYI",
        "YZNM_CH": "洪善驿",
        "YZNM_FT": "洪善驛",
        "CHGIS_ID": "145836",
        "NOTE": "See Hongshan Zhen",
        "10CNTY_CH": "平遥县",
        "10CNTY_EN": "Pingyao",
        "10PREF_CH": "晋中市",
        "10PREF_EN": "Jinzhong",
        "10PROV_CH": "山西省",
        "10PROV_EN": "Shanxi",
        "GBCODE": 140728,
        "YZ_LAT": 112.216797,
        "YZ_LONG": 37.284248,
        "_layer_id": "ming_courier_stations",
        "_layer_title": "명대 역참 지점",
        "_source_file": "Ming_Stations_2016.shp",
        "_source_crs": "EPSG:4326"
      }
    },
    {
      "type": "Feature",
      "geometry": {
        "type": "Point",
        "coordinates": [
          112.2601318359375,
          31.71070098876953
        ]
      },
      "properties": {
        "SRC": "MDYZK",
        "STATUS": "Y",
        "YZ_ID": 85,
        "YZ_LABEL": "YANCHENG Hubei (鄢城驿)",
        "YZNM_PY": "YANCHENG",
        "YZNM_CH": "鄢城驿",
        "YZNM_FT": "鄢城驛",
        "CHGIS_ID": "45678",
        "NOTE": null,
        "10CNTY_CH": "宜城市",
        "10CNTY_EN": "Yicheng",
        "10PREF_CH": "襄樊市",
        "10PREF_EN": "Xiangfan",
        "10PROV_CH": "湖北省",
        "10PROV_EN": "Hubei",
        "GBCODE": 420684,
        "YZ_LAT": 112.260132,
        "YZ_LONG": 31.710701,
        "_layer_id": "ming_courier_stations",
        "_layer_title": "명대 역참 지점",
        "_source_file": "Ming_Stations_2016.shp",
        "_source_crs": "EPSG:4326"
      }
    },
    {
      "type": "Feature",
      "geometry": {
        "type": "Point",
        "coordinates": [
          112.31529998779297,
          37.353816986083984
        ]
      },
      "properties": {
        "SRC": "MDYZK",
        "STATUS": "Y",
        "YZ_ID": 86,
        "YZ_LABEL": "QIXIAN Shanxi (祁县)",
        "YZNM_PY": "QIXIAN",
        "YZNM_CH": "祁县",
        "YZNM_FT": "祁縣",
        "CHGIS_ID": "95587",
        "NOTE": null,
        "10CNTY_CH": "祁县",
        "10CNTY_EN": "Qixian",
        "10PREF_CH": "晋中市",
        "10PREF_EN": "Jinzhong",
        "10PROV_CH": "山西省",
        "10PROV_EN": "Shanxi",
        "GBCODE": 140727,
        "YZ_LAT": 112.3153,
        "YZ_LONG": 37.353817,
        "_layer_id": "ming_courier_stations",
        "_layer_title": "명대 역참 지점",
        "_source_file": "Ming_Stations_2016.shp",
        "_source_crs": "EPSG:4326"
      }
    },
    {
      "type": "Feature",
      "geometry": {
        "type": "Point",
        "coordinates": [
          112.35842895507812,
          32.524871826171875
        ]
      },
      "properties": {
        "SRC": "MDYZK",
        "STATUS": "Y",
        "YZ_ID": 87,
        "YZ_LABEL": "TUANYANG Henan (湍阳驿)",
        "YZNM_PY": "TUANYANG",
        "YZNM_CH": "湍阳驿",
        "YZNM_FT": "湍陽驛",
        "CHGIS_ID": "82753",
        "NOTE": null,
        "10CNTY_CH": "新野县",
        "10CNTY_EN": "Xinye",
        "10PREF_CH": "南阳市",
        "10PREF_EN": "Nanyang",
        "10PROV_CH": "河南省",
        "10PROV_EN": "Henan",
        "GBCODE": 411329,
        "YZ_LAT": 112.358429,
        "YZ_LONG": 32.524872,
        "_layer_id": "ming_courier_stations",
        "_layer_title": "명대 역참 지점",
        "_source_file": "Ming_Stations_2016.shp",
        "_source_crs": "EPSG:4326"
      }
    },
    {
      "type": "Feature",
      "geometry": {
        "type": "Point",
        "coordinates": [
          112.50899505615234,
          37.55718231201172
        ]
      },
      "properties": {
        "SRC": "MDYZK",
        "STATUS": "Y",
        "YZ_ID": 88,
        "YZ_LABEL": "XUGOU Shanxi (徐沟)",
        "YZNM_PY": "XUGOU",
        "YZNM_CH": "徐沟",
        "YZNM_FT": "徐溝",
        "CHGIS_ID": "95625",
        "NOTE": null,
        "10CNTY_CH": "清徐县",
        "10CNTY_EN": "Qingxu",
        "10PREF_CH": "太原市",
        "10PREF_EN": "Taiyuan",
        "10PROV_CH": "山西省",
        "10PROV_EN": "Shanxi",
        "GBCODE": 140121,
        "YZ_LAT": 112.508995,
        "YZ_LONG": 37.557182,
        "_layer_id": "ming_courier_stations",
        "_layer_title": "명대 역참 지점",
        "_source_file": "Ming_Stations_2016.shp",
        "_source_crs": "EPSG:4326"
      }
    },
    {
      "type": "Feature",
      "geometry": {
        "type": "Point",
        "coordinates": [
          112.478928,
          37.72758900000002
        ]
      },
      "properties": {
        "SRC": "MDYZK",
        "STATUS": "Y",
        "YZ_ID": 89,
        "YZ_LABEL": "LINFENYI Shanxi (临汾驿)",
        "YZNM_PY": "LINFENYI",
        "YZNM_CH": "临汾驿",
        "YZNM_FT": "臨汾驛",
        "CHGIS_ID": "121831",
        "NOTE": "TAIYUAN",
        "10CNTY_CH": "晋源区",
        "10CNTY_EN": "Jinyuan",
        "10PREF_CH": "太原市",
        "10PREF_EN": "Taiyuan",
        "10PROV_CH": "山西省",
        "10PROV_EN": "Shanxi",
        "GBCODE": 140110,
        "YZ_LAT": 112.478928,
        "YZ_LONG": 37.727589,
        "_layer_id": "ming_courier_stations",
        "_layer_title": "명대 역참 지점",
        "_source_file": "Ming_Stations_2016.shp",
        "_source_crs": "EPSG:4326"
      }
    },
    {
      "type": "Feature",
      "geometry": {
        "type": "Point",
        "coordinates": [
          112.59703826904297,
          26.9016170501709
        ]
      },
      "properties": {
        "SRC": "MDYZK",
        "STATUS": "N",
        "YZ_ID": 90,
        "YZ_LABEL": "LINCHENGYI Hunan (临丞驿)",
        "YZNM_PY": "LINCHENGYI",
        "YZNM_CH": "临丞驿",
        "YZNM_FT": "臨丞驛",
        "CHGIS_ID": "32764",
        "NOTE": "HENGZHOU",
        "10CNTY_CH": "蒸湘区",
        "10CNTY_EN": "Zhengxiang",
        "10PREF_CH": "衡阳市",
        "10PREF_EN": "Hengyang",
        "10PROV_CH": "湖南省",
        "10PROV_EN": "Hunan",
        "GBCODE": 430408,
        "YZ_LAT": 112.597038,
        "YZ_LONG": 26.901617,
        "_layer_id": "ming_courier_stations",
        "_layer_title": "명대 역참 지점",
        "_source_file": "Ming_Stations_2016.shp",
        "_source_crs": "EPSG:4326"
      }
    },
    {
      "type": "Feature",
      "geometry": {
        "type": "Point",
        "coordinates": [
          112.69779968261719,
          37.767860412597656
        ]
      },
      "properties": {
        "SRC": "MDYZK",
        "STATUS": "Y",
        "YZ_ID": 91,
        "YZ_LABEL": "MINGQIAN Shanxi (鸣谦驿)",
        "YZNM_PY": "MINGQIAN",
        "YZNM_CH": "鸣谦驿",
        "YZNM_FT": "鳴謙驛",
        "CHGIS_ID": "144928",
        "NOTE": "Should be at Mingqian Zhen",
        "10CNTY_CH": "榆次区",
        "10CNTY_EN": "Yuci",
        "10PREF_CH": "晋中市",
        "10PREF_EN": "Jinzhong",
        "10PROV_CH": "山西省",
        "10PROV_EN": "Shanxi",
        "GBCODE": 140702,
        "YZ_LAT": 112.6978,
        "YZ_LONG": 37.76786,
        "_layer_id": "ming_courier_stations",
        "_layer_title": "명대 역참 지점",
        "_source_file": "Ming_Stations_2016.shp",
        "_source_crs": "EPSG:4326"
      }
    },
    {
      "type": "Feature",
      "geometry": {
        "type": "Point",
        "coordinates": [
          112.71179962158203,
          33.16429138183594
        ]
      },
      "properties": {
        "SRC": "MDYZK",
        "STATUS": "Y",
        "YZ_ID": 92,
        "YZ_LABEL": "BOWANG Henan (博望驿)",
        "YZNM_PY": "BOWANG",
        "YZNM_CH": "博望驿",
        "YZNM_FT": "博望驛",
        "CHGIS_ID": "149544",
        "NOTE": "Should be at Bowang",
        "10CNTY_CH": "方城县",
        "10CNTY_EN": "Fangcheng",
        "10PREF_CH": "南阳市",
        "10PREF_EN": "Nanyang",
        "10PROV_CH": "河南省",
        "10PROV_EN": "Henan",
        "GBCODE": 411322,
        "YZ_LAT": 112.7118,
        "YZ_LONG": 33.164291,
        "_layer_id": "ming_courier_stations",
        "_layer_title": "명대 역참 지점",
        "_source_file": "Ming_Stations_2016.shp",
        "_source_crs": "EPSG:4326"
      }
    },
    {
      "type": "Feature",
      "geometry": {
        "type": "Point",
        "coordinates": [
          112.71209716796875,
          38.726600646972656
        ]
      },
      "properties": {
        "SRC": "MDYZK",
        "STATUS": "Y",
        "YZ_ID": 93,
        "YZ_LABEL": "YUANPING Shanxi (原平驿)",
        "YZNM_PY": "YUANPING",
        "YZNM_CH": "原平驿",
        "YZNM_FT": "原平驛",
        "CHGIS_ID": "147392",
        "NOTE": "See Yuanping Zhen",
        "10CNTY_CH": "原平市",
        "10CNTY_EN": "Yuanping",
        "10PREF_CH": "忻州市",
        "10PREF_EN": "Xinzhou",
        "10PROV_CH": "山西省",
        "10PROV_EN": "Shanxi",
        "GBCODE": 140981,
        "YZ_LAT": 112.712097,
        "YZ_LONG": 38.726601,
        "_layer_id": "ming_courier_stations",
        "_layer_title": "명대 역참 지점",
        "_source_file": "Ming_Stations_2016.shp",
        "_source_crs": "EPSG:4326"
      }
    },
    {
      "type": "Feature",
      "geometry": {
        "type": "Point",
        "coordinates": [
          112.8524169921875,
          27.24564552307129
        ]
      },
      "properties": {
        "SRC": "MDYZK",
        "STATUS": "Y",
        "YZ_ID": 94,
        "YZ_LABEL": "HUANGBAO Hunan (黄堡驿)",
        "YZNM_PY": "HUANGBAO",
        "YZNM_CH": "黄堡驿",
        "YZNM_FT": "黃堡驛",
        "CHGIS_ID": "41862",
        "NOTE": null,
        "10CNTY_CH": "衡山县",
        "10CNTY_EN": "Hengshan",
        "10PREF_CH": "衡阳市",
        "10PREF_EN": "Hengyang",
        "10PROV_CH": "湖南省",
        "10PROV_EN": "Hunan",
        "GBCODE": 430423,
        "YZ_LAT": 112.852417,
        "YZ_LONG": 27.245646,
        "_layer_id": "ming_courier_stations",
        "_layer_title": "명대 역참 지점",
        "_source_file": "Ming_Stations_2016.shp",
        "_source_crs": "EPSG:4326"
      }
    },
    {
      "type": "Feature",
      "geometry": {
        "type": "Point",
        "coordinates": [
          112.88029479980469,
          28.676210403442383
        ]
      },
      "properties": {
        "SRC": "MDYZK",
        "STATUS": "N",
        "YZ_ID": 95,
        "YZ_LABEL": "SHENGZHUYI Hunan (笙竹驿)",
        "YZNM_PY": "SHENGZHUYI",
        "YZNM_CH": "笙竹驿",
        "YZNM_FT": "笙竹驛",
        "CHGIS_ID": "41754",
        "NOTE": null,
        "10CNTY_CH": "湘阴县",
        "10CNTY_EN": "Xiangyin",
        "10PREF_CH": "岳阳市",
        "10PREF_EN": "Yueyang",
        "10PROV_CH": "湖南省",
        "10PROV_EN": "Hunan",
        "GBCODE": 430624,
        "YZ_LAT": 112.880295,
        "YZ_LONG": 28.67621,
        "_layer_id": "ming_courier_stations",
        "_layer_title": "명대 역참 지점",
        "_source_file": "Ming_Stations_2016.shp",
        "_source_crs": "EPSG:4326"
      }
    },
    {
      "type": "Feature",
      "geometry": {
        "type": "Point",
        "coordinates": [
          112.88607025146484,
          23.165868759155273
        ]
      },
      "properties": {
        "SRC": "MDYZK",
        "STATUS": "Y",
        "YZ_ID": 96,
        "YZ_LABEL": "XI'NAN Guangdong (西南驿)",
        "YZNM_PY": "XI'NAN",
        "YZNM_CH": "西南驿",
        "YZNM_FT": "西南驛",
        "CHGIS_ID": "126567",
        "NOTE": null,
        "10CNTY_CH": "三水区",
        "10CNTY_EN": "Sanshui",
        "10PREF_CH": "佛山市",
        "10PREF_EN": "Foshan",
        "10PROV_CH": "广东省",
        "10PROV_EN": "Guangdong",
        "GBCODE": 440607,
        "YZ_LAT": 112.88607,
        "YZ_LONG": 23.165869,
        "_layer_id": "ming_courier_stations",
        "_layer_title": "명대 역참 지점",
        "_source_file": "Ming_Stations_2016.shp",
        "_source_crs": "EPSG:4326"
      }
    },
    {
      "type": "Feature",
      "geometry": {
        "type": "Point",
        "coordinates": [
          112.91126251220703,
          27.872697830200195
        ]
      },
      "properties": {
        "SRC": "MDYZK",
        "STATUS": "Y",
        "YZ_ID": 97,
        "YZ_LABEL": "XIANGTANYI Hunan (湘潭驿)",
        "YZNM_PY": "XIANGTANYI",
        "YZNM_CH": "湘潭驿",
        "YZNM_FT": "湘潭驛",
        "CHGIS_ID": "41738",
        "NOTE": "NAN'AN",
        "10CNTY_CH": "雨湖区",
        "10CNTY_EN": "Yuhu",
        "10PREF_CH": "湘潭市",
        "10PREF_EN": "Xiangtan",
        "10PROV_CH": "湖南省",
        "10PROV_EN": "Hunan",
        "GBCODE": 430302,
        "YZ_LAT": 112.911263,
        "YZ_LONG": 27.872698,
        "_layer_id": "ming_courier_stations",
        "_layer_title": "명대 역참 지점",
        "_source_file": "Ming_Stations_2016.shp",
        "_source_crs": "EPSG:4326"
      }
    },
    {
      "type": "Feature",
      "geometry": {
        "type": "Point",
        "coordinates": [
          112.94904327392578,
          39.06039047241211
        ]
      },
      "properties": {
        "SRC": "MDYZK",
        "STATUS": "Y",
        "YZ_ID": 98,
        "YZ_LABEL": "YANMEN Shanxi (雁门驿)",
        "YZNM_PY": "YANMEN",
        "YZNM_CH": "雁门驿",
        "YZNM_FT": "雁門驛",
        "CHGIS_ID": "94024",
        "NOTE": null,
        "10CNTY_CH": "代县",
        "10CNTY_EN": "Daixian",
        "10PREF_CH": "忻州市",
        "10PREF_EN": "Xinzhou",
        "10PROV_CH": "山西省",
        "10PROV_EN": "Shanxi",
        "GBCODE": 140923,
        "YZ_LAT": 112.949043,
        "YZ_LONG": 39.06039,
        "_layer_id": "ming_courier_stations",
        "_layer_title": "명대 역참 지점",
        "_source_file": "Ming_Stations_2016.shp",
        "_source_crs": "EPSG:4326"
      }
    },
    {
      "type": "Feature",
      "geometry": {
        "type": "Point",
        "coordinates": [
          112.97813415527344,
          28.198198318481445
        ]
      },
      "properties": {
        "SRC": "MDYZK",
        "STATUS": "N",
        "YZ_ID": 99,
        "YZ_LABEL": "LINXIANGYI Hunan (临湘驿)",
        "YZNM_PY": "LINXIANGYI",
        "YZNM_CH": "临湘驿",
        "YZNM_FT": "臨湘驛",
        "CHGIS_ID": "32750",
        "NOTE": "Changsha",
        "10CNTY_CH": "芙蓉区",
        "10CNTY_EN": "Furong",
        "10PREF_CH": "长沙市",
        "10PREF_EN": "Changsha",
        "10PROV_CH": "湖南省",
        "10PROV_EN": "Hunan",
        "GBCODE": 430102,
        "YZ_LAT": 112.978134,
        "YZ_LONG": 28.198198,
        "_layer_id": "ming_courier_stations",
        "_layer_title": "명대 역참 지점",
        "_source_file": "Ming_Stations_2016.shp",
        "_source_crs": "EPSG:4326"
      }
    },
    {
      "type": "Feature",
      "geometry": {
        "type": "Point",
        "coordinates": [
          112.99250793457031,
          33.26007843017578
        ]
      },
      "properties": {
        "SRC": "MDYZK",
        "STATUS": "Y",
        "YZ_ID": 100,
        "YZ_LABEL": "ZHEYANG Henan (赭阳驿)",
        "YZNM_PY": "ZHEYANG",
        "YZNM_CH": "赭阳驿",
        "YZNM_FT": "赭陽驛",
        "CHGIS_ID": "121925",
        "NOTE": null,
        "10CNTY_CH": "方城县",
        "10CNTY_EN": "Fangcheng",
        "10PREF_CH": "南阳市",
        "10PREF_EN": "Nanyang",
        "10PROV_CH": "河南省",
        "10PROV_EN": "Henan",
        "GBCODE": 411322,
        "YZ_LAT": 112.992508,
        "YZ_LONG": 33.260078,
        "_layer_id": "ming_courier_stations",
        "_layer_title": "명대 역참 지점",
        "_source_file": "Ming_Stations_2016.shp",
        "_source_crs": "EPSG:4326"
      }
    },
    {
      "type": "Feature",
      "geometry": {
        "type": "Point",
        "coordinates": [
          113.02213287353516,
          23.720727920532227
        ]
      },
      "properties": {
        "SRC": "MDYZK",
        "STATUS": "Y",
        "YZ_ID": 101,
        "YZ_LABEL": "ANYUAN Guangdong (安远驿)",
        "YZNM_PY": "ANYUAN",
        "YZNM_CH": "安远驿",
        "YZNM_FT": "安遠驛",
        "CHGIS_ID": "121079",
        "NOTE": null,
        "10CNTY_CH": "清城区",
        "10CNTY_EN": "Qingcheng",
        "10PREF_CH": "清远市",
        "10PREF_EN": "Qingyuan",
        "10PROV_CH": "广东省",
        "10PROV_EN": "Guangdong",
        "GBCODE": 441802,
        "YZ_LAT": 113.022133,
        "YZ_LONG": 23.720728,
        "_layer_id": "ming_courier_stations",
        "_layer_title": "명대 역참 지점",
        "_source_file": "Ming_Stations_2016.shp",
        "_source_crs": "EPSG:4326"
      }
    },
    {
      "type": "Feature",
      "geometry": {
        "type": "Point",
        "coordinates": [
          113.09765625,
          29.371259689331055
        ]
      },
      "properties": {
        "SRC": "MDYZK",
        "STATUS": "Y",
        "YZ_ID": 102,
        "YZ_LABEL": "YUEYANG Hunan (岳阳驿)",
        "YZNM_PY": "YUEYANG",
        "YZNM_CH": "岳阳驿",
        "YZNM_FT": "岳陽驛",
        "CHGIS_ID": "121274",
        "NOTE": null,
        "10CNTY_CH": "岳阳楼区",
        "10CNTY_EN": "Yueyanglou",
        "10PREF_CH": "岳阳市",
        "10PREF_EN": "Yueyang",
        "10PROV_CH": "湖南省",
        "10PROV_EN": "Hunan",
        "GBCODE": 430602,
        "YZ_LAT": 113.097656,
        "YZ_LONG": 29.37126,
        "_layer_id": "ming_courier_stations",
        "_layer_title": "명대 역참 지점",
        "_source_file": "Ming_Stations_2016.shp",
        "_source_crs": "EPSG:4326"
      }
    },
    {
      "type": "Feature",
      "geometry": {
        "type": "Point",
        "coordinates": [
          113.16870880126953,
          37.886783599853516
        ]
      },
      "properties": {
        "SRC": "MDYZK",
        "STATUS": "Y",
        "YZ_ID": 103,
        "YZ_LABEL": "TAI'AN Shanxi (太安驿)",
        "YZNM_PY": "TAI'AN",
        "YZNM_CH": "太安驿",
        "YZNM_FT": "太安驛",
        "CHGIS_ID": "121826",
        "NOTE": null,
        "10CNTY_CH": "寿阳县",
        "10CNTY_EN": "Shouyang",
        "10PREF_CH": "晋中市",
        "10PREF_EN": "Jinzhong",
        "10PROV_CH": "山西省",
        "10PROV_EN": "Shanxi",
        "GBCODE": 140725,
        "YZ_LAT": 113.168709,
        "YZ_LONG": 37.886784,
        "_layer_id": "ming_courier_stations",
        "_layer_title": "명대 역참 지점",
        "_source_file": "Ming_Stations_2016.shp",
        "_source_crs": "EPSG:4326"
      }
    },
    {
      "type": "Feature",
      "geometry": {
        "type": "Point",
        "coordinates": [
          113.25606536865234,
          23.134624481201172
        ]
      },
      "properties": {
        "SRC": "MDYZK",
        "STATUS": "Y",
        "YZ_ID": 104,
        "YZ_LABEL": "WUYANG Guangdong (五羊驿)",
        "YZNM_PY": "WUYANG",
        "YZNM_CH": "五羊驿",
        "YZNM_FT": "五羊驛",
        "CHGIS_ID": "121071",
        "NOTE": "Guangzhou",
        "10CNTY_CH": "越秀区",
        "10CNTY_EN": "Yuexiu",
        "10PREF_CH": "广州市",
        "10PREF_EN": "Guangzhou",
        "10PROV_CH": "广东省",
        "10PROV_EN": "Guangdong",
        "GBCODE": 440104,
        "YZ_LAT": 113.256065,
        "YZ_LONG": 23.134624,
        "_layer_id": "ming_courier_stations",
        "_layer_title": "명대 역참 지점",
        "_source_file": "Ming_Stations_2016.shp",
        "_source_crs": "EPSG:4326"
      }
    },
    {
      "type": "Feature",
      "geometry": {
        "type": "Point",
        "coordinates": [
          113.27200317382812,
          39.189998626708984
        ]
      },
      "properties": {
        "SRC": "MDYZK",
        "STATUS": "Y",
        "YZ_ID": 105,
        "YZ_LABEL": "FANZHI Shanxi (繁峙)",
        "YZNM_PY": "FANZHI",
        "YZNM_CH": "繁峙",
        "YZNM_FT": "繁峙",
        "CHGIS_ID": "95113",
        "NOTE": null,
        "10CNTY_CH": "繁峙县",
        "10CNTY_EN": "Fanzhi",
        "10PREF_CH": "忻州市",
        "10PREF_EN": "Xinzhou",
        "10PROV_CH": "山西省",
        "10PROV_EN": "Shanxi",
        "GBCODE": 140924,
        "YZ_LAT": 113.272003,
        "YZ_LONG": 39.189999,
        "_layer_id": "ming_courier_stations",
        "_layer_title": "명대 역참 지점",
        "_source_file": "Ming_Stations_2016.shp",
        "_source_crs": "EPSG:4326"
      }
    },
    {
      "type": "Feature",
      "geometry": {
        "type": "Point",
        "coordinates": [
          113.2928695678711,
          29.588138580322266
        ]
      },
      "properties": {
        "SRC": "MDYZK",
        "STATUS": "Y",
        "YZ_ID": 106,
        "YZ_LABEL": "LINXIANG Hunan (临湘)",
        "YZNM_PY": "LINXIANG",
        "YZNM_CH": "临湘",
        "YZNM_FT": "臨湘",
        "CHGIS_ID": "42109",
        "NOTE": null,
        "10CNTY_CH": "云溪区",
        "10CNTY_EN": "Yunxi",
        "10PREF_CH": "岳阳市",
        "10PREF_EN": "Yueyang",
        "10PROV_CH": "湖南省",
        "10PROV_EN": "Hunan",
        "GBCODE": 430603,
        "YZ_LAT": 113.29287,
        "YZ_LONG": 29.588139,
        "_layer_id": "ming_courier_stations",
        "_layer_title": "명대 역참 지점",
        "_source_file": "Ming_Stations_2016.shp",
        "_source_crs": "EPSG:4326"
      }
    },
    {
      "type": "Feature",
      "geometry": {
        "type": "Point",
        "coordinates": [
          113.34552764892578,
          33.6233024597168
        ]
      },
      "properties": {
        "SRC": "MDYZK",
        "STATUS": "Y",
        "YZ_ID": 107,
        "YZ_LABEL": "ZHISHUI Henan (滍水驿)",
        "YZNM_PY": "ZHISHUI",
        "YZNM_CH": "滍水驿",
        "YZNM_FT": "滍水驛",
        "CHGIS_ID": "82812",
        "NOTE": null,
        "10CNTY_CH": "叶县",
        "10CNTY_EN": "Yexian",
        "10PREF_CH": "平顶山市",
        "10PREF_EN": "Pingdingshan",
        "10PROV_CH": "河南省",
        "10PROV_EN": "Henan",
        "GBCODE": 410422,
        "YZ_LAT": 113.345528,
        "YZ_LONG": 33.623302,
        "_layer_id": "ming_courier_stations",
        "_layer_title": "명대 역참 지점",
        "_source_file": "Ming_Stations_2016.shp",
        "_source_crs": "EPSG:4326"
      }
    },
    {
      "type": "Feature",
      "geometry": {
        "type": "Point",
        "coordinates": [
          113.52823588702904,
          34.9844101586616
        ]
      },
      "properties": {
        "SRC": "MDYZK",
        "STATUS": "Y",
        "YZ_ID": 108,
        "YZ_LABEL": "GUANGWU Henan (广武驿)",
        "YZNM_PY": "GUANGWU",
        "YZNM_CH": "广武驿",
        "YZNM_FT": "廣武驛",
        "CHGIS_ID": null,
        "NOTE": "not in chgis",
        "10CNTY_CH": "武陟县",
        "10CNTY_EN": "Wuzhi",
        "10PREF_CH": "焦作市",
        "10PREF_EN": "Jiaozuo",
        "10PROV_CH": "河南省",
        "10PROV_EN": "Henan",
        "GBCODE": 410823,
        "YZ_LAT": 113.528236,
        "YZ_LONG": 34.98441,
        "_layer_id": "ming_courier_stations",
        "_layer_title": "명대 역참 지점",
        "_source_file": "Ming_Stations_2016.shp",
        "_source_crs": "EPSG:4326"
      }
    },
    {
      "type": "Feature",
      "geometry": {
        "type": "Point",
        "coordinates": [
          113.4020767211914,
          24.172937393188477
        ]
      },
      "properties": {
        "SRC": "MDYZK",
        "STATUS": "Y",
        "YZ_ID": 109,
        "YZ_LABEL": "YINGDE Guangdong (英德)",
        "YZNM_PY": "YINGDE",
        "YZNM_CH": "英德",
        "YZNM_FT": "英德",
        "CHGIS_ID": "42263",
        "NOTE": null,
        "10CNTY_CH": "英德市",
        "10CNTY_EN": "Yingde",
        "10PREF_CH": "清远市",
        "10PREF_EN": "Qingyuan",
        "10PROV_CH": "广东省",
        "10PROV_EN": "Guangdong",
        "GBCODE": 441881,
        "YZ_LAT": 113.402077,
        "YZ_LONG": 24.172937,
        "_layer_id": "ming_courier_stations",
        "_layer_title": "명대 역참 지점",
        "_source_file": "Ming_Stations_2016.shp",
        "_source_crs": "EPSG:4326"
      }
    },
    {
      "type": "Feature",
      "geometry": {
        "type": "Point",
        "coordinates": [
          113.27430000000004,
          37.86960200000005
        ]
      },
      "properties": {
        "SRC": "MDYZK",
        "STATUS": "Y",
        "YZ_ID": 110,
        "YZ_LABEL": "QINQUANYI Shanxi (芹泉驿)",
        "YZNM_PY": "QINQUANYI",
        "YZNM_CH": "芹泉驿",
        "YZNM_FT": "芹泉驛",
        "CHGIS_ID": "20774",
        "NOTE": "Should be Qinquanyi",
        "10CNTY_CH": "寿阳县",
        "10CNTY_EN": "Shouyang",
        "10PREF_CH": "晋中市",
        "10PREF_EN": "Jinzhong",
        "10PROV_CH": "山西省",
        "10PROV_EN": "Shanxi",
        "GBCODE": 140725,
        "YZ_LAT": 113.2743,
        "YZ_LONG": 37.869602,
        "_layer_id": "ming_courier_stations",
        "_layer_title": "명대 역참 지점",
        "_source_file": "Ming_Stations_2016.shp",
        "_source_crs": "EPSG:4326"
      }
    },
    {
      "type": "Feature",
      "geometry": {
        "type": "Point",
        "coordinates": [
          113.46705627441406,
          34.16249084472656
        ]
      },
      "properties": {
        "SRC": "MDYZK",
        "STATUS": "Y",
        "YZ_ID": 111,
        "YZ_LABEL": "QINGYING Henan (清颖驿)",
        "YZNM_PY": "QINGYING",
        "YZNM_CH": "清颖驿",
        "YZNM_FT": "清穎驛",
        "CHGIS_ID": "121963",
        "NOTE": null,
        "10CNTY_CH": "禹州巿",
        "10CNTY_EN": "Yuzhou",
        "10PREF_CH": "许昌市",
        "10PREF_EN": "Xuchang",
        "10PROV_CH": "河南省",
        "10PROV_EN": "Henan",
        "GBCODE": 411081,
        "YZ_LAT": 113.467056,
        "YZ_LONG": 34.162491,
        "_layer_id": "ming_courier_stations",
        "_layer_title": "명대 역참 지점",
        "_source_file": "Ming_Stations_2016.shp",
        "_source_crs": "EPSG:4326"
      }
    },
    {
      "type": "Feature",
      "geometry": {
        "type": "Point",
        "coordinates": [
          113.47236633300781,
          33.85369110107422
        ]
      },
      "properties": {
        "SRC": "MDYZK",
        "STATUS": "Y",
        "YZ_ID": 112,
        "YZ_LABEL": "XINCHENG Henan (新城驿)",
        "YZNM_PY": "XINCHENG",
        "YZNM_CH": "新城驿",
        "YZNM_FT": "新城驛",
        "CHGIS_ID": "594",
        "NOTE": null,
        "10CNTY_CH": "襄城县",
        "10CNTY_EN": "Xiangcheng",
        "10PREF_CH": "许昌市",
        "10PREF_EN": "Xuchang",
        "10PROV_CH": "河南省",
        "10PROV_EN": "Henan",
        "GBCODE": 411025,
        "YZ_LAT": 113.472366,
        "YZ_LONG": 33.853691,
        "_layer_id": "ming_courier_stations",
        "_layer_title": "명대 역참 지점",
        "_source_file": "Ming_Stations_2016.shp",
        "_source_crs": "EPSG:4326"
      }
    },
    {
      "type": "Feature",
      "geometry": {
        "type": "Point",
        "coordinates": [
          113.6034164428711,
          24.810209274291992
        ]
      },
      "properties": {
        "SRC": "MDYZK",
        "STATUS": "Y",
        "YZ_ID": 113,
        "YZ_LABEL": "FURONG Guangdong (芙蓉驿)",
        "YZNM_PY": "FURONG",
        "YZNM_CH": "芙蓉驿",
        "YZNM_FT": "芙蓉驛",
        "CHGIS_ID": "42238",
        "NOTE": null,
        "10CNTY_CH": "浈江区",
        "10CNTY_EN": "Zhenjiang",
        "10PREF_CH": "韶关市",
        "10PREF_EN": "Shaoguan",
        "10PROV_CH": "广东省",
        "10PROV_EN": "Guangdong",
        "GBCODE": 440204,
        "YZ_LAT": 113.603416,
        "YZ_LONG": 24.810209,
        "_layer_id": "ming_courier_stations",
        "_layer_title": "명대 역참 지점",
        "_source_file": "Ming_Stations_2016.shp",
        "_source_crs": "EPSG:4326"
      }
    },
    {
      "type": "Feature",
      "geometry": {
        "type": "Point",
        "coordinates": [
          113.62226867675781,
          37.80203628540039
        ]
      },
      "properties": {
        "SRC": "MDYZK",
        "STATUS": "N",
        "YZ_ID": 114,
        "YZ_LABEL": "PINGTANYI Shanxi (平潭驿)",
        "YZNM_PY": "PINGTANYI",
        "YZNM_CH": "平潭驿",
        "YZNM_FT": "平潭驛",
        "CHGIS_ID": "1817",
        "NOTE": null,
        "10CNTY_CH": "平定县",
        "10CNTY_EN": "Pingding",
        "10PREF_CH": "阳泉市",
        "10PREF_EN": "Yangquan",
        "10PROV_CH": "山西省",
        "10PROV_EN": "Shanxi",
        "GBCODE": 140321,
        "YZ_LAT": 113.622269,
        "YZ_LONG": 37.802036,
        "_layer_id": "ming_courier_stations",
        "_layer_title": "명대 역참 지점",
        "_source_file": "Ming_Stations_2016.shp",
        "_source_crs": "EPSG:4326"
      }
    },
    {
      "type": "Feature",
      "geometry": {
        "type": "Point",
        "coordinates": [
          113.64131164550781,
          34.75807571411133
        ]
      },
      "properties": {
        "SRC": "MDYZK",
        "STATUS": "N",
        "YZ_ID": 115,
        "YZ_LABEL": "GUANCHENGYI Henan (管城驿)",
        "YZNM_PY": "GUANCHENGYI",
        "YZNM_CH": "管城驿",
        "YZNM_FT": "管城驛",
        "CHGIS_ID": "116189",
        "NOTE": null,
        "10CNTY_CH": "二七区",
        "10CNTY_EN": "Erqiqu",
        "10PREF_CH": "郑州市",
        "10PREF_EN": "Zhengzhou",
        "10PROV_CH": "河南省",
        "10PROV_EN": "Henan",
        "GBCODE": 410103,
        "YZ_LAT": 113.641312,
        "YZ_LONG": 34.758076,
        "_layer_id": "ming_courier_stations",
        "_layer_title": "명대 역참 지점",
        "_source_file": "Ming_Stations_2016.shp",
        "_source_crs": "EPSG:4326"
      }
    },
    {
      "type": "Feature",
      "geometry": {
        "type": "Point",
        "coordinates": [
          113.68689727783203,
          31.252609252929688
        ]
      },
      "properties": {
        "SRC": "MDYZK",
        "STATUS": "N",
        "YZ_ID": 116,
        "YZ_LABEL": "DE'ANFU Hubei (德安府)",
        "YZNM_PY": "DE'ANFU",
        "YZNM_CH": "德安府",
        "YZNM_FT": "德安府",
        "CHGIS_ID": "34309",
        "NOTE": null,
        "10CNTY_CH": "安陆市",
        "10CNTY_EN": "Anlu",
        "10PREF_CH": "孝感市",
        "10PREF_EN": "Xiaogan",
        "10PROV_CH": "湖北省",
        "10PROV_EN": "Hubei",
        "GBCODE": 420982,
        "YZ_LAT": 113.686897,
        "YZ_LONG": 31.252609,
        "_layer_id": "ming_courier_stations",
        "_layer_title": "명대 역참 지점",
        "_source_file": "Ming_Stations_2016.shp",
        "_source_crs": "EPSG:4326"
      }
    },
    {
      "type": "Feature",
      "geometry": {
        "type": "Point",
        "coordinates": [
          113.80500030517581,
          37.81944274902346
        ]
      },
      "properties": {
        "SRC": "MDYZK",
        "STATUS": "Y",
        "YZ_ID": 117,
        "YZ_LABEL": "BAIJING Shanxi (柏井驿)",
        "YZNM_PY": "BAIJING",
        "YZNM_CH": "柏井驿",
        "YZNM_FT": "柏井驛",
        "CHGIS_ID": "147101",
        "NOTE": null,
        "10CNTY_CH": "平定县",
        "10CNTY_EN": "Pingding",
        "10PREF_CH": "阳泉市",
        "10PREF_EN": "Yangquan",
        "10PROV_CH": "山西省",
        "10PROV_EN": "Shanxi",
        "GBCODE": 140321,
        "YZ_LAT": 113.805,
        "YZ_LONG": 37.819443,
        "_layer_id": "ming_courier_stations",
        "_layer_title": "명대 역참 지점",
        "_source_file": "Ming_Stations_2016.shp",
        "_source_crs": "EPSG:4326"
      }
    },
    {
      "type": "Feature",
      "geometry": {
        "type": "Point",
        "coordinates": [
          113.71908569335938,
          34.39732360839844
        ]
      },
      "properties": {
        "SRC": "MDYZK",
        "STATUS": "Y",
        "YZ_ID": 118,
        "YZ_LABEL": "GUODIAN Henan (郭店驿)",
        "YZNM_PY": "GUODIAN",
        "YZNM_CH": "郭店驿",
        "YZNM_FT": "郭店驛",
        "CHGIS_ID": "82462",
        "NOTE": null,
        "10CNTY_CH": "新郑市",
        "10CNTY_EN": "Xinzheng",
        "10PREF_CH": "郑州市",
        "10PREF_EN": "Zhengzhou",
        "10PROV_CH": "河南省",
        "10PROV_EN": "Henan",
        "GBCODE": 410184,
        "YZ_LAT": 113.719086,
        "YZ_LONG": 34.397324,
        "_layer_id": "ming_courier_stations",
        "_layer_title": "명대 역참 지점",
        "_source_file": "Ming_Stations_2016.shp",
        "_source_crs": "EPSG:4326"
      }
    },
    {
      "type": "Feature",
      "geometry": {
        "type": "Point",
        "coordinates": [
          113.7332992553711,
          31.020029067993164
        ]
      },
      "properties": {
        "SRC": "MDYZK",
        "STATUS": "Y",
        "YZ_ID": 119,
        "YZ_LABEL": "YUNMENG Hubei (云梦)",
        "YZNM_PY": "YUNMENG",
        "YZNM_CH": "云梦",
        "YZNM_FT": "雲夢",
        "CHGIS_ID": "121159",
        "NOTE": null,
        "10CNTY_CH": "云梦县",
        "10CNTY_EN": "Yunmeng",
        "10PREF_CH": "孝感市",
        "10PREF_EN": "Xiaogan",
        "10PROV_CH": "湖北省",
        "10PROV_EN": "Hubei",
        "GBCODE": 420923,
        "YZ_LAT": 113.733299,
        "YZ_LONG": 31.020029,
        "_layer_id": "ming_courier_stations",
        "_layer_title": "명대 역참 지점",
        "_source_file": "Ming_Stations_2016.shp",
        "_source_crs": "EPSG:4326"
      }
    },
    {
      "type": "Feature",
      "geometry": {
        "type": "Point",
        "coordinates": [
          113.86824798583984,
          35.309940338134766
        ]
      },
      "properties": {
        "SRC": "MDYZK",
        "STATUS": "Y",
        "YZ_ID": 120,
        "YZ_LABEL": "XINZHONG Henan (新中驿)",
        "YZNM_PY": "XINZHONG",
        "YZNM_CH": "新中驿",
        "YZNM_FT": "新中驛",
        "CHGIS_ID": "121904",
        "NOTE": null,
        "10CNTY_CH": "卫滨区",
        "10CNTY_EN": "Xinhuaqu",
        "10PREF_CH": "新乡市",
        "10PREF_EN": "Xinxiang",
        "10PROV_CH": "河南省",
        "10PROV_EN": "Henan",
        "GBCODE": 410703,
        "YZ_LAT": 113.868248,
        "YZ_LONG": 35.30994,
        "_layer_id": "ming_courier_stations",
        "_layer_title": "명대 역참 지점",
        "_source_file": "Ming_Stations_2016.shp",
        "_source_crs": "EPSG:4326"
      }
    },
    {
      "type": "Feature",
      "geometry": {
        "type": "Point",
        "coordinates": [
          113.8746109008789,
          29.70835304260254
        ]
      },
      "properties": {
        "SRC": "MDYZK",
        "STATUS": "N",
        "YZ_ID": 121,
        "YZ_LABEL": "FENGSHANYI Hubei (凤山驿)",
        "YZNM_PY": "FENGSHANYI",
        "YZNM_CH": "凤山驿",
        "YZNM_FT": "鳳山驛",
        "CHGIS_ID": "43431",
        "NOTE": null,
        "10CNTY_CH": "赤壁市",
        "10CNTY_EN": "Chibi",
        "10PREF_CH": "咸宁市",
        "10PREF_EN": "Xianning",
        "10PROV_CH": "湖北省",
        "10PROV_EN": "Hubei",
        "GBCODE": 421281,
        "YZ_LAT": 113.874611,
        "YZ_LONG": 29.708353,
        "_layer_id": "ming_courier_stations",
        "_layer_title": "명대 역참 지점",
        "_source_file": "Ming_Stations_2016.shp",
        "_source_crs": "EPSG:4326"
      }
    },
    {
      "type": "Feature",
      "geometry": {
        "type": "Point",
        "coordinates": [
          113.91641200000002,
          39.43093900000009
        ]
      },
      "properties": {
        "SRC": "MDYZK",
        "STATUS": "Y",
        "YZ_ID": 122,
        "YZ_LABEL": "WANGJIAZHUANG Shanxi (王家庄驿)",
        "YZNM_PY": "WANGJIAZHUANG",
        "YZNM_CH": "王家庄驿",
        "YZNM_FT": "王家莊驛",
        "CHGIS_ID": "146373",
        "NOTE": "WANGZHUANGBAO",
        "10CNTY_CH": "浑源县",
        "10CNTY_EN": "Hunyuan",
        "10PREF_CH": "大同市",
        "10PREF_EN": "Datong",
        "10PROV_CH": "山西省",
        "10PROV_EN": "Shanxi",
        "GBCODE": 140225,
        "YZ_LAT": 113.916412,
        "YZ_LONG": 39.430939,
        "_layer_id": "ming_courier_stations",
        "_layer_title": "명대 역참 지점",
        "_source_file": "Ming_Stations_2016.shp",
        "_source_crs": "EPSG:4326"
      }
    },
    {
      "type": "Feature",
      "geometry": {
        "type": "Point",
        "coordinates": [
          113.96063995361328,
          33.8086051940918
        ]
      },
      "properties": {
        "SRC": "MDYZK",
        "STATUS": "Y",
        "YZ_ID": 123,
        "YZ_LABEL": "LINYING Henan (临颖驿)",
        "YZNM_PY": "LINYING",
        "YZNM_CH": "临颖驿",
        "YZNM_FT": "臨穎驛",
        "CHGIS_ID": "83025",
        "NOTE": null,
        "10CNTY_CH": "临颍县",
        "10CNTY_EN": "Linying",
        "10PREF_CH": "漯河市",
        "10PREF_EN": "Luohe",
        "10PROV_CH": "河南省",
        "10PROV_EN": "Henan",
        "GBCODE": 411122,
        "YZ_LAT": 113.96064,
        "YZ_LONG": 33.808605,
        "_layer_id": "ming_courier_stations",
        "_layer_title": "명대 역참 지점",
        "_source_file": "Ming_Stations_2016.shp",
        "_source_crs": "EPSG:4326"
      }
    },
    {
      "type": "Feature",
      "geometry": {
        "type": "Point",
        "coordinates": [
          113.9656982421875,
          33.582210540771484
        ]
      },
      "properties": {
        "SRC": "MDYZK",
        "STATUS": "Y",
        "YZ_ID": 124,
        "YZ_LABEL": "YANCHENG Henan (郾城驿)",
        "YZNM_PY": "YANCHENG",
        "YZNM_CH": "郾城驿",
        "YZNM_FT": "郾城驛",
        "CHGIS_ID": "83038",
        "NOTE": "Should be Yancheng Xian",
        "10CNTY_CH": "源汇区",
        "10CNTY_EN": "Yuanhuiqu",
        "10PREF_CH": "漯河市",
        "10PREF_EN": "Luohe",
        "10PROV_CH": "河南省",
        "10PROV_EN": "Henan",
        "GBCODE": 411102,
        "YZ_LAT": 113.965698,
        "YZ_LONG": 33.582211,
        "_layer_id": "ming_courier_stations",
        "_layer_title": "명대 역참 지점",
        "_source_file": "Ming_Stations_2016.shp",
        "_source_crs": "EPSG:4326"
      }
    },
    {
      "type": "Feature",
      "geometry": {
        "type": "Point",
        "coordinates": [
          114.01553344726562,
          33.38905715942383
        ]
      },
      "properties": {
        "SRC": "MDYZK",
        "STATUS": "Y",
        "YZ_ID": 125,
        "YZ_LABEL": "XIPING Henan (西平驿)",
        "YZNM_PY": "XIPING",
        "YZNM_CH": "西平驿",
        "YZNM_FT": "西平驛",
        "CHGIS_ID": "602",
        "NOTE": null,
        "10CNTY_CH": "西平县",
        "10CNTY_EN": "Xiping",
        "10PREF_CH": "驻马店市",
        "10PREF_EN": "Zhumadian",
        "10PROV_CH": "河南省",
        "10PROV_EN": "Henan",
        "GBCODE": 411721,
        "YZ_LAT": 114.015533,
        "YZ_LONG": 33.389057,
        "_layer_id": "ming_courier_stations",
        "_layer_title": "명대 역참 지점",
        "_source_file": "Ming_Stations_2016.shp",
        "_source_crs": "EPSG:4326"
      }
    },
    {
      "type": "Feature",
      "geometry": {
        "type": "Point",
        "coordinates": [
          114.01778411865234,
          38.006160736083984
        ]
      },
      "properties": {
        "SRC": "MDYZK",
        "STATUS": "Y",
        "YZ_ID": 126,
        "YZ_LABEL": "XINGSHAN Hebei (陉山驿)",
        "YZNM_PY": "XINGSHAN",
        "YZNM_CH": "陉山驿",
        "YZNM_FT": "陘山驛",
        "CHGIS_ID": "44975",
        "NOTE": null,
        "10CNTY_CH": "井陉县",
        "10CNTY_EN": "Jingxing",
        "10PREF_CH": "石家庄市",
        "10PREF_EN": "Shijiazhuang",
        "10PROV_CH": "河北省",
        "10PROV_EN": "Hebei",
        "GBCODE": 130121,
        "YZ_LAT": 114.017784,
        "YZ_LONG": 38.006161,
        "_layer_id": "ming_courier_stations",
        "_layer_title": "명대 역참 지점",
        "_source_file": "Ming_Stations_2016.shp",
        "_source_crs": "EPSG:4326"
      }
    },
    {
      "type": "Feature",
      "geometry": {
        "type": "Point",
        "coordinates": [
          114.07026672363281,
          35.41038513183594
        ]
      },
      "properties": {
        "SRC": "MDYZK",
        "STATUS": "N",
        "YZ_ID": 127,
        "YZ_LABEL": "WEIYUANYI Henan (卫源驿)",
        "YZNM_PY": "WEIYUANYI",
        "YZNM_CH": "卫源驿",
        "YZNM_FT": "衛源驛",
        "CHGIS_ID": "84003",
        "NOTE": "Weihui",
        "10CNTY_CH": "卫辉市",
        "10CNTY_EN": "Weihui",
        "10PREF_CH": "新乡市",
        "10PREF_EN": "Xinxiang",
        "10PROV_CH": "河南省",
        "10PROV_EN": "Henan",
        "GBCODE": 410781,
        "YZ_LAT": 114.070267,
        "YZ_LONG": 35.410385,
        "_layer_id": "ming_courier_stations",
        "_layer_title": "명대 역참 지점",
        "_source_file": "Ming_Stations_2016.shp",
        "_source_crs": "EPSG:4326"
      }
    },
    {
      "type": "Feature",
      "geometry": {
        "type": "Point",
        "coordinates": [
          114.19436645507812,
          35.606449127197266
        ]
      },
      "properties": {
        "SRC": "MDYZK",
        "STATUS": "Y",
        "YZ_ID": 128,
        "YZ_LABEL": "QIMEN Henan (淇门驿)",
        "YZNM_PY": "QIMEN",
        "YZNM_CH": "淇门驿",
        "YZNM_FT": "淇門驛",
        "CHGIS_ID": "82256",
        "NOTE": "JIXIAN",
        "10CNTY_CH": "淇县",
        "10CNTY_EN": "Qixian",
        "10PREF_CH": "鹤壁市",
        "10PREF_EN": "Hebi",
        "10PROV_CH": "河南省",
        "10PROV_EN": "Henan",
        "GBCODE": 410622,
        "YZ_LAT": 114.194366,
        "YZ_LONG": 35.606449,
        "_layer_id": "ming_courier_stations",
        "_layer_title": "명대 역참 지점",
        "_source_file": "Ming_Stations_2016.shp",
        "_source_crs": "EPSG:4326"
      }
    },
    {
      "type": "Feature",
      "geometry": {
        "type": "Point",
        "coordinates": [
          114.19468688964844,
          35.14276123046875
        ]
      },
      "properties": {
        "SRC": "MDYZK",
        "STATUS": "N",
        "YZ_ID": 129,
        "YZ_LABEL": "LITINGYI Henan (廪廷驿)",
        "YZNM_PY": "LITINGYI",
        "YZNM_CH": "廪廷驿",
        "YZNM_FT": "廩廷驛",
        "CHGIS_ID": "82288",
        "NOTE": null,
        "10CNTY_CH": "延津县",
        "10CNTY_EN": "Yanjin",
        "10PREF_CH": "新乡市",
        "10PREF_EN": "Xinxiang",
        "10PROV_CH": "河南省",
        "10PROV_EN": "Henan",
        "GBCODE": 410726,
        "YZ_LAT": 114.194687,
        "YZ_LONG": 35.142761,
        "_layer_id": "ming_courier_stations",
        "_layer_title": "명대 역참 지점",
        "_source_file": "Ming_Stations_2016.shp",
        "_source_crs": "EPSG:4326"
      }
    },
    {
      "type": "Feature",
      "geometry": {
        "type": "Point",
        "coordinates": [
          114.22921752929688,
          39.437744140625
        ]
      },
      "properties": {
        "SRC": "MDYZK",
        "STATUS": "Y",
        "YZ_ID": 130,
        "YZ_LABEL": "TAIBAI Shanxi (太白驿)",
        "YZNM_PY": "TAIBAI",
        "YZNM_CH": "太白驿",
        "YZNM_FT": "太白驛",
        "CHGIS_ID": "85075",
        "NOTE": null,
        "10CNTY_CH": "灵丘县",
        "10CNTY_EN": "Lingqiu",
        "10PREF_CH": "大同市",
        "10PREF_EN": "Datong",
        "10PROV_CH": "山西省",
        "10PROV_EN": "Shanxi",
        "GBCODE": 140224,
        "YZ_LAT": 114.229218,
        "YZ_LONG": 39.437744,
        "_layer_id": "ming_courier_stations",
        "_layer_title": "명대 역참 지점",
        "_source_file": "Ming_Stations_2016.shp",
        "_source_crs": "EPSG:4326"
      }
    },
    {
      "type": "Feature",
      "geometry": {
        "type": "Point",
        "coordinates": [
          114.26192474365234,
          30.544374465942383
        ]
      },
      "properties": {
        "SRC": "MDYZK",
        "STATUS": "Y",
        "YZ_ID": 131,
        "YZ_LABEL": "HANYANGFU Hubei (汉阳府)",
        "YZNM_PY": "HANYANGFU",
        "YZNM_CH": "汉阳府",
        "YZNM_FT": "漢陽府",
        "CHGIS_ID": "34302",
        "NOTE": null,
        "10CNTY_CH": "汉阳区",
        "10CNTY_EN": "Hanyang",
        "10PREF_CH": "武汉市",
        "10PREF_EN": "Wuhan",
        "10PROV_CH": "湖北省",
        "10PROV_EN": "Hubei",
        "GBCODE": 420105,
        "YZ_LAT": 114.261925,
        "YZ_LONG": 30.544374,
        "_layer_id": "ming_courier_stations",
        "_layer_title": "명대 역참 지점",
        "_source_file": "Ming_Stations_2016.shp",
        "_source_crs": "EPSG:4326"
      }
    },
    {
      "type": "Feature",
      "geometry": {
        "type": "Point",
        "coordinates": [
          114.2716220000001,
          29.892479000000094
        ]
      },
      "properties": {
        "SRC": "MDYZK",
        "STATUS": "Y",
        "YZ_ID": 132,
        "YZ_LABEL": "XIANNING Hubei (咸宁驿)",
        "YZNM_PY": "XIANNING",
        "YZNM_CH": "咸宁驿",
        "YZNM_FT": "咸寧驛",
        "CHGIS_ID": "43433",
        "NOTE": null,
        "10CNTY_CH": "咸安区",
        "10CNTY_EN": "Xianan",
        "10PREF_CH": "咸宁市",
        "10PREF_EN": "Xianning",
        "10PROV_CH": "湖北省",
        "10PROV_EN": "Hubei",
        "GBCODE": 421202,
        "YZ_LAT": 114.271622,
        "YZ_LONG": 29.892479,
        "_layer_id": "ming_courier_stations",
        "_layer_title": "명대 역참 지점",
        "_source_file": "Ming_Stations_2016.shp",
        "_source_crs": "EPSG:4326"
      }
    },
    {
      "type": "Feature",
      "geometry": {
        "type": "Point",
        "coordinates": [
          114.30208587646484,
          25.11884307861328
        ]
      },
      "properties": {
        "SRC": "MDYZK",
        "STATUS": "Y",
        "YZ_ID": 133,
        "YZ_LABEL": "LINGJIANG Guangdong (凌江驿)",
        "YZNM_PY": "LINGJIANG",
        "YZNM_CH": "凌江驿",
        "YZNM_FT": "淩江驛",
        "CHGIS_ID": "33041",
        "NOTE": null,
        "10CNTY_CH": "南雄市",
        "10CNTY_EN": "Nanxiong",
        "10PREF_CH": "韶关市",
        "10PREF_EN": "Shaoguan",
        "10PROV_CH": "广东省",
        "10PROV_EN": "Guangdong",
        "GBCODE": 440282,
        "YZ_LAT": 114.302086,
        "YZ_LONG": 25.118843,
        "_layer_id": "ming_courier_stations",
        "_layer_title": "명대 역참 지점",
        "_source_file": "Ming_Stations_2016.shp",
        "_source_crs": "EPSG:4326"
      }
    },
    {
      "type": "Feature",
      "geometry": {
        "type": "Point",
        "coordinates": [
          114.30772399902344,
          38.08311080932617
        ]
      },
      "properties": {
        "SRC": "MDYZK",
        "STATUS": "Y",
        "YZ_ID": 134,
        "YZ_LABEL": "ZHENNING Hebei (镇宁驿)",
        "YZNM_PY": "ZHENNING",
        "YZNM_CH": "镇宁驿",
        "YZNM_FT": "鎮寧驛",
        "CHGIS_ID": "44972",
        "NOTE": null,
        "10CNTY_CH": "鹿泉市",
        "10CNTY_EN": "Luquan",
        "10PREF_CH": "石家庄市",
        "10PREF_EN": "Shijiazhuang",
        "10PROV_CH": "河北省",
        "10PROV_EN": "Hebei",
        "GBCODE": 130185,
        "YZ_LAT": 114.307724,
        "YZ_LONG": 38.083111,
        "_layer_id": "ming_courier_stations",
        "_layer_title": "명대 역참 지점",
        "_source_file": "Ming_Stations_2016.shp",
        "_source_crs": "EPSG:4326"
      }
    },
    {
      "type": "Feature",
      "geometry": {
        "type": "Point",
        "coordinates": [
          114.3191909790039,
          30.541385650634766
        ]
      },
      "properties": {
        "SRC": "MDYZK",
        "STATUS": "N",
        "YZ_ID": 135,
        "YZ_LABEL": "WUCHANGFU Hubei (武昌府)",
        "YZNM_PY": "WUCHANGFU",
        "YZNM_CH": "武昌府",
        "YZNM_FT": "武昌府",
        "CHGIS_ID": "9613",
        "NOTE": "Wuchang f",
        "10CNTY_CH": "武昌区",
        "10CNTY_EN": "Wuchang",
        "10PREF_CH": "武汉市",
        "10PREF_EN": "Wuhan",
        "10PROV_CH": "湖北省",
        "10PROV_EN": "Hubei",
        "GBCODE": 420106,
        "YZ_LAT": 114.319191,
        "YZ_LONG": 30.541386,
        "_layer_id": "ming_courier_stations",
        "_layer_title": "명대 역참 지점",
        "_source_file": "Ming_Stations_2016.shp",
        "_source_crs": "EPSG:4326"
      }
    },
    {
      "type": "Feature",
      "geometry": {
        "type": "Point",
        "coordinates": [
          114.34333038330078,
          34.78547668457031
        ]
      },
      "properties": {
        "SRC": "MDYZK",
        "STATUS": "N",
        "YZ_ID": 136,
        "YZ_LABEL": "DALIANGYI Henan (大梁驿)",
        "YZNM_PY": "DALIANGYI",
        "YZNM_CH": "大梁驿",
        "YZNM_FT": "大樑驛",
        "CHGIS_ID": "44316",
        "NOTE": "DALIANG",
        "10CNTY_CH": "禹王台区",
        "10CNTY_EN": "Nanguanqu",
        "10PREF_CH": "开封市",
        "10PREF_EN": "Kaifeng",
        "10PROV_CH": "河南省",
        "10PROV_EN": "Henan",
        "GBCODE": 410205,
        "YZ_LAT": 114.34333,
        "YZ_LONG": 34.785477,
        "_layer_id": "ming_courier_stations",
        "_layer_title": "명대 역참 지점",
        "_source_file": "Ming_Stations_2016.shp",
        "_source_crs": "EPSG:4326"
      }
    },
    {
      "type": "Feature",
      "geometry": {
        "type": "Point",
        "coordinates": [
          114.34549713134766,
          36.09834289550781
        ]
      },
      "properties": {
        "SRC": "MDYZK",
        "STATUS": "Y",
        "YZ_ID": 137,
        "YZ_LABEL": "YECHENG Henan (邺城驿)",
        "YZNM_PY": "YECHENG",
        "YZNM_CH": "邺城驿",
        "YZNM_FT": "鄴城驛",
        "CHGIS_ID": "82190",
        "NOTE": null,
        "10CNTY_CH": "文峰区",
        "10CNTY_EN": "Wenfengqu",
        "10PREF_CH": "安阳市",
        "10PREF_EN": "Anyang",
        "10PROV_CH": "河南省",
        "10PROV_EN": "Henan",
        "GBCODE": 410502,
        "YZ_LAT": 114.345497,
        "YZ_LONG": 36.098343,
        "_layer_id": "ming_courier_stations",
        "_layer_title": "명대 역참 지점",
        "_source_file": "Ming_Stations_2016.shp",
        "_source_crs": "EPSG:4326"
      }
    },
    {
      "type": "Feature",
      "geometry": {
        "type": "Point",
        "coordinates": [
          114.35057067871094,
          25.399953842163086
        ]
      },
      "properties": {
        "SRC": "MDYZK",
        "STATUS": "N",
        "YZ_ID": 138,
        "YZ_LABEL": "HENGPUYI Jiangxi (横浦驿)",
        "YZNM_PY": "HENGPUYI",
        "YZNM_CH": "横浦驿",
        "YZNM_FT": "橫浦驛",
        "CHGIS_ID": "839",
        "NOTE": null,
        "10CNTY_CH": "大余县",
        "10CNTY_EN": "Dayu",
        "10PREF_CH": "赣州市",
        "10PREF_EN": "Ganzhou",
        "10PROV_CH": "江西省",
        "10PROV_EN": "Jiangxi",
        "GBCODE": 360723,
        "YZ_LAT": 114.350571,
        "YZ_LONG": 25.399954,
        "_layer_id": "ming_courier_stations",
        "_layer_title": "명대 역참 지점",
        "_source_file": "Ming_Stations_2016.shp",
        "_source_crs": "EPSG:4326"
      }
    },
    {
      "type": "Feature",
      "geometry": {
        "type": "Point",
        "coordinates": [
          114.35269165039062,
          35.92551803588867
        ]
      },
      "properties": {
        "SRC": "MDYZK",
        "STATUS": "Y",
        "YZ_ID": 139,
        "YZ_LABEL": "YIGOU Henan (宜沟)",
        "YZNM_PY": "YIGOU",
        "YZNM_CH": "宜沟",
        "YZNM_FT": "宜溝",
        "CHGIS_ID": "82212",
        "NOTE": null,
        "10CNTY_CH": "汤阴县",
        "10CNTY_EN": "Tangyin",
        "10PREF_CH": "安阳市",
        "10PREF_EN": "Anyang",
        "10PROV_CH": "河南省",
        "10PROV_EN": "Henan",
        "GBCODE": 410523,
        "YZ_LAT": 114.352692,
        "YZ_LONG": 35.925518,
        "_layer_id": "ming_courier_stations",
        "_layer_title": "명대 역참 지점",
        "_source_file": "Ming_Stations_2016.shp",
        "_source_crs": "EPSG:4326"
      }
    },
    {
      "type": "Feature",
      "geometry": {
        "type": "Point",
        "coordinates": [
          114.3742446899414,
          36.35904312133789
        ]
      },
      "properties": {
        "SRC": "PA_1903",
        "STATUS": "P",
        "YZ_ID": 140,
        "YZ_LABEL": "CIZHOU Hebei (磁州)",
        "YZNM_PY": "CIZHOU",
        "YZNM_CH": "磁州",
        "YZNM_FT": "磁州",
        "CHGIS_ID": "87977",
        "NOTE": null,
        "10CNTY_CH": "磁县",
        "10CNTY_EN": "Cixian",
        "10PREF_CH": "邯郸市",
        "10PREF_EN": "Handan",
        "10PROV_CH": "河北省",
        "10PROV_EN": "Hebei",
        "GBCODE": 130427,
        "YZ_LAT": 114.374245,
        "YZ_LONG": 36.359043,
        "_layer_id": "ming_courier_stations",
        "_layer_title": "명대 역참 지점",
        "_source_file": "Ming_Stations_2016.shp",
        "_source_crs": "EPSG:4326"
      }
    },
    {
      "type": "Feature",
      "geometry": {
        "type": "Point",
        "coordinates": [
          114.47203826904297,
          36.593475341796875
        ]
      },
      "properties": {
        "SRC": "MDYZK",
        "STATUS": "Y",
        "YZ_ID": 141,
        "YZ_LABEL": "CONGTAI Hebei (从台驿)",
        "YZNM_PY": "CONGTAI",
        "YZNM_CH": "从台驿",
        "YZNM_FT": "從台驛",
        "CHGIS_ID": "44847",
        "NOTE": null,
        "10CNTY_CH": "邯山区",
        "10CNTY_EN": "Hanshan",
        "10PREF_CH": "邯郸市",
        "10PREF_EN": "Handan",
        "10PROV_CH": "河北省",
        "10PROV_EN": "Hebei",
        "GBCODE": 130402,
        "YZ_LAT": 114.472038,
        "YZ_LONG": 36.593475,
        "_layer_id": "ming_courier_stations",
        "_layer_title": "명대 역참 지점",
        "_source_file": "Ming_Stations_2016.shp",
        "_source_crs": "EPSG:4326"
      }
    },
    {
      "type": "Feature",
      "geometry": {
        "type": "Point",
        "coordinates": [
          114.4942626953125,
          37.06635665893555
        ]
      },
      "properties": {
        "SRC": "MDYZK",
        "STATUS": "Y",
        "YZ_ID": 142,
        "YZ_LABEL": "LONGGANG Hebei (龙冈驿)",
        "YZNM_PY": "LONGGANG",
        "YZNM_CH": "龙冈驿",
        "YZNM_FT": "龍岡驛",
        "CHGIS_ID": "44893",
        "NOTE": null,
        "10CNTY_CH": "桥东区",
        "10CNTY_EN": "Qiaodong",
        "10PREF_CH": "邢台市",
        "10PREF_EN": "Xingtai",
        "10PROV_CH": "河北省",
        "10PROV_EN": "Hebei",
        "GBCODE": 130502,
        "YZ_LAT": 114.494263,
        "YZ_LONG": 37.066357,
        "_layer_id": "ming_courier_stations",
        "_layer_title": "명대 역참 지점",
        "_source_file": "Ming_Stations_2016.shp",
        "_source_crs": "EPSG:4326"
      }
    },
    {
      "type": "Feature",
      "geometry": {
        "type": "Point",
        "coordinates": [
          114.5118637084961,
          37.29500198364258
        ]
      },
      "properties": {
        "SRC": "MDYZK",
        "STATUS": "N",
        "YZ_ID": 143,
        "YZ_LABEL": "ZHONGQIUYI Hebei (中丘驿)",
        "YZNM_PY": "ZHONGQIUYI",
        "YZNM_CH": "中丘驿",
        "YZNM_FT": "中丘驛",
        "CHGIS_ID": "88173",
        "NOTE": null,
        "10CNTY_CH": "内邱县",
        "10CNTY_EN": "Neiqiu",
        "10PREF_CH": "邢台市",
        "10PREF_EN": "Xingtai",
        "10PROV_CH": "河北省",
        "10PROV_EN": "Hebei",
        "GBCODE": 130523,
        "YZ_LAT": 114.511864,
        "YZ_LONG": 37.295002,
        "_layer_id": "ming_courier_stations",
        "_layer_title": "명대 역참 지점",
        "_source_file": "Ming_Stations_2016.shp",
        "_source_crs": "EPSG:4326"
      }
    },
    {
      "type": "Feature",
      "geometry": {
        "type": "Point",
        "coordinates": [
          114.56364440917969,
          38.14011001586914
        ]
      },
      "properties": {
        "SRC": "MDYZK",
        "STATUS": "L",
        "YZ_ID": 144,
        "YZ_LABEL": "HENGSHANYI Hebei (恒山驿)",
        "YZNM_PY": "HENGSHANYI",
        "YZNM_CH": "恒山驿",
        "YZNM_FT": "恒山驛",
        "CHGIS_ID": "44967",
        "NOTE": null,
        "10CNTY_CH": "正定县",
        "10CNTY_EN": "Zhengding",
        "10PREF_CH": "石家庄市",
        "10PREF_EN": "Shijiazhuang",
        "10PROV_CH": "河北省",
        "10PROV_EN": "Hebei",
        "GBCODE": 130123,
        "YZ_LAT": 114.563644,
        "YZ_LONG": 38.14011,
        "_layer_id": "ming_courier_stations",
        "_layer_title": "명대 역참 지점",
        "_source_file": "Ming_Stations_2016.shp",
        "_source_crs": "EPSG:4326"
      }
    },
    {
      "type": "Feature",
      "geometry": {
        "type": "Point",
        "coordinates": [
          114.65269470214844,
          37.885780334472656
        ]
      },
      "properties": {
        "SRC": "MDYZK",
        "STATUS": "N",
        "YZ_ID": 145,
        "YZ_LABEL": "GUANCHENG Hebei (关城驿)",
        "YZNM_PY": "GUANCHENG",
        "YZNM_CH": "关城驿",
        "YZNM_FT": "關城驛",
        "CHGIS_ID": "44981",
        "NOTE": null,
        "10CNTY_CH": "栾城县",
        "10CNTY_EN": "Luancheng",
        "10PREF_CH": "石家庄市",
        "10PREF_EN": "Shijiazhuang",
        "10PROV_CH": "河北省",
        "10PROV_EN": "Hebei",
        "GBCODE": 130124,
        "YZ_LAT": 114.652695,
        "YZ_LONG": 37.88578,
        "_layer_id": "ming_courier_stations",
        "_layer_title": "명대 역참 지점",
        "_source_file": "Ming_Stations_2016.shp",
        "_source_crs": "EPSG:4326"
      }
    },
    {
      "type": "Feature",
      "geometry": {
        "type": "Point",
        "coordinates": [
          114.68058013916016,
          37.49468994140625
        ]
      },
      "properties": {
        "SRC": "MDYZK",
        "STATUS": "Y",
        "YZ_ID": 146,
        "YZ_LABEL": "HUAISHUI Hebei (槐水驿)",
        "YZNM_PY": "HUAISHUI",
        "YZNM_CH": "槐水驿",
        "YZNM_FT": "槐水驛",
        "CHGIS_ID": "44951",
        "NOTE": null,
        "10CNTY_CH": "柏乡县",
        "10CNTY_EN": "Baixiang",
        "10PREF_CH": "邢台市",
        "10PREF_EN": "Xingtai",
        "10PROV_CH": "河北省",
        "10PROV_EN": "Hebei",
        "GBCODE": 130524,
        "YZ_LAT": 114.68058,
        "YZ_LONG": 37.49469,
        "_layer_id": "ming_courier_stations",
        "_layer_title": "명대 역참 지점",
        "_source_file": "Ming_Stations_2016.shp",
        "_source_crs": "EPSG:4326"
      }
    },
    {
      "type": "Feature",
      "geometry": {
        "type": "Point",
        "coordinates": [
          114.68877410888672,
          39.3540153503418
        ]
      },
      "properties": {
        "SRC": "PA_1903",
        "STATUS": "N",
        "YZ_ID": 147,
        "YZ_LABEL": "GUANGCHANG Hebei (广昌)",
        "YZNM_PY": "GUANGCHANG",
        "YZNM_CH": "广昌",
        "YZNM_FT": "廣昌",
        "CHGIS_ID": "121529",
        "NOTE": "XIANGSHAN",
        "10CNTY_CH": "涞源县",
        "10CNTY_EN": "Laiyuan",
        "10PREF_CH": "保定市",
        "10PREF_EN": "Baoding",
        "10PROV_CH": "河北省",
        "10PROV_EN": "Hebei",
        "GBCODE": 130630,
        "YZ_LAT": 114.688774,
        "YZ_LONG": 39.354015,
        "_layer_id": "ming_courier_stations",
        "_layer_title": "명대 역참 지점",
        "_source_file": "Ming_Stations_2016.shp",
        "_source_crs": "EPSG:4326"
      }
    },
    {
      "type": "Feature",
      "geometry": {
        "type": "Point",
        "coordinates": [
          114.74516296386719,
          25.658571243286133
        ]
      },
      "properties": {
        "SRC": "MDYZK",
        "STATUS": "Y",
        "YZ_ID": 148,
        "YZ_LABEL": "NANYE Jiangxi (南埜驿)",
        "YZNM_PY": "NANYE",
        "YZNM_CH": "南埜驿",
        "YZNM_FT": "南埜驛",
        "CHGIS_ID": "40872",
        "NOTE": null,
        "10CNTY_CH": "南康市",
        "10CNTY_EN": "Nankang",
        "10PREF_CH": "赣州市",
        "10PREF_EN": "Ganzhou",
        "10PROV_CH": "江西省",
        "10PROV_EN": "Jiangxi",
        "GBCODE": 360782,
        "YZ_LAT": 114.745163,
        "YZ_LONG": 25.658571,
        "_layer_id": "ming_courier_stations",
        "_layer_title": "명대 역참 지점",
        "_source_file": "Ming_Stations_2016.shp",
        "_source_crs": "EPSG:4326"
      }
    },
    {
      "type": "Feature",
      "geometry": {
        "type": "Point",
        "coordinates": [
          114.77217864990234,
          37.752925872802734
        ]
      },
      "properties": {
        "SRC": "MDYZK",
        "STATUS": "N",
        "YZ_ID": 149,
        "YZ_LABEL": "ZHAOZHOU Hebei (鄗城驿)",
        "YZNM_PY": "ZHAOZHOU",
        "YZNM_CH": "鄗城驿",
        "YZNM_FT": "鄗城驛",
        "CHGIS_ID": "88333",
        "NOTE": null,
        "10CNTY_CH": "赵县",
        "10CNTY_EN": "Zhaoxian",
        "10PREF_CH": "石家庄市",
        "10PREF_EN": "Shijiazhuang",
        "10PROV_CH": "河北省",
        "10PROV_EN": "Hebei",
        "GBCODE": 130133,
        "YZ_LAT": 114.772179,
        "YZ_LONG": 37.752926,
        "_layer_id": "ming_courier_stations",
        "_layer_title": "명대 역참 지점",
        "_source_file": "Ming_Stations_2016.shp",
        "_source_crs": "EPSG:4326"
      }
    },
    {
      "type": "Feature",
      "geometry": {
        "type": "Point",
        "coordinates": [
          114.77967834472656,
          26.461769104003906
        ]
      },
      "properties": {
        "SRC": "MDYZK",
        "STATUS": "Y",
        "YZ_ID": 150,
        "YZ_LABEL": "WUYUN Jiangxi (五云驿)",
        "YZNM_PY": "WUYUN",
        "YZNM_CH": "五云驿",
        "YZNM_FT": "五雲驛",
        "CHGIS_ID": "831",
        "NOTE": null,
        "10CNTY_CH": "万安县",
        "10CNTY_EN": "Wanan",
        "10PREF_CH": "吉安市",
        "10PREF_EN": "Jian",
        "10PROV_CH": "江西省",
        "10PROV_EN": "Jiangxi",
        "GBCODE": 360828,
        "YZ_LAT": 114.779678,
        "YZ_LONG": 26.461769,
        "_layer_id": "ming_courier_stations",
        "_layer_title": "명대 역참 지점",
        "_source_file": "Ming_Stations_2016.shp",
        "_source_crs": "EPSG:4326"
      }
    },
    {
      "type": "Feature",
      "geometry": {
        "type": "Point",
        "coordinates": [
          114.78760528564453,
          38.395042419433594
        ]
      },
      "properties": {
        "SRC": "MDYZK",
        "STATUS": "N",
        "YZ_ID": 151,
        "YZ_LABEL": "XILE Hebei (西乐驿)",
        "YZNM_PY": "XILE",
        "YZNM_CH": "西乐驿",
        "YZNM_FT": "西樂驛",
        "CHGIS_ID": "45008",
        "NOTE": null,
        "10CNTY_CH": "新乐市",
        "10CNTY_EN": "Xinle",
        "10PREF_CH": "石家庄市",
        "10PREF_EN": "Shijiazhuang",
        "10PROV_CH": "河北省",
        "10PROV_EN": "Hebei",
        "GBCODE": 130184,
        "YZ_LAT": 114.787605,
        "YZ_LONG": 38.395042,
        "_layer_id": "ming_courier_stations",
        "_layer_title": "명대 역참 지점",
        "_source_file": "Ming_Stations_2016.shp",
        "_source_crs": "EPSG:4326"
      }
    },
    {
      "type": "Feature",
      "geometry": {
        "type": "Point",
        "coordinates": [
          114.83418273925781,
          38.036712646484375
        ]
      },
      "properties": {
        "SRC": "MDYZK",
        "STATUS": "Y",
        "YZ_ID": 152,
        "YZ_LABEL": "FUCHENG Hebei (伏城驿)",
        "YZNM_PY": "FUCHENG",
        "YZNM_CH": "伏城驿",
        "YZNM_FT": "伏城驛",
        "CHGIS_ID": "45007",
        "NOTE": null,
        "10CNTY_CH": "藁城市",
        "10CNTY_EN": "Gaocheng",
        "10PREF_CH": "石家庄市",
        "10PREF_EN": "Shijiazhuang",
        "10PROV_CH": "河北省",
        "10PROV_EN": "Hebei",
        "GBCODE": 130182,
        "YZ_LAT": 114.834183,
        "YZ_LONG": 38.036713,
        "_layer_id": "ming_courier_stations",
        "_layer_title": "명대 역참 지점",
        "_source_file": "Ming_Stations_2016.shp",
        "_source_crs": "EPSG:4326"
      }
    },
    {
      "type": "Feature",
      "geometry": {
        "type": "Point",
        "coordinates": [
          114.8948745727539,
          26.792102813720703
        ]
      },
      "properties": {
        "SRC": "MDYZK",
        "STATUS": "N",
        "YZ_ID": 153,
        "YZ_LABEL": "BAIXIAYI Jiangxi (白下驿)",
        "YZNM_PY": "BAIXIAYI",
        "YZNM_CH": "白下驿",
        "YZNM_FT": "白下驛",
        "CHGIS_ID": "40894",
        "NOTE": "TAIHE",
        "10CNTY_CH": "泰和县",
        "10CNTY_EN": "Taihe",
        "10PREF_CH": "吉安市",
        "10PREF_EN": "Jian",
        "10PROV_CH": "江西省",
        "10PROV_EN": "Jiangxi",
        "GBCODE": 360826,
        "YZ_LAT": 114.894875,
        "YZ_LONG": 26.792103,
        "_layer_id": "ming_courier_stations",
        "_layer_title": "명대 역참 지점",
        "_source_file": "Ming_Stations_2016.shp",
        "_source_crs": "EPSG:4326"
      }
    },
    {
      "type": "Feature",
      "geometry": {
        "type": "Point",
        "coordinates": [
          114.93247985839844,
          25.847000122070312
        ]
      },
      "properties": {
        "SRC": "MDYZK",
        "STATUS": "Y",
        "YZ_ID": 154,
        "YZ_LABEL": "SHUIXIYI Jiangxi (水西驿)",
        "YZNM_PY": "SHUIXIYI",
        "YZNM_CH": "水西驿",
        "YZNM_FT": "水西驛",
        "CHGIS_ID": "40834",
        "NOTE": "GANZHOU",
        "10CNTY_CH": "章贡区",
        "10CNTY_EN": "Zhanggong",
        "10PREF_CH": "赣州市",
        "10PREF_EN": "Ganzhou",
        "10PROV_CH": "江西省",
        "10PROV_EN": "Jiangxi",
        "GBCODE": 360702,
        "YZ_LAT": 114.93248,
        "YZ_LONG": 25.847,
        "_layer_id": "ming_courier_stations",
        "_layer_title": "명대 역참 지점",
        "_source_file": "Ming_Stations_2016.shp",
        "_source_crs": "EPSG:4326"
      }
    },
    {
      "type": "Feature",
      "geometry": {
        "type": "Point",
        "coordinates": [
          114.97127532958984,
          27.103239059448242
        ]
      },
      "properties": {
        "SRC": "MDYZK",
        "STATUS": "Y",
        "YZ_ID": 155,
        "YZ_LABEL": "LUOCHUAN Jiangxi (螺川驿)",
        "YZNM_PY": "LUOCHUAN",
        "YZNM_CH": "螺川驿",
        "YZNM_FT": "螺川驛",
        "CHGIS_ID": "40888",
        "NOTE": null,
        "10CNTY_CH": "吉州区",
        "10CNTY_EN": "Jizhou",
        "10PREF_CH": "吉安市",
        "10PREF_EN": "Jian",
        "10PROV_CH": "江西省",
        "10PROV_EN": "Jiangxi",
        "GBCODE": 360802,
        "YZ_LAT": 114.971275,
        "YZ_LONG": 27.103239,
        "_layer_id": "ming_courier_stations",
        "_layer_title": "명대 역참 지점",
        "_source_file": "Ming_Stations_2016.shp",
        "_source_crs": "EPSG:4326"
      }
    },
    {
      "type": "Feature",
      "geometry": {
        "type": "Point",
        "coordinates": [
          114.97504425048828,
          38.52006149291992
        ]
      },
      "properties": {
        "SRC": "MDYZK",
        "STATUS": "Y",
        "YZ_ID": 156,
        "YZ_LABEL": "YONGDING Hebei (永定驿)",
        "YZNM_PY": "YONGDING",
        "YZNM_CH": "永定驿",
        "YZNM_FT": "永定驛",
        "CHGIS_ID": "87864",
        "NOTE": null,
        "10CNTY_CH": "定州市",
        "10CNTY_EN": "Dingzhou",
        "10PREF_CH": "保定市",
        "10PREF_EN": "Baoding",
        "10PROV_CH": "河北省",
        "10PROV_EN": "Hebei",
        "GBCODE": 130682,
        "YZ_LAT": 114.975044,
        "YZ_LONG": 38.520061,
        "_layer_id": "ming_courier_stations",
        "_layer_title": "명대 역참 지점",
        "_source_file": "Ming_Stations_2016.shp",
        "_source_crs": "EPSG:4326"
      }
    },
    {
      "type": "Feature",
      "geometry": {
        "type": "Point",
        "coordinates": [
          115.13224792480469,
          27.214366912841797
        ]
      },
      "properties": {
        "SRC": "MDYZK",
        "STATUS": "Y",
        "YZ_ID": 157,
        "YZ_LABEL": "JISHUIYI Jiangxi (吉水)",
        "YZNM_PY": "JISHUIYI",
        "YZNM_CH": "吉水",
        "YZNM_FT": "吉水",
        "CHGIS_ID": "40897",
        "NOTE": null,
        "10CNTY_CH": "吉水县",
        "10CNTY_EN": "Jishui",
        "10PREF_CH": "吉安市",
        "10PREF_EN": "Jian",
        "10PROV_CH": "江西省",
        "10PROV_EN": "Jiangxi",
        "GBCODE": 360822,
        "YZ_LAT": 115.132248,
        "YZ_LONG": 27.214367,
        "_layer_id": "ming_courier_stations",
        "_layer_title": "명대 역참 지점",
        "_source_file": "Ming_Stations_2016.shp",
        "_source_crs": "EPSG:4326"
      }
    },
    {
      "type": "Feature",
      "geometry": {
        "type": "Point",
        "coordinates": [
          115.1334228515625,
          38.705265045166016
        ]
      },
      "properties": {
        "SRC": "MDYZK",
        "STATUS": "Y",
        "YZ_ID": 158,
        "YZ_LABEL": "DICHENG Hebei (翟城驿)",
        "YZNM_PY": "DICHENG",
        "YZNM_CH": "翟城驿",
        "YZNM_FT": "翟城驛",
        "CHGIS_ID": "44766",
        "NOTE": null,
        "10CNTY_CH": "望都县",
        "10CNTY_EN": "Wangdu",
        "10PREF_CH": "保定市",
        "10PREF_EN": "Baoding",
        "10PROV_CH": "河北省",
        "10PROV_EN": "Hebei",
        "GBCODE": 130631,
        "YZ_LAT": 115.133423,
        "YZ_LONG": 38.705265,
        "_layer_id": "ming_courier_stations",
        "_layer_title": "명대 역참 지점",
        "_source_file": "Ming_Stations_2016.shp",
        "_source_crs": "EPSG:4326"
      }
    },
    {
      "type": "Feature",
      "geometry": {
        "type": "Point",
        "coordinates": [
          115.14727783203125,
          27.55368995666504
        ]
      },
      "properties": {
        "SRC": "MDYZK",
        "STATUS": "Y",
        "YZ_ID": 159,
        "YZ_LABEL": "YUXIA Jiangxi (玉峡驿)",
        "YZNM_PY": "YUXIA",
        "YZNM_CH": "玉峡驿",
        "YZNM_FT": "玉峽驛",
        "CHGIS_ID": "40956",
        "NOTE": null,
        "10CNTY_CH": "峡江县",
        "10CNTY_EN": "Xiajiang",
        "10PREF_CH": "吉安市",
        "10PREF_EN": "Jian",
        "10PROV_CH": "江西省",
        "10PROV_EN": "Jiangxi",
        "GBCODE": 360823,
        "YZ_LAT": 115.147278,
        "YZ_LONG": 27.55369,
        "_layer_id": "ming_courier_stations",
        "_layer_title": "명대 역참 지점",
        "_source_file": "Ming_Stations_2016.shp",
        "_source_crs": "EPSG:4326"
      }
    },
    {
      "type": "Feature",
      "geometry": {
        "type": "Point",
        "coordinates": [
          115.3833999633789,
          27.75988006591797
        ]
      },
      "properties": {
        "SRC": "MDYZK",
        "STATUS": "Y",
        "YZ_ID": 160,
        "YZ_LABEL": "JINCHUAN Jiangxi (金川驿)",
        "YZNM_PY": "JINCHUAN",
        "YZNM_CH": "金川驿",
        "YZNM_FT": "金川驛",
        "CHGIS_ID": "823",
        "NOTE": "see Xingan Xian",
        "10CNTY_CH": "新干县",
        "10CNTY_EN": "Xingan",
        "10PREF_CH": "吉安市",
        "10PREF_EN": "Jian",
        "10PROV_CH": "江西省",
        "10PROV_EN": "Jiangxi",
        "GBCODE": 360824,
        "YZ_LAT": 115.3834,
        "YZ_LONG": 27.75988,
        "_layer_id": "ming_courier_stations",
        "_layer_title": "명대 역참 지점",
        "_source_file": "Ming_Stations_2016.shp",
        "_source_crs": "EPSG:4326"
      }
    },
    {
      "type": "Feature",
      "geometry": {
        "type": "Point",
        "coordinates": [
          115.39898681640625,
          28.01556968688965
        ]
      },
      "properties": {
        "SRC": "MDYZK",
        "STATUS": "Y",
        "YZ_ID": 161,
        "YZ_LABEL": "XIAOTAN Jiangxi (萧滩驿)",
        "YZNM_PY": "XIAOTAN",
        "YZNM_CH": "萧滩驿",
        "YZNM_FT": "蕭灘驛",
        "CHGIS_ID": "40941",
        "NOTE": null,
        "10CNTY_CH": "樟树市",
        "10CNTY_EN": "Zhangshu",
        "10PREF_CH": "宜春市",
        "10PREF_EN": "Yichun",
        "10PROV_CH": "江西省",
        "10PROV_EN": "Jiangxi",
        "GBCODE": 360982,
        "YZ_LAT": 115.398987,
        "YZ_LONG": 28.01557,
        "_layer_id": "ming_courier_stations",
        "_layer_title": "명대 역참 지점",
        "_source_file": "Ming_Stations_2016.shp",
        "_source_crs": "EPSG:4326"
      }
    },
    {
      "type": "Feature",
      "geometry": {
        "type": "Point",
        "coordinates": [
          115.50209000000001,
          38.855701000000025
        ]
      },
      "properties": {
        "SRC": "MDYZK",
        "STATUS": "N",
        "YZ_ID": 162,
        "YZ_LABEL": "JINTAIYI Hebei (金台驿)",
        "YZNM_PY": "JINTAIYI",
        "YZNM_CH": "金台驿",
        "YZNM_FT": "金台驛",
        "CHGIS_ID": "44743",
        "NOTE": "QINGYUAN",
        "10CNTY_CH": "南市区",
        "10CNTY_EN": "Nanshi",
        "10PREF_CH": "保定市",
        "10PREF_EN": "Baoding",
        "10PROV_CH": "河北省",
        "10PROV_EN": "Hebei",
        "GBCODE": 130604,
        "YZ_LAT": 115.50209,
        "YZ_LONG": 38.855701,
        "_layer_id": "ming_courier_stations",
        "_layer_title": "명대 역참 지점",
        "_source_file": "Ming_Stations_2016.shp",
        "_source_crs": "EPSG:4326"
      }
    },
    {
      "type": "Feature",
      "geometry": {
        "type": "Point",
        "coordinates": [
          115.65738677978516,
          39.01943588256836
        ]
      },
      "properties": {
        "SRC": "MDYZK",
        "STATUS": "Y",
        "YZ_ID": 163,
        "YZ_LABEL": "BAIGOU Hebei (白沟驿)",
        "YZNM_PY": "BAIGOU",
        "YZNM_CH": "白沟驿",
        "YZNM_FT": "白溝驛",
        "CHGIS_ID": "44750",
        "NOTE": null,
        "10CNTY_CH": "徐水县",
        "10CNTY_EN": "Xushui",
        "10PREF_CH": "保定市",
        "10PREF_EN": "Baoding",
        "10PROV_CH": "河北省",
        "10PROV_EN": "Hebei",
        "GBCODE": 130625,
        "YZ_LAT": 115.657387,
        "YZ_LONG": 39.019436,
        "_layer_id": "ming_courier_stations",
        "_layer_title": "명대 역참 지점",
        "_source_file": "Ming_Stations_2016.shp",
        "_source_crs": "EPSG:4326"
      }
    },
    {
      "type": "Feature",
      "geometry": {
        "type": "Point",
        "coordinates": [
          115.70780199999997,
          39.39174300000001
        ]
      },
      "properties": {
        "SRC": "PA_1903",
        "STATUS": "B",
        "YZ_ID": 164,
        "YZ_LABEL": "LAISHUI Hebei (涞水)",
        "YZNM_PY": "LAISHUI",
        "YZNM_CH": "涞水",
        "YZNM_FT": "淶水",
        "CHGIS_ID": "44943",
        "NOTE": null,
        "10CNTY_CH": "涞水县",
        "10CNTY_EN": "Laishui",
        "10PREF_CH": "保定市",
        "10PREF_EN": "Baoding",
        "10PROV_CH": "河北省",
        "10PROV_EN": "Hebei",
        "GBCODE": 130623,
        "YZ_LAT": 115.707802,
        "YZ_LONG": 39.391743,
        "_layer_id": "ming_courier_stations",
        "_layer_title": "명대 역참 지점",
        "_source_file": "Ming_Stations_2016.shp",
        "_source_crs": "EPSG:4326"
      }
    },
    {
      "type": "Feature",
      "geometry": {
        "type": "Point",
        "coordinates": [
          115.74502563476562,
          29.330564498901367
        ]
      },
      "properties": {
        "SRC": "MDYZK",
        "STATUS": "Y",
        "YZ_ID": 165,
        "YZ_LABEL": "DE'AN Jiangxi (德安)",
        "YZNM_PY": "DE'AN",
        "YZNM_CH": "德安",
        "YZNM_FT": "德安",
        "CHGIS_ID": "1757",
        "NOTE": null,
        "10CNTY_CH": "德安县",
        "10CNTY_EN": "Dean",
        "10PREF_CH": "九江市",
        "10PREF_EN": "Jiujiang",
        "10PROV_CH": "江西省",
        "10PROV_EN": "Jiangxi",
        "GBCODE": 360426,
        "YZ_LAT": 115.745026,
        "YZ_LONG": 29.330564,
        "_layer_id": "ming_courier_stations",
        "_layer_title": "명대 역참 지점",
        "_source_file": "Ming_Stations_2016.shp",
        "_source_crs": "EPSG:4326"
      }
    },
    {
      "type": "Feature",
      "geometry": {
        "type": "Point",
        "coordinates": [
          115.7618179321289,
          29.087831497192383
        ]
      },
      "properties": {
        "SRC": "MDYZK",
        "STATUS": "N",
        "YZ_ID": 166,
        "YZ_LABEL": "JIANCHANG Jiangxi (建昌)",
        "YZNM_PY": "JIANCHANG",
        "YZNM_CH": "建昌",
        "YZNM_FT": "建昌",
        "CHGIS_ID": "41139",
        "NOTE": null,
        "10CNTY_CH": "永修县",
        "10CNTY_EN": "Yongxiu",
        "10PREF_CH": "九江市",
        "10PREF_EN": "Jiujiang",
        "10PROV_CH": "江西省",
        "10PROV_EN": "Jiangxi",
        "GBCODE": 360425,
        "YZ_LAT": 115.761818,
        "YZ_LONG": 29.087831,
        "_layer_id": "ming_courier_stations",
        "_layer_title": "명대 역참 지점",
        "_source_file": "Ming_Stations_2016.shp",
        "_source_crs": "EPSG:4326"
      }
    },
    {
      "type": "Feature",
      "geometry": {
        "type": "Point",
        "coordinates": [
          115.7741928100586,
          39.26959228515625
        ]
      },
      "properties": {
        "SRC": "MDYZK",
        "STATUS": "N",
        "YZ_ID": 167,
        "YZ_LABEL": "XUANHUAYI Hebei (宣化驿)",
        "YZNM_PY": "XUANHUAYI",
        "YZNM_CH": "宣化驿",
        "YZNM_FT": "宣化驛",
        "CHGIS_ID": "87673",
        "NOTE": null,
        "10CNTY_CH": "定兴县",
        "10CNTY_EN": "Dingxing",
        "10PREF_CH": "保定市",
        "10PREF_EN": "Baoding",
        "10PROV_CH": "河北省",
        "10PROV_EN": "Hebei",
        "GBCODE": 130626,
        "YZ_LAT": 115.774193,
        "YZ_LONG": 39.269592,
        "_layer_id": "ming_courier_stations",
        "_layer_title": "명대 역참 지점",
        "_source_file": "Ming_Stations_2016.shp",
        "_source_crs": "EPSG:4326"
      }
    },
    {
      "type": "Feature",
      "geometry": {
        "type": "Point",
        "coordinates": [
          115.89772033691406,
          28.674896240234375
        ]
      },
      "properties": {
        "SRC": "MDYZK",
        "STATUS": "Y",
        "YZ_ID": 168,
        "YZ_LABEL": "NANPU Jiangxi (南浦驿)",
        "YZNM_PY": "NANPU",
        "YZNM_CH": "南浦驿",
        "YZNM_FT": "南浦驛",
        "CHGIS_ID": "41096",
        "NOTE": "Nanchang",
        "10CNTY_CH": "西湖区",
        "10CNTY_EN": "Xihu",
        "10PREF_CH": "南昌市",
        "10PREF_EN": "Nanchang",
        "10PROV_CH": "江西省",
        "10PROV_EN": "Jiangxi",
        "GBCODE": 360103,
        "YZ_LAT": 115.89772,
        "YZ_LONG": 28.674896,
        "_layer_id": "ming_courier_stations",
        "_layer_title": "명대 역참 지점",
        "_source_file": "Ming_Stations_2016.shp",
        "_source_crs": "EPSG:4326"
      }
    },
    {
      "type": "Feature",
      "geometry": {
        "type": "Point",
        "coordinates": [
          115.9349365234375,
          30.079200744628906
        ]
      },
      "properties": {
        "SRC": "MDYZK",
        "STATUS": "Y",
        "YZ_ID": 169,
        "YZ_LABEL": "TINGQIAN Hubei (亭前驿)",
        "YZNM_PY": "TINGQIAN",
        "YZNM_CH": "亭前驿",
        "YZNM_FT": "亭前驛",
        "CHGIS_ID": "43559",
        "NOTE": null,
        "10CNTY_CH": "黄梅县",
        "10CNTY_EN": "Huangmei",
        "10PREF_CH": "黄冈市",
        "10PREF_EN": "Huanggang",
        "10PROV_CH": "湖北省",
        "10PROV_EN": "Hubei",
        "GBCODE": 421127,
        "YZ_LAT": 115.934937,
        "YZ_LONG": 30.079201,
        "_layer_id": "ming_courier_stations",
        "_layer_title": "명대 역참 지점",
        "_source_file": "Ming_Stations_2016.shp",
        "_source_crs": "EPSG:4326"
      }
    },
    {
      "type": "Feature",
      "geometry": {
        "type": "Point",
        "coordinates": [
          115.96814727783203,
          39.487220764160156
        ]
      },
      "properties": {
        "SRC": "MDYZK",
        "STATUS": "N",
        "YZ_ID": 170,
        "YZ_LABEL": "ZHULUYI Hebei (逐鹿驿)",
        "YZNM_PY": "ZHULUYI",
        "YZNM_CH": "逐鹿驿",
        "YZNM_FT": "逐鹿驛",
        "CHGIS_ID": "88193",
        "NOTE": "ZHULU",
        "10CNTY_CH": "涿州市",
        "10CNTY_EN": "Zhuozhou",
        "10PREF_CH": "保定市",
        "10PREF_EN": "Baoding",
        "10PROV_CH": "河北省",
        "10PROV_EN": "Hebei",
        "GBCODE": 130681,
        "YZ_LAT": 115.968147,
        "YZ_LONG": 39.487221,
        "_layer_id": "ming_courier_stations",
        "_layer_title": "명대 역참 지점",
        "_source_file": "Ming_Stations_2016.shp",
        "_source_crs": "EPSG:4326"
      }
    },
    {
      "type": "Feature",
      "geometry": {
        "type": "Point",
        "coordinates": [
          115.98567962646484,
          29.72236442565918
        ]
      },
      "properties": {
        "SRC": "MDYZK",
        "STATUS": "Y",
        "YZ_ID": 171,
        "YZ_LABEL": "XUNYANG Jiangxi (浔阳驿)",
        "YZNM_PY": "XUNYANG",
        "YZNM_CH": "浔阳驿",
        "YZNM_FT": "潯陽驛",
        "CHGIS_ID": "41149",
        "NOTE": null,
        "10CNTY_CH": "浔阳区",
        "10CNTY_EN": "Xunyang",
        "10PREF_CH": "九江市",
        "10PREF_EN": "Jiujiang",
        "10PROV_CH": "江西省",
        "10PROV_EN": "Jiangxi",
        "GBCODE": 360403,
        "YZ_LAT": 115.98568,
        "YZ_LONG": 29.722364,
        "_layer_id": "ming_courier_stations",
        "_layer_title": "명대 역참 지점",
        "_source_file": "Ming_Stations_2016.shp",
        "_source_crs": "EPSG:4326"
      }
    },
    {
      "type": "Feature",
      "geometry": {
        "type": "Point",
        "coordinates": [
          115.98756408691406,
          39.245948791503906
        ]
      },
      "properties": {
        "SRC": "MDYZK",
        "STATUS": "N",
        "YZ_ID": 172,
        "YZ_LABEL": "FENSHUI Hebei (汾水驿)",
        "YZNM_PY": "FENSHUI",
        "YZNM_CH": "汾水驿",
        "YZNM_FT": "汾水驛",
        "CHGIS_ID": "44755",
        "NOTE": "FENSHUI",
        "10CNTY_CH": "高碑店市",
        "10CNTY_EN": "Gaobeidian",
        "10PREF_CH": "保定市",
        "10PREF_EN": "Baoding",
        "10PROV_CH": "河北省",
        "10PROV_EN": "Hebei",
        "GBCODE": 130684,
        "YZ_LAT": 115.987564,
        "YZ_LONG": 39.245949,
        "_layer_id": "ming_courier_stations",
        "_layer_title": "명대 역참 지점",
        "_source_file": "Ming_Stations_2016.shp",
        "_source_crs": "EPSG:4326"
      }
    },
    {
      "type": "Feature",
      "geometry": {
        "type": "Point",
        "coordinates": [
          116.08553314208984,
          38.435699462890625
        ]
      },
      "properties": {
        "SRC": "MDYZK",
        "STATUS": "N",
        "YZ_ID": 173,
        "YZ_LABEL": "YINGHAIYI Hebei (瀛海驿)",
        "YZNM_PY": "YINGHAIYI",
        "YZNM_CH": "瀛海驿",
        "YZNM_FT": "瀛海驛",
        "CHGIS_ID": "88003",
        "NOTE": null,
        "10CNTY_CH": "河间市",
        "10CNTY_EN": "Hejian",
        "10PREF_CH": "沧州市",
        "10PREF_EN": "Cangzhou",
        "10PROV_CH": "河北省",
        "10PROV_EN": "Hebei",
        "GBCODE": 130984,
        "YZ_LAT": 116.085533,
        "YZ_LONG": 38.435699,
        "_layer_id": "ming_courier_stations",
        "_layer_title": "명대 역참 지점",
        "_source_file": "Ming_Stations_2016.shp",
        "_source_crs": "EPSG:4326"
      }
    },
    {
      "type": "Feature",
      "geometry": {
        "type": "Point",
        "coordinates": [
          116.09048461914062,
          38.70766830444336
        ]
      },
      "properties": {
        "SRC": "MDYZK",
        "STATUS": "Y",
        "YZ_ID": 174,
        "YZ_LABEL": "ZHENGCHEN Hebei (郑城驿)",
        "YZNM_PY": "ZHENGCHEN",
        "YZNM_CH": "郑城驿",
        "YZNM_FT": "鄭城驛",
        "CHGIS_ID": "44868",
        "NOTE": null,
        "10CNTY_CH": "任丘市",
        "10CNTY_EN": "Renqiu",
        "10PREF_CH": "沧州市",
        "10PREF_EN": "Cangzhou",
        "10PROV_CH": "河北省",
        "10PROV_EN": "Hebei",
        "GBCODE": 130982,
        "YZ_LAT": 116.090485,
        "YZ_LONG": 38.707668,
        "_layer_id": "ming_courier_stations",
        "_layer_title": "명대 역참 지점",
        "_source_file": "Ming_Stations_2016.shp",
        "_source_crs": "EPSG:4326"
      }
    },
    {
      "type": "Feature",
      "geometry": {
        "type": "Point",
        "coordinates": [
          116.09270477294922,
          38.97587966918945
        ]
      },
      "properties": {
        "SRC": "MDYZK",
        "STATUS": "N",
        "YZ_ID": 175,
        "YZ_LABEL": "GUIYI Hebei (归义驿)",
        "YZNM_PY": "GUIYI",
        "YZNM_CH": "归义驿",
        "YZNM_FT": "歸義驛",
        "CHGIS_ID": "44775",
        "NOTE": null,
        "10CNTY_CH": "雄县",
        "10CNTY_EN": "Xiongxian",
        "10PREF_CH": "保定市",
        "10PREF_EN": "Baoding",
        "10PROV_CH": "河北省",
        "10PROV_EN": "Hebei",
        "GBCODE": 130638,
        "YZ_LAT": 116.092705,
        "YZ_LONG": 38.97588,
        "_layer_id": "ming_courier_stations",
        "_layer_title": "명대 역참 지점",
        "_source_file": "Ming_Stations_2016.shp",
        "_source_crs": "EPSG:4326"
      }
    },
    {
      "type": "Feature",
      "geometry": {
        "type": "Point",
        "coordinates": [
          116.21666717529298,
          30.36666679382326
        ]
      },
      "properties": {
        "SRC": "MDYZK",
        "STATUS": "Y",
        "YZ_ID": 176,
        "YZ_LABEL": "FENGXIANGYI Anhui (枫香驿)",
        "YZNM_PY": "FENGXIANGYI",
        "YZNM_CH": "枫香驿",
        "YZNM_FT": "楓香驛",
        "CHGIS_ID": "130239",
        "NOTE": null,
        "10CNTY_CH": "宿松县",
        "10CNTY_EN": "Susong",
        "10PREF_CH": "安庆市",
        "10PREF_EN": "Anqing",
        "10PROV_CH": "安徽省",
        "10PROV_EN": "Anhui",
        "GBCODE": 340826,
        "YZ_LAT": 116.216667,
        "YZ_LONG": 30.366667,
        "_layer_id": "ming_courier_stations",
        "_layer_title": "명대 역참 지점",
        "_source_file": "Ming_Stations_2016.shp",
        "_source_crs": "EPSG:4326"
      }
    },
    {
      "type": "Feature",
      "geometry": {
        "type": "Point",
        "coordinates": [
          116.11489868164062,
          38.190696716308594
        ]
      },
      "properties": {
        "SRC": "MDYZK",
        "STATUS": "Y",
        "YZ_ID": 177,
        "YZ_LABEL": "LECHENG Hebei (乐城驿)",
        "YZNM_PY": "LECHENG",
        "YZNM_CH": "乐城驿",
        "YZNM_FT": "樂城驛",
        "CHGIS_ID": "44861",
        "NOTE": null,
        "10CNTY_CH": "献县",
        "10CNTY_EN": "Xianxian",
        "10PREF_CH": "沧州市",
        "10PREF_EN": "Cangzhou",
        "10PROV_CH": "河北省",
        "10PROV_EN": "Hebei",
        "GBCODE": 130929,
        "YZ_LAT": 116.114899,
        "YZ_LONG": 38.190697,
        "_layer_id": "ming_courier_stations",
        "_layer_title": "명대 역참 지점",
        "_source_file": "Ming_Stations_2016.shp",
        "_source_crs": "EPSG:4326"
      }
    },
    {
      "type": "Feature",
      "geometry": {
        "type": "Point",
        "coordinates": [
          116.13558197021484,
          39.74125289916992
        ]
      },
      "properties": {
        "SRC": "MDYZK",
        "STATUS": "Y",
        "YZ_ID": 178,
        "YZ_LABEL": "LANGXIANG Beijing (固节驿)",
        "YZNM_PY": "LANGXIANG",
        "YZNM_CH": "固节驿",
        "YZNM_FT": "固節驛",
        "CHGIS_ID": "121514",
        "NOTE": "GUJIE",
        "10CNTY_CH": "房山区",
        "10CNTY_EN": "Fangshan",
        "10PREF_CH": "北京市（辖区）",
        "10PREF_EN": "Beijing (Districts)",
        "10PROV_CH": "北京市",
        "10PROV_EN": "Beijing",
        "GBCODE": 110111,
        "YZ_LAT": 116.135582,
        "YZ_LONG": 39.741253,
        "_layer_id": "ming_courier_stations",
        "_layer_title": "명대 역참 지점",
        "_source_file": "Ming_Stations_2016.shp",
        "_source_crs": "EPSG:4326"
      }
    },
    {
      "type": "Feature",
      "geometry": {
        "type": "Point",
        "coordinates": [
          116.14470672607422,
          37.86817932128906
        ]
      },
      "properties": {
        "SRC": "MDYZK",
        "STATUS": "Y",
        "YZ_ID": 179,
        "YZ_LABEL": "FUCHENG Hebei (阜城驿)",
        "YZNM_PY": "FUCHENG",
        "YZNM_CH": "阜城驿",
        "YZNM_FT": "阜城驛",
        "CHGIS_ID": "44865",
        "NOTE": null,
        "10CNTY_CH": "阜城县",
        "10CNTY_EN": "Fucheng",
        "10PREF_CH": "衡水市",
        "10PREF_EN": "Hengshui",
        "10PROV_CH": "河北省",
        "10PROV_EN": "Hebei",
        "GBCODE": 131128,
        "YZ_LAT": 116.144707,
        "YZ_LONG": 37.868179,
        "_layer_id": "ming_courier_stations",
        "_layer_title": "명대 역참 지점",
        "_source_file": "Ming_Stations_2016.shp",
        "_source_crs": "EPSG:4326"
      }
    },
    {
      "type": "Feature",
      "geometry": {
        "type": "Point",
        "coordinates": [
          116.23100280761719,
          36.86162185668945
        ]
      },
      "properties": {
        "SRC": "MDYZK",
        "STATUS": "Y",
        "YZ_ID": 180,
        "YZ_LABEL": "YUQIU Shandong (鱼丘驿)",
        "YZNM_PY": "YUQIU",
        "YZNM_CH": "鱼丘驿",
        "YZNM_FT": "魚丘驛",
        "CHGIS_ID": "86042",
        "NOTE": null,
        "10CNTY_CH": "高唐县",
        "10CNTY_EN": "Gaotang",
        "10PREF_CH": "聊城市",
        "10PREF_EN": "Liaocheng",
        "10PROV_CH": "山东省",
        "10PROV_EN": "Shandong",
        "GBCODE": 371526,
        "YZ_LAT": 116.231003,
        "YZ_LONG": 36.861622,
        "_layer_id": "ming_courier_stations",
        "_layer_title": "명대 역참 지점",
        "_source_file": "Ming_Stations_2016.shp",
        "_source_crs": "EPSG:4326"
      }
    },
    {
      "type": "Feature",
      "geometry": {
        "type": "Point",
        "coordinates": [
          116.25022888183594,
          36.58661651611328
        ]
      },
      "properties": {
        "SRC": "MDYZK",
        "STATUS": "Y",
        "YZ_ID": 181,
        "YZ_LABEL": "CHISHAN Shandong (茌山驿)",
        "YZNM_PY": "CHISHAN",
        "YZNM_CH": "茌山驿",
        "YZNM_FT": "茌山驛",
        "CHGIS_ID": "45336",
        "NOTE": null,
        "10CNTY_CH": "茌平县",
        "10CNTY_EN": "Chiping",
        "10PREF_CH": "聊城市",
        "10PREF_EN": "Liaocheng",
        "10PROV_CH": "山东省",
        "10PROV_EN": "Shandong",
        "GBCODE": 371523,
        "YZ_LAT": 116.250229,
        "YZ_LONG": 36.586617,
        "_layer_id": "ming_courier_stations",
        "_layer_title": "명대 역참 지점",
        "_source_file": "Ming_Stations_2016.shp",
        "_source_crs": "EPSG:4326"
      }
    },
    {
      "type": "Feature",
      "geometry": {
        "type": "Point",
        "coordinates": [
          116.25810241699219,
          37.68800735473633
        ]
      },
      "properties": {
        "SRC": "MDYZK",
        "STATUS": "Y",
        "YZ_ID": 182,
        "YZ_LABEL": "DONGGUANG Hebei (东光驿)",
        "YZNM_PY": "DONGGUANG",
        "YZNM_CH": "东光驿",
        "YZNM_FT": "東光驛",
        "CHGIS_ID": "88043",
        "NOTE": null,
        "10CNTY_CH": "景县",
        "10CNTY_EN": "Jingxian",
        "10PREF_CH": "衡水市",
        "10PREF_EN": "Hengshui",
        "10PROV_CH": "河北省",
        "10PROV_EN": "Hebei",
        "GBCODE": 131127,
        "YZ_LAT": 116.258102,
        "YZ_LONG": 37.688007,
        "_layer_id": "ming_courier_stations",
        "_layer_title": "명대 역참 지점",
        "_source_file": "Ming_Stations_2016.shp",
        "_source_crs": "EPSG:4326"
      }
    },
    {
      "type": "Feature",
      "geometry": {
        "type": "Point",
        "coordinates": [
          116.26507568359375,
          30.420059204101562
        ]
      },
      "properties": {
        "SRC": "MDYZK",
        "STATUS": "Y",
        "YZ_ID": 183,
        "YZ_LABEL": "TAIHU Anhui (太湖)",
        "YZNM_PY": "TAIHU",
        "YZNM_CH": "太湖",
        "YZNM_FT": "太湖",
        "CHGIS_ID": "43008",
        "NOTE": null,
        "10CNTY_CH": "太湖县",
        "10CNTY_EN": "Taihu",
        "10PREF_CH": "安庆市",
        "10PREF_EN": "Anqing",
        "10PROV_CH": "安徽省",
        "10PROV_EN": "Anhui",
        "GBCODE": 340825,
        "YZ_LAT": 116.265076,
        "YZ_LONG": 30.420059,
        "_layer_id": "ming_courier_stations",
        "_layer_title": "명대 역참 지점",
        "_source_file": "Ming_Stations_2016.shp",
        "_source_crs": "EPSG:4326"
      }
    },
    {
      "type": "Feature",
      "geometry": {
        "type": "Point",
        "coordinates": [
          116.27578735351562,
          37.151123046875
        ]
      },
      "properties": {
        "SRC": "MDYZK",
        "STATUS": "Y",
        "YZ_ID": 184,
        "YZ_LABEL": "TAIPING Shandong (太平驿)",
        "YZNM_PY": "TAIPING",
        "YZNM_CH": "太平驿",
        "YZNM_FT": "太平驛",
        "CHGIS_ID": "1003",
        "NOTE": null,
        "10CNTY_CH": "平原县",
        "10CNTY_EN": "Pingyuan",
        "10PREF_CH": "德州市",
        "10PREF_EN": "Dezhou",
        "10PROV_CH": "山东省",
        "10PROV_EN": "Shandong",
        "GBCODE": 371426,
        "YZ_LAT": 116.275787,
        "YZ_LONG": 37.151123,
        "_layer_id": "ming_courier_stations",
        "_layer_title": "명대 역참 지점",
        "_source_file": "Ming_Stations_2016.shp",
        "_source_crs": "EPSG:4326"
      }
    },
    {
      "type": "Feature",
      "geometry": {
        "type": "Point",
        "coordinates": [
          116.28511810302734,
          38.01704406738281
        ]
      },
      "properties": {
        "SRC": "MDYZK",
        "STATUS": "Y",
        "YZ_ID": 185,
        "YZ_LABEL": "FUZHUANG Hebei (富庄驿)",
        "YZNM_PY": "FUZHUANG",
        "YZNM_CH": "富庄驿",
        "YZNM_FT": "富莊驛",
        "CHGIS_ID": "44874",
        "NOTE": null,
        "10CNTY_CH": "泊头巿",
        "10CNTY_EN": "Botou",
        "10PREF_CH": "沧州市",
        "10PREF_EN": "Cangzhou",
        "10PROV_CH": "河北省",
        "10PROV_EN": "Hebei",
        "GBCODE": 130981,
        "YZ_LAT": 116.285118,
        "YZ_LONG": 38.017044,
        "_layer_id": "ming_courier_stations",
        "_layer_title": "명대 역참 지점",
        "_source_file": "Ming_Stations_2016.shp",
        "_source_crs": "EPSG:4326"
      }
    },
    {
      "type": "Feature",
      "geometry": {
        "type": "Point",
        "coordinates": [
          116.28741455078125,
          37.45164489746094
        ]
      },
      "properties": {
        "SRC": "MDYZK",
        "STATUS": "Y",
        "YZ_ID": 186,
        "YZ_LABEL": "ANDE Shandong (安德)",
        "YZNM_PY": "ANDE",
        "YZNM_CH": "安德",
        "YZNM_FT": "安德",
        "CHGIS_ID": "86034",
        "NOTE": null,
        "10CNTY_CH": "德城区",
        "10CNTY_EN": "Decheng",
        "10PREF_CH": "德州市",
        "10PREF_EN": "Dezhou",
        "10PROV_CH": "山东省",
        "10PROV_EN": "Shandong",
        "GBCODE": 371402,
        "YZ_LAT": 116.287415,
        "YZ_LONG": 37.451645,
        "_layer_id": "ming_courier_stations",
        "_layer_title": "명대 역참 지점",
        "_source_file": "Ming_Stations_2016.shp",
        "_source_crs": "EPSG:4326"
      }
    },
    {
      "type": "Feature",
      "geometry": {
        "type": "Point",
        "coordinates": [
          116.2991714477539,
          35.910343170166016
        ]
      },
      "properties": {
        "SRC": "MDYZK",
        "STATUS": "Y",
        "YZ_ID": 187,
        "YZ_LABEL": "DONGYUAN Shandong (东原驿)",
        "YZNM_PY": "DONGYUAN",
        "YZNM_CH": "东原驿",
        "YZNM_FT": "東原驛",
        "CHGIS_ID": "85704",
        "NOTE": null,
        "10CNTY_CH": "东平县",
        "10CNTY_EN": "Dongping",
        "10PREF_CH": "泰安市",
        "10PREF_EN": "Taian",
        "10PROV_CH": "山东省",
        "10PROV_EN": "Shandong",
        "GBCODE": 370923,
        "YZ_LAT": 116.299171,
        "YZ_LONG": 35.910343,
        "_layer_id": "ming_courier_stations",
        "_layer_title": "명대 역참 지점",
        "_source_file": "Ming_Stations_2016.shp",
        "_source_crs": "EPSG:4326"
      }
    },
    {
      "type": "Feature",
      "geometry": {
        "type": "Point",
        "coordinates": [
          116.36800384521484,
          39.931427001953125
        ]
      },
      "properties": {
        "SRC": "MDYZK",
        "STATUS": "N",
        "YZ_ID": 188,
        "YZ_LABEL": "HUITONGGUAN Beijing (会同馆)",
        "YZNM_PY": "HUITONGGUAN",
        "YZNM_CH": "会同馆",
        "YZNM_FT": "會同館",
        "CHGIS_ID": "121525",
        "NOTE": null,
        "10CNTY_CH": "西城区",
        "10CNTY_EN": "Xicheng",
        "10PREF_CH": "北京市（辖区）",
        "10PREF_EN": "Beijing (Districts)",
        "10PROV_CH": "北京市",
        "10PROV_EN": "Beijing",
        "GBCODE": 110102,
        "YZ_LAT": 116.368004,
        "YZ_LONG": 39.931427,
        "_layer_id": "ming_courier_stations",
        "_layer_title": "명대 역참 지점",
        "_source_file": "Ming_Stations_2016.shp",
        "_source_crs": "EPSG:4326"
      }
    },
    {
      "type": "Feature",
      "geometry": {
        "type": "Point",
        "coordinates": [
          116.42906951904297,
          37.15773391723633
        ]
      },
      "properties": {
        "SRC": "MDYZK",
        "STATUS": "Y",
        "YZ_ID": 189,
        "YZ_LABEL": "TAOYUAN Shandong (桃源驿)",
        "YZNM_PY": "TAOYUAN",
        "YZNM_CH": "桃源驿",
        "YZNM_FT": "桃源驛",
        "CHGIS_ID": "122014",
        "NOTE": null,
        "10CNTY_CH": "平原县",
        "10CNTY_EN": "Pingyuan",
        "10PREF_CH": "德州市",
        "10PREF_EN": "Dezhou",
        "10PROV_CH": "山东省",
        "10PROV_EN": "Shandong",
        "GBCODE": 371426,
        "YZ_LAT": 116.42907,
        "YZ_LONG": 37.157734,
        "_layer_id": "ming_courier_stations",
        "_layer_title": "명대 역참 지점",
        "_source_file": "Ming_Stations_2016.shp",
        "_source_crs": "EPSG:4326"
      }
    },
    {
      "type": "Feature",
      "geometry": {
        "type": "Point",
        "coordinates": [
          116.48555755615234,
          35.729854583740234
        ]
      },
      "properties": {
        "SRC": "MDYZK",
        "STATUS": "Y",
        "YZ_ID": 190,
        "YZ_LABEL": "XINQIAO Shandong (新桥驿)",
        "YZNM_PY": "XINQIAO",
        "YZNM_CH": "新桥驿",
        "YZNM_FT": "新橋驛",
        "CHGIS_ID": "122087",
        "NOTE": null,
        "10CNTY_CH": "汶上县",
        "10CNTY_EN": "Wenshang",
        "10PREF_CH": "济宁市",
        "10PREF_EN": "Jining",
        "10PROV_CH": "山东省",
        "10PROV_EN": "Shandong",
        "GBCODE": 370830,
        "YZ_LAT": 116.485558,
        "YZ_LONG": 35.729855,
        "_layer_id": "ming_courier_stations",
        "_layer_title": "명대 역참 지점",
        "_source_file": "Ming_Stations_2016.shp",
        "_source_crs": "EPSG:4326"
      }
    },
    {
      "type": "Feature",
      "geometry": {
        "type": "Point",
        "coordinates": [
          116.56719970703125,
          30.630346298217773
        ]
      },
      "properties": {
        "SRC": "MDYZK",
        "STATUS": "Y",
        "YZ_ID": 191,
        "YZ_LABEL": "QINGKOU Anhui (青口驿)",
        "YZNM_PY": "QINGKOU",
        "YZNM_CH": "青口驿",
        "YZNM_FT": "青口驛",
        "CHGIS_ID": "43002",
        "NOTE": null,
        "10CNTY_CH": "潜山县",
        "10CNTY_EN": "Qianshan",
        "10PREF_CH": "安庆市",
        "10PREF_EN": "Anqing",
        "10PROV_CH": "安徽省",
        "10PROV_EN": "Anhui",
        "GBCODE": 340824,
        "YZ_LAT": 116.5672,
        "YZ_LONG": 30.630346,
        "_layer_id": "ming_courier_stations",
        "_layer_title": "명대 역참 지점",
        "_source_file": "Ming_Stations_2016.shp",
        "_source_crs": "EPSG:4326"
      }
    },
    {
      "type": "Feature",
      "geometry": {
        "type": "Point",
        "coordinates": [
          116.65238952636719,
          36.94535827636719
        ]
      },
      "properties": {
        "SRC": "MDYZK",
        "STATUS": "Y",
        "YZ_ID": 192,
        "YZ_LABEL": "LIUPU Shandong (刘普驿)",
        "YZNM_PY": "LIUPU",
        "YZNM_CH": "刘普驿",
        "YZNM_FT": "劉普驛",
        "CHGIS_ID": "122011",
        "NOTE": "See Yucheng",
        "10CNTY_CH": "禹城市",
        "10CNTY_EN": "Yucheng",
        "10PREF_CH": "德州市",
        "10PREF_EN": "Dezhou",
        "10PROV_CH": "山东省",
        "10PROV_EN": "Shandong",
        "GBCODE": 371482,
        "YZ_LAT": 116.65239,
        "YZ_LONG": 36.945358,
        "_layer_id": "ming_courier_stations",
        "_layer_title": "명대 역참 지점",
        "_source_file": "Ming_Stations_2016.shp",
        "_source_crs": "EPSG:4326"
      }
    },
    {
      "type": "Feature",
      "geometry": {
        "type": "Point",
        "coordinates": [
          116.65880584716797,
          39.905921936035156
        ]
      },
      "properties": {
        "SRC": "MDYZK",
        "STATUS": "Y",
        "YZ_ID": 193,
        "YZ_LABEL": "LUHE Beijing (潞河驿)",
        "YZNM_PY": "LUHE",
        "YZNM_CH": "潞河驿",
        "YZNM_FT": "潞河驛",
        "CHGIS_ID": "103",
        "NOTE": null,
        "10CNTY_CH": "通州区",
        "10CNTY_EN": "Tongzhou",
        "10PREF_CH": "北京市（辖区）",
        "10PREF_EN": "Beijing (Districts)",
        "10PROV_CH": "北京市",
        "10PROV_EN": "Beijing",
        "GBCODE": 110112,
        "YZ_LAT": 116.658806,
        "YZ_LONG": 39.905922,
        "_layer_id": "ming_courier_stations",
        "_layer_title": "명대 역참 지점",
        "_source_file": "Ming_Stations_2016.shp",
        "_source_crs": "EPSG:4326"
      }
    },
    {
      "type": "Feature",
      "geometry": {
        "type": "Point",
        "coordinates": [
          116.7232437133789,
          36.55282974243164
        ]
      },
      "properties": {
        "SRC": "MDYZK",
        "STATUS": "Y",
        "YZ_ID": 194,
        "YZ_LABEL": "DONGBEIZHIYI Shandong (东北置驿)",
        "YZNM_PY": "DONGBEIZHIYI",
        "YZNM_CH": "东北置驿",
        "YZNM_FT": "東北置驛",
        "CHGIS_ID": "122016",
        "NOTE": null,
        "10CNTY_CH": "长清区",
        "10CNTY_EN": "Changqing",
        "10PREF_CH": "济南市",
        "10PREF_EN": "Jinan",
        "10PROV_CH": "山东省",
        "10PROV_EN": "Shandong",
        "GBCODE": 370113,
        "YZ_LAT": 116.723244,
        "YZ_LONG": 36.55283,
        "_layer_id": "ming_courier_stations",
        "_layer_title": "명대 역참 지점",
        "_source_file": "Ming_Stations_2016.shp",
        "_source_crs": "EPSG:4326"
      }
    },
    {
      "type": "Feature",
      "geometry": {
        "type": "Point",
        "coordinates": [
          116.78063201904297,
          36.70107650756836
        ]
      },
      "properties": {
        "SRC": "MDYZK",
        "STATUS": "Y",
        "YZ_ID": 195,
        "YZ_LABEL": "YANCHENG Shandong (宴城驿)",
        "YZNM_PY": "YANCHENG",
        "YZNM_CH": "宴城驿",
        "YZNM_FT": "宴城驛",
        "CHGIS_ID": "142584",
        "NOTE": "seeYanchengzhen",
        "10CNTY_CH": "齐河县",
        "10CNTY_EN": "Qihe",
        "10PREF_CH": "德州市",
        "10PREF_EN": "Dezhou",
        "10PROV_CH": "山东省",
        "10PROV_EN": "Shandong",
        "GBCODE": 371425,
        "YZ_LAT": 116.780632,
        "YZ_LONG": 36.701077,
        "_layer_id": "ming_courier_stations",
        "_layer_title": "명대 역참 지점",
        "_source_file": "Ming_Stations_2016.shp",
        "_source_crs": "EPSG:4326"
      }
    },
    {
      "type": "Feature",
      "geometry": {
        "type": "Point",
        "coordinates": [
          116.82369995117188,
          35.556697845458984
        ]
      },
      "properties": {
        "SRC": "MDYZK",
        "STATUS": "Y",
        "YZ_ID": 196,
        "YZ_LABEL": "CHANGPINGYI Shandong (昌平驿)",
        "YZNM_PY": "CHANGPINGYI",
        "YZNM_CH": "昌平驿",
        "YZNM_FT": "昌平驛",
        "CHGIS_ID": "86005",
        "NOTE": "YANZHOUFU",
        "10CNTY_CH": "兖州市",
        "10CNTY_EN": "Yanzhou",
        "10PREF_CH": "济宁市",
        "10PREF_EN": "Jining",
        "10PROV_CH": "山东省",
        "10PROV_EN": "Shandong",
        "GBCODE": 370882,
        "YZ_LAT": 116.8237,
        "YZ_LONG": 35.556698,
        "_layer_id": "ming_courier_stations",
        "_layer_title": "명대 역참 지점",
        "_source_file": "Ming_Stations_2016.shp",
        "_source_crs": "EPSG:4326"
      }
    },
    {
      "type": "Feature",
      "geometry": {
        "type": "Point",
        "coordinates": [
          116.93853759765625,
          31.45644760131836
        ]
      },
      "properties": {
        "SRC": "MDYZK",
        "STATUS": "Y",
        "YZ_ID": 197,
        "YZ_LABEL": "SHUCHENG Anhui (舒城驿)",
        "YZNM_PY": "SHUCHENG",
        "YZNM_CH": "舒城驿",
        "YZNM_FT": "舒城驛",
        "CHGIS_ID": "121248",
        "NOTE": null,
        "10CNTY_CH": "舒城县",
        "10CNTY_EN": "Shucheng",
        "10PREF_CH": "六安市",
        "10PREF_EN": "Liuan",
        "10PROV_CH": "安徽省",
        "10PROV_EN": "Anhui",
        "GBCODE": 341523,
        "YZ_LAT": 116.938538,
        "YZ_LONG": 31.456448,
        "_layer_id": "ming_courier_stations",
        "_layer_title": "명대 역참 지점",
        "_source_file": "Ming_Stations_2016.shp",
        "_source_crs": "EPSG:4326"
      }
    },
    {
      "type": "Feature",
      "geometry": {
        "type": "Point",
        "coordinates": [
          116.93860626220703,
          31.05228042602539
        ]
      },
      "properties": {
        "SRC": "MDYZK",
        "STATUS": "Y",
        "YZ_ID": 198,
        "YZ_LABEL": "LVTING Anhui (吕亭驿)",
        "YZNM_PY": "LVTING",
        "YZNM_CH": "吕亭驿",
        "YZNM_FT": "呂亭驛",
        "CHGIS_ID": "43026",
        "NOTE": "See Tongcheng",
        "10CNTY_CH": "桐城市",
        "10CNTY_EN": "Tongcheng",
        "10PREF_CH": "安庆市",
        "10PREF_EN": "Anqing",
        "10PROV_CH": "安徽省",
        "10PROV_EN": "Anhui",
        "GBCODE": 340881,
        "YZ_LAT": 116.938606,
        "YZ_LONG": 31.05228,
        "_layer_id": "ming_courier_stations",
        "_layer_title": "명대 역참 지점",
        "_source_file": "Ming_Stations_2016.shp",
        "_source_crs": "EPSG:4326"
      }
    },
    {
      "type": "Feature",
      "geometry": {
        "type": "Point",
        "coordinates": [
          116.96843719482422,
          35.4038200378418
        ]
      },
      "properties": {
        "SRC": "MDYZK",
        "STATUS": "Y",
        "YZ_ID": 199,
        "YZ_LABEL": "ZHU Shandong (邾城驿)",
        "YZNM_PY": "ZHU",
        "YZNM_CH": "邾城驿",
        "YZNM_FT": "邾城驛",
        "CHGIS_ID": "1055",
        "NOTE": "see Zou Xian",
        "10CNTY_CH": "邹城市",
        "10CNTY_EN": "Zoucheng",
        "10PREF_CH": "济宁市",
        "10PREF_EN": "Jining",
        "10PROV_CH": "山东省",
        "10PROV_EN": "Shandong",
        "GBCODE": 370883,
        "YZ_LAT": 116.968437,
        "YZ_LONG": 35.40382,
        "_layer_id": "ming_courier_stations",
        "_layer_title": "명대 역참 지점",
        "_source_file": "Ming_Stations_2016.shp",
        "_source_crs": "EPSG:4326"
      }
    },
    {
      "type": "Feature",
      "geometry": {
        "type": "Point",
        "coordinates": [
          116.97139739990234,
          33.64236831665039
        ]
      },
      "properties": {
        "SRC": "MDYZK",
        "STATUS": "N",
        "YZ_ID": 200,
        "YZ_LABEL": "SUIYANGYI Anhui (睢阳驿)",
        "YZNM_PY": "SUIYANGYI",
        "YZNM_CH": "睢阳驿",
        "YZNM_FT": "睢陽驛",
        "CHGIS_ID": "43207",
        "NOTE": null,
        "10CNTY_CH": "埇桥区",
        "10CNTY_EN": "Yongqiao",
        "10PREF_CH": "宿州市",
        "10PREF_EN": "Suzhou",
        "10PROV_CH": "安徽省",
        "10PROV_EN": "Anhui",
        "GBCODE": 341302,
        "YZ_LAT": 116.971397,
        "YZ_LONG": 33.642368,
        "_layer_id": "ming_courier_stations",
        "_layer_title": "명대 역참 지점",
        "_source_file": "Ming_Stations_2016.shp",
        "_source_crs": "EPSG:4326"
      }
    },
    {
      "type": "Feature",
      "geometry": {
        "type": "Point",
        "coordinates": [
          117.0014877319336,
          36.65013122558594
        ]
      },
      "properties": {
        "SRC": "MDYZK",
        "STATUS": "N",
        "YZ_ID": 201,
        "YZ_LABEL": "TANGCHENGYI Shandong (谭城驿)",
        "YZNM_PY": "TANGCHENGYI",
        "YZNM_CH": "谭城驿",
        "YZNM_FT": "譚城驛",
        "CHGIS_ID": "86025",
        "NOTE": "JI'NANFU",
        "10CNTY_CH": "市中区",
        "10CNTY_EN": "Shizhong",
        "10PREF_CH": "济南市",
        "10PREF_EN": "Jinan",
        "10PROV_CH": "山东省",
        "10PROV_EN": "Shandong",
        "GBCODE": 370103,
        "YZ_LAT": 117.001488,
        "YZ_LONG": 36.650131,
        "_layer_id": "ming_courier_stations",
        "_layer_title": "명대 역참 지점",
        "_source_file": "Ming_Stations_2016.shp",
        "_source_crs": "EPSG:4326"
      }
    },
    {
      "type": "Feature",
      "geometry": {
        "type": "Point",
        "coordinates": [
          117.07611846923828,
          39.9827880859375
        ]
      },
      "properties": {
        "SRC": "MDYZK",
        "STATUS": "Y",
        "YZ_ID": 202,
        "YZ_LABEL": "SANHE Hebei (三河驿)",
        "YZNM_PY": "SANHE",
        "YZNM_CH": "三河驿",
        "YZNM_FT": "三河驛",
        "CHGIS_ID": "114",
        "NOTE": null,
        "10CNTY_CH": "三河市",
        "10CNTY_EN": "Sanhe",
        "10PREF_CH": "廊坊市",
        "10PREF_EN": "Langfang",
        "10PROV_CH": "河北省",
        "10PROV_EN": "Hebei",
        "GBCODE": 131082,
        "YZ_LAT": 117.076118,
        "YZ_LONG": 39.982788,
        "_layer_id": "ming_courier_stations",
        "_layer_title": "명대 역참 지점",
        "_source_file": "Ming_Stations_2016.shp",
        "_source_crs": "EPSG:4326"
      }
    },
    {
      "type": "Feature",
      "geometry": {
        "type": "Point",
        "coordinates": [
          117.15816497802734,
          35.086090087890625
        ]
      },
      "properties": {
        "SRC": "MDYZK",
        "STATUS": "Y",
        "YZ_ID": 203,
        "YZ_LABEL": "TENGYANG Shandong (滕阳驿)",
        "YZNM_PY": "TENGYANG",
        "YZNM_CH": "滕阳驿",
        "YZNM_FT": "滕陽驛",
        "CHGIS_ID": "115871",
        "NOTE": "see Teng Zhou",
        "10CNTY_CH": "滕州市",
        "10CNTY_EN": "Tengzhou",
        "10PREF_CH": "枣庄市",
        "10PREF_EN": "Zaozhuang",
        "10PROV_CH": "山东省",
        "10PROV_EN": "Shandong",
        "GBCODE": 370481,
        "YZ_LAT": 117.158165,
        "YZ_LONG": 35.08609,
        "_layer_id": "ming_courier_stations",
        "_layer_title": "명대 역참 지점",
        "_source_file": "Ming_Stations_2016.shp",
        "_source_crs": "EPSG:4326"
      }
    },
    {
      "type": "Feature",
      "geometry": {
        "type": "Point",
        "coordinates": [
          117.18768310546875,
          34.26963424682617
        ]
      },
      "properties": {
        "SRC": "MDYZK",
        "STATUS": "N",
        "YZ_ID": 204,
        "YZ_LABEL": "LIGUOJIAN Jiangsu (利国监驿)",
        "YZNM_PY": "LIGUOJIAN",
        "YZNM_CH": "利国监驿",
        "YZNM_FT": "利國監驛",
        "CHGIS_ID": "33321",
        "NOTE": null,
        "10CNTY_CH": "鼓楼区",
        "10CNTY_EN": "Gulou",
        "10PREF_CH": "徐州市",
        "10PREF_EN": "Xuzhou",
        "10PROV_CH": "江苏省",
        "10PROV_EN": "Jiangsu",
        "GBCODE": 320302,
        "YZ_LAT": 117.187683,
        "YZ_LONG": 34.269634,
        "_layer_id": "ming_courier_stations",
        "_layer_title": "명대 역참 지점",
        "_source_file": "Ming_Stations_2016.shp",
        "_source_crs": "EPSG:4326"
      }
    },
    {
      "type": "Feature",
      "geometry": {
        "type": "Point",
        "coordinates": [
          117.27645874023438,
          31.864456176757812
        ]
      },
      "properties": {
        "SRC": "MDYZK",
        "STATUS": "Y",
        "YZ_ID": 205,
        "YZ_LABEL": "JINDOUYI Anhui (金斗驿)",
        "YZNM_PY": "JINDOUYI",
        "YZNM_CH": "金斗驿",
        "YZNM_FT": "金鬥驛",
        "CHGIS_ID": "33487",
        "NOTE": "HUCHENG",
        "10CNTY_CH": "庐阳区",
        "10CNTY_EN": "Zhongshi",
        "10PREF_CH": "合肥市",
        "10PREF_EN": "Hefei",
        "10PROV_CH": "安徽省",
        "10PROV_EN": "Anhui",
        "GBCODE": 340103,
        "YZ_LAT": 117.276459,
        "YZ_LONG": 31.864456,
        "_layer_id": "ming_courier_stations",
        "_layer_title": "명대 역참 지점",
        "_source_file": "Ming_Stations_2016.shp",
        "_source_crs": "EPSG:4326"
      }
    },
    {
      "type": "Feature",
      "geometry": {
        "type": "Point",
        "coordinates": [
          117.40181732177734,
          40.04386520385742
        ]
      },
      "properties": {
        "SRC": "MDYZK",
        "STATUS": "Y",
        "YZ_ID": 206,
        "YZ_LABEL": "YUYANG Tianjin (渔阳驿)",
        "YZNM_PY": "YUYANG",
        "YZNM_CH": "渔阳驿",
        "YZNM_FT": "漁陽驛",
        "CHGIS_ID": "88212",
        "NOTE": null,
        "10CNTY_CH": "蓟县",
        "10CNTY_EN": "Jixian",
        "10PREF_CH": "天津市（辖县）",
        "10PREF_EN": "Tianjin (Counties)",
        "10PROV_CH": "天津市",
        "10PROV_EN": "Tianjin",
        "GBCODE": 120225,
        "YZ_LAT": 117.401817,
        "YZ_LONG": 40.043865,
        "_layer_id": "ming_courier_stations",
        "_layer_title": "명대 역참 지점",
        "_source_file": "Ming_Stations_2016.shp",
        "_source_crs": "EPSG:4326"
      }
    },
    {
      "type": "Feature",
      "geometry": {
        "type": "Point",
        "coordinates": [
          117.46258600114832,
          33.10597199716979
        ]
      },
      "properties": {
        "SRC": "MDYZK",
        "STATUS": "Y",
        "YZ_ID": 207,
        "YZ_LABEL": "WANGZHUAN Anhui (王庄驿)",
        "YZNM_PY": "WANGZHUAN",
        "YZNM_CH": "王庄驿",
        "YZNM_FT": "王莊驛",
        "CHGIS_ID": "130344",
        "NOTE": null,
        "10CNTY_CH": "固镇县",
        "10CNTY_EN": "Guzhen",
        "10PREF_CH": "蚌埠市",
        "10PREF_EN": "Bengbu",
        "10PROV_CH": "安徽省",
        "10PROV_EN": "Anhui",
        "GBCODE": 340323,
        "YZ_LAT": 117.462586,
        "YZ_LONG": 33.105972,
        "_layer_id": "ming_courier_stations",
        "_layer_title": "명대 역참 지점",
        "_source_file": "Ming_Stations_2016.shp",
        "_source_crs": "EPSG:4326"
      }
    },
    {
      "type": "Feature",
      "geometry": {
        "type": "Point",
        "coordinates": [
          117.31170700000004,
          33.314575000000055
        ]
      },
      "properties": {
        "SRC": "MDYZK",
        "STATUS": "Y",
        "YZ_ID": 208,
        "YZ_LABEL": "GUZHENYI Anhui (固镇驿)",
        "YZNM_PY": "GUZHENYI",
        "YZNM_CH": "固镇驿",
        "YZNM_FT": "固鎮驛",
        "CHGIS_ID": "130516",
        "NOTE": null,
        "10CNTY_CH": "固镇县",
        "10CNTY_EN": "Guzhen",
        "10PREF_CH": "蚌埠市",
        "10PREF_EN": "Bengbu",
        "10PROV_CH": "安徽省",
        "10PROV_EN": "Anhui",
        "GBCODE": 340323,
        "YZ_LAT": 117.311707,
        "YZ_LONG": 33.314575,
        "_layer_id": "ming_courier_stations",
        "_layer_title": "명대 역참 지점",
        "_source_file": "Ming_Stations_2016.shp",
        "_source_crs": "EPSG:4326"
      }
    },
    {
      "type": "Feature",
      "geometry": {
        "type": "Point",
        "coordinates": [
          117.64022100120965,
          32.90163399674121
        ]
      },
      "properties": {
        "SRC": "MDYZK",
        "STATUS": "Y",
        "YZ_ID": 209,
        "YZ_LABEL": "HONGXIN Anhui (红心驿)",
        "YZNM_PY": "HONGXIN",
        "YZNM_CH": "红心驿",
        "YZNM_FT": "紅心驛",
        "CHGIS_ID": "130359",
        "NOTE": "see Linhuaizhen",
        "10CNTY_CH": "凤阳县",
        "10CNTY_EN": "Fengyang",
        "10PREF_CH": "滁州市",
        "10PREF_EN": "Chuzhou",
        "10PROV_CH": "安徽省",
        "10PROV_EN": "Anhui",
        "GBCODE": 341126,
        "YZ_LAT": 117.640221,
        "YZ_LONG": 32.901634,
        "_layer_id": "ming_courier_stations",
        "_layer_title": "명대 역참 지점",
        "_source_file": "Ming_Stations_2016.shp",
        "_source_crs": "EPSG:4326"
      }
    },
    {
      "type": "Feature",
      "geometry": {
        "type": "Point",
        "coordinates": [
          117.67568969726562,
          32.53024673461914
        ]
      },
      "properties": {
        "SRC": "MDYZK",
        "STATUS": "Y",
        "YZ_ID": 210,
        "YZ_LABEL": "DINGYUAN Anhui (定远)",
        "YZNM_PY": "DINGYUAN",
        "YZNM_CH": "定远",
        "YZNM_FT": "定遠",
        "CHGIS_ID": "430389",
        "NOTE": null,
        "10CNTY_CH": "定远县",
        "10CNTY_EN": "Dingyuan",
        "10PREF_CH": "滁州市",
        "10PREF_EN": "Chuzhou",
        "10PROV_CH": "安徽省",
        "10PROV_EN": "Anhui",
        "GBCODE": 341125,
        "YZ_LAT": 117.67569,
        "YZ_LONG": 32.530247,
        "_layer_id": "ming_courier_stations",
        "_layer_title": "명대 역참 지점",
        "_source_file": "Ming_Stations_2016.shp",
        "_source_crs": "EPSG:4326"
      }
    },
    {
      "type": "Feature",
      "geometry": {
        "type": "Point",
        "coordinates": [
          117.75477600097656,
          39.883670806884766
        ]
      },
      "properties": {
        "SRC": "MDYZK",
        "STATUS": "Y",
        "YZ_ID": 211,
        "YZ_LABEL": "YANGFAN Hebei (阳樊驿)",
        "YZNM_PY": "YANGFAN",
        "YZNM_CH": "阳樊驿",
        "YZNM_FT": "陽樊驛",
        "CHGIS_ID": "88317",
        "NOTE": null,
        "10CNTY_CH": "玉田县",
        "10CNTY_EN": "Yutian",
        "10PREF_CH": "唐山市",
        "10PREF_EN": "Tangshan",
        "10PROV_CH": "河北省",
        "10PROV_EN": "Hebei",
        "GBCODE": 130229,
        "YZ_LAT": 117.754776,
        "YZ_LONG": 39.883671,
        "_layer_id": "ming_courier_stations",
        "_layer_title": "명대 역참 지점",
        "_source_file": "Ming_Stations_2016.shp",
        "_source_crs": "EPSG:4326"
      }
    },
    {
      "type": "Feature",
      "geometry": {
        "type": "Point",
        "coordinates": [
          117.94866900124325,
          32.51898599589381
        ]
      },
      "properties": {
        "SRC": "MDYZK",
        "STATUS": "Y",
        "YZ_ID": 212,
        "YZ_LABEL": "CHIHE Anhui (池河驿)",
        "YZNM_PY": "CHIHE",
        "YZNM_CH": "池河驿",
        "YZNM_FT": "池河驛",
        "CHGIS_ID": "130419",
        "NOTE": null,
        "10CNTY_CH": "定远县",
        "10CNTY_EN": "Dingyuan",
        "10PREF_CH": "滁州市",
        "10PREF_EN": "Chuzhou",
        "10PROV_CH": "安徽省",
        "10PROV_EN": "Anhui",
        "GBCODE": 341125,
        "YZ_LAT": 117.948669,
        "YZ_LONG": 32.518986,
        "_layer_id": "ming_courier_stations",
        "_layer_title": "명대 역참 지점",
        "_source_file": "Ming_Stations_2016.shp",
        "_source_crs": "EPSG:4326"
      }
    },
    {
      "type": "Feature",
      "geometry": {
        "type": "Point",
        "coordinates": [
          118.1053695678711,
          27.339879989624023
        ]
      },
      "properties": {
        "SRC": "MDYZK",
        "STATUS": "Y",
        "YZ_ID": 213,
        "YZ_LABEL": "JIANXI Fujian (建溪驿)",
        "YZNM_PY": "JIANXI",
        "YZNM_CH": "建溪驿",
        "YZNM_FT": "建溪驛",
        "CHGIS_ID": "40241",
        "NOTE": null,
        "10CNTY_CH": "建阳市",
        "10CNTY_EN": "Jianyang",
        "10PREF_CH": "南平市",
        "10PREF_EN": "Nanping",
        "10PROV_CH": "福建省",
        "10PROV_EN": "Fujian",
        "GBCODE": 350784,
        "YZ_LAT": 118.10537,
        "YZ_LONG": 27.33988,
        "_layer_id": "ming_courier_stations",
        "_layer_title": "명대 역참 지점",
        "_source_file": "Ming_Stations_2016.shp",
        "_source_crs": "EPSG:4326"
      }
    },
    {
      "type": "Feature",
      "geometry": {
        "type": "Point",
        "coordinates": [
          118.13489532470703,
          39.82760238647461
        ]
      },
      "properties": {
        "SRC": "MDYZK",
        "STATUS": "Y",
        "YZ_ID": 214,
        "YZ_LABEL": "YIFENG Hebei (义丰驿)",
        "YZNM_PY": "YIFENG",
        "YZNM_CH": "义丰驿",
        "YZNM_FT": "義豐驛",
        "CHGIS_ID": "88318",
        "NOTE": null,
        "10CNTY_CH": "丰润区",
        "10CNTY_EN": "Fengrun",
        "10PREF_CH": "唐山市",
        "10PREF_EN": "Tangshan",
        "10PROV_CH": "河北省",
        "10PROV_EN": "Hebei",
        "GBCODE": 130208,
        "YZ_LAT": 118.134895,
        "YZ_LONG": 39.827602,
        "_layer_id": "ming_courier_stations",
        "_layer_title": "명대 역참 지점",
        "_source_file": "Ming_Stations_2016.shp",
        "_source_crs": "EPSG:4326"
      }
    },
    {
      "type": "Feature",
      "geometry": {
        "type": "Point",
        "coordinates": [
          118.16918182373047,
          26.642173767089844
        ]
      },
      "properties": {
        "SRC": "MDYZK",
        "STATUS": "Y",
        "YZ_ID": 215,
        "YZ_LABEL": "JIANPUYI Fujian (剑浦驿)",
        "YZNM_PY": "JIANPUYI",
        "YZNM_CH": "剑浦驿",
        "YZNM_FT": "劍浦驛",
        "CHGIS_ID": "32131",
        "NOTE": "YANPINGFU",
        "10CNTY_CH": "延平区",
        "10CNTY_EN": "Yanping",
        "10PREF_CH": "南平市",
        "10PREF_EN": "Nanping",
        "10PROV_CH": "福建省",
        "10PROV_EN": "Fujian",
        "GBCODE": 350702,
        "YZ_LAT": 118.169182,
        "YZ_LONG": 26.642174,
        "_layer_id": "ming_courier_stations",
        "_layer_title": "명대 역참 지점",
        "_source_file": "Ming_Stations_2016.shp",
        "_source_crs": "EPSG:4326"
      }
    },
    {
      "type": "Feature",
      "geometry": {
        "type": "Point",
        "coordinates": [
          118.30416107177734,
          32.316993713378906
        ]
      },
      "properties": {
        "SRC": "MDYZK",
        "STATUS": "N",
        "YZ_ID": 217,
        "YZ_LABEL": "DALIUSHU Anhui (大柳树驿)",
        "YZNM_PY": "DALIUSHU",
        "YZNM_CH": "大柳树驿",
        "YZNM_FT": "大柳樹驛",
        "CHGIS_ID": "33532",
        "NOTE": null,
        "10CNTY_CH": "琅琊区",
        "10CNTY_EN": "Langya",
        "10PREF_CH": "滁州市",
        "10PREF_EN": "Chuzhou",
        "10PROV_CH": "安徽省",
        "10PROV_EN": "Anhui",
        "GBCODE": 341102,
        "YZ_LAT": 118.304161,
        "YZ_LONG": 32.316994,
        "_layer_id": "ming_courier_stations",
        "_layer_title": "명대 역참 지점",
        "_source_file": "Ming_Stations_2016.shp",
        "_source_crs": "EPSG:4326"
      }
    },
    {
      "type": "Feature",
      "geometry": {
        "type": "Point",
        "coordinates": [
          118.32378387451172,
          27.038864135742188
        ]
      },
      "properties": {
        "SRC": "MDYZK",
        "STATUS": "N",
        "YZ_ID": 218,
        "YZ_LABEL": "CHENGXIYI Fujian (城西驿)",
        "YZNM_PY": "CHENGXIYI",
        "YZNM_CH": "城西驿",
        "YZNM_FT": "城西驛",
        "CHGIS_ID": "32106",
        "NOTE": "JIANNINGFU",
        "10CNTY_CH": "建瓯市",
        "10CNTY_EN": "Jianou",
        "10PREF_CH": "南平市",
        "10PREF_EN": "Nanping",
        "10PROV_CH": "福建省",
        "10PROV_EN": "Fujian",
        "GBCODE": 350783,
        "YZ_LAT": 118.323784,
        "YZ_LONG": 27.038864,
        "_layer_id": "ming_courier_stations",
        "_layer_title": "명대 역참 지점",
        "_source_file": "Ming_Stations_2016.shp",
        "_source_crs": "EPSG:4326"
      }
    },
    {
      "type": "Feature",
      "geometry": {
        "type": "Point",
        "coordinates": [
          118.61759948730469,
          32.06486892700195
        ]
      },
      "properties": {
        "SRC": "MDYZK",
        "STATUS": "L",
        "YZ_ID": 220,
        "YZ_LABEL": "JIANGDONGYI Jiangsu (江东驿)",
        "YZNM_PY": "JIANGDONGYI",
        "YZNM_CH": "江东驿",
        "YZNM_FT": "江東驛",
        "CHGIS_ID": "40562",
        "NOTE": null,
        "10CNTY_CH": "浦口区",
        "10CNTY_EN": "Pukou",
        "10PREF_CH": "南京市",
        "10PREF_EN": "Nanjing",
        "10PROV_CH": "江苏省",
        "10PROV_EN": "Jiangsu",
        "GBCODE": 320111,
        "YZ_LAT": 118.617599,
        "YZ_LONG": 32.064869,
        "_layer_id": "ming_courier_stations",
        "_layer_title": "명대 역참 지점",
        "_source_file": "Ming_Stations_2016.shp",
        "_source_crs": "EPSG:4326"
      }
    },
    {
      "type": "Feature",
      "geometry": {
        "type": "Point",
        "coordinates": [
          118.67510223388672,
          26.428909301757812
        ]
      },
      "properties": {
        "SRC": "MDYZK",
        "STATUS": "Y",
        "YZ_ID": 222,
        "YZ_LABEL": "HUANGTIAN Fujian (黄田驿)",
        "YZNM_PY": "HUANGTIAN",
        "YZNM_CH": "黄田驿",
        "YZNM_FT": "黃田驛",
        "CHGIS_ID": "136970",
        "NOTE": "see Eyangtang",
        "10CNTY_CH": "古田县",
        "10CNTY_EN": "Gutian",
        "10PREF_CH": "宁德市",
        "10PREF_EN": "Ningde",
        "10PROV_CH": "福建省",
        "10PROV_EN": "Fujian",
        "GBCODE": 350922,
        "YZ_LAT": 118.675102,
        "YZ_LONG": 26.428909,
        "_layer_id": "ming_courier_stations",
        "_layer_title": "명대 역참 지점",
        "_source_file": "Ming_Stations_2016.shp",
        "_source_crs": "EPSG:4326"
      }
    },
    {
      "type": "Feature",
      "geometry": {
        "type": "Point",
        "coordinates": [
          118.46919199999999,
          39.86640200000002
        ]
      },
      "properties": {
        "SRC": "MDYZK",
        "STATUS": "Y",
        "YZ_ID": 223,
        "YZ_LABEL": "QIJIALINGYI Hebei (七家岭驿)",
        "YZNM_PY": "QIJIALINGYI",
        "YZNM_CH": "七家岭驿",
        "YZNM_FT": "七家嶺驛",
        "CHGIS_ID": "16005",
        "NOTE": null,
        "10CNTY_CH": "迁安市",
        "10CNTY_EN": "Qianan",
        "10PREF_CH": "唐山市",
        "10PREF_EN": "Tangshan",
        "10PROV_CH": "河北省",
        "10PROV_EN": "Hebei",
        "GBCODE": 130283,
        "YZ_LAT": 118.469192,
        "YZ_LONG": 39.866402,
        "_layer_id": "ming_courier_stations",
        "_layer_title": "명대 역참 지점",
        "_source_file": "Ming_Stations_2016.shp",
        "_source_crs": "EPSG:4326"
      }
    },
    {
      "type": "Feature",
      "geometry": {
        "type": "Point",
        "coordinates": [
          118.76898956298828,
          32.05256271362305
        ]
      },
      "properties": {
        "SRC": "MDYZK",
        "STATUS": "N",
        "YZ_ID": 224,
        "YZ_LABEL": "JIANGNINGYI Jiangsu (江宁驿)",
        "YZNM_PY": "JIANGNINGYI",
        "YZNM_CH": "江宁驿",
        "YZNM_FT": "江寧驛",
        "CHGIS_ID": "40548",
        "NOTE": "Jiangning",
        "10CNTY_CH": "鼓楼区",
        "10CNTY_EN": "Gulou",
        "10PREF_CH": "南京市",
        "10PREF_EN": "Nanjing",
        "10PROV_CH": "江苏省",
        "10PROV_EN": "Jiangsu",
        "GBCODE": 320106,
        "YZ_LAT": 118.76899,
        "YZ_LONG": 32.052563,
        "_layer_id": "ming_courier_stations",
        "_layer_title": "명대 역참 지점",
        "_source_file": "Ming_Stations_2016.shp",
        "_source_crs": "EPSG:4326"
      }
    },
    {
      "type": "Feature",
      "geometry": {
        "type": "Point",
        "coordinates": [
          118.86199951171875,
          39.87699890136719
        ]
      },
      "properties": {
        "SRC": "MDYZK",
        "STATUS": "Y",
        "YZ_ID": 225,
        "YZ_LABEL": "LUANHE Hebei (滦河驿)",
        "YZNM_PY": "LUANHE",
        "YZNM_CH": "滦河驿",
        "YZNM_FT": "灤河驛",
        "CHGIS_ID": "88307",
        "NOTE": null,
        "10CNTY_CH": "卢龙县",
        "10CNTY_EN": "Lulong",
        "10PREF_CH": "秦皇岛市",
        "10PREF_EN": "Qinhuangdao",
        "10PROV_CH": "河北省",
        "10PROV_EN": "Hebei",
        "GBCODE": 130324,
        "YZ_LAT": 118.862,
        "YZ_LONG": 39.876999,
        "_layer_id": "ming_courier_stations",
        "_layer_title": "명대 역참 지점",
        "_source_file": "Ming_Stations_2016.shp",
        "_source_crs": "EPSG:4326"
      }
    },
    {
      "type": "Feature",
      "geometry": {
        "type": "Point",
        "coordinates": [
          118.86764526367188,
          28.95682144165039
        ]
      },
      "properties": {
        "SRC": "MDYZK",
        "STATUS": "Y",
        "YZ_ID": 226,
        "YZ_LABEL": "SHANGHANG Zhejiang (上航驿)",
        "YZNM_PY": "SHANGHANG",
        "YZNM_CH": "上航驿",
        "YZNM_FT": "上航驛",
        "CHGIS_ID": "40648",
        "NOTE": null,
        "10CNTY_CH": "柯城区",
        "10CNTY_EN": "Kecheng",
        "10PREF_CH": "衢州市",
        "10PREF_EN": "Quzhou",
        "10PROV_CH": "浙江省",
        "10PROV_EN": "Zhejiang",
        "GBCODE": 330802,
        "YZ_LAT": 118.867645,
        "YZ_LONG": 28.956821,
        "_layer_id": "ming_courier_stations",
        "_layer_title": "명대 역참 지점",
        "_source_file": "Ming_Stations_2016.shp",
        "_source_crs": "EPSG:4326"
      }
    },
    {
      "type": "Feature",
      "geometry": {
        "type": "Point",
        "coordinates": [
          119.08115400477016,
          26.20901699457139
        ]
      },
      "properties": {
        "SRC": "MDYZK",
        "STATUS": "Y",
        "YZ_ID": 228,
        "YZ_LABEL": "BAISHA Fujian (白沙驿)",
        "YZNM_PY": "BAISHA",
        "YZNM_CH": "白沙驿",
        "YZNM_FT": "白沙驛",
        "CHGIS_ID": "16155",
        "NOTE": null,
        "10CNTY_CH": "闽侯县",
        "10CNTY_EN": "Minhou",
        "10PREF_CH": "福州市",
        "10PREF_EN": "Fuzhou",
        "10PROV_CH": "福建省",
        "10PROV_EN": "Fujian",
        "GBCODE": 350121,
        "YZ_LAT": 119.081154,
        "YZ_LONG": 26.209017,
        "_layer_id": "ming_courier_stations",
        "_layer_title": "명대 역참 지점",
        "_source_file": "Ming_Stations_2016.shp",
        "_source_crs": "EPSG:4326"
      }
    },
    {
      "type": "Feature",
      "geometry": {
        "type": "Point",
        "coordinates": [
          119.17237854003906,
          29.034788131713867
        ]
      },
      "properties": {
        "SRC": "MDYZK",
        "STATUS": "Y",
        "YZ_ID": 230,
        "YZ_LABEL": "TINGBU Zhejiang (亭步驿)",
        "YZNM_PY": "TINGBU",
        "YZNM_CH": "亭步驿",
        "YZNM_FT": "亭步驛",
        "CHGIS_ID": "40641",
        "NOTE": null,
        "10CNTY_CH": "龙游县",
        "10CNTY_EN": "Longyou",
        "10PREF_CH": "衢州市",
        "10PREF_EN": "Quzhou",
        "10PROV_CH": "浙江省",
        "10PROV_EN": "Zhejiang",
        "GBCODE": 330825,
        "YZ_LAT": 119.172379,
        "YZ_LONG": 29.034788,
        "_layer_id": "ming_courier_stations",
        "_layer_title": "명대 역참 지점",
        "_source_file": "Ming_Stations_2016.shp",
        "_source_crs": "EPSG:4326"
      }
    },
    {
      "type": "Feature",
      "geometry": {
        "type": "Point",
        "coordinates": [
          119.15826297090915,
          39.88223498194715
        ]
      },
      "properties": {
        "SRC": "MDYZK",
        "STATUS": "N",
        "YZ_ID": 231,
        "YZ_LABEL": "LUFENGKOU Hebei (芦峰口驿)",
        "YZNM_PY": "LUFENGKOU",
        "YZNM_CH": "芦峰口驿",
        "YZNM_FT": "蘆峰口驛",
        "CHGIS_ID": "135726",
        "NOTE": null,
        "10CNTY_CH": "抚宁县",
        "10CNTY_EN": "Funing",
        "10PREF_CH": "秦皇岛市",
        "10PREF_EN": "Qinhuangdao",
        "10PROV_CH": "河北省",
        "10PROV_EN": "Hebei",
        "GBCODE": 130323,
        "YZ_LAT": 119.158263,
        "YZ_LONG": 39.882235,
        "_layer_id": "ming_courier_stations",
        "_layer_title": "명대 역참 지점",
        "_source_file": "Ming_Stations_2016.shp",
        "_source_crs": "EPSG:4326"
      }
    },
    {
      "type": "Feature",
      "geometry": {
        "type": "Point",
        "coordinates": [
          119.32157897949219,
          26.07395362854004
        ]
      },
      "properties": {
        "SRC": "MDYZK",
        "STATUS": "Y",
        "YZ_ID": 233,
        "YZ_LABEL": "SANSHAN Fujian (三山驿)",
        "YZNM_PY": "SANSHAN",
        "YZNM_CH": "三山驿",
        "YZNM_FT": "三山驛",
        "CHGIS_ID": "32116",
        "NOTE": "Fuzhou fu",
        "10CNTY_CH": "鼓楼区",
        "10CNTY_EN": "Gulou",
        "10PREF_CH": "福州市",
        "10PREF_EN": "Fuzhou",
        "10PROV_CH": "福建省",
        "10PROV_EN": "Fujian",
        "GBCODE": 350102,
        "YZ_LAT": 119.321579,
        "YZ_LONG": 26.073954,
        "_layer_id": "ming_courier_stations",
        "_layer_title": "명대 역참 지점",
        "_source_file": "Ming_Stations_2016.shp",
        "_source_crs": "EPSG:4326"
      }
    },
    {
      "type": "Feature",
      "geometry": {
        "type": "Point",
        "coordinates": [
          119.43718719482422,
          32.39126968383789
        ]
      },
      "properties": {
        "SRC": "MDYZK",
        "STATUS": "Y",
        "YZ_ID": 234,
        "YZ_LABEL": "YANGZHOU Jiangsu (扬州府)",
        "YZNM_PY": "YANGZHOU",
        "YZNM_CH": "扬州府",
        "YZNM_FT": "揚州府",
        "CHGIS_ID": "42684",
        "NOTE": "Jiangdu Xian",
        "10CNTY_CH": "广陵区",
        "10CNTY_EN": "Guangling",
        "10PREF_CH": "扬州市",
        "10PREF_EN": "Yangzhou",
        "10PROV_CH": "江苏省",
        "10PROV_EN": "Jiangsu",
        "GBCODE": 321002,
        "YZ_LAT": 119.437187,
        "YZ_LONG": 32.39127,
        "_layer_id": "ming_courier_stations",
        "_layer_title": "명대 역참 지점",
        "_source_file": "Ming_Stations_2016.shp",
        "_source_crs": "EPSG:4326"
      }
    },
    {
      "type": "Feature",
      "geometry": {
        "type": "Point",
        "coordinates": [
          119.44429016113281,
          32.20648956298828
        ]
      },
      "properties": {
        "SRC": "MDYZK",
        "STATUS": "Y",
        "YZ_ID": 236,
        "YZ_LABEL": "JINGKOU Jiangsu (京口驿)",
        "YZNM_PY": "JINGKOU",
        "YZNM_CH": "京口驿",
        "YZNM_FT": "京口驛",
        "CHGIS_ID": "40570",
        "NOTE": null,
        "10CNTY_CH": "京口区",
        "10CNTY_EN": "Jingkou",
        "10PREF_CH": "镇江市",
        "10PREF_EN": "Zhenjiang",
        "10PROV_CH": "江苏省",
        "10PROV_EN": "Jiangsu",
        "GBCODE": 321102,
        "YZ_LAT": 119.44429,
        "YZ_LONG": 32.20649,
        "_layer_id": "ming_courier_stations",
        "_layer_title": "명대 역참 지점",
        "_source_file": "Ming_Stations_2016.shp",
        "_source_crs": "EPSG:4326"
      }
    },
    {
      "type": "Feature",
      "geometry": {
        "type": "Point",
        "coordinates": [
          119.47885131835938,
          29.204452514648438
        ]
      },
      "properties": {
        "SRC": "MDYZK",
        "STATUS": "Y",
        "YZ_ID": 237,
        "YZ_LABEL": "GUSHUI Zhejiang (濲水驿)",
        "YZNM_PY": "GUSHUI",
        "YZNM_CH": "濲水驿",
        "YZNM_FT": "濲水驛",
        "CHGIS_ID": "40712",
        "NOTE": null,
        "10CNTY_CH": "兰溪市",
        "10CNTY_EN": "Lanxi",
        "10PREF_CH": "金华市",
        "10PREF_EN": "Jinhua",
        "10PROV_CH": "浙江省",
        "10PROV_EN": "Zhejiang",
        "GBCODE": 330781,
        "YZ_LAT": 119.478851,
        "YZ_LONG": 29.204453,
        "_layer_id": "ming_courier_stations",
        "_layer_title": "명대 역참 지점",
        "_source_file": "Ming_Stations_2016.shp",
        "_source_crs": "EPSG:4326"
      }
    },
    {
      "type": "Feature",
      "geometry": {
        "type": "Point",
        "coordinates": [
          119.49885559082031,
          29.54448127746582
        ]
      },
      "properties": {
        "SRC": "MDYZK",
        "STATUS": "Y",
        "YZ_ID": 238,
        "YZ_LABEL": "FUCHUN Zhejiang (富春驿)",
        "YZNM_PY": "FUCHUN",
        "YZNM_CH": "富春驿",
        "YZNM_FT": "富春驛",
        "CHGIS_ID": "40803",
        "NOTE": null,
        "10CNTY_CH": "建德市",
        "10CNTY_EN": "Jiande",
        "10PREF_CH": "杭州市",
        "10PREF_EN": "Hangzhou",
        "10PROV_CH": "浙江省",
        "10PROV_EN": "Zhejiang",
        "GBCODE": 330182,
        "YZ_LAT": 119.498856,
        "YZ_LONG": 29.544481,
        "_layer_id": "ming_courier_stations",
        "_layer_title": "명대 역참 지점",
        "_source_file": "Ming_Stations_2016.shp",
        "_source_crs": "EPSG:4326"
      }
    },
    {
      "type": "Feature",
      "geometry": {
        "type": "Point",
        "coordinates": [
          119.56985473632812,
          31.99580192565918
        ]
      },
      "properties": {
        "SRC": "MDYZK",
        "STATUS": "Y",
        "YZ_ID": 239,
        "YZ_LABEL": "YUNYANG Jiangsu (云阳驿)",
        "YZNM_PY": "YUNYANG",
        "YZNM_CH": "云阳驿",
        "YZNM_FT": "雲陽驛",
        "CHGIS_ID": "40576",
        "NOTE": null,
        "10CNTY_CH": "丹阳市",
        "10CNTY_EN": "Danyang",
        "10PREF_CH": "镇江市",
        "10PREF_EN": "Zhenjiang",
        "10PROV_CH": "江苏省",
        "10PROV_EN": "Jiangsu",
        "GBCODE": 321181,
        "YZ_LAT": 119.569855,
        "YZ_LONG": 31.995802,
        "_layer_id": "ming_courier_stations",
        "_layer_title": "명대 역참 지점",
        "_source_file": "Ming_Stations_2016.shp",
        "_source_crs": "EPSG:4326"
      }
    },
    {
      "type": "Feature",
      "geometry": {
        "type": "Point",
        "coordinates": [
          119.6649398803711,
          29.802457809448242
        ]
      },
      "properties": {
        "SRC": "MDYZK",
        "STATUS": "Y",
        "YZ_ID": 240,
        "YZ_LABEL": "TONGJIANG Zhejiang (桐江驿)",
        "YZNM_PY": "TONGJIANG",
        "YZNM_CH": "桐江驿",
        "YZNM_FT": "桐江驛",
        "CHGIS_ID": "40815",
        "NOTE": null,
        "10CNTY_CH": "桐庐县",
        "10CNTY_EN": "Tonglu",
        "10PREF_CH": "杭州市",
        "10PREF_EN": "Hangzhou",
        "10PROV_CH": "浙江省",
        "10PROV_EN": "Zhejiang",
        "GBCODE": 330122,
        "YZ_LAT": 119.66494,
        "YZ_LONG": 29.802458,
        "_layer_id": "ming_courier_stations",
        "_layer_title": "명대 역참 지점",
        "_source_file": "Ming_Stations_2016.shp",
        "_source_crs": "EPSG:4326"
      }
    },
    {
      "type": "Feature",
      "geometry": {
        "type": "Point",
        "coordinates": [
          119.94775390625,
          30.053434371948242
        ]
      },
      "properties": {
        "SRC": "MDYZK",
        "STATUS": "Y",
        "YZ_ID": 241,
        "YZ_LABEL": "HUIJIANG Zhejiang (会江驿)",
        "YZNM_PY": "HUIJIANG",
        "YZNM_CH": "会江驿",
        "YZNM_FT": "會江驛",
        "CHGIS_ID": "40092",
        "NOTE": null,
        "10CNTY_CH": "富阳市",
        "10CNTY_EN": "Fuyang",
        "10PREF_CH": "杭州市",
        "10PREF_EN": "Hangzhou",
        "10PROV_CH": "浙江省",
        "10PROV_EN": "Zhejiang",
        "GBCODE": 330183,
        "YZ_LAT": 119.947754,
        "YZ_LONG": 30.053434,
        "_layer_id": "ming_courier_stations",
        "_layer_title": "명대 역참 지점",
        "_source_file": "Ming_Stations_2016.shp",
        "_source_crs": "EPSG:4326"
      }
    },
    {
      "type": "Feature",
      "geometry": {
        "type": "Point",
        "coordinates": [
          119.95230102539062,
          31.78278350830078
        ]
      },
      "properties": {
        "SRC": "MDYZK",
        "STATUS": "Y",
        "YZ_ID": 242,
        "YZ_LABEL": "PILING Jiangsu (毗陵驿)",
        "YZNM_PY": "PILING",
        "YZNM_CH": "毗陵驿",
        "YZNM_FT": "毗陵驛",
        "CHGIS_ID": "40460",
        "NOTE": null,
        "10CNTY_CH": "天宁区",
        "10CNTY_EN": "Tianning",
        "10PREF_CH": "常州市",
        "10PREF_EN": "Changzhou",
        "10PROV_CH": "江苏省",
        "10PROV_EN": "Jiangsu",
        "GBCODE": 320402,
        "YZ_LAT": 119.952301,
        "YZ_LONG": 31.782784,
        "_layer_id": "ming_courier_stations",
        "_layer_title": "명대 역참 지점",
        "_source_file": "Ming_Stations_2016.shp",
        "_source_crs": "EPSG:4326"
      }
    },
    {
      "type": "Feature",
      "geometry": {
        "type": "Point",
        "coordinates": [
          120.29733297799793,
          30.431537982476726
        ]
      },
      "properties": {
        "SRC": "MDYZK",
        "STATUS": "Y",
        "YZ_ID": 243,
        "YZ_LABEL": "WUSHAN Zhejiang (吴山驿)",
        "YZNM_PY": "WUSHAN",
        "YZNM_CH": "吴山驿",
        "YZNM_FT": "吳山驛",
        "CHGIS_ID": "138709",
        "NOTE": "Hangzhouqu see Linpingzhen",
        "10CNTY_CH": "余杭区",
        "10CNTY_EN": "Yuhang",
        "10PREF_CH": "杭州市",
        "10PREF_EN": "Hangzhou",
        "10PROV_CH": "浙江省",
        "10PROV_EN": "Zhejiang",
        "GBCODE": 330110,
        "YZ_LAT": 120.297333,
        "YZ_LONG": 30.431538,
        "_layer_id": "ming_courier_stations",
        "_layer_title": "명대 역참 지점",
        "_source_file": "Ming_Stations_2016.shp",
        "_source_crs": "EPSG:4326"
      }
    },
    {
      "type": "Feature",
      "geometry": {
        "type": "Point",
        "coordinates": [
          120.16862487792969,
          30.294124603271484
        ]
      },
      "properties": {
        "SRC": "MDYZK",
        "STATUS": "Y",
        "YZ_ID": 244,
        "YZ_LABEL": "WULIN Zhejiang (武林驿)",
        "YZNM_PY": "WULIN",
        "YZNM_CH": "武林驿",
        "YZNM_FT": "武林驛",
        "CHGIS_ID": "40081",
        "NOTE": null,
        "10CNTY_CH": "下城区",
        "10CNTY_EN": "Xiacheng",
        "10PREF_CH": "杭州市",
        "10PREF_EN": "Hangzhou",
        "10PROV_CH": "浙江省",
        "10PROV_EN": "Zhejiang",
        "GBCODE": 330103,
        "YZ_LAT": 120.168625,
        "YZ_LONG": 30.294125,
        "_layer_id": "ming_courier_stations",
        "_layer_title": "명대 역참 지점",
        "_source_file": "Ming_Stations_2016.shp",
        "_source_crs": "EPSG:4326"
      }
    },
    {
      "type": "Feature",
      "geometry": {
        "type": "Point",
        "coordinates": [
          120.29766845703125,
          31.574613571166992
        ]
      },
      "properties": {
        "SRC": "MDYZK",
        "STATUS": "Y",
        "YZ_ID": 245,
        "YZ_LABEL": "XISHAN Jiangsu (锡山驿)",
        "YZNM_PY": "XISHAN",
        "YZNM_CH": "锡山驿",
        "YZNM_FT": "錫山驛",
        "CHGIS_ID": "40445",
        "NOTE": null,
        "10CNTY_CH": "南长区",
        "10CNTY_EN": "Nanchang",
        "10PREF_CH": "无锡市",
        "10PREF_EN": "Wuxi",
        "10PROV_CH": "江苏省",
        "10PROV_EN": "Jiangsu",
        "GBCODE": 320203,
        "YZ_LAT": 120.297668,
        "YZ_LONG": 31.574614,
        "_layer_id": "ming_courier_stations",
        "_layer_title": "명대 역참 지점",
        "_source_file": "Ming_Stations_2016.shp",
        "_source_crs": "EPSG:4326"
      }
    },
    {
      "type": "Feature",
      "geometry": {
        "type": "Point",
        "coordinates": [
          120.41873931884766,
          30.530447006225586
        ]
      },
      "properties": {
        "SRC": "MDYZK",
        "STATUS": "N",
        "YZ_ID": 246,
        "YZ_LABEL": "ZAOLIN Zhejiang (皂林驿)",
        "YZNM_PY": "ZAOLIN",
        "YZNM_CH": "皂林驿",
        "YZNM_FT": "皂林驛",
        "CHGIS_ID": "41948",
        "NOTE": null,
        "10CNTY_CH": "桐乡市",
        "10CNTY_EN": "Tongxiang",
        "10PREF_CH": "嘉兴市",
        "10PREF_EN": "Jiaxing",
        "10PROV_CH": "浙江省",
        "10PROV_EN": "Zhejiang",
        "GBCODE": 330483,
        "YZ_LAT": 120.418739,
        "YZ_LONG": 30.530447,
        "_layer_id": "ming_courier_stations",
        "_layer_title": "명대 역참 지점",
        "_source_file": "Ming_Stations_2016.shp",
        "_source_crs": "EPSG:4326"
      }
    },
    {
      "type": "Feature",
      "geometry": {
        "type": "Point",
        "coordinates": [
          120.61862182617188,
          31.31270980834961
        ]
      },
      "properties": {
        "SRC": "MDYZK",
        "STATUS": "Y",
        "YZ_ID": 247,
        "YZ_LABEL": "GUSUYI Jiangsu (姑苏驿)",
        "YZNM_PY": "GUSUYI",
        "YZNM_CH": "姑苏驿",
        "YZNM_FT": "姑蘇驛",
        "CHGIS_ID": "40406",
        "NOTE": null,
        "10CNTY_CH": "平江区",
        "10CNTY_EN": "Pingjiang",
        "10PREF_CH": "苏州市",
        "10PREF_EN": "Suzhou",
        "10PROV_CH": "江苏省",
        "10PROV_EN": "Jiangsu",
        "GBCODE": 320503,
        "YZ_LAT": 120.618622,
        "YZ_LONG": 31.31271,
        "_layer_id": "ming_courier_stations",
        "_layer_title": "명대 역참 지점",
        "_source_file": "Ming_Stations_2016.shp",
        "_source_crs": "EPSG:4326"
      }
    },
    {
      "type": "Feature",
      "geometry": {
        "type": "Point",
        "coordinates": [
          120.63081295844317,
          30.984025977903702
        ]
      },
      "properties": {
        "SRC": "MDYZK",
        "STATUS": "Y",
        "YZ_ID": 248,
        "YZ_LABEL": "PINGWANG Jiangsu (平望驿)",
        "YZNM_PY": "PINGWANG",
        "YZNM_CH": "平望驿",
        "YZNM_FT": "平望驛",
        "CHGIS_ID": "23862",
        "NOTE": null,
        "10CNTY_CH": "吴江市",
        "10CNTY_EN": "Wujiang",
        "10PREF_CH": "苏州市",
        "10PREF_EN": "Suzhou",
        "10PROV_CH": "江苏省",
        "10PROV_EN": "Jiangsu",
        "GBCODE": 320584,
        "YZ_LAT": 120.630813,
        "YZ_LONG": 30.984026,
        "_layer_id": "ming_courier_stations",
        "_layer_title": "명대 역참 지점",
        "_source_file": "Ming_Stations_2016.shp",
        "_source_crs": "EPSG:4326"
      }
    },
    {
      "type": "Feature",
      "geometry": {
        "type": "Point",
        "coordinates": [
          120.75320434570312,
          30.76746940612793
        ]
      },
      "properties": {
        "SRC": "MDYZK",
        "STATUS": "Y",
        "YZ_ID": 249,
        "YZ_LABEL": "XISHUI Zhejiang (西水驿)",
        "YZNM_PY": "XISHUI",
        "YZNM_CH": "西水驿",
        "YZNM_FT": "西水驛",
        "CHGIS_ID": "40058",
        "NOTE": null,
        "10CNTY_CH": "南湖区",
        "10CNTY_EN": "Xiucheng",
        "10PREF_CH": "嘉兴市",
        "10PREF_EN": "Jiaxing",
        "10PROV_CH": "浙江省",
        "10PROV_EN": "Zhejiang",
        "GBCODE": 330402,
        "YZ_LAT": 120.753204,
        "YZ_LONG": 30.767469,
        "_layer_id": "ming_courier_stations",
        "_layer_title": "명대 역참 지점",
        "_source_file": "Ming_Stations_2016.shp",
        "_source_crs": "EPSG:4326"
      }
    },
    {
      "type": "Feature",
      "geometry": {
        "type": "Point",
        "coordinates": [
          123.41988372802734,
          41.78824996948242
        ]
      },
      "properties": {
        "SRC": "MDYZK",
        "STATUS": "Y",
        "YZ_ID": 250,
        "YZ_LABEL": "ZAICHENGYI Liaoning (在城驿)",
        "YZNM_PY": "ZAICHENGYI",
        "YZNM_CH": "在城驿",
        "YZNM_FT": "在城驛",
        "CHGIS_ID": "79004",
        "NOTE": null,
        "10CNTY_CH": "沈河区",
        "10CNTY_EN": "Shenhe",
        "10PREF_CH": "沈阳市",
        "10PREF_EN": "Shenyang",
        "10PROV_CH": "辽宁省",
        "10PROV_EN": "Liaoning",
        "GBCODE": 210103,
        "YZ_LAT": 123.419884,
        "YZ_LONG": 41.78825,
        "_layer_id": "ming_courier_stations",
        "_layer_title": "명대 역참 지점",
        "_source_file": "Ming_Stations_2016.shp",
        "_source_crs": "EPSG:4326"
      }
    },
    {
      "type": "Feature",
      "geometry": {
        "type": "Point",
        "coordinates": [
          104.01197799999997,
          25.65714500000001
        ]
      },
      "properties": {
        "SRC": "PA_1903",
        "STATUS": "L",
        "YZ_ID": 251,
        "YZ_LABEL": "BAISHUISI Yunnan (白水司)",
        "YZNM_PY": "BAISHUISI",
        "YZNM_CH": "白水司",
        "YZNM_FT": "白水司",
        "CHGIS_ID": "22468",
        "NOTE": null,
        "10CNTY_CH": "沾益县",
        "10CNTY_EN": "Zhanyi",
        "10PREF_CH": "曲靖市",
        "10PREF_EN": "Qujing",
        "10PROV_CH": "云南省",
        "10PROV_EN": "Yunnan",
        "GBCODE": 530328,
        "YZ_LAT": 104.011978,
        "YZ_LONG": 25.657145,
        "_layer_id": "ming_courier_stations",
        "_layer_title": "명대 역참 지점",
        "_source_file": "Ming_Stations_2016.shp",
        "_source_crs": "EPSG:4326"
      }
    },
    {
      "type": "Feature",
      "geometry": {
        "type": "Point",
        "coordinates": [
          103.96090699672942,
          22.51120799836045
        ]
      },
      "properties": {
        "SRC": "PA_1903",
        "STATUS": "B",
        "YZ_ID": 252,
        "YZ_LABEL": "HEKOU Yunnan (河口)",
        "YZNM_PY": "HEKOU",
        "YZNM_CH": "河口",
        "YZNM_FT": "河口",
        "CHGIS_ID": "160735",
        "NOTE": null,
        "10CNTY_CH": "河口瑶族自治县",
        "10CNTY_EN": "Hekouyaozuzhzhixian",
        "10PREF_CH": "红河哈尼族彝族自治州",
        "10PREF_EN": "Honghehanizuyizu",
        "10PROV_CH": "云南省",
        "10PROV_EN": "Yunnan",
        "GBCODE": 532532,
        "YZ_LAT": 103.960907,
        "YZ_LONG": 22.511208,
        "_layer_id": "ming_courier_stations",
        "_layer_title": "명대 역참 지점",
        "_source_file": "Ming_Stations_2016.shp",
        "_source_crs": "EPSG:4326"
      }
    },
    {
      "type": "Feature",
      "geometry": {
        "type": "Point",
        "coordinates": [
          103.39257000000002,
          23.369949000000013
        ]
      },
      "properties": {
        "SRC": "PA_1903",
        "STATUS": "B",
        "YZ_ID": 253,
        "YZ_LABEL": "MENGZI Yunnan (蒙自)",
        "YZNM_PY": "MENGZI",
        "YZNM_CH": "蒙自",
        "YZNM_FT": "蒙自",
        "CHGIS_ID": "45607",
        "NOTE": null,
        "10CNTY_CH": "蒙自县",
        "10CNTY_EN": "Mengzi",
        "10PREF_CH": "红河哈尼族彝族自治州",
        "10PREF_EN": "Honghehanizuyizu",
        "10PROV_CH": "云南省",
        "10PROV_EN": "Yunnan",
        "GBCODE": 532503,
        "YZ_LAT": 103.39257,
        "YZ_LONG": 23.369949,
        "_layer_id": "ming_courier_stations",
        "_layer_title": "명대 역참 지점",
        "_source_file": "Ming_Stations_2016.shp",
        "_source_crs": "EPSG:4326"
      }
    },
    {
      "type": "Feature",
      "geometry": {
        "type": "Point",
        "coordinates": [
          104.060753,
          23.49956700000001
        ]
      },
      "properties": {
        "SRC": "PA_1903",
        "STATUS": "L",
        "YZ_ID": 254,
        "YZ_LABEL": "MATANG Yunnan (马塘)",
        "YZNM_PY": "MATANG",
        "YZNM_CH": "马塘",
        "YZNM_FT": "馬塘",
        "CHGIS_ID": "22630",
        "NOTE": null,
        "10CNTY_CH": "文山县",
        "10CNTY_EN": "Wenshan",
        "10PREF_CH": "文山壮族苗族自治州",
        "10PREF_EN": "Wenshanzhuangzumiaozu",
        "10PROV_CH": "云南省",
        "10PROV_EN": "Yunnan",
        "GBCODE": 532621,
        "YZ_LAT": 104.060753,
        "YZ_LONG": 23.499567,
        "_layer_id": "ming_courier_stations",
        "_layer_title": "명대 역참 지점",
        "_source_file": "Ming_Stations_2016.shp",
        "_source_crs": "EPSG:4326"
      }
    },
    {
      "type": "Feature",
      "geometry": {
        "type": "Point",
        "coordinates": [
          104.23555,
          23.376131000000008
        ]
      },
      "properties": {
        "SRC": "PA_1903",
        "STATUS": "L",
        "YZ_ID": 255,
        "YZ_LABEL": "KAIHUA Yunnan (开化)",
        "YZNM_PY": "KAIHUA",
        "YZNM_CH": "开化",
        "YZNM_FT": "開化",
        "CHGIS_ID": "1616",
        "NOTE": null,
        "10CNTY_CH": "文山县",
        "10CNTY_EN": "Wenshan",
        "10PREF_CH": "文山壮族苗族自治州",
        "10PREF_EN": "Wenshanzhuangzumiaozu",
        "10PROV_CH": "云南省",
        "10PROV_EN": "Yunnan",
        "GBCODE": 532621,
        "YZ_LAT": 104.23555,
        "YZ_LONG": 23.376131,
        "_layer_id": "ming_courier_stations",
        "_layer_title": "명대 역참 지점",
        "_source_file": "Ming_Stations_2016.shp",
        "_source_crs": "EPSG:4326"
      }
    },
    {
      "type": "Feature",
      "geometry": {
        "type": "Point",
        "coordinates": [
          104.39596299999997,
          23.021482000000006
        ]
      },
      "properties": {
        "SRC": "PA_1903",
        "STATUS": "L",
        "YZ_ID": 256,
        "YZ_LABEL": "MABAIGUAN Yunnan (马白关)",
        "YZNM_PY": "MABAIGUAN",
        "YZNM_CH": "马白关",
        "YZNM_FT": "馬白關",
        "CHGIS_ID": "22627",
        "NOTE": null,
        "10CNTY_CH": "马关县",
        "10CNTY_EN": "Maguan",
        "10PREF_CH": "文山壮族苗族自治州",
        "10PREF_EN": "Wenshanzhuangzumiaozu",
        "10PROV_CH": "云南省",
        "10PROV_EN": "Yunnan",
        "GBCODE": 532625,
        "YZ_LAT": 104.395963,
        "YZ_LONG": 23.021482,
        "_layer_id": "ming_courier_stations",
        "_layer_title": "명대 역참 지점",
        "_source_file": "Ming_Stations_2016.shp",
        "_source_crs": "EPSG:4326"
      }
    },
    {
      "type": "Feature",
      "geometry": {
        "type": "Point",
        "coordinates": [
          103.23380999999999,
          23.71490500000001
        ]
      },
      "properties": {
        "SRC": "PA_1903",
        "STATUS": "L",
        "YZ_ID": 257,
        "YZ_LABEL": "AMI ZHOU Yunnan (阿迷州)",
        "YZNM_PY": "AMI ZHOU",
        "YZNM_CH": "阿迷州",
        "YZNM_FT": "阿迷州",
        "CHGIS_ID": "1614",
        "NOTE": null,
        "10CNTY_CH": "开远市",
        "10CNTY_EN": "Kaiyuan",
        "10PREF_CH": "红河哈尼族彝族自治州",
        "10PREF_EN": "Honghehanizuyizu",
        "10PROV_CH": "云南省",
        "10PROV_EN": "Yunnan",
        "GBCODE": 532502,
        "YZ_LAT": 103.23381,
        "YZ_LONG": 23.714905,
        "_layer_id": "ming_courier_stations",
        "_layer_title": "명대 역참 지점",
        "_source_file": "Ming_Stations_2016.shp",
        "_source_crs": "EPSG:4326"
      }
    },
    {
      "type": "Feature",
      "geometry": {
        "type": "Point",
        "coordinates": [
          103.41073600000001,
          24.11117400000001
        ]
      },
      "properties": {
        "SRC": "PA_1903",
        "STATUS": "L",
        "YZ_ID": 258,
        "YZ_LABEL": "ZHUYUAN Yunnan (竹园)",
        "YZNM_PY": "ZHUYUAN",
        "YZNM_CH": "竹园",
        "YZNM_FT": "竹園",
        "CHGIS_ID": "22535",
        "NOTE": null,
        "10CNTY_CH": "弥勒县",
        "10CNTY_EN": "Mile",
        "10PREF_CH": "红河哈尼族彝族自治州",
        "10PREF_EN": "Honghehanizuyizu",
        "10PROV_CH": "云南省",
        "10PROV_EN": "Yunnan",
        "GBCODE": 532526,
        "YZ_LAT": 103.410736,
        "YZ_LONG": 24.111174,
        "_layer_id": "ming_courier_stations",
        "_layer_title": "명대 역참 지점",
        "_source_file": "Ming_Stations_2016.shp",
        "_source_crs": "EPSG:4326"
      }
    },
    {
      "type": "Feature",
      "geometry": {
        "type": "Point",
        "coordinates": [
          103.43320499999997,
          24.40935900000001
        ]
      },
      "properties": {
        "SRC": "PA_1903",
        "STATUS": "B",
        "YZ_ID": 259,
        "YZ_LABEL": "MILE Yunnan (弥勒)",
        "YZNM_PY": "MILE",
        "YZNM_CH": "弥勒",
        "YZNM_FT": "彌勒",
        "CHGIS_ID": "1604",
        "NOTE": null,
        "10CNTY_CH": "弥勒县",
        "10CNTY_EN": "Mile",
        "10PREF_CH": "红河哈尼族彝族自治州",
        "10PREF_EN": "Honghehanizuyizu",
        "10PROV_CH": "云南省",
        "10PROV_EN": "Yunnan",
        "GBCODE": 532526,
        "YZ_LAT": 103.433205,
        "YZ_LONG": 24.409359,
        "_layer_id": "ming_courier_stations",
        "_layer_title": "명대 역참 지점",
        "_source_file": "Ming_Stations_2016.shp",
        "_source_crs": "EPSG:4326"
      }
    },
    {
      "type": "Feature",
      "geometry": {
        "type": "Point",
        "coordinates": [
          103.69570358073253,
          24.849142158922554
        ]
      },
      "properties": {
        "SRC": "PA_1903",
        "STATUS": "N",
        "YZ_ID": 260,
        "YZ_LABEL": "ZHAOKUA Yunnan (赵卡)",
        "YZNM_PY": "ZHAOKUA",
        "YZNM_CH": "赵卡",
        "YZNM_FT": "趙卡",
        "CHGIS_ID": null,
        "NOTE": null,
        "10CNTY_CH": "陆良县",
        "10CNTY_EN": "Luliang",
        "10PREF_CH": "曲靖市",
        "10PREF_EN": "Qujing",
        "10PROV_CH": "云南省",
        "10PROV_EN": "Yunnan",
        "GBCODE": 530322,
        "YZ_LAT": 103.695704,
        "YZ_LONG": 24.849142,
        "_layer_id": "ming_courier_stations",
        "_layer_title": "명대 역참 지점",
        "_source_file": "Ming_Stations_2016.shp",
        "_source_crs": "EPSG:4326"
      }
    },
    {
      "type": "Feature",
      "geometry": {
        "type": "Point",
        "coordinates": [
          103.662529,
          25.03226500000001
        ]
      },
      "properties": {
        "SRC": "PA_1903",
        "STATUS": "B",
        "YZ_ID": 261,
        "YZ_LABEL": "LULIANG Yunnan (陆良)",
        "YZNM_PY": "LULIANG",
        "YZNM_CH": "陆良",
        "YZNM_FT": "陸良",
        "CHGIS_ID": "1571",
        "NOTE": null,
        "10CNTY_CH": "陆良县",
        "10CNTY_EN": "Luliang",
        "10PREF_CH": "曲靖市",
        "10PREF_EN": "Qujing",
        "10PROV_CH": "云南省",
        "10PROV_EN": "Yunnan",
        "GBCODE": 530322,
        "YZ_LAT": 103.662529,
        "YZ_LONG": 25.032265,
        "_layer_id": "ming_courier_stations",
        "_layer_title": "명대 역참 지점",
        "_source_file": "Ming_Stations_2016.shp",
        "_source_crs": "EPSG:4326"
      }
    },
    {
      "type": "Feature",
      "geometry": {
        "type": "Point",
        "coordinates": [
          103.09805297851561,
          24.223054885864272
        ]
      },
      "properties": {
        "SRC": "PA_1903",
        "STATUS": "N",
        "YZ_ID": 262,
        "YZ_LABEL": "POXI Yunnan (婆兮)",
        "YZNM_PY": "POXI",
        "YZNM_CH": "婆兮",
        "YZNM_FT": "婆兮",
        "CHGIS_ID": null,
        "NOTE": null,
        "10CNTY_CH": "华宁县",
        "10CNTY_EN": "Huaning",
        "10PREF_CH": "玉溪市",
        "10PREF_EN": "Yuxi",
        "10PROV_CH": "云南省",
        "10PROV_EN": "Yunnan",
        "GBCODE": 530424,
        "YZ_LAT": 103.098053,
        "YZ_LONG": 24.223055,
        "_layer_id": "ming_courier_stations",
        "_layer_title": "명대 역참 지점",
        "_source_file": "Ming_Stations_2016.shp",
        "_source_crs": "EPSG:4326"
      }
    },
    {
      "type": "Feature",
      "geometry": {
        "type": "Point",
        "coordinates": [
          103.09724599489905,
          24.563150995909655
        ]
      },
      "properties": {
        "SRC": "PA_1903",
        "STATUS": "L",
        "YZ_ID": 263,
        "YZ_LABEL": "LUFENG Yunnan (禄丰)",
        "YZNM_PY": "LUFENG",
        "YZNM_CH": "禄丰",
        "YZNM_FT": "祿豐",
        "CHGIS_ID": "158856",
        "NOTE": null,
        "10CNTY_CH": "华宁县",
        "10CNTY_EN": "Huaning",
        "10PREF_CH": "玉溪市",
        "10PREF_EN": "Yuxi",
        "10PROV_CH": "云南省",
        "10PROV_EN": "Yunnan",
        "GBCODE": 530424,
        "YZ_LAT": 103.097246,
        "YZ_LONG": 24.563151,
        "_layer_id": "ming_courier_stations",
        "_layer_title": "명대 역참 지점",
        "_source_file": "Ming_Stations_2016.shp",
        "_source_crs": "EPSG:4326"
      }
    },
    {
      "type": "Feature",
      "geometry": {
        "type": "Point",
        "coordinates": [
          103.14197499999999,
          24.91106600000001
        ]
      },
      "properties": {
        "SRC": "PA_1903",
        "STATUS": "B",
        "YZ_ID": 264,
        "YZ_LABEL": "YILIANG Yunnan (宜良)",
        "YZNM_PY": "YILIANG",
        "YZNM_CH": "宜良",
        "YZNM_FT": "宜良",
        "CHGIS_ID": "1603",
        "NOTE": null,
        "10CNTY_CH": "宜良县",
        "10CNTY_EN": "Yiliang",
        "10PREF_CH": "昆明市",
        "10PREF_EN": "Kunming",
        "10PROV_CH": "云南省",
        "10PROV_EN": "Yunnan",
        "GBCODE": 530125,
        "YZ_LAT": 103.141975,
        "YZ_LONG": 24.911066,
        "_layer_id": "ming_courier_stations",
        "_layer_title": "명대 역참 지점",
        "_source_file": "Ming_Stations_2016.shp",
        "_source_crs": "EPSG:4326"
      }
    },
    {
      "type": "Feature",
      "geometry": {
        "type": "Point",
        "coordinates": [
          103.29463999999999,
          26.420563000000016
        ]
      },
      "properties": {
        "SRC": "PA_1903",
        "STATUS": "L",
        "YZ_ID": 265,
        "YZ_LABEL": "DONGCHUAN Yunnan (东川)",
        "YZNM_PY": "DONGCHUAN",
        "YZNM_CH": "东川",
        "YZNM_FT": "東川",
        "CHGIS_ID": "45452",
        "NOTE": null,
        "10CNTY_CH": "会泽县",
        "10CNTY_EN": "Huize",
        "10PREF_CH": "曲靖市",
        "10PREF_EN": "Qujing",
        "10PROV_CH": "云南省",
        "10PROV_EN": "Yunnan",
        "GBCODE": 530326,
        "YZ_LAT": 103.29464,
        "YZ_LONG": 26.420563,
        "_layer_id": "ming_courier_stations",
        "_layer_title": "명대 역참 지점",
        "_source_file": "Ming_Stations_2016.shp",
        "_source_crs": "EPSG:4326"
      }
    },
    {
      "type": "Feature",
      "geometry": {
        "type": "Point",
        "coordinates": [
          104.106407,
          26.21884200000001
        ]
      },
      "properties": {
        "SRC": "PA_1903",
        "STATUS": "B",
        "YZ_ID": 266,
        "YZ_LABEL": "XUANWEI Yunnan (宣威)",
        "YZNM_PY": "XUANWEI",
        "YZNM_CH": "宣威",
        "YZNM_FT": "宣威",
        "CHGIS_ID": "1551",
        "NOTE": null,
        "10CNTY_CH": "宣威市",
        "10CNTY_EN": "Xuanwei",
        "10PREF_CH": "曲靖市",
        "10PREF_EN": "Qujing",
        "10PROV_CH": "云南省",
        "10PROV_EN": "Yunnan",
        "GBCODE": 530381,
        "YZ_LAT": 104.106407,
        "YZ_LONG": 26.218842,
        "_layer_id": "ming_courier_stations",
        "_layer_title": "명대 역참 지점",
        "_source_file": "Ming_Stations_2016.shp",
        "_source_crs": "EPSG:4326"
      }
    },
    {
      "type": "Feature",
      "geometry": {
        "type": "Point",
        "coordinates": [
          102.59973899999997,
          24.673285000000014
        ]
      },
      "properties": {
        "SRC": "PA_1903",
        "STATUS": "L",
        "YZ_ID": 267,
        "YZ_LABEL": "KUNYANG Yunnan (昆阳)",
        "YZNM_PY": "KUNYANG",
        "YZNM_CH": "昆阳",
        "YZNM_FT": "昆陽",
        "CHGIS_ID": "1599",
        "NOTE": null,
        "10CNTY_CH": "晋宁县",
        "10CNTY_EN": "Jinning",
        "10PREF_CH": "昆明市",
        "10PREF_EN": "Kunming",
        "10PROV_CH": "云南省",
        "10PROV_EN": "Yunnan",
        "GBCODE": 530122,
        "YZ_LAT": 102.599739,
        "YZ_LONG": 24.673285,
        "_layer_id": "ming_courier_stations",
        "_layer_title": "명대 역참 지점",
        "_source_file": "Ming_Stations_2016.shp",
        "_source_crs": "EPSG:4326"
      }
    },
    {
      "type": "Feature",
      "geometry": {
        "type": "Point",
        "coordinates": [
          102.537323,
          24.355511000000018
        ]
      },
      "properties": {
        "SRC": "PA_1903",
        "STATUS": "L",
        "YZ_ID": 268,
        "YZ_LABEL": "XINXING Yunnan (新兴)",
        "YZNM_PY": "XINXING",
        "YZNM_CH": "新兴",
        "YZNM_FT": "新興",
        "CHGIS_ID": "1601",
        "NOTE": null,
        "10CNTY_CH": "红塔区",
        "10CNTY_EN": "Hongta",
        "10PREF_CH": "玉溪市",
        "10PREF_EN": "Yuxi",
        "10PROV_CH": "云南省",
        "10PROV_EN": "Yunnan",
        "GBCODE": 530402,
        "YZ_LAT": 102.537323,
        "YZ_LONG": 24.355511,
        "_layer_id": "ming_courier_stations",
        "_layer_title": "명대 역참 지점",
        "_source_file": "Ming_Stations_2016.shp",
        "_source_crs": "EPSG:4326"
      }
    },
    {
      "type": "Feature",
      "geometry": {
        "type": "Point",
        "coordinates": [
          102.63928199999998,
          24.141741000000014
        ]
      },
      "properties": {
        "SRC": "PA_1903",
        "STATUS": "L",
        "YZ_ID": 269,
        "YZ_LABEL": "HEXI Yunnan (河西)",
        "YZNM_PY": "HEXI",
        "YZNM_CH": "河西",
        "YZNM_FT": "河西",
        "CHGIS_ID": "1591",
        "NOTE": null,
        "10CNTY_CH": "通海县",
        "10CNTY_EN": "Tonghai",
        "10PREF_CH": "玉溪市",
        "10PREF_EN": "Yuxi",
        "10PROV_CH": "云南省",
        "10PROV_EN": "Yunnan",
        "GBCODE": 530423,
        "YZ_LAT": 102.639282,
        "YZ_LONG": 24.141741,
        "_layer_id": "ming_courier_stations",
        "_layer_title": "명대 역참 지점",
        "_source_file": "Ming_Stations_2016.shp",
        "_source_crs": "EPSG:4326"
      }
    },
    {
      "type": "Feature",
      "geometry": {
        "type": "Point",
        "coordinates": [
          102.755608,
          24.10607100000001
        ]
      },
      "properties": {
        "SRC": "PA_1903",
        "STATUS": "B",
        "YZ_ID": 270,
        "YZ_LABEL": "TONGHAI Yunnan (通海)",
        "YZNM_PY": "TONGHAI",
        "YZNM_CH": "通海",
        "YZNM_FT": "通海",
        "CHGIS_ID": "1595",
        "NOTE": null,
        "10CNTY_CH": "通海县",
        "10CNTY_EN": "Tonghai",
        "10PREF_CH": "玉溪市",
        "10PREF_EN": "Yuxi",
        "10PROV_CH": "云南省",
        "10PROV_EN": "Yunnan",
        "GBCODE": 530423,
        "YZ_LAT": 102.755608,
        "YZ_LONG": 24.106071,
        "_layer_id": "ming_courier_stations",
        "_layer_title": "명대 역참 지점",
        "_source_file": "Ming_Stations_2016.shp",
        "_source_crs": "EPSG:4326"
      }
    },
    {
      "type": "Feature",
      "geometry": {
        "type": "Point",
        "coordinates": [
          102.488258,
          23.71901500000001
        ]
      },
      "properties": {
        "SRC": "PA_1903",
        "STATUS": "B",
        "YZ_ID": 271,
        "YZ_LABEL": "SHIPING Yunnan (石屏)",
        "YZNM_PY": "SHIPING",
        "YZNM_CH": "石屏",
        "YZNM_FT": "石屏",
        "CHGIS_ID": "1613",
        "NOTE": null,
        "10CNTY_CH": "石屏县",
        "10CNTY_EN": "Shiping",
        "10PREF_CH": "红河哈尼族彝族自治州",
        "10PREF_EN": "Honghehanizuyizu",
        "10PROV_CH": "云南省",
        "10PROV_EN": "Yunnan",
        "GBCODE": 532525,
        "YZ_LAT": 102.488258,
        "YZ_LONG": 23.719015,
        "_layer_id": "ming_courier_stations",
        "_layer_title": "명대 역참 지점",
        "_source_file": "Ming_Stations_2016.shp",
        "_source_crs": "EPSG:4326"
      }
    },
    {
      "type": "Feature",
      "geometry": {
        "type": "Point",
        "coordinates": [
          102.006424,
          23.60400800000001
        ]
      },
      "properties": {
        "SRC": "PA_1903",
        "STATUS": "B",
        "YZ_ID": 272,
        "YZ_LABEL": "YUANJIANG Yunnan (元江)",
        "YZNM_PY": "YUANJIANG",
        "YZNM_CH": "元江",
        "YZNM_FT": "元江",
        "CHGIS_ID": "9764",
        "NOTE": null,
        "10CNTY_CH": "元江哈尼族彝族傣族自治县",
        "10CNTY_EN": "Yuanjianghanizuyizudaizuzhz",
        "10PREF_CH": "玉溪市",
        "10PREF_EN": "Yuxi",
        "10PROV_CH": "云南省",
        "10PROV_EN": "Yunnan",
        "GBCODE": 530428,
        "YZ_LAT": 102.006424,
        "YZ_LONG": 23.604008,
        "_layer_id": "ming_courier_stations",
        "_layer_title": "명대 역참 지점",
        "_source_file": "Ming_Stations_2016.shp",
        "_source_crs": "EPSG:4326"
      }
    },
    {
      "type": "Feature",
      "geometry": {
        "type": "Point",
        "coordinates": [
          101.69400161592829,
          23.4391395305765
        ]
      },
      "properties": {
        "SRC": "PA_1903",
        "STATUS": "L",
        "YZ_ID": 273,
        "YZ_LABEL": "TALANG Yunnan (他郎)",
        "YZNM_PY": "TALANG",
        "YZNM_CH": "他郎",
        "YZNM_FT": "他郎",
        "CHGIS_ID": "1611",
        "NOTE": null,
        "10CNTY_CH": "墨江哈尼族自治县",
        "10CNTY_EN": "Mojianghanizuzhzhixian",
        "10PREF_CH": "普洱市",
        "10PREF_EN": "Puer",
        "10PROV_CH": "云南省",
        "10PROV_EN": "Yunnan",
        "GBCODE": 530822,
        "YZ_LAT": 101.694002,
        "YZ_LONG": 23.43914,
        "_layer_id": "ming_courier_stations",
        "_layer_title": "명대 역참 지점",
        "_source_file": "Ming_Stations_2016.shp",
        "_source_crs": "EPSG:4326"
      }
    },
    {
      "type": "Feature",
      "geometry": {
        "type": "Point",
        "coordinates": [
          101.03598933854126,
          23.070601646536083
        ]
      },
      "properties": {
        "SRC": "PA_1903",
        "STATUS": "L",
        "YZ_ID": 274,
        "YZ_LABEL": "NING'ER Yunnan (宁洱)",
        "YZNM_PY": "NING'ER",
        "YZNM_CH": "宁洱",
        "YZNM_FT": "寧洱",
        "CHGIS_ID": "9767",
        "NOTE": null,
        "10CNTY_CH": "宁洱哈尼族彝族自治县",
        "10CNTY_EN": "Ningerhanizuyizuzhzhixian",
        "10PREF_CH": "普洱市",
        "10PREF_EN": "Puer",
        "10PROV_CH": "云南省",
        "10PROV_EN": "Yunnan",
        "GBCODE": 530821,
        "YZ_LAT": 101.035989,
        "YZ_LONG": 23.070602,
        "_layer_id": "ming_courier_stations",
        "_layer_title": "명대 역참 지점",
        "_source_file": "Ming_Stations_2016.shp",
        "_source_crs": "EPSG:4326"
      }
    },
    {
      "type": "Feature",
      "geometry": {
        "type": "Point",
        "coordinates": [
          102.822311,
          23.624552000000016
        ]
      },
      "properties": {
        "SRC": "PA_1903",
        "STATUS": "L",
        "YZ_ID": 275,
        "YZ_LABEL": "LIN'ANFU Yunnan (临安)",
        "YZNM_PY": "LIN'ANFU",
        "YZNM_CH": "临安",
        "YZNM_FT": "臨安",
        "CHGIS_ID": "9765",
        "NOTE": null,
        "10CNTY_CH": "建水县",
        "10CNTY_EN": "Jianshui",
        "10PREF_CH": "红河哈尼族彝族自治州",
        "10PREF_EN": "Honghehanizuyizu",
        "10PROV_CH": "云南省",
        "10PROV_EN": "Yunnan",
        "GBCODE": 532524,
        "YZ_LAT": 102.822311,
        "YZ_LONG": 23.624552,
        "_layer_id": "ming_courier_stations",
        "_layer_title": "명대 역참 지점",
        "_source_file": "Ming_Stations_2016.shp",
        "_source_crs": "EPSG:4326"
      }
    },
    {
      "type": "Feature",
      "geometry": {
        "type": "Point",
        "coordinates": [
          101.16930525684798,
          23.161602847368243
        ]
      },
      "properties": {
        "SRC": "PA_1903",
        "STATUS": "L",
        "YZ_ID": 276,
        "YZ_LABEL": "MOHEI Yunnan (磨黑)",
        "YZNM_PY": "MOHEI",
        "YZNM_CH": "磨黑",
        "YZNM_FT": "磨黑",
        "CHGIS_ID": "22588",
        "NOTE": null,
        "10CNTY_CH": "宁洱哈尼族彝族自治县",
        "10CNTY_EN": "Ningerhanizuyizuzhzhixian",
        "10PREF_CH": "普洱市",
        "10PREF_EN": "Puer",
        "10PROV_CH": "云南省",
        "10PROV_EN": "Yunnan",
        "GBCODE": 530821,
        "YZ_LAT": 101.169305,
        "YZ_LONG": 23.161603,
        "_layer_id": "ming_courier_stations",
        "_layer_title": "명대 역참 지점",
        "_source_file": "Ming_Stations_2016.shp",
        "_source_crs": "EPSG:4326"
      }
    },
    {
      "type": "Feature",
      "geometry": {
        "type": "Point",
        "coordinates": [
          101.07669269472215,
          23.00107281825008
        ]
      },
      "properties": {
        "SRC": "PA_1903",
        "STATUS": "L",
        "YZ_ID": 277,
        "YZ_LABEL": "SHIGAO Yunnan (石膏)",
        "YZNM_PY": "SHIGAO",
        "YZNM_CH": "石膏",
        "YZNM_FT": "石膏",
        "CHGIS_ID": null,
        "NOTE": null,
        "10CNTY_CH": "宁洱哈尼族彝族自治县",
        "10CNTY_EN": "Ningerhanizuyizuzhzhixian",
        "10PREF_CH": "普洱市",
        "10PREF_EN": "Puer",
        "10PROV_CH": "云南省",
        "10PROV_EN": "Yunnan",
        "GBCODE": 530821,
        "YZ_LAT": 101.076693,
        "YZ_LONG": 23.001073,
        "_layer_id": "ming_courier_stations",
        "_layer_title": "명대 역참 지점",
        "_source_file": "Ming_Stations_2016.shp",
        "_source_crs": "EPSG:4326"
      }
    },
    {
      "type": "Feature",
      "geometry": {
        "type": "Point",
        "coordinates": [
          100.97543301775337,
          22.793429984648206
        ]
      },
      "properties": {
        "SRC": "PA_1903",
        "STATUS": "L",
        "YZ_ID": 278,
        "YZ_LABEL": "PU'ER Yunnan (普洱)",
        "YZNM_PY": "PU'ER",
        "YZNM_CH": "普洱",
        "YZNM_FT": "普洱",
        "CHGIS_ID": "122608",
        "NOTE": null,
        "10CNTY_CH": "思茅区",
        "10CNTY_EN": "Simao",
        "10PREF_CH": "普洱市",
        "10PREF_EN": "Puer",
        "10PROV_CH": "云南省",
        "10PROV_EN": "Yunnan",
        "GBCODE": 530802,
        "YZ_LAT": 100.975433,
        "YZ_LONG": 22.79343,
        "_layer_id": "ming_courier_stations",
        "_layer_title": "명대 역참 지점",
        "_source_file": "Ming_Stations_2016.shp",
        "_source_crs": "EPSG:4326"
      }
    },
    {
      "type": "Feature",
      "geometry": {
        "type": "Point",
        "coordinates": [
          102.474121,
          24.91844200000001
        ]
      },
      "properties": {
        "SRC": "PA_1903",
        "STATUS": "B",
        "YZ_ID": 279,
        "YZ_LABEL": "ANNING Yunnan (安宁)",
        "YZNM_PY": "ANNING",
        "YZNM_CH": "安宁",
        "YZNM_FT": "安寧",
        "CHGIS_ID": "1594",
        "NOTE": null,
        "10CNTY_CH": "安宁市",
        "10CNTY_EN": "Anning",
        "10PREF_CH": "昆明市",
        "10PREF_EN": "Kunming",
        "10PROV_CH": "云南省",
        "10PROV_EN": "Yunnan",
        "GBCODE": 530181,
        "YZ_LAT": 102.474121,
        "YZ_LONG": 24.918442,
        "_layer_id": "ming_courier_stations",
        "_layer_title": "명대 역참 지점",
        "_source_file": "Ming_Stations_2016.shp",
        "_source_crs": "EPSG:4326"
      }
    },
    {
      "type": "Feature",
      "geometry": {
        "type": "Point",
        "coordinates": [
          102.080101,
          25.147398000000013
        ]
      },
      "properties": {
        "SRC": "PA_1903",
        "STATUS": "B",
        "YZ_ID": 280,
        "YZ_LABEL": "LUFENG Yunnan (禄丰)",
        "YZNM_PY": "LUFENG",
        "YZNM_CH": "禄丰",
        "YZNM_FT": "祿豐",
        "CHGIS_ID": "1566",
        "NOTE": null,
        "10CNTY_CH": "禄丰县",
        "10CNTY_EN": "Lufeng",
        "10PREF_CH": "楚雄彝族自治州",
        "10PREF_EN": "Chuxiongyizu",
        "10PROV_CH": "云南省",
        "10PROV_EN": "Yunnan",
        "GBCODE": 532331,
        "YZ_LAT": 102.080101,
        "YZ_LONG": 25.147398,
        "_layer_id": "ming_courier_stations",
        "_layer_title": "명대 역참 지점",
        "_source_file": "Ming_Stations_2016.shp",
        "_source_crs": "EPSG:4326"
      }
    },
    {
      "type": "Feature",
      "geometry": {
        "type": "Point",
        "coordinates": [
          101.75338699999999,
          25.171421000000013
        ]
      },
      "properties": {
        "SRC": "PA_1903",
        "STATUS": "L",
        "YZ_ID": 281,
        "YZ_LABEL": "LUFENG Yunnan (禄丰)",
        "YZNM_PY": "LUFENG",
        "YZNM_CH": "禄丰",
        "YZNM_FT": "祿豐",
        "CHGIS_ID": "1560",
        "NOTE": null,
        "10CNTY_CH": "禄丰县",
        "10CNTY_EN": "Lufeng",
        "10PREF_CH": "楚雄彝族自治州",
        "10PREF_EN": "Chuxiongyizu",
        "10PROV_CH": "云南省",
        "10PROV_EN": "Yunnan",
        "GBCODE": 532331,
        "YZ_LAT": 101.753387,
        "YZ_LONG": 25.171421,
        "_layer_id": "ming_courier_stations",
        "_layer_title": "명대 역참 지점",
        "_source_file": "Ming_Stations_2016.shp",
        "_source_crs": "EPSG:4326"
      }
    },
    {
      "type": "Feature",
      "geometry": {
        "type": "Point",
        "coordinates": [
          101.54286199999999,
          25.033066000000012
        ]
      },
      "properties": {
        "SRC": "PA_1903",
        "STATUS": "B",
        "YZ_ID": 282,
        "YZ_LABEL": "CHUXIONG Yunnan (楚雄)",
        "YZNM_PY": "CHUXIONG",
        "YZNM_CH": "楚雄",
        "YZNM_FT": "楚雄",
        "CHGIS_ID": "9754",
        "NOTE": null,
        "10CNTY_CH": "楚雄市",
        "10CNTY_EN": "Chuxiong",
        "10PREF_CH": "楚雄彝族自治州",
        "10PREF_EN": "Chuxiongyizu",
        "10PROV_CH": "云南省",
        "10PROV_EN": "Yunnan",
        "GBCODE": 532301,
        "YZ_LAT": 101.542862,
        "YZ_LONG": 25.033066,
        "_layer_id": "ming_courier_stations",
        "_layer_title": "명대 역참 지점",
        "_source_file": "Ming_Stations_2016.shp",
        "_source_crs": "EPSG:4326"
      }
    },
    {
      "type": "Feature",
      "geometry": {
        "type": "Point",
        "coordinates": [
          101.27696199999998,
          25.196548000000014
        ]
      },
      "properties": {
        "SRC": "MDYZK",
        "STATUS": "Y",
        "YZ_ID": 283,
        "YZ_LABEL": "ZHENNAN Yunnan (镇南驿)",
        "YZNM_PY": "ZHENNAN",
        "YZNM_CH": "镇南驿",
        "YZNM_FT": "鎮南驛",
        "CHGIS_ID": "1563",
        "NOTE": null,
        "10CNTY_CH": "南华县",
        "10CNTY_EN": "Nanhua",
        "10PREF_CH": "楚雄彝族自治州",
        "10PREF_EN": "Chuxiongyizu",
        "10PROV_CH": "云南省",
        "10PROV_EN": "Yunnan",
        "GBCODE": 532324,
        "YZ_LAT": 101.276962,
        "YZ_LONG": 25.196548,
        "_layer_id": "ming_courier_stations",
        "_layer_title": "명대 역참 지점",
        "_source_file": "Ming_Stations_2016.shp",
        "_source_crs": "EPSG:4326"
      }
    },
    {
      "type": "Feature",
      "geometry": {
        "type": "Point",
        "coordinates": [
          100.55898299999997,
          25.479092000000012
        ]
      },
      "properties": {
        "SRC": "MDYZK",
        "STATUS": "Y",
        "YZ_ID": 284,
        "YZ_LABEL": "YUNNANYI Yunnan (镇南驿)",
        "YZNM_PY": "YUNNANYI",
        "YZNM_CH": "镇南驿",
        "YZNM_FT": "鎮南驛",
        "CHGIS_ID": "1555",
        "NOTE": null,
        "10CNTY_CH": "祥云县",
        "10CNTY_EN": "Xiangyun",
        "10PREF_CH": "大理白族自治州",
        "10PREF_EN": "Dalibaizu",
        "10PROV_CH": "云南省",
        "10PROV_EN": "Yunnan",
        "GBCODE": 532923,
        "YZ_LAT": 100.558983,
        "YZ_LONG": 25.479092,
        "_layer_id": "ming_courier_stations",
        "_layer_title": "명대 역참 지점",
        "_source_file": "Ming_Stations_2016.shp",
        "_source_crs": "EPSG:4326"
      }
    },
    {
      "type": "Feature",
      "geometry": {
        "type": "Point",
        "coordinates": [
          100.31289700000002,
          25.58517100000001
        ]
      },
      "properties": {
        "SRC": "MDYZK",
        "STATUS": "Y",
        "YZ_ID": 285,
        "YZ_LABEL": "ZHAOZHOU Yunnan (赵州)",
        "YZNM_PY": "ZHAOZHOU",
        "YZNM_CH": "赵州",
        "YZNM_FT": "趙州",
        "CHGIS_ID": "1623",
        "NOTE": null,
        "10CNTY_CH": "大理市",
        "10CNTY_EN": "Dali",
        "10PREF_CH": "大理白族自治州",
        "10PREF_EN": "Dalibaizu",
        "10PROV_CH": "云南省",
        "10PROV_EN": "Yunnan",
        "GBCODE": 532901,
        "YZ_LAT": 100.312897,
        "YZ_LONG": 25.585171,
        "_layer_id": "ming_courier_stations",
        "_layer_title": "명대 역참 지점",
        "_source_file": "Ming_Stations_2016.shp",
        "_source_crs": "EPSG:4326"
      }
    },
    {
      "type": "Feature",
      "geometry": {
        "type": "Point",
        "coordinates": [
          100.16444400000002,
          25.69783000000001
        ]
      },
      "properties": {
        "SRC": "MDYZK",
        "STATUS": "Y",
        "YZ_ID": 286,
        "YZ_LABEL": "TAIHEYI Yunnan (太和驿)",
        "YZNM_PY": "TAIHEYI",
        "YZNM_CH": "太和驿",
        "YZNM_FT": "太和驛",
        "CHGIS_ID": "9753",
        "NOTE": null,
        "10CNTY_CH": "大理市",
        "10CNTY_EN": "Dali",
        "10PREF_CH": "大理白族自治州",
        "10PREF_EN": "Dalibaizu",
        "10PROV_CH": "云南省",
        "10PROV_EN": "Yunnan",
        "GBCODE": 532901,
        "YZ_LAT": 100.164444,
        "YZ_LONG": 25.69783,
        "_layer_id": "ming_courier_stations",
        "_layer_title": "명대 역참 지점",
        "_source_file": "Ming_Stations_2016.shp",
        "_source_crs": "EPSG:4326"
      }
    },
    {
      "type": "Feature",
      "geometry": {
        "type": "Point",
        "coordinates": [
          100.100213,
          25.994296000000006
        ]
      },
      "properties": {
        "SRC": "MDYZK",
        "STATUS": "Y",
        "YZ_ID": 287,
        "YZ_LABEL": "DENGCHUAN Yunnan (邓川)",
        "YZNM_PY": "DENGCHUAN",
        "YZNM_CH": "邓川",
        "YZNM_FT": "鄧川",
        "CHGIS_ID": "1556",
        "NOTE": null,
        "10CNTY_CH": "洱源县",
        "10CNTY_EN": "Eryuan",
        "10PREF_CH": "大理白族自治州",
        "10PREF_EN": "Dalibaizu",
        "10PROV_CH": "云南省",
        "10PROV_EN": "Yunnan",
        "GBCODE": 532930,
        "YZ_LAT": 100.100213,
        "YZ_LONG": 25.994296,
        "_layer_id": "ming_courier_stations",
        "_layer_title": "명대 역참 지점",
        "_source_file": "Ming_Stations_2016.shp",
        "_source_crs": "EPSG:4326"
      }
    },
    {
      "type": "Feature",
      "geometry": {
        "type": "Point",
        "coordinates": [
          100.179276,
          26.55941800000001
        ]
      },
      "properties": {
        "SRC": "PA_1903",
        "STATUS": "B",
        "YZ_ID": 288,
        "YZ_LABEL": "HEQING Yunnan (鹤庆)",
        "YZNM_PY": "HEQING",
        "YZNM_CH": "鹤庆",
        "YZNM_FT": "鶴慶",
        "CHGIS_ID": "1548",
        "NOTE": null,
        "10CNTY_CH": "鹤庆县",
        "10CNTY_EN": "Heqing",
        "10PREF_CH": "大理白族自治州",
        "10PREF_EN": "Dalibaizu",
        "10PROV_CH": "云南省",
        "10PROV_EN": "Yunnan",
        "GBCODE": 532932,
        "YZ_LAT": 100.179276,
        "YZ_LONG": 26.559418,
        "_layer_id": "ming_courier_stations",
        "_layer_title": "명대 역참 지점",
        "_source_file": "Ming_Stations_2016.shp",
        "_source_crs": "EPSG:4326"
      }
    },
    {
      "type": "Feature",
      "geometry": {
        "type": "Point",
        "coordinates": [
          100.23598500000001,
          26.874634000000015
        ]
      },
      "properties": {
        "SRC": "PA_1903",
        "STATUS": "B",
        "YZ_ID": 289,
        "YZ_LABEL": "LIJIANG Yunnan (丽江)",
        "YZNM_PY": "LIJIANG",
        "YZNM_CH": "丽江",
        "YZNM_FT": "麗江",
        "CHGIS_ID": "9768",
        "NOTE": null,
        "10CNTY_CH": "古城区",
        "10CNTY_EN": "Gucheng",
        "10PREF_CH": "丽江市",
        "10PREF_EN": "Lijiang",
        "10PROV_CH": "云南省",
        "10PROV_EN": "Yunnan",
        "GBCODE": 530702,
        "YZ_LAT": 100.235985,
        "YZ_LONG": 26.874634,
        "_layer_id": "ming_courier_stations",
        "_layer_title": "명대 역참 지점",
        "_source_file": "Ming_Stations_2016.shp",
        "_source_crs": "EPSG:4326"
      }
    },
    {
      "type": "Feature",
      "geometry": {
        "type": "Point",
        "coordinates": [
          100.226288,
          25.59046700000001
        ]
      },
      "properties": {
        "SRC": "MDYZK",
        "STATUS": "Y",
        "YZ_ID": 290,
        "YZ_LABEL": "XIAGUAN Yunnan (下关)",
        "YZNM_PY": "XIAGUAN",
        "YZNM_CH": "下关",
        "YZNM_FT": "下關",
        "CHGIS_ID": "22429",
        "NOTE": null,
        "10CNTY_CH": "大理市",
        "10CNTY_EN": "Dali",
        "10PREF_CH": "大理白族自治州",
        "10PREF_EN": "Dalibaizu",
        "10PROV_CH": "云南省",
        "10PROV_EN": "Yunnan",
        "GBCODE": 532901,
        "YZ_LAT": 100.226288,
        "YZ_LONG": 25.590467,
        "_layer_id": "ming_courier_stations",
        "_layer_title": "명대 역참 지점",
        "_source_file": "Ming_Stations_2016.shp",
        "_source_crs": "EPSG:4326"
      }
    },
    {
      "type": "Feature",
      "geometry": {
        "type": "Point",
        "coordinates": [
          99.51934099999998,
          25.46317100000001
        ]
      },
      "properties": {
        "SRC": "MDYZK",
        "STATUS": "Y",
        "YZ_ID": 291,
        "YZ_LABEL": "YONGPING Yunnan (永平)",
        "YZNM_PY": "YONGPING",
        "YZNM_CH": "永平",
        "YZNM_FT": "永平",
        "CHGIS_ID": "1552",
        "NOTE": null,
        "10CNTY_CH": "永平县",
        "10CNTY_EN": "Yongping",
        "10PREF_CH": "大理白族自治州",
        "10PREF_EN": "Dalibaizu",
        "10PROV_CH": "云南省",
        "10PROV_EN": "Yunnan",
        "GBCODE": 532928,
        "YZ_LAT": 99.519341,
        "YZ_LONG": 25.463171,
        "_layer_id": "ming_courier_stations",
        "_layer_title": "명대 역참 지점",
        "_source_file": "Ming_Stations_2016.shp",
        "_source_crs": "EPSG:4326"
      }
    },
    {
      "type": "Feature",
      "geometry": {
        "type": "Point",
        "coordinates": [
          99.16686199999998,
          25.11243600000001
        ]
      },
      "properties": {
        "SRC": "MDYZK",
        "STATUS": "Y",
        "YZ_ID": 292,
        "YZ_LABEL": "YONGCHANG Yunnan (永昌)",
        "YZNM_PY": "YONGCHANG",
        "YZNM_CH": "永昌",
        "YZNM_FT": "永昌",
        "CHGIS_ID": "9751",
        "NOTE": null,
        "10CNTY_CH": "隆阳区",
        "10CNTY_EN": "Longyang",
        "10PREF_CH": "保山市",
        "10PREF_EN": "Baoshan",
        "10PROV_CH": "云南省",
        "10PROV_EN": "Yunnan",
        "GBCODE": 530502,
        "YZ_LAT": 99.166862,
        "YZ_LONG": 25.112436,
        "_layer_id": "ming_courier_stations",
        "_layer_title": "명대 역참 지점",
        "_source_file": "Ming_Stations_2016.shp",
        "_source_crs": "EPSG:4326"
      }
    },
    {
      "type": "Feature",
      "geometry": {
        "type": "Point",
        "coordinates": [
          98.49497999999997,
          25.024349000000015
        ]
      },
      "properties": {
        "SRC": "MDYZK",
        "STATUS": "Y",
        "YZ_ID": 293,
        "YZ_LABEL": "TENGYUE Yunnan (腾越)",
        "YZNM_PY": "TENGYUE",
        "YZNM_CH": "腾越",
        "YZNM_FT": "騰越",
        "CHGIS_ID": "9750",
        "NOTE": null,
        "10CNTY_CH": "腾冲县",
        "10CNTY_EN": "Tengchong",
        "10PREF_CH": "保山市",
        "10PREF_EN": "Baoshan",
        "10PROV_CH": "云南省",
        "10PROV_EN": "Yunnan",
        "GBCODE": 530522,
        "YZ_LAT": 98.49498,
        "YZ_LONG": 25.024349,
        "_layer_id": "ming_courier_stations",
        "_layer_title": "명대 역참 지점",
        "_source_file": "Ming_Stations_2016.shp",
        "_source_crs": "EPSG:4326"
      }
    },
    {
      "type": "Feature",
      "geometry": {
        "type": "Point",
        "coordinates": [
          98.69038399999997,
          24.590191000000008
        ]
      },
      "properties": {
        "SRC": "MDYZK",
        "STATUS": "Y",
        "YZ_ID": 294,
        "YZ_LABEL": "LONGLING Yunnan (龙陵)",
        "YZNM_PY": "LONGLING",
        "YZNM_CH": "龙陵",
        "YZNM_FT": "龍陵",
        "CHGIS_ID": "1582",
        "NOTE": null,
        "10CNTY_CH": "龙陵县",
        "10CNTY_EN": "Longling",
        "10PREF_CH": "保山市",
        "10PREF_EN": "Baoshan",
        "10PROV_CH": "云南省",
        "10PROV_EN": "Yunnan",
        "GBCODE": 530523,
        "YZ_LAT": 98.690384,
        "YZ_LONG": 24.590191,
        "_layer_id": "ming_courier_stations",
        "_layer_title": "명대 역참 지점",
        "_source_file": "Ming_Stations_2016.shp",
        "_source_crs": "EPSG:4326"
      }
    },
    {
      "type": "Feature",
      "geometry": {
        "type": "Point",
        "coordinates": [
          100.30888399999998,
          25.230034000000007
        ]
      },
      "properties": {
        "SRC": "MDYZK",
        "STATUS": "Y",
        "YZ_ID": 295,
        "YZ_LABEL": "MENGHUA Yunnan (蒙化)",
        "YZNM_PY": "MENGHUA",
        "YZNM_CH": "蒙化",
        "YZNM_FT": "蒙化",
        "CHGIS_ID": "9752",
        "NOTE": null,
        "10CNTY_CH": "巍山彝族回族自治县",
        "10CNTY_EN": "Weishanyizuhuizuzhzhixian",
        "10PREF_CH": "大理白族自治州",
        "10PREF_EN": "Dalibaizu",
        "10PROV_CH": "云南省",
        "10PROV_EN": "Yunnan",
        "GBCODE": 532927,
        "YZ_LAT": 100.308884,
        "YZ_LONG": 25.230034,
        "_layer_id": "ming_courier_stations",
        "_layer_title": "명대 역참 지점",
        "_source_file": "Ming_Stations_2016.shp",
        "_source_crs": "EPSG:4326"
      }
    },
    {
      "type": "Feature",
      "geometry": {
        "type": "Point",
        "coordinates": [
          105.06199600000001,
          24.052822000000013
        ]
      },
      "properties": {
        "SRC": "PA_1903",
        "STATUS": "B",
        "YZ_ID": 296,
        "YZ_LABEL": "GUANGNAN Yunnan (广南)",
        "YZNM_PY": "GUANGNAN",
        "YZNM_CH": "广南",
        "YZNM_FT": "廣南",
        "CHGIS_ID": "9762",
        "NOTE": null,
        "10CNTY_CH": "广南县",
        "10CNTY_EN": "Guangnan",
        "10PREF_CH": "文山壮族苗族自治州",
        "10PREF_EN": "Wenshanzhuangzumiaozu",
        "10PROV_CH": "云南省",
        "10PROV_EN": "Yunnan",
        "GBCODE": 532627,
        "YZ_LAT": 105.061996,
        "YZ_LONG": 24.052822,
        "_layer_id": "ming_courier_stations",
        "_layer_title": "명대 역참 지점",
        "_source_file": "Ming_Stations_2016.shp",
        "_source_crs": "EPSG:4326"
      }
    },
    {
      "type": "Feature",
      "geometry": {
        "type": "Point",
        "coordinates": [
          106.61167900000001,
          23.904539000000018
        ]
      },
      "properties": {
        "SRC": "MDYZK",
        "STATUS": "N",
        "YZ_ID": 297,
        "YZ_LABEL": "BOSAI Guangxi (博赛驿)",
        "YZNM_PY": "BOSAI",
        "YZNM_CH": "博赛驿",
        "YZNM_FT": "博賽驛",
        "CHGIS_ID": "392",
        "NOTE": null,
        "10CNTY_CH": "右江区",
        "10CNTY_EN": "Youjiang",
        "10PREF_CH": "百色市",
        "10PREF_EN": "Baise",
        "10PROV_CH": "广西壮族自治区",
        "10PROV_EN": "Guangxi",
        "GBCODE": 451002,
        "YZ_LAT": 106.611679,
        "YZ_LONG": 23.904539,
        "_layer_id": "ming_courier_stations",
        "_layer_title": "명대 역참 지점",
        "_source_file": "Ming_Stations_2016.shp",
        "_source_crs": "EPSG:4326"
      }
    },
    {
      "type": "Feature",
      "geometry": {
        "type": "Point",
        "coordinates": [
          106.81580299980168,
          23.72985799993046
        ]
      },
      "properties": {
        "SRC": "PA_1903",
        "STATUS": "N",
        "YZ_ID": 298,
        "YZ_LABEL": "NABOYI Guangxi (那波)",
        "YZNM_PY": "NABOYI",
        "YZNM_CH": "那波",
        "YZNM_FT": "那波",
        "CHGIS_ID": "155547",
        "NOTE": null,
        "10CNTY_CH": "田阳县",
        "10CNTY_EN": "Tianyang",
        "10PREF_CH": "百色市",
        "10PREF_EN": "Baise",
        "10PROV_CH": "广西壮族自治区",
        "10PROV_EN": "Guangxi",
        "GBCODE": 451021,
        "YZ_LAT": 106.815803,
        "YZ_LONG": 23.729858,
        "_layer_id": "ming_courier_stations",
        "_layer_title": "명대 역참 지점",
        "_source_file": "Ming_Stations_2016.shp",
        "_source_crs": "EPSG:4326"
      }
    },
    {
      "type": "Feature",
      "geometry": {
        "type": "Point",
        "coordinates": [
          106.908669,
          23.73387000000001
        ]
      },
      "properties": {
        "SRC": "MDYZK",
        "STATUS": "Y",
        "YZ_ID": 299,
        "YZ_LABEL": "TIANZHOU Guangxi (田州)",
        "YZNM_PY": "TIANZHOU",
        "YZNM_CH": "田州",
        "YZNM_FT": "田州",
        "CHGIS_ID": "397",
        "NOTE": null,
        "10CNTY_CH": "田阳县",
        "10CNTY_EN": "Tianyang",
        "10PREF_CH": "百色市",
        "10PREF_EN": "Baise",
        "10PROV_CH": "广西壮族自治区",
        "10PROV_EN": "Guangxi",
        "GBCODE": 451021,
        "YZ_LAT": 106.908669,
        "YZ_LONG": 23.73387,
        "_layer_id": "ming_courier_stations",
        "_layer_title": "명대 역참 지점",
        "_source_file": "Ming_Stations_2016.shp",
        "_source_crs": "EPSG:4326"
      }
    },
    {
      "type": "Feature",
      "geometry": {
        "type": "Point",
        "coordinates": [
          107.11415899999999,
          23.60562700000001
        ]
      },
      "properties": {
        "SRC": "MDYZK",
        "STATUS": "Y",
        "YZ_ID": 300,
        "YZ_LABEL": "PINGMA Guangxi (平马驿)",
        "YZNM_PY": "PINGMA",
        "YZNM_CH": "平马驿",
        "YZNM_FT": "平馬驛",
        "CHGIS_ID": "17421",
        "NOTE": null,
        "10CNTY_CH": "田东县",
        "10CNTY_EN": "Tiandong",
        "10PREF_CH": "百色市",
        "10PREF_EN": "Baise",
        "10PROV_CH": "广西壮族自治区",
        "10PROV_EN": "Guangxi",
        "GBCODE": 451022,
        "YZ_LAT": 107.114159,
        "YZ_LONG": 23.605627,
        "_layer_id": "ming_courier_stations",
        "_layer_title": "명대 역참 지점",
        "_source_file": "Ming_Stations_2016.shp",
        "_source_crs": "EPSG:4326"
      }
    },
    {
      "type": "Feature",
      "geometry": {
        "type": "Point",
        "coordinates": [
          107.41062199999999,
          23.41772800000001
        ]
      },
      "properties": {
        "SRC": "MDYZK",
        "STATUS": "Y",
        "YZ_ID": 301,
        "YZ_LABEL": "GUOHUA Guangxi (果花州)",
        "YZNM_PY": "GUOHUA",
        "YZNM_CH": "果花州",
        "YZNM_FT": "果花州",
        "CHGIS_ID": "409",
        "NOTE": null,
        "10CNTY_CH": "平果县",
        "10CNTY_EN": "Pingguo",
        "10PREF_CH": "百色市",
        "10PREF_EN": "Baise",
        "10PROV_CH": "广西壮族自治区",
        "10PROV_EN": "Guangxi",
        "GBCODE": 451023,
        "YZ_LAT": 107.410622,
        "YZ_LONG": 23.417728,
        "_layer_id": "ming_courier_stations",
        "_layer_title": "명대 역참 지점",
        "_source_file": "Ming_Stations_2016.shp",
        "_source_crs": "EPSG:4326"
      }
    },
    {
      "type": "Feature",
      "geometry": {
        "type": "Point",
        "coordinates": [
          107.68495199999998,
          23.178167000000016
        ]
      },
      "properties": {
        "SRC": "PA_1903",
        "STATUS": "B",
        "YZ_ID": 302,
        "YZ_LABEL": "LONG'AN Guangxi (隆安)",
        "YZNM_PY": "LONG'AN",
        "YZNM_CH": "隆安",
        "YZNM_FT": "隆安",
        "CHGIS_ID": "401",
        "NOTE": null,
        "10CNTY_CH": "隆安县",
        "10CNTY_EN": "Longan",
        "10PREF_CH": "南宁市",
        "10PREF_EN": "Nanning",
        "10PROV_CH": "广西壮族自治区",
        "10PROV_EN": "Guangxi",
        "GBCODE": 450123,
        "YZ_LAT": 107.684952,
        "YZ_LONG": 23.178167,
        "_layer_id": "ming_courier_stations",
        "_layer_title": "명대 역참 지점",
        "_source_file": "Ming_Stations_2016.shp",
        "_source_crs": "EPSG:4326"
      }
    },
    {
      "type": "Feature",
      "geometry": {
        "type": "Point",
        "coordinates": [
          108.312073,
          22.80614500000001
        ]
      },
      "properties": {
        "SRC": "MDYZK",
        "STATUS": "Y",
        "YZ_ID": 303,
        "YZ_LABEL": "NANNING Guangxi (南宁府)",
        "YZNM_PY": "NANNING",
        "YZNM_CH": "南宁府",
        "YZNM_FT": "南寧府",
        "CHGIS_ID": "9566",
        "NOTE": null,
        "10CNTY_CH": "青秀区",
        "10CNTY_EN": "Xincheng",
        "10PREF_CH": "南宁市",
        "10PREF_EN": "Nanning",
        "10PROV_CH": "广西壮族自治区",
        "10PROV_EN": "Guangxi",
        "GBCODE": 450103,
        "YZ_LAT": 108.312073,
        "YZ_LONG": 22.806145,
        "_layer_id": "ming_courier_stations",
        "_layer_title": "명대 역참 지점",
        "_source_file": "Ming_Stations_2016.shp",
        "_source_crs": "EPSG:4326"
      }
    },
    {
      "type": "Feature",
      "geometry": {
        "type": "Point",
        "coordinates": [
          108.91420699999999,
          22.804642000000012
        ]
      },
      "properties": {
        "SRC": "PA_1903",
        "STATUS": "N",
        "YZ_ID": 304,
        "YZ_LABEL": "YONGCHANG Guangxi (永淐)",
        "YZNM_PY": "YONGCHANG",
        "YZNM_CH": "永淐",
        "YZNM_FT": "永淐",
        "CHGIS_ID": "450",
        "NOTE": null,
        "10CNTY_CH": "横县",
        "10CNTY_EN": "Heng",
        "10PREF_CH": "南宁市",
        "10PREF_EN": "Nanning",
        "10PROV_CH": "广西壮族自治区",
        "10PROV_EN": "Guangxi",
        "GBCODE": 450127,
        "YZ_LAT": 108.914207,
        "YZ_LONG": 22.804642,
        "_layer_id": "ming_courier_stations",
        "_layer_title": "명대 역참 지점",
        "_source_file": "Ming_Stations_2016.shp",
        "_source_crs": "EPSG:4326"
      }
    },
    {
      "type": "Feature",
      "geometry": {
        "type": "Point",
        "coordinates": [
          109.14778199999863,
          22.614110999999614
        ]
      },
      "properties": {
        "SRC": "PA_1903",
        "STATUS": "N",
        "YZ_ID": 305,
        "YZ_LABEL": "NANXIANG Guangxi (南乡)",
        "YZNM_PY": "NANXIANG",
        "YZNM_CH": "南乡",
        "YZNM_FT": "南鄉",
        "CHGIS_ID": "155182",
        "NOTE": null,
        "10CNTY_CH": "横县",
        "10CNTY_EN": "Heng",
        "10PREF_CH": "南宁市",
        "10PREF_EN": "Nanning",
        "10PROV_CH": "广西壮族自治区",
        "10PROV_EN": "Guangxi",
        "GBCODE": 450127,
        "YZ_LAT": 109.147782,
        "YZ_LONG": 22.614111,
        "_layer_id": "ming_courier_stations",
        "_layer_title": "명대 역참 지점",
        "_source_file": "Ming_Stations_2016.shp",
        "_source_crs": "EPSG:4326"
      }
    },
    {
      "type": "Feature",
      "geometry": {
        "type": "Point",
        "coordinates": [
          109.26704400000001,
          22.692957000000014
        ]
      },
      "properties": {
        "SRC": "MDYZK",
        "STATUS": "Y",
        "YZ_ID": 306,
        "YZ_LABEL": "HENGZHOU Guangxi (横州)",
        "YZNM_PY": "HENGZHOU",
        "YZNM_CH": "横州",
        "YZNM_FT": "橫州",
        "CHGIS_ID": "459",
        "NOTE": null,
        "10CNTY_CH": "横县",
        "10CNTY_EN": "Heng",
        "10PREF_CH": "南宁市",
        "10PREF_EN": "Nanning",
        "10PROV_CH": "广西壮族自治区",
        "10PROV_EN": "Guangxi",
        "GBCODE": 450127,
        "YZ_LAT": 109.267044,
        "YZ_LONG": 22.692957,
        "_layer_id": "ming_courier_stations",
        "_layer_title": "명대 역참 지점",
        "_source_file": "Ming_Stations_2016.shp",
        "_source_crs": "EPSG:4326"
      }
    },
    {
      "type": "Feature",
      "geometry": {
        "type": "Point",
        "coordinates": [
          109.608444,
          23.09909200000001
        ]
      },
      "properties": {
        "SRC": "MDYZK",
        "STATUS": "Y",
        "YZ_ID": 307,
        "YZ_LABEL": "GUIXIAN Guangxi (贵县)",
        "YZNM_PY": "GUIXIAN",
        "YZNM_CH": "贵县",
        "YZNM_FT": "貴縣",
        "CHGIS_ID": "420",
        "NOTE": null,
        "10CNTY_CH": "港南区",
        "10CNTY_EN": "Gangnan",
        "10PREF_CH": "贵港市",
        "10PREF_EN": "Guigang",
        "10PROV_CH": "广西壮族自治区",
        "10PROV_EN": "Guangxi",
        "GBCODE": 450803,
        "YZ_LAT": 109.608444,
        "YZ_LONG": 23.099092,
        "_layer_id": "ming_courier_stations",
        "_layer_title": "명대 역참 지점",
        "_source_file": "Ming_Stations_2016.shp",
        "_source_crs": "EPSG:4326"
      }
    },
    {
      "type": "Feature",
      "geometry": {
        "type": "Point",
        "coordinates": [
          110.07166299999999,
          23.39457100000001
        ]
      },
      "properties": {
        "SRC": "MDYZK",
        "STATUS": "Y",
        "YZ_ID": 308,
        "YZ_LABEL": "XUNZHOU Guangxi (浔州)",
        "YZNM_PY": "XUNZHOU",
        "YZNM_CH": "浔州",
        "YZNM_FT": "潯州",
        "CHGIS_ID": "9564",
        "NOTE": null,
        "10CNTY_CH": "桂平巿",
        "10CNTY_EN": "Guiping",
        "10PREF_CH": "贵港市",
        "10PREF_EN": "Guigang",
        "10PROV_CH": "广西壮族自治区",
        "10PROV_EN": "Guangxi",
        "GBCODE": 450881,
        "YZ_LAT": 110.071663,
        "YZ_LONG": 23.394571,
        "_layer_id": "ming_courier_stations",
        "_layer_title": "명대 역참 지점",
        "_source_file": "Ming_Stations_2016.shp",
        "_source_crs": "EPSG:4326"
      }
    },
    {
      "type": "Feature",
      "geometry": {
        "type": "Point",
        "coordinates": [
          109.655029,
          23.596741000000016
        ]
      },
      "properties": {
        "SRC": "MDYZK",
        "STATUS": "Y",
        "YZ_ID": 309,
        "YZ_LABEL": "WUXUAN Guangxi (武宣)",
        "YZNM_PY": "WUXUAN",
        "YZNM_CH": "武宣",
        "YZNM_FT": "武宣",
        "CHGIS_ID": "419",
        "NOTE": null,
        "10CNTY_CH": "武宣县",
        "10CNTY_EN": "Wuxuan",
        "10PREF_CH": "来宾市",
        "10PREF_EN": "Laibin",
        "10PROV_CH": "广西壮族自治区",
        "10PROV_EN": "Guangxi",
        "GBCODE": 451323,
        "YZ_LAT": 109.655029,
        "YZ_LONG": 23.596741,
        "_layer_id": "ming_courier_stations",
        "_layer_title": "명대 역참 지점",
        "_source_file": "Ming_Stations_2016.shp",
        "_source_crs": "EPSG:4326"
      }
    },
    {
      "type": "Feature",
      "geometry": {
        "type": "Point",
        "coordinates": [
          109.682457,
          23.958055000000012
        ]
      },
      "properties": {
        "SRC": "MDYZK",
        "STATUS": "Y",
        "YZ_ID": 310,
        "YZ_LABEL": "XIANGZHOU Guangxi (象州)",
        "YZNM_PY": "XIANGZHOU",
        "YZNM_CH": "象州",
        "YZNM_FT": "象州",
        "CHGIS_ID": "418",
        "NOTE": null,
        "10CNTY_CH": "象州县",
        "10CNTY_EN": "Xiangzhou",
        "10PREF_CH": "来宾市",
        "10PREF_EN": "Laibin",
        "10PROV_CH": "广西壮族自治区",
        "10PROV_EN": "Guangxi",
        "GBCODE": 451322,
        "YZ_LAT": 109.682457,
        "YZ_LONG": 23.958055,
        "_layer_id": "ming_courier_stations",
        "_layer_title": "명대 역참 지점",
        "_source_file": "Ming_Stations_2016.shp",
        "_source_crs": "EPSG:4326"
      }
    },
    {
      "type": "Feature",
      "geometry": {
        "type": "Point",
        "coordinates": [
          109.404396,
          24.309988000000008
        ]
      },
      "properties": {
        "SRC": "MDYZK",
        "STATUS": "Y",
        "YZ_ID": 311,
        "YZ_LABEL": "LIUZHOU Guangxi (柳州)",
        "YZNM_PY": "LIUZHOU",
        "YZNM_CH": "柳州",
        "YZNM_FT": "柳州",
        "CHGIS_ID": "9560",
        "NOTE": null,
        "10CNTY_CH": "鱼峰区",
        "10CNTY_EN": "Yufeng",
        "10PREF_CH": "柳州市",
        "10PREF_EN": "Liuzhou",
        "10PROV_CH": "广西壮族自治区",
        "10PROV_EN": "Guangxi",
        "GBCODE": 450203,
        "YZ_LAT": 109.404396,
        "YZ_LONG": 24.309988,
        "_layer_id": "ming_courier_stations",
        "_layer_title": "명대 역참 지점",
        "_source_file": "Ming_Stations_2016.shp",
        "_source_crs": "EPSG:4326"
      }
    },
    {
      "type": "Feature",
      "geometry": {
        "type": "Point",
        "coordinates": [
          109.26011699999998,
          24.527336000000012
        ]
      },
      "properties": {
        "SRC": "MDYZK",
        "STATUS": "Y",
        "YZ_ID": 312,
        "YZ_LABEL": "LIUCHENG Guangxi (柳城)",
        "YZNM_PY": "LIUCHENG",
        "YZNM_CH": "柳城",
        "YZNM_FT": "柳城",
        "CHGIS_ID": "43806",
        "NOTE": null,
        "10CNTY_CH": "柳城县",
        "10CNTY_EN": "Liucheng",
        "10PREF_CH": "柳州市",
        "10PREF_EN": "Liuzhou",
        "10PROV_CH": "广西壮族自治区",
        "10PROV_EN": "Guangxi",
        "GBCODE": 450222,
        "YZ_LAT": 109.260117,
        "YZ_LONG": 24.527336,
        "_layer_id": "ming_courier_stations",
        "_layer_title": "명대 역참 지점",
        "_source_file": "Ming_Stations_2016.shp",
        "_source_crs": "EPSG:4326"
      }
    },
    {
      "type": "Feature",
      "geometry": {
        "type": "Point",
        "coordinates": [
          109.248543,
          25.065443000000013
        ]
      },
      "properties": {
        "SRC": "MDYZK",
        "STATUS": "Y",
        "YZ_ID": 313,
        "YZ_LABEL": "RONGXIAN Guangxi (融县)",
        "YZNM_PY": "RONGXIAN",
        "YZNM_CH": "融县",
        "YZNM_FT": "融縣",
        "CHGIS_ID": "354",
        "NOTE": null,
        "10CNTY_CH": "融水苗族自治县",
        "10CNTY_EN": "Rongshuimiaozuzhzhixian",
        "10PREF_CH": "柳州市",
        "10PREF_EN": "Liuzhou",
        "10PROV_CH": "广西壮族自治区",
        "10PROV_EN": "Guangxi",
        "GBCODE": 450225,
        "YZ_LAT": 109.248543,
        "YZ_LONG": 25.065443,
        "_layer_id": "ming_courier_stations",
        "_layer_title": "명대 역참 지점",
        "_source_file": "Ming_Stations_2016.shp",
        "_source_crs": "EPSG:4326"
      }
    },
    {
      "type": "Feature",
      "geometry": {
        "type": "Point",
        "coordinates": [
          109.43595800000001,
          25.37323000000001
        ]
      },
      "properties": {
        "SRC": "MDYZK",
        "STATUS": "Y",
        "YZ_ID": 314,
        "YZ_LABEL": "HUAIYUAN Guangxi (怀远)",
        "YZNM_PY": "HUAIYUAN",
        "YZNM_CH": "怀远",
        "YZNM_FT": "懷遠",
        "CHGIS_ID": "353",
        "NOTE": null,
        "10CNTY_CH": "融水苗族自治县",
        "10CNTY_EN": "Rongshuimiaozuzhzhixian",
        "10PREF_CH": "柳州市",
        "10PREF_EN": "Liuzhou",
        "10PROV_CH": "广西壮族自治区",
        "10PROV_EN": "Guangxi",
        "GBCODE": 450225,
        "YZ_LAT": 109.435958,
        "YZ_LONG": 25.37323,
        "_layer_id": "ming_courier_stations",
        "_layer_title": "명대 역참 지점",
        "_source_file": "Ming_Stations_2016.shp",
        "_source_crs": "EPSG:4326"
      }
    },
    {
      "type": "Feature",
      "geometry": {
        "type": "Point",
        "coordinates": [
          109.595757,
          25.78535500000001
        ]
      },
      "properties": {
        "SRC": "PA_1903",
        "STATUS": "N",
        "YZ_ID": 315,
        "YZ_LABEL": "GUNI Guangxi (古泥)",
        "YZNM_PY": "GUNI",
        "YZNM_CH": "古泥",
        "YZNM_FT": "古泥",
        "CHGIS_ID": "17317",
        "NOTE": null,
        "10CNTY_CH": "三江侗族自治县",
        "10CNTY_EN": "Sanjiangdongzuzhzhixian",
        "10PREF_CH": "柳州市",
        "10PREF_EN": "Liuzhou",
        "10PROV_CH": "广西壮族自治区",
        "10PROV_EN": "Guangxi",
        "GBCODE": 450226,
        "YZ_LAT": 109.595757,
        "YZ_LONG": 25.785355,
        "_layer_id": "ming_courier_stations",
        "_layer_title": "명대 역참 지점",
        "_source_file": "Ming_Stations_2016.shp",
        "_source_crs": "EPSG:4326"
      }
    },
    {
      "type": "Feature",
      "geometry": {
        "type": "Point",
        "coordinates": [
          108.65588399999997,
          24.49073000000001
        ]
      },
      "properties": {
        "SRC": "MDYZK",
        "STATUS": "N",
        "YZ_ID": 316,
        "YZ_LABEL": "YIYANGYI Guangxi (宜阳驿)",
        "YZNM_PY": "YIYANGYI",
        "YZNM_CH": "宜阳驿",
        "YZNM_FT": "宜陽驛",
        "CHGIS_ID": "43965",
        "NOTE": null,
        "10CNTY_CH": "宜州市",
        "10CNTY_EN": "Yizhou",
        "10PREF_CH": "河池市",
        "10PREF_EN": "Chizhou",
        "10PROV_CH": "广西壮族自治区",
        "10PROV_EN": "Guangxi",
        "GBCODE": 451281,
        "YZ_LAT": 108.655884,
        "YZ_LONG": 24.49073,
        "_layer_id": "ming_courier_stations",
        "_layer_title": "명대 역참 지점",
        "_source_file": "Ming_Stations_2016.shp",
        "_source_crs": "EPSG:4326"
      }
    },
    {
      "type": "Feature",
      "geometry": {
        "type": "Point",
        "coordinates": [
          108.256378,
          24.829609000000012
        ]
      },
      "properties": {
        "SRC": "PA_1903",
        "STATUS": "N",
        "YZ_ID": 317,
        "YZ_LABEL": "SI'EN Guangxi (思恩)",
        "YZNM_PY": "SI'EN",
        "YZNM_CH": "思恩",
        "YZNM_FT": "思恩",
        "CHGIS_ID": "375",
        "NOTE": null,
        "10CNTY_CH": "环江毛南族自治县",
        "10CNTY_EN": "Huanjiangmaonanzuzhzhixian",
        "10PREF_CH": "河池市",
        "10PREF_EN": "Chizhou",
        "10PROV_CH": "广西壮族自治区",
        "10PROV_EN": "Guangxi",
        "GBCODE": 451226,
        "YZ_LAT": 108.256378,
        "YZ_LONG": 24.829609,
        "_layer_id": "ming_courier_stations",
        "_layer_title": "명대 역참 지점",
        "_source_file": "Ming_Stations_2016.shp",
        "_source_crs": "EPSG:4326"
      }
    },
    {
      "type": "Feature",
      "geometry": {
        "type": "Point",
        "coordinates": [
          109.60909999999998,
          24.41452000000001
        ]
      },
      "properties": {
        "SRC": "MDYZK",
        "STATUS": "N",
        "YZ_ID": 318,
        "YZ_LABEL": "LUORONG Guangxi (洛容)",
        "YZNM_PY": "LUORONG",
        "YZNM_CH": "洛容",
        "YZNM_FT": "洛容",
        "CHGIS_ID": "379",
        "NOTE": null,
        "10CNTY_CH": "鹿寨县",
        "10CNTY_EN": "Luzhai",
        "10PREF_CH": "柳州市",
        "10PREF_EN": "Liuzhou",
        "10PROV_CH": "广西壮族自治区",
        "10PROV_EN": "Guangxi",
        "GBCODE": 450223,
        "YZ_LAT": 109.6091,
        "YZ_LONG": 24.41452,
        "_layer_id": "ming_courier_stations",
        "_layer_title": "명대 역참 지점",
        "_source_file": "Ming_Stations_2016.shp",
        "_source_crs": "EPSG:4326"
      }
    },
    {
      "type": "Feature",
      "geometry": {
        "type": "Point",
        "coordinates": [
          109.7366259999999,
          24.48536699999993
        ]
      },
      "properties": {
        "SRC": "MDYZK",
        "STATUS": "N",
        "YZ_ID": 319,
        "YZ_LABEL": "HENGTANGYI Guangxi (横塘驿)",
        "YZNM_PY": "HENGTANGYI",
        "YZNM_CH": "横塘驿",
        "YZNM_FT": "橫塘驛",
        "CHGIS_ID": "153503",
        "NOTE": null,
        "10CNTY_CH": "鹿寨县",
        "10CNTY_EN": "Luzhai",
        "10PREF_CH": "柳州市",
        "10PREF_EN": "Liuzhou",
        "10PROV_CH": "广西壮族自治区",
        "10PROV_EN": "Guangxi",
        "GBCODE": 450223,
        "YZ_LAT": 109.736626,
        "YZ_LONG": 24.485367,
        "_layer_id": "ming_courier_stations",
        "_layer_title": "명대 역참 지점",
        "_source_file": "Ming_Stations_2016.shp",
        "_source_crs": "EPSG:4326"
      }
    },
    {
      "type": "Feature",
      "geometry": {
        "type": "Point",
        "coordinates": [
          109.98114976464498,
          24.981733405897042
        ]
      },
      "properties": {
        "SRC": "MDYZK",
        "STATUS": "Y",
        "YZ_ID": 320,
        "YZ_LABEL": "YONGFU Guangxi (永福)",
        "YZNM_PY": "YONGFU",
        "YZNM_CH": "永福",
        "YZNM_FT": "永福",
        "CHGIS_ID": "352",
        "NOTE": null,
        "10CNTY_CH": "永福县",
        "10CNTY_EN": "Yongfu",
        "10PREF_CH": "桂林市",
        "10PREF_EN": "Guilin",
        "10PROV_CH": "广西壮族自治区",
        "10PROV_EN": "Guangxi",
        "GBCODE": 450326,
        "YZ_LAT": 109.98115,
        "YZ_LONG": 24.981733,
        "_layer_id": "ming_courier_stations",
        "_layer_title": "명대 역참 지점",
        "_source_file": "Ming_Stations_2016.shp",
        "_source_crs": "EPSG:4326"
      }
    },
    {
      "type": "Feature",
      "geometry": {
        "type": "Point",
        "coordinates": [
          110.055511,
          25.107773000000012
        ]
      },
      "properties": {
        "SRC": "MDYZK",
        "STATUS": "Y",
        "YZ_ID": 321,
        "YZ_LABEL": "SUQIAO Guangxi (苏桥驿)",
        "YZNM_PY": "SUQIAO",
        "YZNM_CH": "苏桥驿",
        "YZNM_FT": "蘇橋驛",
        "CHGIS_ID": "17323",
        "NOTE": null,
        "10CNTY_CH": "永福县",
        "10CNTY_EN": "Yongfu",
        "10PREF_CH": "桂林市",
        "10PREF_EN": "Guilin",
        "10PROV_CH": "广西壮族自治区",
        "10PROV_EN": "Guangxi",
        "GBCODE": 450326,
        "YZ_LAT": 110.055511,
        "YZ_LONG": 25.107773,
        "_layer_id": "ming_courier_stations",
        "_layer_title": "명대 역참 지점",
        "_source_file": "Ming_Stations_2016.shp",
        "_source_crs": "EPSG:4326"
      }
    },
    {
      "type": "Feature",
      "geometry": {
        "type": "Point",
        "coordinates": [
          109.388168,
          25.217857000000013
        ]
      },
      "properties": {
        "SRC": "PA_1903",
        "STATUS": "L",
        "YZ_ID": 322,
        "YZ_LABEL": "RONG’AN Guangxi (融安)",
        "YZNM_PY": "RONG’AN",
        "YZNM_CH": "融安",
        "YZNM_FT": "融安",
        "CHGIS_ID": "153924",
        "NOTE": null,
        "10CNTY_CH": "融安县",
        "10CNTY_EN": "Rongan",
        "10PREF_CH": "柳州市",
        "10PREF_EN": "Liuzhou",
        "10PROV_CH": "广西壮族自治区",
        "10PROV_EN": "Guangxi",
        "GBCODE": 450224,
        "YZ_LAT": 109.388168,
        "YZ_LONG": 25.217857,
        "_layer_id": "ming_courier_stations",
        "_layer_title": "명대 역참 지점",
        "_source_file": "Ming_Stations_2016.shp",
        "_source_crs": "EPSG:4326"
      }
    },
    {
      "type": "Feature",
      "geometry": {
        "type": "Point",
        "coordinates": [
          108.464844,
          24.56666000000001
        ]
      },
      "properties": {
        "SRC": "PA_1903",
        "STATUS": "N",
        "YZ_ID": 323,
        "YZ_LABEL": "HUAIYUANZHEN Guangxi (怀远镇)",
        "YZNM_PY": "HUAIYUANZHEN",
        "YZNM_CH": "怀远镇",
        "YZNM_FT": "懷遠鎮",
        "CHGIS_ID": "17364",
        "NOTE": null,
        "10CNTY_CH": "宜州市",
        "10CNTY_EN": "Yizhou",
        "10PREF_CH": "河池市",
        "10PREF_EN": "Chizhou",
        "10PROV_CH": "广西壮族自治区",
        "10PROV_EN": "Guangxi",
        "GBCODE": 451281,
        "YZ_LAT": 108.464844,
        "YZ_LONG": 24.56666,
        "_layer_id": "ming_courier_stations",
        "_layer_title": "명대 역참 지점",
        "_source_file": "Ming_Stations_2016.shp",
        "_source_crs": "EPSG:4326"
      }
    },
    {
      "type": "Feature",
      "geometry": {
        "type": "Point",
        "coordinates": [
          110.28700999999998,
          25.003666000000006
        ]
      },
      "properties": {
        "SRC": "MDYZK",
        "STATUS": "N",
        "YZ_ID": 324,
        "YZ_LABEL": "LEITANGYI Guangxi (雷塘驿)",
        "YZNM_PY": "LEITANGYI",
        "YZNM_CH": "雷塘驿",
        "YZNM_FT": "雷塘驛",
        "CHGIS_ID": "17389",
        "NOTE": null,
        "10CNTY_CH": "临桂县",
        "10CNTY_EN": "Lingui",
        "10PREF_CH": "桂林市",
        "10PREF_EN": "Guilin",
        "10PROV_CH": "广西壮族自治区",
        "10PROV_EN": "Guangxi",
        "GBCODE": 450322,
        "YZ_LAT": 110.28701,
        "YZ_LONG": 25.003666,
        "_layer_id": "ming_courier_stations",
        "_layer_title": "명대 역참 지점",
        "_source_file": "Ming_Stations_2016.shp",
        "_source_crs": "EPSG:4326"
      }
    },
    {
      "type": "Feature",
      "geometry": {
        "type": "Point",
        "coordinates": [
          110.48362699999998,
          24.77775800000001
        ]
      },
      "properties": {
        "SRC": "MDYZK",
        "STATUS": "Y",
        "YZ_ID": 325,
        "YZ_LABEL": "YANGSHUO Guangxi (阳朔)",
        "YZNM_PY": "YANGSHUO",
        "YZNM_CH": "阳朔",
        "YZNM_FT": "陽朔",
        "CHGIS_ID": "383",
        "NOTE": null,
        "10CNTY_CH": "阳朔县",
        "10CNTY_EN": "Yangshuo",
        "10PREF_CH": "桂林市",
        "10PREF_EN": "Guilin",
        "10PROV_CH": "广西壮族自治区",
        "10PROV_EN": "Guangxi",
        "GBCODE": 450321,
        "YZ_LAT": 110.483627,
        "YZ_LONG": 24.777758,
        "_layer_id": "ming_courier_stations",
        "_layer_title": "명대 역참 지점",
        "_source_file": "Ming_Stations_2016.shp",
        "_source_crs": "EPSG:4326"
      }
    },
    {
      "type": "Feature",
      "geometry": {
        "type": "Point",
        "coordinates": [
          110.6465,
          24.635727000000013
        ]
      },
      "properties": {
        "SRC": "MDYZK",
        "STATUS": "N",
        "YZ_ID": 326,
        "YZ_LABEL": "ZHAOJINYI Guangxi (昭津驿)",
        "YZNM_PY": "ZHAOJINYI",
        "YZNM_CH": "昭津驿",
        "YZNM_FT": "昭津驛",
        "CHGIS_ID": "9561",
        "NOTE": null,
        "10CNTY_CH": "平乐县",
        "10CNTY_EN": "Pingle",
        "10PREF_CH": "桂林市",
        "10PREF_EN": "Guilin",
        "10PROV_CH": "广西壮族自治区",
        "10PROV_EN": "Guangxi",
        "GBCODE": 450330,
        "YZ_LAT": 110.6465,
        "YZ_LONG": 24.635727,
        "_layer_id": "ming_courier_stations",
        "_layer_title": "명대 역참 지점",
        "_source_file": "Ming_Stations_2016.shp",
        "_source_crs": "EPSG:4326"
      }
    },
    {
      "type": "Feature",
      "geometry": {
        "type": "Point",
        "coordinates": [
          109.1500015258789,
          21.68333244323732
        ]
      },
      "properties": {
        "SRC": "PA_1903",
        "STATUS": "B",
        "YZ_ID": 327,
        "YZ_LABEL": "HEPU Guangxi (合浦)",
        "YZNM_PY": "HEPU",
        "YZNM_CH": "合浦",
        "YZNM_FT": "合浦",
        "CHGIS_ID": "321",
        "NOTE": null,
        "10CNTY_CH": "合浦县",
        "10CNTY_EN": "Hepu",
        "10PREF_CH": "北海市",
        "10PREF_EN": "Beihai",
        "10PROV_CH": "广西壮族自治区",
        "10PROV_EN": "Guangxi",
        "GBCODE": 450521,
        "YZ_LAT": 109.150002,
        "YZ_LONG": 21.683332,
        "_layer_id": "ming_courier_stations",
        "_layer_title": "명대 역참 지점",
        "_source_file": "Ming_Stations_2016.shp",
        "_source_crs": "EPSG:4326"
      }
    },
    {
      "type": "Feature",
      "geometry": {
        "type": "Point",
        "coordinates": [
          109.97141299999998,
          22.27586900000001
        ]
      },
      "properties": {
        "SRC": "PA_1903",
        "STATUS": "B",
        "YZ_ID": 328,
        "YZ_LABEL": "BOBAI Guangxi (博白)",
        "YZNM_PY": "BOBAI",
        "YZNM_CH": "博白",
        "YZNM_FT": "博白",
        "CHGIS_ID": "452",
        "NOTE": null,
        "10CNTY_CH": "博白县",
        "10CNTY_EN": "Bobai",
        "10PREF_CH": "玉林市",
        "10PREF_EN": "Yulin",
        "10PROV_CH": "广西壮族自治区",
        "10PROV_EN": "Guangxi",
        "GBCODE": 450923,
        "YZ_LAT": 109.971413,
        "YZ_LONG": 22.275869,
        "_layer_id": "ming_courier_stations",
        "_layer_title": "명대 역참 지점",
        "_source_file": "Ming_Stations_2016.shp",
        "_source_crs": "EPSG:4326"
      }
    },
    {
      "type": "Feature",
      "geometry": {
        "type": "Point",
        "coordinates": [
          110.14588199999999,
          22.63209500000001
        ]
      },
      "properties": {
        "SRC": "MDYZK",
        "STATUS": "Y",
        "YZ_ID": 329,
        "YZ_LABEL": "YULIN Guangxi (郁林)",
        "YZNM_PY": "YULIN",
        "YZNM_CH": "郁林",
        "YZNM_FT": "郁林",
        "CHGIS_ID": "9567",
        "NOTE": null,
        "10CNTY_CH": "玉州区",
        "10CNTY_EN": "Yuzhou",
        "10PREF_CH": "玉林市",
        "10PREF_EN": "Yulin",
        "10PROV_CH": "广西壮族自治区",
        "10PROV_EN": "Guangxi",
        "GBCODE": 450902,
        "YZ_LAT": 110.145882,
        "YZ_LONG": 22.632095,
        "_layer_id": "ming_courier_stations",
        "_layer_title": "명대 역참 지점",
        "_source_file": "Ming_Stations_2016.shp",
        "_source_crs": "EPSG:4326"
      }
    },
    {
      "type": "Feature",
      "geometry": {
        "type": "Point",
        "coordinates": [
          110.347519,
          22.714184000000007
        ]
      },
      "properties": {
        "SRC": "MDYZK",
        "STATUS": "Y",
        "YZ_ID": 330,
        "YZ_LABEL": "BEILIU Guangxi (北流)",
        "YZNM_PY": "BEILIU",
        "YZNM_CH": "北流",
        "YZNM_FT": "北流",
        "CHGIS_ID": "454",
        "NOTE": null,
        "10CNTY_CH": "北流市",
        "10CNTY_EN": "Beiliu",
        "10PREF_CH": "玉林市",
        "10PREF_EN": "Yulin",
        "10PROV_CH": "广西壮族自治区",
        "10PROV_EN": "Guangxi",
        "GBCODE": 450981,
        "YZ_LAT": 110.347519,
        "YZ_LONG": 22.714184,
        "_layer_id": "ming_courier_stations",
        "_layer_title": "명대 역참 지점",
        "_source_file": "Ming_Stations_2016.shp",
        "_source_crs": "EPSG:4326"
      }
    },
    {
      "type": "Feature",
      "geometry": {
        "type": "Point",
        "coordinates": [
          110.551033,
          22.863588000000014
        ]
      },
      "properties": {
        "SRC": "MDYZK",
        "STATUS": "Y",
        "YZ_ID": 331,
        "YZ_LABEL": "RONGXIAN Guangxi (容县)",
        "YZNM_PY": "RONGXIAN",
        "YZNM_CH": "容县",
        "YZNM_FT": "容縣",
        "CHGIS_ID": "456",
        "NOTE": null,
        "10CNTY_CH": "容县",
        "10CNTY_EN": "Rong",
        "10PREF_CH": "玉林市",
        "10PREF_EN": "Yulin",
        "10PROV_CH": "广西壮族自治区",
        "10PROV_EN": "Guangxi",
        "GBCODE": 450921,
        "YZ_LAT": 110.551033,
        "YZ_LONG": 22.863588,
        "_layer_id": "ming_courier_stations",
        "_layer_title": "명대 역참 지점",
        "_source_file": "Ming_Stations_2016.shp",
        "_source_crs": "EPSG:4326"
      }
    },
    {
      "type": "Feature",
      "geometry": {
        "type": "Point",
        "coordinates": [
          110.90428199999998,
          23.373119000000006
        ]
      },
      "properties": {
        "SRC": "MDYZK",
        "STATUS": "Y",
        "YZ_ID": 332,
        "YZ_LABEL": "TENGXIAN Guangxi (藤县)",
        "YZNM_PY": "TENGXIAN",
        "YZNM_CH": "藤县",
        "YZNM_FT": "藤縣",
        "CHGIS_ID": "422",
        "NOTE": null,
        "10CNTY_CH": "藤县",
        "10CNTY_EN": "Teng",
        "10PREF_CH": "梧州市",
        "10PREF_EN": "Wuzhou",
        "10PROV_CH": "广西壮族自治区",
        "10PROV_EN": "Guangxi",
        "GBCODE": 450422,
        "YZ_LAT": 110.904282,
        "YZ_LONG": 23.373119,
        "_layer_id": "ming_courier_stations",
        "_layer_title": "명대 역참 지점",
        "_source_file": "Ming_Stations_2016.shp",
        "_source_crs": "EPSG:4326"
      }
    },
    {
      "type": "Feature",
      "geometry": {
        "type": "Point",
        "coordinates": [
          110.73590900000008,
          23.475643000000005
        ]
      },
      "properties": {
        "SRC": "PA_1903",
        "STATUS": "N",
        "YZ_ID": 333,
        "YZ_LABEL": "MENGJIANG Guangxi (濛江)",
        "YZNM_PY": "MENGJIANG",
        "YZNM_CH": "濛江",
        "YZNM_FT": "濛江",
        "CHGIS_ID": "35038",
        "NOTE": null,
        "10CNTY_CH": "藤县",
        "10CNTY_EN": "Teng",
        "10PREF_CH": "梧州市",
        "10PREF_EN": "Wuzhou",
        "10PROV_CH": "广西壮族自治区",
        "10PROV_EN": "Guangxi",
        "GBCODE": 450422,
        "YZ_LAT": 110.735909,
        "YZ_LONG": 23.475643,
        "_layer_id": "ming_courier_stations",
        "_layer_title": "명대 역참 지점",
        "_source_file": "Ming_Stations_2016.shp",
        "_source_crs": "EPSG:4326"
      }
    },
    {
      "type": "Feature",
      "geometry": {
        "type": "Point",
        "coordinates": [
          110.58888600000012,
          23.465922
        ]
      },
      "properties": {
        "SRC": "PA_1903",
        "STATUS": "P",
        "YZ_ID": 334,
        "YZ_LABEL": "BAIMAXU Guangxi (白马)",
        "YZNM_PY": "BAIMAXU",
        "YZNM_CH": "白马",
        "YZNM_FT": "白馬",
        "CHGIS_ID": "155007",
        "NOTE": null,
        "10CNTY_CH": "平南县",
        "10CNTY_EN": "Pingnan",
        "10PREF_CH": "贵港市",
        "10PREF_EN": "Guigang",
        "10PROV_CH": "广西壮族自治区",
        "10PROV_EN": "Guangxi",
        "GBCODE": 450821,
        "YZ_LAT": 110.588886,
        "YZ_LONG": 23.465922,
        "_layer_id": "ming_courier_stations",
        "_layer_title": "명대 역참 지점",
        "_source_file": "Ming_Stations_2016.shp",
        "_source_crs": "EPSG:4326"
      }
    },
    {
      "type": "Feature",
      "geometry": {
        "type": "Point",
        "coordinates": [
          110.50966978009649,
          23.388168447916122
        ]
      },
      "properties": {
        "SRC": "PA_1903",
        "STATUS": "N",
        "YZ_ID": 335,
        "YZ_LABEL": "DAWUXU Guangxi (大乌)",
        "YZNM_PY": "DAWUXU",
        "YZNM_CH": "大乌",
        "YZNM_FT": "大烏",
        "CHGIS_ID": "17459",
        "NOTE": null,
        "10CNTY_CH": "平南县",
        "10CNTY_EN": "Pingnan",
        "10PREF_CH": "贵港市",
        "10PREF_EN": "Guigang",
        "10PROV_CH": "广西壮族自治区",
        "10PROV_EN": "Guangxi",
        "GBCODE": 450821,
        "YZ_LAT": 110.50967,
        "YZ_LONG": 23.388168,
        "_layer_id": "ming_courier_stations",
        "_layer_title": "명대 역참 지점",
        "_source_file": "Ming_Stations_2016.shp",
        "_source_crs": "EPSG:4326"
      }
    },
    {
      "type": "Feature",
      "geometry": {
        "type": "Point",
        "coordinates": [
          110.5243150000001,
          23.476589
        ]
      },
      "properties": {
        "SRC": "PA_1903",
        "STATUS": "N",
        "YZ_ID": 336,
        "YZ_LABEL": "DANZHU Guangxi (丹竹)",
        "YZNM_PY": "DANZHU",
        "YZNM_CH": "丹竹",
        "YZNM_FT": "丹竹",
        "CHGIS_ID": "155006",
        "NOTE": null,
        "10CNTY_CH": "平南县",
        "10CNTY_EN": "Pingnan",
        "10PREF_CH": "贵港市",
        "10PREF_EN": "Guigang",
        "10PROV_CH": "广西壮族自治区",
        "10PROV_EN": "Guangxi",
        "GBCODE": 450821,
        "YZ_LAT": 110.524315,
        "YZ_LONG": 23.476589,
        "_layer_id": "ming_courier_stations",
        "_layer_title": "명대 역참 지점",
        "_source_file": "Ming_Stations_2016.shp",
        "_source_crs": "EPSG:4326"
      }
    },
    {
      "type": "Feature",
      "geometry": {
        "type": "Point",
        "coordinates": [
          110.39473699999999,
          23.549980000000016
        ]
      },
      "properties": {
        "SRC": "MDYZK",
        "STATUS": "Y",
        "YZ_ID": 337,
        "YZ_LABEL": "PINGNAN Guangxi (平南)",
        "YZNM_PY": "PINGNAN",
        "YZNM_CH": "平南",
        "YZNM_FT": "平南",
        "CHGIS_ID": "421",
        "NOTE": null,
        "10CNTY_CH": "平南县",
        "10CNTY_EN": "Pingnan",
        "10PREF_CH": "贵港市",
        "10PREF_EN": "Guigang",
        "10PROV_CH": "广西壮族自治区",
        "10PROV_EN": "Guangxi",
        "GBCODE": 450821,
        "YZ_LAT": 110.394737,
        "YZ_LONG": 23.54998,
        "_layer_id": "ming_courier_stations",
        "_layer_title": "명대 역참 지점",
        "_source_file": "Ming_Stations_2016.shp",
        "_source_crs": "EPSG:4326"
      }
    },
    {
      "type": "Feature",
      "geometry": {
        "type": "Point",
        "coordinates": [
          110.21003000000002,
          23.60026700000001
        ]
      },
      "properties": {
        "SRC": "MDYZK",
        "STATUS": "N",
        "YZ_ID": 338,
        "YZ_LABEL": "BITANYI Guangxi (碧潭驿)",
        "YZNM_PY": "BITANYI",
        "YZNM_CH": "碧潭驿",
        "YZNM_FT": "碧潭驛",
        "CHGIS_ID": "154983",
        "NOTE": null,
        "10CNTY_CH": "桂平巿",
        "10CNTY_EN": "Guiping",
        "10PREF_CH": "贵港市",
        "10PREF_EN": "Guigang",
        "10PROV_CH": "广西壮族自治区",
        "10PROV_EN": "Guangxi",
        "GBCODE": 450881,
        "YZ_LAT": 110.21003,
        "YZ_LONG": 23.600267,
        "_layer_id": "ming_courier_stations",
        "_layer_title": "명대 역참 지점",
        "_source_file": "Ming_Stations_2016.shp",
        "_source_crs": "EPSG:4326"
      }
    },
    {
      "type": "Feature",
      "geometry": {
        "type": "Point",
        "coordinates": [
          109.08052044206867,
          21.613029530474734
        ]
      },
      "properties": {
        "SRC": "PA_1903",
        "STATUS": "L",
        "YZ_ID": 339,
        "YZ_LABEL": "BEIHAI Guangxi (北海)",
        "YZNM_PY": "BEIHAI",
        "YZNM_CH": "北海",
        "YZNM_FT": "北海",
        "CHGIS_ID": null,
        "NOTE": null,
        "10CNTY_CH": "合浦县",
        "10CNTY_EN": "Hepu",
        "10PREF_CH": "北海市",
        "10PREF_EN": "Beihai",
        "10PROV_CH": "广西壮族自治区",
        "10PROV_EN": "Guangxi",
        "GBCODE": 450521,
        "YZ_LAT": 109.08052,
        "YZ_LONG": 21.61303,
        "_layer_id": "ming_courier_stations",
        "_layer_title": "명대 역참 지점",
        "_source_file": "Ming_Stations_2016.shp",
        "_source_crs": "EPSG:4326"
      }
    },
    {
      "type": "Feature",
      "geometry": {
        "type": "Point",
        "coordinates": [
          110.01604500000008,
          21.45885699999999
        ]
      },
      "properties": {
        "SRC": "PA_1903",
        "STATUS": "L",
        "YZ_ID": 340,
        "YZ_LABEL": "ANPU Guangdong (安铺)",
        "YZNM_PY": "ANPU",
        "YZNM_CH": "安铺",
        "YZNM_FT": "安鋪",
        "CHGIS_ID": "127047",
        "NOTE": null,
        "10CNTY_CH": "廉江市",
        "10CNTY_EN": "Lianjiang",
        "10PREF_CH": "湛江市",
        "10PREF_EN": "Zhanjiang",
        "10PROV_CH": "广东省",
        "10PROV_EN": "Guangdong",
        "GBCODE": 440881,
        "YZ_LAT": 110.016045,
        "YZ_LONG": 21.458857,
        "_layer_id": "ming_courier_stations",
        "_layer_title": "명대 역참 지점",
        "_source_file": "Ming_Stations_2016.shp",
        "_source_crs": "EPSG:4326"
      }
    },
    {
      "type": "Feature",
      "geometry": {
        "type": "Point",
        "coordinates": [
          107.87840299999999,
          25.41436000000001
        ]
      },
      "properties": {
        "SRC": "PA_1903",
        "STATUS": "B",
        "YZ_ID": 341,
        "YZ_LABEL": "LIBO Guizhou (荔波)",
        "YZNM_PY": "LIBO",
        "YZNM_CH": "荔波",
        "YZNM_FT": "荔波",
        "CHGIS_ID": "515",
        "NOTE": null,
        "10CNTY_CH": "荔波县",
        "10CNTY_EN": "Libo",
        "10PREF_CH": "黔南布依族苗族自治州",
        "10PREF_EN": "Qiannanbuyizumiaozu",
        "10PROV_CH": "贵州省",
        "10PROV_EN": "Guizhou",
        "GBCODE": 522722,
        "YZ_LAT": 107.878403,
        "YZ_LONG": 25.41436,
        "_layer_id": "ming_courier_stations",
        "_layer_title": "명대 역참 지점",
        "_source_file": "Ming_Stations_2016.shp",
        "_source_crs": "EPSG:4326"
      }
    },
    {
      "type": "Feature",
      "geometry": {
        "type": "Point",
        "coordinates": [
          107.54274699999999,
          25.829073000000015
        ]
      },
      "properties": {
        "SRC": "MDYZK",
        "STATUS": "N",
        "YZ_ID": 342,
        "YZ_LABEL": "LAIYUANYI Guizhou (来远驿)",
        "YZNM_PY": "LAIYUANYI",
        "YZNM_CH": "来远驿",
        "YZNM_FT": "來遠驛",
        "CHGIS_ID": "99081",
        "NOTE": null,
        "10CNTY_CH": "独山县",
        "10CNTY_EN": "Dushan",
        "10PREF_CH": "黔南布依族苗族自治州",
        "10PREF_EN": "Qiannanbuyizumiaozu",
        "10PROV_CH": "贵州省",
        "10PROV_EN": "Guizhou",
        "GBCODE": 522726,
        "YZ_LAT": 107.542747,
        "YZ_LONG": 25.829073,
        "_layer_id": "ming_courier_stations",
        "_layer_title": "명대 역참 지점",
        "_source_file": "Ming_Stations_2016.shp",
        "_source_crs": "EPSG:4326"
      }
    },
    {
      "type": "Feature",
      "geometry": {
        "type": "Point",
        "coordinates": [
          109.68408199999999,
          27.447302000000015
        ]
      },
      "properties": {
        "SRC": "MDYZK",
        "STATUS": "N",
        "YZ_ID": 343,
        "YZ_LABEL": "YUANSHUIYI Hunan (沅水驿)",
        "YZNM_PY": "YUANSHUIYI",
        "YZNM_CH": "沅水驿",
        "YZNM_FT": "沅水驛",
        "CHGIS_ID": "9623",
        "NOTE": null,
        "10CNTY_CH": "芷江侗族自治县",
        "10CNTY_EN": "Zhijiangdongzuzizhixian",
        "10PREF_CH": "怀化市",
        "10PREF_EN": "Huaihua",
        "10PROV_CH": "湖南省",
        "10PROV_EN": "Hunan",
        "GBCODE": 431228,
        "YZ_LAT": 109.684082,
        "YZ_LONG": 27.447302,
        "_layer_id": "ming_courier_stations",
        "_layer_title": "명대 역참 지점",
        "_source_file": "Ming_Stations_2016.shp",
        "_source_crs": "EPSG:4326"
      }
    },
    {
      "type": "Feature",
      "geometry": {
        "type": "Point",
        "coordinates": [
          106.639313,
          29.02525900000002
        ]
      },
      "properties": {
        "SRC": "MDYZK",
        "STATUS": "Y",
        "YZ_ID": 344,
        "YZ_LABEL": "QIJIANG Chongqing (綦江)",
        "YZNM_PY": "QIJIANG",
        "YZNM_CH": "綦江",
        "YZNM_FT": "綦江",
        "CHGIS_ID": "1278",
        "NOTE": null,
        "10CNTY_CH": "綦江县",
        "10CNTY_EN": "Qijiang",
        "10PREF_CH": "重庆市（辖县）",
        "10PREF_EN": "Chongqing (Counties)",
        "10PROV_CH": "重庆市",
        "10PROV_EN": "Chongqing",
        "GBCODE": 500222,
        "YZ_LAT": 106.639313,
        "YZ_LONG": 29.025259,
        "_layer_id": "ming_courier_stations",
        "_layer_title": "명대 역참 지점",
        "_source_file": "Ming_Stations_2016.shp",
        "_source_crs": "EPSG:4326"
      }
    },
    {
      "type": "Feature",
      "geometry": {
        "type": "Point",
        "coordinates": [
          106.85136400000002,
          28.542830000000013
        ]
      },
      "properties": {
        "SRC": "PA_1903",
        "STATUS": "N",
        "YZ_ID": 345,
        "YZ_LABEL": "SONGKANYI Guizhou (松坎)",
        "YZNM_PY": "SONGKANYI",
        "YZNM_CH": "松坎",
        "YZNM_FT": "鬆坎",
        "CHGIS_ID": "17537",
        "NOTE": null,
        "10CNTY_CH": "桐梓县",
        "10CNTY_EN": "Tongzi",
        "10PREF_CH": "遵义市",
        "10PREF_EN": "Zunyi",
        "10PROV_CH": "贵州省",
        "10PROV_EN": "Guizhou",
        "GBCODE": 520322,
        "YZ_LAT": 106.851364,
        "YZ_LONG": 28.54283,
        "_layer_id": "ming_courier_stations",
        "_layer_title": "명대 역참 지점",
        "_source_file": "Ming_Stations_2016.shp",
        "_source_crs": "EPSG:4326"
      }
    },
    {
      "type": "Feature",
      "geometry": {
        "type": "Point",
        "coordinates": [
          106.931602,
          27.695621000000013
        ]
      },
      "properties": {
        "SRC": "PA_1903",
        "STATUS": "N",
        "YZ_ID": 346,
        "YZ_LABEL": "ZUNYI Guizhou (遵义)",
        "YZNM_PY": "ZUNYI",
        "YZNM_CH": "遵义",
        "YZNM_FT": "遵義",
        "CHGIS_ID": "9572",
        "NOTE": null,
        "10CNTY_CH": "红花岗区",
        "10CNTY_EN": "Honghuagang",
        "10PREF_CH": "遵义市",
        "10PREF_EN": "Zunyi",
        "10PROV_CH": "贵州省",
        "10PROV_EN": "Guizhou",
        "GBCODE": 520302,
        "YZ_LAT": 106.931602,
        "YZ_LONG": 27.695621,
        "_layer_id": "ming_courier_stations",
        "_layer_title": "명대 역참 지점",
        "_source_file": "Ming_Stations_2016.shp",
        "_source_crs": "EPSG:4326"
      }
    },
    {
      "type": "Feature",
      "geometry": {
        "type": "Point",
        "coordinates": [
          106.967384,
          27.058855000000015
        ]
      },
      "properties": {
        "SRC": "PA_1903",
        "STATUS": "B",
        "YZ_ID": 347,
        "YZ_LABEL": "KAIZHOU Guizhou (开州驿)",
        "YZNM_PY": "KAIZHOU",
        "YZNM_CH": "开州驿",
        "YZNM_FT": "開州驛",
        "CHGIS_ID": "99151",
        "NOTE": null,
        "10CNTY_CH": "开阳县",
        "10CNTY_EN": "Kaiyang",
        "10PREF_CH": "贵阳市",
        "10PREF_EN": "Guiyang",
        "10PROV_CH": "贵州省",
        "10PROV_EN": "Guizhou",
        "GBCODE": 520121,
        "YZ_LAT": 106.967384,
        "YZ_LONG": 27.058855,
        "_layer_id": "ming_courier_stations",
        "_layer_title": "명대 역참 지점",
        "_source_file": "Ming_Stations_2016.shp",
        "_source_crs": "EPSG:4326"
      }
    },
    {
      "type": "Feature",
      "geometry": {
        "type": "Point",
        "coordinates": [
          106.59192700000001,
          26.84299700000001
        ]
      },
      "properties": {
        "SRC": "PA_1903",
        "STATUS": "N",
        "YZ_ID": 348,
        "YZ_LABEL": "XIUWEN Guizhou (修文)",
        "YZNM_PY": "XIUWEN",
        "YZNM_CH": "修文",
        "YZNM_FT": "修文",
        "CHGIS_ID": "99140",
        "NOTE": null,
        "10CNTY_CH": "修文县",
        "10CNTY_EN": "Xiuwen",
        "10PREF_CH": "贵阳市",
        "10PREF_EN": "Guiyang",
        "10PROV_CH": "贵州省",
        "10PROV_EN": "Guizhou",
        "GBCODE": 520123,
        "YZ_LAT": 106.591927,
        "YZ_LONG": 26.842997,
        "_layer_id": "ming_courier_stations",
        "_layer_title": "명대 역참 지점",
        "_source_file": "Ming_Stations_2016.shp",
        "_source_crs": "EPSG:4326"
      }
    },
    {
      "type": "Feature",
      "geometry": {
        "type": "Point",
        "coordinates": [
          110.622292,
          26.730705000000015
        ]
      },
      "properties": {
        "SRC": "MDYZK",
        "STATUS": "Y",
        "YZ_ID": 349,
        "YZ_LABEL": "WUGANG Hunan (武冈)",
        "YZNM_PY": "WUGANG",
        "YZNM_CH": "武冈",
        "YZNM_FT": "武岡",
        "CHGIS_ID": "42026",
        "NOTE": null,
        "10CNTY_CH": "武冈市",
        "10CNTY_EN": "Wugang",
        "10PREF_CH": "邵阳市",
        "10PREF_EN": "Shaoyang",
        "10PROV_CH": "湖南省",
        "10PROV_EN": "Hunan",
        "GBCODE": 430581,
        "YZ_LAT": 110.622292,
        "YZ_LONG": 26.730705,
        "_layer_id": "ming_courier_stations",
        "_layer_title": "명대 역참 지점",
        "_source_file": "Ming_Stations_2016.shp",
        "_source_crs": "EPSG:4326"
      }
    },
    {
      "type": "Feature",
      "geometry": {
        "type": "Point",
        "coordinates": [
          109.99160000000002,
          27.11277600000001
        ]
      },
      "properties": {
        "SRC": "MDYZK",
        "STATUS": "Y",
        "YZ_ID": 350,
        "YZ_LABEL": "HONGJIANG Hunan (洪江驿)",
        "YZNM_PY": "HONGJIANG",
        "YZNM_CH": "洪江驿",
        "YZNM_FT": "洪江驛",
        "CHGIS_ID": "18773",
        "NOTE": null,
        "10CNTY_CH": "洪江市",
        "10CNTY_EN": "Hongjiang",
        "10PREF_CH": "怀化市",
        "10PREF_EN": "Huaihua",
        "10PROV_CH": "湖南省",
        "10PROV_EN": "Hunan",
        "GBCODE": 431281,
        "YZ_LAT": 109.9916,
        "YZ_LONG": 27.112776,
        "_layer_id": "ming_courier_stations",
        "_layer_title": "명대 역참 지점",
        "_source_file": "Ming_Stations_2016.shp",
        "_source_crs": "EPSG:4326"
      }
    },
    {
      "type": "Feature",
      "geometry": {
        "type": "Point",
        "coordinates": [
          109.811852,
          27.195129000000016
        ]
      },
      "properties": {
        "SRC": "MDYZK",
        "STATUS": "Y",
        "YZ_ID": 351,
        "YZ_LABEL": "QIANYANG Hunan (黔阳)",
        "YZNM_PY": "QIANYANG",
        "YZNM_CH": "黔阳",
        "YZNM_FT": "黔陽",
        "CHGIS_ID": "42078",
        "NOTE": null,
        "10CNTY_CH": "洪江市",
        "10CNTY_EN": "Hongjiang",
        "10PREF_CH": "怀化市",
        "10PREF_EN": "Huaihua",
        "10PROV_CH": "湖南省",
        "10PROV_EN": "Hunan",
        "GBCODE": 431281,
        "YZ_LAT": 109.811852,
        "YZ_LONG": 27.195129,
        "_layer_id": "ming_courier_stations",
        "_layer_title": "명대 역참 지점",
        "_source_file": "Ming_Stations_2016.shp",
        "_source_crs": "EPSG:4326"
      }
    },
    {
      "type": "Feature",
      "geometry": {
        "type": "Point",
        "coordinates": [
          109.69477800000001,
          26.57576000000001
        ]
      },
      "properties": {
        "SRC": "MDYZK",
        "STATUS": "Y",
        "YZ_ID": 352,
        "YZ_LABEL": "JINGZHOU Hunan (靖州)",
        "YZNM_PY": "JINGZHOU",
        "YZNM_CH": "靖州",
        "YZNM_FT": "靖州",
        "CHGIS_ID": "9625",
        "NOTE": null,
        "10CNTY_CH": "靖州苗族侗族自治县",
        "10CNTY_EN": "Jingzhoumiaozudongzuzizhixi",
        "10PREF_CH": "怀化市",
        "10PREF_EN": "Huaihua",
        "10PROV_CH": "湖南省",
        "10PROV_EN": "Hunan",
        "GBCODE": 431229,
        "YZ_LAT": 109.694778,
        "YZ_LONG": 26.57576,
        "_layer_id": "ming_courier_stations",
        "_layer_title": "명대 역참 지점",
        "_source_file": "Ming_Stations_2016.shp",
        "_source_crs": "EPSG:4326"
      }
    },
    {
      "type": "Feature",
      "geometry": {
        "type": "Point",
        "coordinates": [
          109.713547,
          26.861492000000013
        ]
      },
      "properties": {
        "SRC": "MDYZK",
        "STATUS": "Y",
        "YZ_ID": 353,
        "YZ_LABEL": "HUITONG Hunan (会同)",
        "YZNM_PY": "HUITONG",
        "YZNM_CH": "会同",
        "YZNM_FT": "會同",
        "CHGIS_ID": "41892",
        "NOTE": null,
        "10CNTY_CH": "会同县",
        "10CNTY_EN": "Huitong",
        "10PREF_CH": "怀化市",
        "10PREF_EN": "Huaihua",
        "10PROV_CH": "湖南省",
        "10PROV_EN": "Hunan",
        "GBCODE": 431225,
        "YZ_LAT": 109.713547,
        "YZ_LONG": 26.861492,
        "_layer_id": "ming_courier_stations",
        "_layer_title": "명대 역참 지점",
        "_source_file": "Ming_Stations_2016.shp",
        "_source_crs": "EPSG:4326"
      }
    },
    {
      "type": "Feature",
      "geometry": {
        "type": "Point",
        "coordinates": [
          110.484711,
          29.127953000000012
        ]
      },
      "properties": {
        "SRC": "MDYZK",
        "STATUS": "N",
        "YZ_ID": 354,
        "YZ_LABEL": "YONGDINGWEI Hunan (永定卫)",
        "YZNM_PY": "YONGDINGWEI",
        "YZNM_CH": "永定卫",
        "YZNM_FT": "永定衛",
        "CHGIS_ID": "41946",
        "NOTE": null,
        "10CNTY_CH": "永定区",
        "10CNTY_EN": "Yongding",
        "10PREF_CH": "张家界市",
        "10PREF_EN": "Zhangjiajie",
        "10PROV_CH": "湖南省",
        "10PROV_EN": "Hunan",
        "GBCODE": 430802,
        "YZ_LAT": 110.484711,
        "YZ_LONG": 29.127953,
        "_layer_id": "ming_courier_stations",
        "_layer_title": "명대 역참 지점",
        "_source_file": "Ming_Stations_2016.shp",
        "_source_crs": "EPSG:4326"
      }
    },
    {
      "type": "Feature",
      "geometry": {
        "type": "Point",
        "coordinates": [
          111.121712,
          29.426342000000023
        ]
      },
      "properties": {
        "SRC": "PA_1903",
        "STATUS": "B",
        "YZ_ID": 355,
        "YZ_LABEL": "CILI Hunan (慈利)",
        "YZNM_PY": "CILI",
        "YZNM_CH": "慈利",
        "YZNM_FT": "慈利",
        "CHGIS_ID": "41942",
        "NOTE": null,
        "10CNTY_CH": "慈利县",
        "10CNTY_EN": "Cili",
        "10PREF_CH": "张家界市",
        "10PREF_EN": "Zhangjiajie",
        "10PROV_CH": "湖南省",
        "10PROV_EN": "Hunan",
        "GBCODE": 430821,
        "YZ_LAT": 111.121712,
        "YZ_LONG": 29.426342,
        "_layer_id": "ming_courier_stations",
        "_layer_title": "명대 역참 지점",
        "_source_file": "Ming_Stations_2016.shp",
        "_source_crs": "EPSG:4326"
      }
    },
    {
      "type": "Feature",
      "geometry": {
        "type": "Point",
        "coordinates": [
          111.37361100000001,
          29.58854300000002
        ]
      },
      "properties": {
        "SRC": "MDYZK",
        "STATUS": "Y",
        "YZ_ID": 356,
        "YZ_LABEL": "SHIMEN Hunan (石门)",
        "YZNM_PY": "SHIMEN",
        "YZNM_CH": "石门",
        "YZNM_FT": "石門",
        "CHGIS_ID": "41948",
        "NOTE": null,
        "10CNTY_CH": "石门县",
        "10CNTY_EN": "Shimen",
        "10PREF_CH": "常德市",
        "10PREF_EN": "Changde",
        "10PROV_CH": "湖南省",
        "10PROV_EN": "Hunan",
        "GBCODE": 430726,
        "YZ_LAT": 111.373611,
        "YZ_LONG": 29.588543,
        "_layer_id": "ming_courier_stations",
        "_layer_title": "명대 역참 지점",
        "_source_file": "Ming_Stations_2016.shp",
        "_source_crs": "EPSG:4326"
      }
    },
    {
      "type": "Feature",
      "geometry": {
        "type": "Point",
        "coordinates": [
          112.78163100000002,
          28.46236400000001
        ]
      },
      "properties": {
        "SRC": "PA_1903",
        "STATUS": "N",
        "YZ_ID": 357,
        "YZ_LABEL": "JINGGANG Hunan (靖港)",
        "YZNM_PY": "JINGGANG",
        "YZNM_CH": "靖港",
        "YZNM_FT": "靖港",
        "CHGIS_ID": "129178",
        "NOTE": null,
        "10CNTY_CH": "望城县",
        "10CNTY_EN": "Wangcheng",
        "10PREF_CH": "长沙市",
        "10PREF_EN": "Changsha",
        "10PROV_CH": "湖南省",
        "10PROV_EN": "Hunan",
        "GBCODE": 430122,
        "YZ_LAT": 112.781631,
        "YZ_LONG": 28.462364,
        "_layer_id": "ming_courier_stations",
        "_layer_title": "명대 역참 지점",
        "_source_file": "Ming_Stations_2016.shp",
        "_source_crs": "EPSG:4326"
      }
    },
    {
      "type": "Feature",
      "geometry": {
        "type": "Point",
        "coordinates": [
          113.262848,
          28.96237800000001
        ]
      },
      "properties": {
        "SRC": "MDYZK",
        "STATUS": "Y",
        "YZ_ID": 358,
        "YZ_LABEL": "DAJINGYI Hunan (大荆驿)",
        "YZNM_PY": "DAJINGYI",
        "YZNM_CH": "大荆驿",
        "YZNM_FT": "大荊驛",
        "CHGIS_ID": "18760",
        "NOTE": null,
        "10CNTY_CH": "汨罗市",
        "10CNTY_EN": "Miluo",
        "10PREF_CH": "岳阳市",
        "10PREF_EN": "Yueyang",
        "10PROV_CH": "湖南省",
        "10PROV_EN": "Hunan",
        "GBCODE": 430681,
        "YZ_LAT": 113.262848,
        "YZ_LONG": 28.962378,
        "_layer_id": "ming_courier_stations",
        "_layer_title": "명대 역참 지점",
        "_source_file": "Ming_Stations_2016.shp",
        "_source_crs": "EPSG:4326"
      }
    },
    {
      "type": "Feature",
      "geometry": {
        "type": "Point",
        "coordinates": [
          113.26315300000418,
          29.473048999996227
        ]
      },
      "properties": {
        "SRC": "MDYZK",
        "STATUS": "Y",
        "YZ_ID": 359,
        "YZ_LABEL": "YUNXI Hunan (云谿驿)",
        "YZNM_PY": "YUNXI",
        "YZNM_CH": "云谿驿",
        "YZNM_FT": "雲谿驛",
        "CHGIS_ID": "131059",
        "NOTE": null,
        "10CNTY_CH": "云溪区",
        "10CNTY_EN": "Yunxi",
        "10PREF_CH": "岳阳市",
        "10PREF_EN": "Yueyang",
        "10PROV_CH": "湖南省",
        "10PROV_EN": "Hunan",
        "GBCODE": 430603,
        "YZ_LAT": 113.263153,
        "YZ_LONG": 29.473049,
        "_layer_id": "ming_courier_stations",
        "_layer_title": "명대 역참 지점",
        "_source_file": "Ming_Stations_2016.shp",
        "_source_crs": "EPSG:4326"
      }
    },
    {
      "type": "Feature",
      "geometry": {
        "type": "Point",
        "coordinates": [
          113.70691,
          29.530635000000018
        ]
      },
      "properties": {
        "SRC": "MDYZK",
        "STATUS": "N",
        "YZ_ID": 360,
        "YZ_LABEL": "GANGKOUYI Hubei (港口驿)",
        "YZNM_PY": "GANGKOUYI",
        "YZNM_CH": "港口驿",
        "YZNM_FT": "港口驛",
        "CHGIS_ID": "18613",
        "NOTE": null,
        "10CNTY_CH": "赤壁市",
        "10CNTY_EN": "Chibi",
        "10PREF_CH": "咸宁市",
        "10PREF_EN": "Xianning",
        "10PROV_CH": "湖北省",
        "10PROV_EN": "Hubei",
        "GBCODE": 421281,
        "YZ_LAT": 113.70691,
        "YZ_LONG": 29.530635,
        "_layer_id": "ming_courier_stations",
        "_layer_title": "명대 역참 지점",
        "_source_file": "Ming_Stations_2016.shp",
        "_source_crs": "EPSG:4326"
      }
    },
    {
      "type": "Feature",
      "geometry": {
        "type": "Point",
        "coordinates": [
          113.78333282470702,
          29.633333206176818
        ]
      },
      "properties": {
        "SRC": "MDYZK",
        "STATUS": "Y",
        "YZ_ID": 361,
        "YZ_LABEL": "FENGSHANYI Hubei (凤山驿)",
        "YZNM_PY": "FENGSHANYI",
        "YZNM_CH": "凤山驿",
        "YZNM_FT": "鳳山驛",
        "CHGIS_ID": null,
        "NOTE": null,
        "10CNTY_CH": "赤壁市",
        "10CNTY_EN": "Chibi",
        "10PREF_CH": "咸宁市",
        "10PREF_EN": "Xianning",
        "10PROV_CH": "湖北省",
        "10PROV_EN": "Hubei",
        "GBCODE": 421281,
        "YZ_LAT": 113.783333,
        "YZ_LONG": 29.633333,
        "_layer_id": "ming_courier_stations",
        "_layer_title": "명대 역참 지점",
        "_source_file": "Ming_Stations_2016.shp",
        "_source_crs": "EPSG:4326"
      }
    },
    {
      "type": "Feature",
      "geometry": {
        "type": "Point",
        "coordinates": [
          114.063148,
          24.945763000000007
        ]
      },
      "properties": {
        "SRC": "MDYZK",
        "STATUS": "Y",
        "YZ_ID": 362,
        "YZ_LABEL": "SHIXING Guangdong (始兴)",
        "YZNM_PY": "SHIXING",
        "YZNM_CH": "始兴",
        "YZNM_FT": "始興",
        "CHGIS_ID": "42596",
        "NOTE": null,
        "10CNTY_CH": "始兴县",
        "10CNTY_EN": "Shixing",
        "10PREF_CH": "韶关市",
        "10PREF_EN": "Shaoguan",
        "10PROV_CH": "广东省",
        "10PROV_EN": "Guangdong",
        "GBCODE": 440222,
        "YZ_LAT": 114.063148,
        "YZ_LONG": 24.945763,
        "_layer_id": "ming_courier_stations",
        "_layer_title": "명대 역참 지점",
        "_source_file": "Ming_Stations_2016.shp",
        "_source_crs": "EPSG:4326"
      }
    },
    {
      "type": "Feature",
      "geometry": {
        "type": "Point",
        "coordinates": [
          111.93868299999998,
          25.598452000000012
        ]
      },
      "properties": {
        "SRC": "PA_1903",
        "STATUS": "B",
        "YZ_ID": 363,
        "YZ_LABEL": "NINGYUAN Hunan (宁远)",
        "YZNM_PY": "NINGYUAN",
        "YZNM_CH": "宁远",
        "YZNM_FT": "寧遠",
        "CHGIS_ID": "41974",
        "NOTE": null,
        "10CNTY_CH": "宁远县",
        "10CNTY_EN": "Ningyuan",
        "10PREF_CH": "永州市",
        "10PREF_EN": "Yongzhou",
        "10PROV_CH": "湖南省",
        "10PROV_EN": "Hunan",
        "GBCODE": 431126,
        "YZ_LAT": 111.938683,
        "YZ_LONG": 25.598452,
        "_layer_id": "ming_courier_stations",
        "_layer_title": "명대 역참 지점",
        "_source_file": "Ming_Stations_2016.shp",
        "_source_crs": "EPSG:4326"
      }
    },
    {
      "type": "Feature",
      "geometry": {
        "type": "Point",
        "coordinates": [
          111.5824200000001,
          25.189918999999946
        ]
      },
      "properties": {
        "SRC": "PA_1903",
        "STATUS": "N",
        "YZ_ID": 364,
        "YZ_LABEL": "JIANGHUA Hunan (江华)",
        "YZNM_PY": "JIANGHUA",
        "YZNM_CH": "江华",
        "YZNM_FT": "江華",
        "CHGIS_ID": "121213",
        "NOTE": null,
        "10CNTY_CH": "江华瑶族自治县",
        "10CNTY_EN": "Jianghuayaozuzizhixian",
        "10PREF_CH": "永州市",
        "10PREF_EN": "Yongzhou",
        "10PROV_CH": "湖南省",
        "10PROV_EN": "Hunan",
        "GBCODE": 431129,
        "YZ_LAT": 111.58242,
        "YZ_LONG": 25.189919,
        "_layer_id": "ming_courier_stations",
        "_layer_title": "명대 역참 지점",
        "_source_file": "Ming_Stations_2016.shp",
        "_source_crs": "EPSG:4326"
      }
    },
    {
      "type": "Feature",
      "geometry": {
        "type": "Point",
        "coordinates": [
          111.33644899999999,
          25.27697400000001
        ]
      },
      "properties": {
        "SRC": "PA_1903",
        "STATUS": "N",
        "YZ_ID": 365,
        "YZ_LABEL": "YONGMING Hunan (永明)",
        "YZNM_PY": "YONGMING",
        "YZNM_CH": "永明",
        "YZNM_FT": "永明",
        "CHGIS_ID": "41986",
        "NOTE": null,
        "10CNTY_CH": "江永县",
        "10CNTY_EN": "Jiangyong",
        "10PREF_CH": "永州市",
        "10PREF_EN": "Yongzhou",
        "10PROV_CH": "湖南省",
        "10PROV_EN": "Hunan",
        "GBCODE": 431125,
        "YZ_LAT": 111.336449,
        "YZ_LONG": 25.276974,
        "_layer_id": "ming_courier_stations",
        "_layer_title": "명대 역참 지점",
        "_source_file": "Ming_Stations_2016.shp",
        "_source_crs": "EPSG:4326"
      }
    },
    {
      "type": "Feature",
      "geometry": {
        "type": "Point",
        "coordinates": [
          113.83863799999999,
          27.631424000000013
        ]
      },
      "properties": {
        "SRC": "MDYZK",
        "STATUS": "Y",
        "YZ_ID": 366,
        "YZ_LABEL": "PINGXIANG Jiangxi (萍乡)",
        "YZNM_PY": "PINGXIANG",
        "YZNM_CH": "萍乡",
        "YZNM_FT": "萍鄉",
        "CHGIS_ID": "40974",
        "NOTE": null,
        "10CNTY_CH": "安源区",
        "10CNTY_EN": "Anyuan",
        "10PREF_CH": "萍乡市",
        "10PREF_EN": "Pingxiang",
        "10PROV_CH": "江西省",
        "10PROV_EN": "Jiangxi",
        "GBCODE": 360302,
        "YZ_LAT": 113.838638,
        "YZ_LONG": 27.631424,
        "_layer_id": "ming_courier_stations",
        "_layer_title": "명대 역참 지점",
        "_source_file": "Ming_Stations_2016.shp",
        "_source_crs": "EPSG:4326"
      }
    },
    {
      "type": "Feature",
      "geometry": {
        "type": "Point",
        "coordinates": [
          113.49410199999998,
          27.66851800000001
        ]
      },
      "properties": {
        "SRC": "PA_1903",
        "STATUS": "B",
        "YZ_ID": 367,
        "YZ_LABEL": "LILING Hunan (醴陵)",
        "YZNM_PY": "LILING",
        "YZNM_CH": "醴陵",
        "YZNM_FT": "醴陵",
        "CHGIS_ID": "720",
        "NOTE": null,
        "10CNTY_CH": "醴陵市",
        "10CNTY_EN": "Liling",
        "10PREF_CH": "株洲市",
        "10PREF_EN": "Zhuzhou",
        "10PROV_CH": "湖南省",
        "10PROV_EN": "Hunan",
        "GBCODE": 430281,
        "YZ_LAT": 113.494102,
        "YZ_LONG": 27.668518,
        "_layer_id": "ming_courier_stations",
        "_layer_title": "명대 역참 지점",
        "_source_file": "Ming_Stations_2016.shp",
        "_source_crs": "EPSG:4326"
      }
    },
    {
      "type": "Feature",
      "geometry": {
        "type": "Point",
        "coordinates": [
          113.150009,
          27.85255600000001
        ]
      },
      "properties": {
        "SRC": "PA_1903",
        "STATUS": "N",
        "YZ_ID": 368,
        "YZ_LABEL": "ZHUZHOU Hunan (株洲)",
        "YZNM_PY": "ZHUZHOU",
        "YZNM_CH": "株洲",
        "YZNM_FT": "株洲",
        "CHGIS_ID": "18838",
        "NOTE": null,
        "10CNTY_CH": "石峰区",
        "10CNTY_EN": "Shifeng",
        "10PREF_CH": "株洲市",
        "10PREF_EN": "Zhuzhou",
        "10PROV_CH": "湖南省",
        "10PROV_EN": "Hunan",
        "GBCODE": 430204,
        "YZ_LAT": 113.150009,
        "YZ_LONG": 27.852556,
        "_layer_id": "ming_courier_stations",
        "_layer_title": "명대 역참 지점",
        "_source_file": "Ming_Stations_2016.shp",
        "_source_crs": "EPSG:4326"
      }
    },
    {
      "type": "Feature",
      "geometry": {
        "type": "Point",
        "coordinates": [
          113.52794700000909,
          24.89621499999623
        ]
      },
      "properties": {
        "SRC": "PA_1903",
        "STATUS": "N",
        "YZ_ID": 369,
        "YZ_LABEL": "LIBUTOU Guangdong (犁步头)",
        "YZNM_PY": "LIBUTOU",
        "YZNM_CH": "犁步头",
        "YZNM_FT": "犁步頭",
        "CHGIS_ID": "126321",
        "NOTE": null,
        "10CNTY_CH": "浈江区",
        "10CNTY_EN": "Zhenjiang",
        "10PREF_CH": "韶关市",
        "10PREF_EN": "Shaoguan",
        "10PROV_CH": "广东省",
        "10PROV_EN": "Guangdong",
        "GBCODE": 440204,
        "YZ_LAT": 113.527947,
        "YZ_LONG": 24.896215,
        "_layer_id": "ming_courier_stations",
        "_layer_title": "명대 역참 지점",
        "_source_file": "Ming_Stations_2016.shp",
        "_source_crs": "EPSG:4326"
      }
    },
    {
      "type": "Feature",
      "geometry": {
        "type": "Point",
        "coordinates": [
          113.346794,
          25.134874000000007
        ]
      },
      "properties": {
        "SRC": "MDYZK",
        "STATUS": "Y",
        "YZ_ID": 370,
        "YZ_LABEL": "LECHANG Guangdong (乐昌)",
        "YZNM_PY": "LECHANG",
        "YZNM_CH": "乐昌",
        "YZNM_FT": "樂昌",
        "CHGIS_ID": "42243",
        "NOTE": null,
        "10CNTY_CH": "乐昌市",
        "10CNTY_EN": "Lechang",
        "10PREF_CH": "韶关市",
        "10PREF_EN": "Shaoguan",
        "10PROV_CH": "广东省",
        "10PROV_EN": "Guangdong",
        "GBCODE": 440281,
        "YZ_LAT": 113.346794,
        "YZ_LONG": 25.134874,
        "_layer_id": "ming_courier_stations",
        "_layer_title": "명대 역참 지점",
        "_source_file": "Ming_Stations_2016.shp",
        "_source_crs": "EPSG:4326"
      }
    },
    {
      "type": "Feature",
      "geometry": {
        "type": "Point",
        "coordinates": [
          113.5961690000107,
          24.683867999995762
        ]
      },
      "properties": {
        "SRC": "PA_1903",
        "STATUS": "N",
        "YZ_ID": 371,
        "YZ_LABEL": "MABA Guangdong (马霸)",
        "YZNM_PY": "MABA",
        "YZNM_CH": "马霸",
        "YZNM_FT": "馬霸",
        "CHGIS_ID": "126306",
        "NOTE": null,
        "10CNTY_CH": "曲江区",
        "10CNTY_EN": "Qujiang",
        "10PREF_CH": "韶关市",
        "10PREF_EN": "Shaoguan",
        "10PROV_CH": "广东省",
        "10PROV_EN": "Guangdong",
        "GBCODE": 440205,
        "YZ_LAT": 113.596169,
        "YZ_LONG": 24.683868,
        "_layer_id": "ming_courier_stations",
        "_layer_title": "명대 역참 지점",
        "_source_file": "Ming_Stations_2016.shp",
        "_source_crs": "EPSG:4326"
      }
    },
    {
      "type": "Feature",
      "geometry": {
        "type": "Point",
        "coordinates": [
          113.58970600001061,
          24.574225999995882
        ]
      },
      "properties": {
        "SRC": "PA_1903",
        "STATUS": "N",
        "YZ_ID": 372,
        "YZ_LABEL": "WUSHI Guangdong (乌石)",
        "YZNM_PY": "WUSHI",
        "YZNM_CH": "乌石",
        "YZNM_FT": "烏石",
        "CHGIS_ID": "126308",
        "NOTE": null,
        "10CNTY_CH": "曲江区",
        "10CNTY_EN": "Qujiang",
        "10PREF_CH": "韶关市",
        "10PREF_EN": "Shaoguan",
        "10PROV_CH": "广东省",
        "10PROV_EN": "Guangdong",
        "GBCODE": 440205,
        "YZ_LAT": 113.589706,
        "YZ_LONG": 24.574226,
        "_layer_id": "ming_courier_stations",
        "_layer_title": "명대 역참 지점",
        "_source_file": "Ming_Stations_2016.shp",
        "_source_crs": "EPSG:4326"
      }
    },
    {
      "type": "Feature",
      "geometry": {
        "type": "Point",
        "coordinates": [
          113.51434300000882,
          24.423575999996626
        ]
      },
      "properties": {
        "SRC": "PA_1903",
        "STATUS": "N",
        "YZ_ID": 373,
        "YZ_LABEL": "SHAKOU Guangdong (沙口)",
        "YZNM_PY": "SHAKOU",
        "YZNM_CH": "沙口",
        "YZNM_FT": "沙口",
        "CHGIS_ID": "126269",
        "NOTE": null,
        "10CNTY_CH": "英德市",
        "10CNTY_EN": "Yingde",
        "10PREF_CH": "清远市",
        "10PREF_EN": "Qingyuan",
        "10PROV_CH": "广东省",
        "10PROV_EN": "Guangdong",
        "GBCODE": 441881,
        "YZ_LAT": 113.514343,
        "YZ_LONG": 24.423576,
        "_layer_id": "ming_courier_stations",
        "_layer_title": "명대 역참 지점",
        "_source_file": "Ming_Stations_2016.shp",
        "_source_crs": "EPSG:4326"
      }
    },
    {
      "type": "Feature",
      "geometry": {
        "type": "Point",
        "coordinates": [
          113.46109800000781,
          24.260077999997165
        ]
      },
      "properties": {
        "SRC": "PA_1903",
        "STATUS": "N",
        "YZ_ID": 374,
        "YZ_LABEL": "HETOU Guangdong (河头)",
        "YZNM_PY": "HETOU",
        "YZNM_CH": "河头",
        "YZNM_FT": "河頭",
        "CHGIS_ID": "126264",
        "NOTE": null,
        "10CNTY_CH": "英德市",
        "10CNTY_EN": "Yingde",
        "10PREF_CH": "清远市",
        "10PREF_EN": "Qingyuan",
        "10PROV_CH": "广东省",
        "10PROV_EN": "Guangdong",
        "GBCODE": 441881,
        "YZ_LAT": 113.461098,
        "YZ_LONG": 24.260078,
        "_layer_id": "ming_courier_stations",
        "_layer_title": "명대 역참 지점",
        "_source_file": "Ming_Stations_2016.shp",
        "_source_crs": "EPSG:4326"
      }
    },
    {
      "type": "Feature",
      "geometry": {
        "type": "Point",
        "coordinates": [
          113.82032,
          24.37513700000001
        ]
      },
      "properties": {
        "SRC": "PA_1903",
        "STATUS": "B",
        "YZ_ID": 375,
        "YZ_LABEL": "WENGYUAN Guangdong (翁源)",
        "YZNM_PY": "WENGYUAN",
        "YZNM_CH": "翁源",
        "YZNM_FT": "翁源",
        "CHGIS_ID": "42255",
        "NOTE": null,
        "10CNTY_CH": "翁源县",
        "10CNTY_EN": "Wengyuan",
        "10PREF_CH": "韶关市",
        "10PREF_EN": "Shaoguan",
        "10PROV_CH": "广东省",
        "10PROV_EN": "Guangdong",
        "GBCODE": 440229,
        "YZ_LAT": 113.82032,
        "YZ_LONG": 24.375137,
        "_layer_id": "ming_courier_stations",
        "_layer_title": "명대 역참 지점",
        "_source_file": "Ming_Stations_2016.shp",
        "_source_crs": "EPSG:4326"
      }
    },
    {
      "type": "Feature",
      "geometry": {
        "type": "Point",
        "coordinates": [
          113.45401000000759,
          24.72807099999695
        ]
      },
      "properties": {
        "SRC": "PA_1903",
        "STATUS": "N",
        "YZ_ID": 376,
        "YZ_LABEL": "LONGGUIXU Guangdong (龙归墟)",
        "YZNM_PY": "LONGGUIXU",
        "YZNM_CH": "龙归墟",
        "YZNM_FT": "龍歸墟",
        "CHGIS_ID": "126324",
        "NOTE": null,
        "10CNTY_CH": "武江区",
        "10CNTY_EN": "Wujiang",
        "10PREF_CH": "韶关市",
        "10PREF_EN": "Shaoguan",
        "10PROV_CH": "广东省",
        "10PROV_EN": "Guangdong",
        "GBCODE": 440203,
        "YZ_LAT": 113.45401,
        "YZ_LONG": 24.728071,
        "_layer_id": "ming_courier_stations",
        "_layer_title": "명대 역참 지점",
        "_source_file": "Ming_Stations_2016.shp",
        "_source_crs": "EPSG:4326"
      }
    },
    {
      "type": "Feature",
      "geometry": {
        "type": "Point",
        "coordinates": [
          113.26900000000002,
          24.78400000000001
        ]
      },
      "properties": {
        "SRC": "PA_1903",
        "STATUS": "B",
        "YZ_ID": 377,
        "YZ_LABEL": "RUYUAN Guangdong (乳源)",
        "YZNM_PY": "RUYUAN",
        "YZNM_CH": "乳源",
        "YZNM_FT": "乳源",
        "CHGIS_ID": "42249",
        "NOTE": null,
        "10CNTY_CH": "乳源瑶族自治县",
        "10CNTY_EN": "Ruyuanyaozuzizhixian",
        "10PREF_CH": "韶关市",
        "10PREF_EN": "Shaoguan",
        "10PROV_CH": "广东省",
        "10PROV_EN": "Guangdong",
        "GBCODE": 440232,
        "YZ_LAT": 113.269,
        "YZ_LONG": 24.784,
        "_layer_id": "ming_courier_stations",
        "_layer_title": "명대 역참 지점",
        "_source_file": "Ming_Stations_2016.shp",
        "_source_crs": "EPSG:4326"
      }
    },
    {
      "type": "Feature",
      "geometry": {
        "type": "Point",
        "coordinates": [
          112.88917099999999,
          23.98898300000001
        ]
      },
      "properties": {
        "SRC": "PA_1903",
        "STATUS": "N",
        "YZ_ID": 378,
        "YZ_LABEL": "SHAHE Guangdong (沙河)",
        "YZNM_PY": "SHAHE",
        "YZNM_CH": "沙河",
        "YZNM_FT": "沙河",
        "CHGIS_ID": "16978",
        "NOTE": null,
        "10CNTY_CH": "清新县",
        "10CNTY_EN": "Qingxin",
        "10PREF_CH": "清远市",
        "10PREF_EN": "Qingyuan",
        "10PROV_CH": "广东省",
        "10PROV_EN": "Guangdong",
        "GBCODE": 441827,
        "YZ_LAT": 112.889171,
        "YZ_LONG": 23.988983,
        "_layer_id": "ming_courier_stations",
        "_layer_title": "명대 역참 지점",
        "_source_file": "Ming_Stations_2016.shp",
        "_source_crs": "EPSG:4326"
      }
    },
    {
      "type": "Feature",
      "geometry": {
        "type": "Point",
        "coordinates": [
          112.759628,
          24.126741000000038
        ]
      },
      "properties": {
        "SRC": "PA_1903",
        "STATUS": "P",
        "YZ_ID": 379,
        "YZ_LABEL": "BAISHITANXU Guangdong (白石潭)",
        "YZNM_PY": "BAISHITANXU",
        "YZNM_CH": "白石潭",
        "YZNM_FT": "白石潭",
        "CHGIS_ID": "126560",
        "NOTE": null,
        "10CNTY_CH": "清新县",
        "10CNTY_EN": "Qingxin",
        "10PREF_CH": "清远市",
        "10PREF_EN": "Qingyuan",
        "10PROV_CH": "广东省",
        "10PROV_EN": "Guangdong",
        "GBCODE": 441827,
        "YZ_LAT": 112.759628,
        "YZ_LONG": 24.126741,
        "_layer_id": "ming_courier_stations",
        "_layer_title": "명대 역참 지점",
        "_source_file": "Ming_Stations_2016.shp",
        "_source_crs": "EPSG:4326"
      }
    },
    {
      "type": "Feature",
      "geometry": {
        "type": "Point",
        "coordinates": [
          112.66204100000006,
          24.328947000000028
        ]
      },
      "properties": {
        "SRC": "PA_1903",
        "STATUS": "L",
        "YZ_ID": 380,
        "YZ_LABEL": "DUBUXU Guangdong (社步墟)",
        "YZNM_PY": "DUBUXU",
        "YZNM_CH": "社步墟",
        "YZNM_FT": "社步墟",
        "CHGIS_ID": "127321",
        "NOTE": null,
        "10CNTY_CH": "阳山县",
        "10CNTY_EN": "Yangshan",
        "10PREF_CH": "清远市",
        "10PREF_EN": "Qingyuan",
        "10PROV_CH": "广东省",
        "10PROV_EN": "Guangdong",
        "GBCODE": 441823,
        "YZ_LAT": 112.662041,
        "YZ_LONG": 24.328947,
        "_layer_id": "ming_courier_stations",
        "_layer_title": "명대 역참 지점",
        "_source_file": "Ming_Stations_2016.shp",
        "_source_crs": "EPSG:4326"
      }
    },
    {
      "type": "Feature",
      "geometry": {
        "type": "Point",
        "coordinates": [
          112.71364599999998,
          24.39618500000001
        ]
      },
      "properties": {
        "SRC": "PA_1903",
        "STATUS": "N",
        "YZ_ID": 381,
        "YZ_LABEL": "SHUIKOU Guangdong (水口)",
        "YZNM_PY": "SHUIKOU",
        "YZNM_CH": "水口",
        "YZNM_FT": "水口",
        "CHGIS_ID": "16904",
        "NOTE": null,
        "10CNTY_CH": "阳山县",
        "10CNTY_EN": "Yangshan",
        "10PREF_CH": "清远市",
        "10PREF_EN": "Qingyuan",
        "10PROV_CH": "广东省",
        "10PROV_EN": "Guangdong",
        "GBCODE": 441823,
        "YZ_LAT": 112.713646,
        "YZ_LONG": 24.396185,
        "_layer_id": "ming_courier_stations",
        "_layer_title": "명대 역참 지점",
        "_source_file": "Ming_Stations_2016.shp",
        "_source_crs": "EPSG:4326"
      }
    },
    {
      "type": "Feature",
      "geometry": {
        "type": "Point",
        "coordinates": [
          112.63826700000001,
          24.48501400000001
        ]
      },
      "properties": {
        "SRC": "PA_1903",
        "STATUS": "B",
        "YZ_ID": 382,
        "YZ_LABEL": "YANGSHAN Guangdong (阳山)",
        "YZNM_PY": "YANGSHAN",
        "YZNM_CH": "阳山",
        "YZNM_FT": "陽山",
        "CHGIS_ID": "271",
        "NOTE": null,
        "10CNTY_CH": "阳山县",
        "10CNTY_EN": "Yangshan",
        "10PREF_CH": "清远市",
        "10PREF_EN": "Qingyuan",
        "10PROV_CH": "广东省",
        "10PROV_EN": "Guangdong",
        "GBCODE": 441823,
        "YZ_LAT": 112.638267,
        "YZ_LONG": 24.485014,
        "_layer_id": "ming_courier_stations",
        "_layer_title": "명대 역참 지점",
        "_source_file": "Ming_Stations_2016.shp",
        "_source_crs": "EPSG:4326"
      }
    },
    {
      "type": "Feature",
      "geometry": {
        "type": "Point",
        "coordinates": [
          112.37812100000001,
          24.779701000000006
        ]
      },
      "properties": {
        "SRC": "PA_1903",
        "STATUS": "B",
        "YZ_ID": 383,
        "YZ_LABEL": "LIANZHOU Guangdong (连州)",
        "YZNM_PY": "LIANZHOU",
        "YZNM_CH": "连州",
        "YZNM_FT": "連州",
        "CHGIS_ID": "9544",
        "NOTE": null,
        "10CNTY_CH": "连州市",
        "10CNTY_EN": "Lianzhou",
        "10PREF_CH": "清远市",
        "10PREF_EN": "Qingyuan",
        "10PROV_CH": "广东省",
        "10PROV_EN": "Guangdong",
        "GBCODE": 441882,
        "YZ_LAT": 112.378121,
        "YZ_LONG": 24.779701,
        "_layer_id": "ming_courier_stations",
        "_layer_title": "명대 역참 지점",
        "_source_file": "Ming_Stations_2016.shp",
        "_source_crs": "EPSG:4326"
      }
    },
    {
      "type": "Feature",
      "geometry": {
        "type": "Point",
        "coordinates": [
          112.28250100000024,
          24.718810999999953
        ]
      },
      "properties": {
        "SRC": "PA_1903",
        "STATUS": "N",
        "YZ_ID": 384,
        "YZ_LABEL": "SANJIANG Guangdong (三江)",
        "YZNM_PY": "SANJIANG",
        "YZNM_CH": "三江",
        "YZNM_FT": "三江",
        "CHGIS_ID": "127297",
        "NOTE": null,
        "10CNTY_CH": "连南瑶族自治县",
        "10CNTY_EN": "Liannanyaozuzizhixian",
        "10PREF_CH": "清远市",
        "10PREF_EN": "Qingyuan",
        "10PROV_CH": "广东省",
        "10PROV_EN": "Guangdong",
        "GBCODE": 441826,
        "YZ_LAT": 112.282501,
        "YZ_LONG": 24.718811,
        "_layer_id": "ming_courier_stations",
        "_layer_title": "명대 역참 지점",
        "_source_file": "Ming_Stations_2016.shp",
        "_source_crs": "EPSG:4326"
      }
    },
    {
      "type": "Feature",
      "geometry": {
        "type": "Point",
        "coordinates": [
          112.84799999999998,
          22.88900000000001
        ]
      },
      "properties": {
        "SRC": "PA_1903",
        "STATUS": "N",
        "YZ_ID": 385,
        "YZ_LABEL": "SANZHOU Guangdong (三洲)",
        "YZNM_PY": "SANZHOU",
        "YZNM_CH": "三洲",
        "YZNM_FT": "三洲",
        "CHGIS_ID": "17112",
        "NOTE": null,
        "10CNTY_CH": "高明区",
        "10CNTY_EN": "Gaoming",
        "10PREF_CH": "佛山市",
        "10PREF_EN": "Foshan",
        "10PROV_CH": "广东省",
        "10PROV_EN": "Guangdong",
        "GBCODE": 440608,
        "YZ_LAT": 112.848,
        "YZ_LONG": 22.889,
        "_layer_id": "ming_courier_stations",
        "_layer_title": "명대 역참 지점",
        "_source_file": "Ming_Stations_2016.shp",
        "_source_crs": "EPSG:4326"
      }
    },
    {
      "type": "Feature",
      "geometry": {
        "type": "Point",
        "coordinates": [
          112.695587,
          22.86233500000001
        ]
      },
      "properties": {
        "SRC": "MDYZK",
        "STATUS": "Y",
        "YZ_ID": 386,
        "YZ_LABEL": "GAOMING Guangdong (高明)",
        "YZNM_PY": "GAOMING",
        "YZNM_CH": "高明",
        "YZNM_FT": "高明",
        "CHGIS_ID": "311",
        "NOTE": null,
        "10CNTY_CH": "高明区",
        "10CNTY_EN": "Gaoming",
        "10PREF_CH": "佛山市",
        "10PREF_EN": "Foshan",
        "10PROV_CH": "广东省",
        "10PROV_EN": "Guangdong",
        "GBCODE": 440608,
        "YZ_LAT": 112.695587,
        "YZ_LONG": 22.862335,
        "_layer_id": "ming_courier_stations",
        "_layer_title": "명대 역참 지점",
        "_source_file": "Ming_Stations_2016.shp",
        "_source_crs": "EPSG:4326"
      }
    },
    {
      "type": "Feature",
      "geometry": {
        "type": "Point",
        "coordinates": [
          112.694534,
          23.348709000000007
        ]
      },
      "properties": {
        "SRC": "MDYZK",
        "STATUS": "Y",
        "YZ_ID": 387,
        "YZ_LABEL": "SIHUI Guangdong (四会)",
        "YZNM_PY": "SIHUI",
        "YZNM_CH": "四会",
        "YZNM_FT": "四會",
        "CHGIS_ID": "291",
        "NOTE": null,
        "10CNTY_CH": "四会市",
        "10CNTY_EN": "Sihui",
        "10PREF_CH": "肇庆市",
        "10PREF_EN": "Zhaoqing",
        "10PROV_CH": "广东省",
        "10PROV_EN": "Guangdong",
        "GBCODE": 441284,
        "YZ_LAT": 112.694534,
        "YZ_LONG": 23.348709,
        "_layer_id": "ming_courier_stations",
        "_layer_title": "명대 역참 지점",
        "_source_file": "Ming_Stations_2016.shp",
        "_source_crs": "EPSG:4326"
      }
    },
    {
      "type": "Feature",
      "geometry": {
        "type": "Point",
        "coordinates": [
          112.43131999999999,
          23.642736000000006
        ]
      },
      "properties": {
        "SRC": "MDYZK",
        "STATUS": "Y",
        "YZ_ID": 388,
        "YZ_LABEL": "GUANGNING Guangdong (广宁)",
        "YZNM_PY": "GUANGNING",
        "YZNM_CH": "广宁",
        "YZNM_FT": "廣寧",
        "CHGIS_ID": "290",
        "NOTE": null,
        "10CNTY_CH": "广宁县",
        "10CNTY_EN": "Guangning",
        "10PREF_CH": "肇庆市",
        "10PREF_EN": "Zhaoqing",
        "10PROV_CH": "广东省",
        "10PROV_EN": "Guangdong",
        "GBCODE": 441223,
        "YZ_LAT": 112.43132,
        "YZ_LONG": 23.642736,
        "_layer_id": "ming_courier_stations",
        "_layer_title": "명대 역참 지점",
        "_source_file": "Ming_Stations_2016.shp",
        "_source_crs": "EPSG:4326"
      }
    },
    {
      "type": "Feature",
      "geometry": {
        "type": "Point",
        "coordinates": [
          112.179237,
          23.912186000000013
        ]
      },
      "properties": {
        "SRC": "PA_1903",
        "STATUS": "B",
        "YZ_ID": 389,
        "YZ_LABEL": "HUAIJI Guangdong (怀集驿)",
        "YZNM_PY": "HUAIJI",
        "YZNM_CH": "怀集驿",
        "YZNM_FT": "懷集驛",
        "CHGIS_ID": "44194",
        "NOTE": null,
        "10CNTY_CH": "怀集县",
        "10CNTY_EN": "Huaiji",
        "10PREF_CH": "肇庆市",
        "10PREF_EN": "Zhaoqing",
        "10PROV_CH": "广东省",
        "10PROV_EN": "Guangdong",
        "GBCODE": 441224,
        "YZ_LAT": 112.179237,
        "YZ_LONG": 23.912186,
        "_layer_id": "ming_courier_stations",
        "_layer_title": "명대 역참 지점",
        "_source_file": "Ming_Stations_2016.shp",
        "_source_crs": "EPSG:4326"
      }
    },
    {
      "type": "Feature",
      "geometry": {
        "type": "Point",
        "coordinates": [
          109.23946400000007,
          22.835493000000046
        ]
      },
      "properties": {
        "SRC": "PA_1903",
        "STATUS": "N",
        "YZ_ID": 390,
        "YZ_LABEL": "JIAOYIXU Guangxi (校椅)",
        "YZNM_PY": "JIAOYIXU",
        "YZNM_CH": "校椅",
        "YZNM_FT": "校椅",
        "CHGIS_ID": "155200",
        "NOTE": null,
        "10CNTY_CH": "横县",
        "10CNTY_EN": "Heng",
        "10PREF_CH": "南宁市",
        "10PREF_EN": "Nanning",
        "10PROV_CH": "广西壮族自治区",
        "10PROV_EN": "Guangxi",
        "GBCODE": 450127,
        "YZ_LAT": 109.239464,
        "YZ_LONG": 22.835493,
        "_layer_id": "ming_courier_stations",
        "_layer_title": "명대 역참 지점",
        "_source_file": "Ming_Stations_2016.shp",
        "_source_crs": "EPSG:4326"
      }
    },
    {
      "type": "Feature",
      "geometry": {
        "type": "Point",
        "coordinates": [
          108.61439500000002,
          21.951426000000012
        ]
      },
      "properties": {
        "SRC": "PA_1903",
        "STATUS": "L",
        "YZ_ID": 391,
        "YZ_LABEL": "QINZHOU Guangxi (钦州)",
        "YZNM_PY": "QINZHOU",
        "YZNM_CH": "钦州",
        "YZNM_FT": "欽州",
        "CHGIS_ID": "320",
        "NOTE": null,
        "10CNTY_CH": "钦南区",
        "10CNTY_EN": "Qinnan",
        "10PREF_CH": "钦州市",
        "10PREF_EN": "Qinzhou",
        "10PROV_CH": "广西壮族自治区",
        "10PROV_EN": "Guangxi",
        "GBCODE": 450702,
        "YZ_LAT": 108.614395,
        "YZ_LONG": 21.951426,
        "_layer_id": "ming_courier_stations",
        "_layer_title": "명대 역참 지점",
        "_source_file": "Ming_Stations_2016.shp",
        "_source_crs": "EPSG:4326"
      }
    },
    {
      "type": "Feature",
      "geometry": {
        "type": "Point",
        "coordinates": [
          110.25089300000002,
          21.38298000000001
        ]
      },
      "properties": {
        "SRC": "PA_1903",
        "STATUS": "B",
        "YZ_ID": 392,
        "YZ_LABEL": "SUIXI Guangdong (遂溪)",
        "YZNM_PY": "SUIXI",
        "YZNM_CH": "遂溪",
        "YZNM_FT": "遂溪",
        "CHGIS_ID": "322",
        "NOTE": null,
        "10CNTY_CH": "遂溪县",
        "10CNTY_EN": "Suixi",
        "10PREF_CH": "湛江市",
        "10PREF_EN": "Zhanjiang",
        "10PROV_CH": "广东省",
        "10PROV_EN": "Guangdong",
        "GBCODE": 440823,
        "YZ_LAT": 110.250893,
        "YZ_LONG": 21.38298,
        "_layer_id": "ming_courier_stations",
        "_layer_title": "명대 역참 지점",
        "_source_file": "Ming_Stations_2016.shp",
        "_source_crs": "EPSG:4326"
      }
    },
    {
      "type": "Feature",
      "geometry": {
        "type": "Point",
        "coordinates": [
          110.07482900000007,
          21.17492300000004
        ]
      },
      "properties": {
        "SRC": "MDYZK",
        "STATUS": "Y",
        "YZ_ID": 393,
        "YZ_LABEL": "CHENGYUE Guangdong (城月)",
        "YZNM_PY": "CHENGYUE",
        "YZNM_CH": "城月",
        "YZNM_FT": "城月",
        "CHGIS_ID": "127093",
        "NOTE": null,
        "10CNTY_CH": "遂溪县",
        "10CNTY_EN": "Suixi",
        "10PREF_CH": "湛江市",
        "10PREF_EN": "Zhanjiang",
        "10PROV_CH": "广东省",
        "10PROV_EN": "Guangdong",
        "GBCODE": 440823,
        "YZ_LAT": 110.074829,
        "YZ_LONG": 21.174923,
        "_layer_id": "ming_courier_stations",
        "_layer_title": "명대 역참 지점",
        "_source_file": "Ming_Stations_2016.shp",
        "_source_crs": "EPSG:4326"
      }
    },
    {
      "type": "Feature",
      "geometry": {
        "type": "Point",
        "coordinates": [
          110.11496000000004,
          21.366423000000054
        ]
      },
      "properties": {
        "SRC": "PA_1903",
        "STATUS": "N",
        "YZ_ID": 394,
        "YZ_LABEL": "YANGJING Guangdong (洋菁)",
        "YZNM_PY": "YANGJING",
        "YZNM_CH": "洋菁",
        "YZNM_FT": "洋菁",
        "CHGIS_ID": "127090",
        "NOTE": null,
        "10CNTY_CH": "遂溪县",
        "10CNTY_EN": "Suixi",
        "10PREF_CH": "湛江市",
        "10PREF_EN": "Zhanjiang",
        "10PROV_CH": "广东省",
        "10PROV_EN": "Guangdong",
        "GBCODE": 440823,
        "YZ_LAT": 110.11496,
        "YZ_LONG": 21.366423,
        "_layer_id": "ming_courier_stations",
        "_layer_title": "명대 역참 지점",
        "_source_file": "Ming_Stations_2016.shp",
        "_source_crs": "EPSG:4326"
      }
    },
    {
      "type": "Feature",
      "geometry": {
        "type": "Point",
        "coordinates": [
          110.087914,
          20.901958000000008
        ]
      },
      "properties": {
        "SRC": "PA_1903",
        "STATUS": "N",
        "YZ_ID": 395,
        "YZ_LABEL": "HAIKANG Guangdong (海康)",
        "YZNM_PY": "HAIKANG",
        "YZNM_CH": "海康",
        "YZNM_FT": "海康",
        "CHGIS_ID": "42434",
        "NOTE": null,
        "10CNTY_CH": "雷州市",
        "10CNTY_EN": "Leizhou",
        "10PREF_CH": "湛江市",
        "10PREF_EN": "Zhanjiang",
        "10PROV_CH": "广东省",
        "10PROV_EN": "Guangdong",
        "GBCODE": 440882,
        "YZ_LAT": 110.087914,
        "YZ_LONG": 20.901958,
        "_layer_id": "ming_courier_stations",
        "_layer_title": "명대 역참 지점",
        "_source_file": "Ming_Stations_2016.shp",
        "_source_crs": "EPSG:4326"
      }
    },
    {
      "type": "Feature",
      "geometry": {
        "type": "Point",
        "coordinates": [
          110.08393799999999,
          20.56885300000001
        ]
      },
      "properties": {
        "SRC": "MDYZK",
        "STATUS": "Y",
        "YZ_ID": 396,
        "YZ_LABEL": "YINGLI Guangdong (英利驿)",
        "YZNM_PY": "YINGLI",
        "YZNM_CH": "英利驿",
        "YZNM_FT": "英利驛",
        "CHGIS_ID": "17252",
        "NOTE": null,
        "10CNTY_CH": "雷州市",
        "10CNTY_EN": "Leizhou",
        "10PREF_CH": "湛江市",
        "10PREF_EN": "Zhanjiang",
        "10PROV_CH": "广东省",
        "10PROV_EN": "Guangdong",
        "GBCODE": 440882,
        "YZ_LAT": 110.083938,
        "YZ_LONG": 20.568853,
        "_layer_id": "ming_courier_stations",
        "_layer_title": "명대 역참 지점",
        "_source_file": "Ming_Stations_2016.shp",
        "_source_crs": "EPSG:4326"
      }
    },
    {
      "type": "Feature",
      "geometry": {
        "type": "Point",
        "coordinates": [
          110.16278100000001,
          20.329676000000017
        ]
      },
      "properties": {
        "SRC": "MDYZK",
        "STATUS": "Y",
        "YZ_ID": 397,
        "YZ_LABEL": "XUWEN Guangdong (徐闻)",
        "YZNM_PY": "XUWEN",
        "YZNM_CH": "徐闻",
        "YZNM_FT": "徐聞",
        "CHGIS_ID": "344",
        "NOTE": null,
        "10CNTY_CH": "徐闻县",
        "10CNTY_EN": "Xuwen",
        "10PREF_CH": "湛江市",
        "10PREF_EN": "Zhanjiang",
        "10PROV_CH": "广东省",
        "10PROV_EN": "Guangdong",
        "GBCODE": 440825,
        "YZ_LAT": 110.162781,
        "YZ_LONG": 20.329676,
        "_layer_id": "ming_courier_stations",
        "_layer_title": "명대 역참 지점",
        "_source_file": "Ming_Stations_2016.shp",
        "_source_crs": "EPSG:4326"
      }
    },
    {
      "type": "Feature",
      "geometry": {
        "type": "Point",
        "coordinates": [
          110.27355899999999,
          21.593603000000016
        ]
      },
      "properties": {
        "SRC": "PA_1903",
        "STATUS": "N",
        "YZ_ID": 398,
        "YZ_LABEL": "SHICHENG Guangdong (石城)",
        "YZNM_PY": "SHICHENG",
        "YZNM_CH": "石城",
        "YZNM_FT": "石城",
        "CHGIS_ID": "325",
        "NOTE": null,
        "10CNTY_CH": "廉江市",
        "10CNTY_EN": "Lianjiang",
        "10PREF_CH": "湛江市",
        "10PREF_EN": "Zhanjiang",
        "10PROV_CH": "广东省",
        "10PROV_EN": "Guangdong",
        "GBCODE": 440881,
        "YZ_LAT": 110.273559,
        "YZ_LONG": 21.593603,
        "_layer_id": "ming_courier_stations",
        "_layer_title": "명대 역참 지점",
        "_source_file": "Ming_Stations_2016.shp",
        "_source_crs": "EPSG:4326"
      }
    },
    {
      "type": "Feature",
      "geometry": {
        "type": "Point",
        "coordinates": [
          110.625313,
          21.65402800000001
        ]
      },
      "properties": {
        "SRC": "MDYZK",
        "STATUS": "N",
        "YZ_ID": 399,
        "YZ_LABEL": "LINGSHUIYI Guangdong (陵水驿)",
        "YZNM_PY": "LINGSHUIYI",
        "YZNM_CH": "陵水驿",
        "YZNM_FT": "陵水驛",
        "CHGIS_ID": "1784",
        "NOTE": null,
        "10CNTY_CH": "化州市",
        "10CNTY_EN": "Huazhou",
        "10PREF_CH": "茂名市",
        "10PREF_EN": "Maoming",
        "10PROV_CH": "广东省",
        "10PROV_EN": "Guangdong",
        "GBCODE": 440982,
        "YZ_LAT": 110.625313,
        "YZ_LONG": 21.654028,
        "_layer_id": "ming_courier_stations",
        "_layer_title": "명대 역참 지점",
        "_source_file": "Ming_Stations_2016.shp",
        "_source_crs": "EPSG:4326"
      }
    },
    {
      "type": "Feature",
      "geometry": {
        "type": "Point",
        "coordinates": [
          110.7066500000001,
          21.73174700000005
        ]
      },
      "properties": {
        "SRC": "PA_1903",
        "STATUS": "N",
        "YZ_ID": 400,
        "YZ_LABEL": "NANSHENG Guangdong (南盛)",
        "YZNM_PY": "NANSHENG",
        "YZNM_CH": "南盛",
        "YZNM_FT": "南盛",
        "CHGIS_ID": "126930",
        "NOTE": null,
        "10CNTY_CH": "化州市",
        "10CNTY_EN": "Huazhou",
        "10PREF_CH": "茂名市",
        "10PREF_EN": "Maoming",
        "10PROV_CH": "广东省",
        "10PROV_EN": "Guangdong",
        "GBCODE": 440982,
        "YZ_LAT": 110.70665,
        "YZ_LONG": 21.731747,
        "_layer_id": "ming_courier_stations",
        "_layer_title": "명대 역참 지점",
        "_source_file": "Ming_Stations_2016.shp",
        "_source_crs": "EPSG:4326"
      }
    },
    {
      "type": "Feature",
      "geometry": {
        "type": "Point",
        "coordinates": [
          110.76403000000006,
          21.830734000000064
        ]
      },
      "properties": {
        "SRC": "PA_1903",
        "STATUS": "N",
        "YZ_ID": 401,
        "YZ_LABEL": "SHIGU Guangdong (石鼓)",
        "YZNM_PY": "SHIGU",
        "YZNM_CH": "石鼓",
        "YZNM_FT": "石鼓",
        "CHGIS_ID": "126929",
        "NOTE": null,
        "10CNTY_CH": "高州市",
        "10CNTY_EN": "Gaozhou",
        "10PREF_CH": "茂名市",
        "10PREF_EN": "Maoming",
        "10PROV_CH": "广东省",
        "10PROV_EN": "Guangdong",
        "GBCODE": 440981,
        "YZ_LAT": 110.76403,
        "YZ_LONG": 21.830734,
        "_layer_id": "ming_courier_stations",
        "_layer_title": "명대 역참 지점",
        "_source_file": "Ming_Stations_2016.shp",
        "_source_crs": "EPSG:4326"
      }
    },
    {
      "type": "Feature",
      "geometry": {
        "type": "Point",
        "coordinates": [
          110.85381300000002,
          21.919214000000014
        ]
      },
      "properties": {
        "SRC": "MDYZK",
        "STATUS": "Y",
        "YZ_ID": 402,
        "YZ_LABEL": "GAOZHOU Guangdong (高州)",
        "YZNM_PY": "GAOZHOU",
        "YZNM_CH": "高州",
        "YZNM_FT": "高州",
        "CHGIS_ID": "9554",
        "NOTE": null,
        "10CNTY_CH": "高州市",
        "10CNTY_EN": "Gaozhou",
        "10PREF_CH": "茂名市",
        "10PREF_EN": "Maoming",
        "10PROV_CH": "广东省",
        "10PROV_EN": "Guangdong",
        "GBCODE": 440981,
        "YZ_LAT": 110.853813,
        "YZ_LONG": 21.919214,
        "_layer_id": "ming_courier_stations",
        "_layer_title": "명대 역참 지점",
        "_source_file": "Ming_Stations_2016.shp",
        "_source_crs": "EPSG:4326"
      }
    },
    {
      "type": "Feature",
      "geometry": {
        "type": "Point",
        "coordinates": [
          111.308571,
          23.48689800000001
        ]
      },
      "properties": {
        "SRC": "MDYZK",
        "STATUS": "Y",
        "YZ_ID": 403,
        "YZ_LABEL": "WUZHOU Guangxi (梧州)",
        "YZNM_PY": "WUZHOU",
        "YZNM_CH": "梧州",
        "YZNM_FT": "梧州",
        "CHGIS_ID": "9565",
        "NOTE": null,
        "10CNTY_CH": "蝶山区",
        "10CNTY_EN": "Dieshan",
        "10PREF_CH": "梧州市",
        "10PREF_EN": "Wuzhou",
        "10PROV_CH": "广西壮族自治区",
        "10PROV_EN": "Guangxi",
        "GBCODE": 450404,
        "YZ_LAT": 111.308571,
        "YZ_LONG": 23.486898,
        "_layer_id": "ming_courier_stations",
        "_layer_title": "명대 역참 지점",
        "_source_file": "Ming_Stations_2016.shp",
        "_source_crs": "EPSG:4326"
      }
    },
    {
      "type": "Feature",
      "geometry": {
        "type": "Point",
        "coordinates": [
          110.80361199999999,
          24.16912300000001
        ]
      },
      "properties": {
        "SRC": "MDYZK",
        "STATUS": "N",
        "YZ_ID": 404,
        "YZ_LABEL": "ZHAOPING Guangxi (昭潭驿)",
        "YZNM_PY": "ZHAOPING",
        "YZNM_CH": "昭潭驿",
        "YZNM_FT": "昭潭驛",
        "CHGIS_ID": "386",
        "NOTE": null,
        "10CNTY_CH": "昭平县",
        "10CNTY_EN": "Shaoping",
        "10PREF_CH": "贺州市",
        "10PREF_EN": "Hezhou",
        "10PROV_CH": "广西壮族自治区",
        "10PROV_EN": "Guangxi",
        "GBCODE": 451121,
        "YZ_LAT": 110.803612,
        "YZ_LONG": 24.169123,
        "_layer_id": "ming_courier_stations",
        "_layer_title": "명대 역참 지점",
        "_source_file": "Ming_Stations_2016.shp",
        "_source_crs": "EPSG:4326"
      }
    },
    {
      "type": "Feature",
      "geometry": {
        "type": "Point",
        "coordinates": [
          112.45315500000001,
          23.056921000000006
        ]
      },
      "properties": {
        "SRC": "MDYZK",
        "STATUS": "N",
        "YZ_ID": 405,
        "YZ_LABEL": "ZHAOQING Guangdong (崧台驿)",
        "YZNM_PY": "ZHAOQING",
        "YZNM_CH": "崧台驿",
        "YZNM_FT": "崧台驛",
        "CHGIS_ID": "9547",
        "NOTE": null,
        "10CNTY_CH": "端州区",
        "10CNTY_EN": "Duanzhou",
        "10PREF_CH": "肇庆市",
        "10PREF_EN": "Zhaoqing",
        "10PROV_CH": "广东省",
        "10PROV_EN": "Guangdong",
        "GBCODE": 441202,
        "YZ_LAT": 112.453155,
        "YZ_LONG": 23.056921,
        "_layer_id": "ming_courier_stations",
        "_layer_title": "명대 역참 지점",
        "_source_file": "Ming_Stations_2016.shp",
        "_source_crs": "EPSG:4326"
      }
    },
    {
      "type": "Feature",
      "geometry": {
        "type": "Point",
        "coordinates": [
          116.682884,
          23.363955000000015
        ]
      },
      "properties": {
        "SRC": "PA_1903",
        "STATUS": "N",
        "YZ_ID": 406,
        "YZ_LABEL": "SHANTOU Guangdong (汕头)",
        "YZNM_PY": "SHANTOU",
        "YZNM_CH": "汕头",
        "YZNM_FT": "汕頭",
        "CHGIS_ID": "17055",
        "NOTE": null,
        "10CNTY_CH": "金平区",
        "10CNTY_EN": "Jinping",
        "10PREF_CH": "汕头市",
        "10PREF_EN": "Shantou",
        "10PROV_CH": "广东省",
        "10PROV_EN": "Guangdong",
        "GBCODE": 440511,
        "YZ_LAT": 116.682884,
        "YZ_LONG": 23.363955,
        "_layer_id": "ming_courier_stations",
        "_layer_title": "명대 역참 지점",
        "_source_file": "Ming_Stations_2016.shp",
        "_source_crs": "EPSG:4326"
      }
    },
    {
      "type": "Feature",
      "geometry": {
        "type": "Point",
        "coordinates": [
          116.6848980000001,
          23.451500000000067
        ]
      },
      "properties": {
        "SRC": "PA_1903",
        "STATUS": "P",
        "YZ_ID": 407,
        "YZ_LABEL": "ANBU Guangdong (菴埠)",
        "YZNM_PY": "ANBU",
        "YZNM_CH": "菴埠",
        "YZNM_FT": "菴埠",
        "CHGIS_ID": "125854",
        "NOTE": null,
        "10CNTY_CH": "潮安县",
        "10CNTY_EN": "Chaoan",
        "10PREF_CH": "潮州市",
        "10PREF_EN": "Chaozhou",
        "10PROV_CH": "广东省",
        "10PROV_EN": "Guangdong",
        "GBCODE": 445121,
        "YZ_LAT": 116.684898,
        "YZ_LONG": 23.4515,
        "_layer_id": "ming_courier_stations",
        "_layer_title": "명대 역참 지점",
        "_source_file": "Ming_Stations_2016.shp",
        "_source_crs": "EPSG:4326"
      }
    },
    {
      "type": "Feature",
      "geometry": {
        "type": "Point",
        "coordinates": [
          116.655524,
          23.506814000000084
        ]
      },
      "properties": {
        "SRC": "PA_1903",
        "STATUS": "P",
        "YZ_ID": 408,
        "YZ_LABEL": "CAITANGXU Guangdong (彩塘市)",
        "YZNM_PY": "CAITANGXU",
        "YZNM_CH": "彩塘市",
        "YZNM_FT": "彩塘市",
        "CHGIS_ID": "125859",
        "NOTE": null,
        "10CNTY_CH": "潮安县",
        "10CNTY_EN": "Chaoan",
        "10PREF_CH": "潮州市",
        "10PREF_EN": "Chaozhou",
        "10PROV_CH": "广东省",
        "10PROV_EN": "Guangdong",
        "GBCODE": 445121,
        "YZ_LAT": 116.655524,
        "YZ_LONG": 23.506814,
        "_layer_id": "ming_courier_stations",
        "_layer_title": "명대 역참 지점",
        "_source_file": "Ming_Stations_2016.shp",
        "_source_crs": "EPSG:4326"
      }
    },
    {
      "type": "Feature",
      "geometry": {
        "type": "Point",
        "coordinates": [
          116.64671600000008,
          23.555267000000075
        ]
      },
      "properties": {
        "SRC": "PA_1903",
        "STATUS": "N",
        "YZ_ID": 409,
        "YZ_LABEL": "LONGHU Guangdong (龙湖)",
        "YZNM_PY": "LONGHU",
        "YZNM_CH": "龙湖",
        "YZNM_FT": "龍湖",
        "CHGIS_ID": "125858",
        "NOTE": null,
        "10CNTY_CH": "潮安县",
        "10CNTY_EN": "Chaoan",
        "10PREF_CH": "潮州市",
        "10PREF_EN": "Chaozhou",
        "10PROV_CH": "广东省",
        "10PROV_EN": "Guangdong",
        "GBCODE": 445121,
        "YZ_LAT": 116.646716,
        "YZ_LONG": 23.555267,
        "_layer_id": "ming_courier_stations",
        "_layer_title": "명대 역참 지점",
        "_source_file": "Ming_Stations_2016.shp",
        "_source_crs": "EPSG:4326"
      }
    },
    {
      "type": "Feature",
      "geometry": {
        "type": "Point",
        "coordinates": [
          116.60291300000007,
          23.58143600000005
        ]
      },
      "properties": {
        "SRC": "PA_1903",
        "STATUS": "N",
        "YZ_ID": 410,
        "YZ_LABEL": "FUYANG Guangdong (浮阳)",
        "YZNM_PY": "FUYANG",
        "YZNM_CH": "浮阳",
        "YZNM_FT": "浮陽",
        "CHGIS_ID": "125860",
        "NOTE": null,
        "10CNTY_CH": "潮安县",
        "10CNTY_EN": "Chaoan",
        "10PREF_CH": "潮州市",
        "10PREF_EN": "Chaozhou",
        "10PROV_CH": "广东省",
        "10PROV_EN": "Guangdong",
        "GBCODE": 445121,
        "YZ_LAT": 116.602913,
        "YZ_LONG": 23.581436,
        "_layer_id": "ming_courier_stations",
        "_layer_title": "명대 역참 지점",
        "_source_file": "Ming_Stations_2016.shp",
        "_source_crs": "EPSG:4326"
      }
    },
    {
      "type": "Feature",
      "geometry": {
        "type": "Point",
        "coordinates": [
          116.63665800000001,
          23.66770600000001
        ]
      },
      "properties": {
        "SRC": "MDYZK",
        "STATUS": "Y",
        "YZ_ID": 411,
        "YZ_LABEL": "FENGCHENGYI Guangdong (凤城驿)",
        "YZNM_PY": "FENGCHENGYI",
        "YZNM_CH": "凤城驿",
        "YZNM_FT": "鳳城驛",
        "CHGIS_ID": "9551",
        "NOTE": null,
        "10CNTY_CH": "湘桥区",
        "10CNTY_EN": "Xiangqiao",
        "10PREF_CH": "潮州市",
        "10PREF_EN": "Chaozhou",
        "10PROV_CH": "广东省",
        "10PROV_EN": "Guangdong",
        "GBCODE": 445102,
        "YZ_LAT": 116.636658,
        "YZ_LONG": 23.667706,
        "_layer_id": "ming_courier_stations",
        "_layer_title": "명대 역참 지점",
        "_source_file": "Ming_Stations_2016.shp",
        "_source_crs": "EPSG:4326"
      }
    },
    {
      "type": "Feature",
      "geometry": {
        "type": "Point",
        "coordinates": [
          116.45800000000001,
          23.914000000000012
        ]
      },
      "properties": {
        "SRC": "PA_1903",
        "STATUS": "N",
        "YZ_ID": 412,
        "YZ_LABEL": "LIUHUANG Guangdong (馏隍)",
        "YZNM_PY": "LIUHUANG",
        "YZNM_CH": "馏隍",
        "YZNM_FT": "餾隍",
        "CHGIS_ID": "17053",
        "NOTE": null,
        "10CNTY_CH": "丰顺县",
        "10CNTY_EN": "Fengshun",
        "10PREF_CH": "梅州市",
        "10PREF_EN": "Meizhou",
        "10PROV_CH": "广东省",
        "10PROV_EN": "Guangdong",
        "GBCODE": 441423,
        "YZ_LAT": 116.458,
        "YZ_LONG": 23.914,
        "_layer_id": "ming_courier_stations",
        "_layer_title": "명대 역참 지점",
        "_source_file": "Ming_Stations_2016.shp",
        "_source_crs": "EPSG:4326"
      }
    },
    {
      "type": "Feature",
      "geometry": {
        "type": "Point",
        "coordinates": [
          116.5232470000001,
          24.09501600000005
        ]
      },
      "properties": {
        "SRC": "PA_1903",
        "STATUS": "N",
        "YZ_ID": 413,
        "YZ_LABEL": "XINDU Guangdong (新渡)",
        "YZNM_PY": "XINDU",
        "YZNM_CH": "新渡",
        "YZNM_FT": "新渡",
        "CHGIS_ID": "125898",
        "NOTE": null,
        "10CNTY_CH": "丰顺县",
        "10CNTY_EN": "Fengshun",
        "10PREF_CH": "梅州市",
        "10PREF_EN": "Meizhou",
        "10PROV_CH": "广东省",
        "10PROV_EN": "Guangdong",
        "GBCODE": 441423,
        "YZ_LAT": 116.523247,
        "YZ_LONG": 24.095016,
        "_layer_id": "ming_courier_stations",
        "_layer_title": "명대 역참 지점",
        "_source_file": "Ming_Stations_2016.shp",
        "_source_crs": "EPSG:4326"
      }
    },
    {
      "type": "Feature",
      "geometry": {
        "type": "Point",
        "coordinates": [
          116.11049699999998,
          24.315781000000015
        ]
      },
      "properties": {
        "SRC": "PA_1903",
        "STATUS": "N",
        "YZ_ID": 414,
        "YZ_LABEL": "JIAYINGFU Guangdong (嘉应)",
        "YZNM_PY": "JIAYINGFU",
        "YZNM_CH": "嘉应",
        "YZNM_FT": "嘉應",
        "CHGIS_ID": "9546",
        "NOTE": null,
        "10CNTY_CH": "梅江区",
        "10CNTY_EN": "Meijiang",
        "10PREF_CH": "梅州市",
        "10PREF_EN": "Meizhou",
        "10PROV_CH": "广东省",
        "10PROV_EN": "Guangdong",
        "GBCODE": 441402,
        "YZ_LAT": 116.110497,
        "YZ_LONG": 24.315781,
        "_layer_id": "ming_courier_stations",
        "_layer_title": "명대 역참 지점",
        "_source_file": "Ming_Stations_2016.shp",
        "_source_crs": "EPSG:4326"
      }
    },
    {
      "type": "Feature",
      "geometry": {
        "type": "Point",
        "coordinates": [
          116.63282,
          24.18622200000005
        ]
      },
      "properties": {
        "SRC": "MDYZK",
        "STATUS": "Y",
        "YZ_ID": 415,
        "YZ_LABEL": "CHENGJIANGYI Guangdong (程江驿)",
        "YZNM_PY": "CHENGJIANGYI",
        "YZNM_CH": "程江驿",
        "YZNM_FT": "程江驛",
        "CHGIS_ID": "125874",
        "NOTE": null,
        "10CNTY_CH": "大埔县",
        "10CNTY_EN": "Dapu",
        "10PREF_CH": "梅州市",
        "10PREF_EN": "Meizhou",
        "10PROV_CH": "广东省",
        "10PROV_EN": "Guangdong",
        "GBCODE": 441422,
        "YZ_LAT": 116.63282,
        "YZ_LONG": 24.186222,
        "_layer_id": "ming_courier_stations",
        "_layer_title": "명대 역참 지점",
        "_source_file": "Ming_Stations_2016.shp",
        "_source_crs": "EPSG:4326"
      }
    },
    {
      "type": "Feature",
      "geometry": {
        "type": "Point",
        "coordinates": [
          116.563042,
          24.39469000000001
        ]
      },
      "properties": {
        "SRC": "PA_1903",
        "STATUS": "N",
        "YZ_ID": 416,
        "YZ_LABEL": "SANHEBA Guangdong (三河灞)",
        "YZNM_PY": "SANHEBA",
        "YZNM_CH": "三河灞",
        "YZNM_FT": "三河灞",
        "CHGIS_ID": "16951",
        "NOTE": null,
        "10CNTY_CH": "大埔县",
        "10CNTY_EN": "Dapu",
        "10PREF_CH": "梅州市",
        "10PREF_EN": "Meizhou",
        "10PROV_CH": "广东省",
        "10PROV_EN": "Guangdong",
        "GBCODE": 441422,
        "YZ_LAT": 116.563042,
        "YZ_LONG": 24.39469,
        "_layer_id": "ming_courier_stations",
        "_layer_title": "명대 역참 지점",
        "_source_file": "Ming_Stations_2016.shp",
        "_source_crs": "EPSG:4326"
      }
    },
    {
      "type": "Feature",
      "geometry": {
        "type": "Point",
        "coordinates": [
          116.68544,
          24.51774600000001
        ]
      },
      "properties": {
        "SRC": "MDYZK",
        "STATUS": "Y",
        "YZ_ID": 417,
        "YZ_LABEL": "DAPU Guangdong (大埔)",
        "YZNM_PY": "DAPU",
        "YZNM_CH": "大埔",
        "YZNM_FT": "大埔",
        "CHGIS_ID": "284",
        "NOTE": null,
        "10CNTY_CH": "大埔县",
        "10CNTY_EN": "Dapu",
        "10PREF_CH": "梅州市",
        "10PREF_EN": "Meizhou",
        "10PROV_CH": "广东省",
        "10PROV_EN": "Guangdong",
        "GBCODE": 441422,
        "YZ_LAT": 116.68544,
        "YZ_LONG": 24.517746,
        "_layer_id": "ming_courier_stations",
        "_layer_title": "명대 역참 지점",
        "_source_file": "Ming_Stations_2016.shp",
        "_source_crs": "EPSG:4326"
      }
    },
    {
      "type": "Feature",
      "geometry": {
        "type": "Point",
        "coordinates": [
          115.97683000000008,
          24.040634000000072
        ]
      },
      "properties": {
        "SRC": "MDYZK",
        "STATUS": "L",
        "YZ_ID": 418,
        "YZ_LABEL": "QIDUYI Guangdong (七都驿)",
        "YZNM_PY": "QIDUYI",
        "YZNM_CH": "七都驿",
        "YZNM_FT": "七都驛",
        "CHGIS_ID": "125969",
        "NOTE": null,
        "10CNTY_CH": "梅县",
        "10CNTY_EN": "Mei",
        "10PREF_CH": "梅州市",
        "10PREF_EN": "Meizhou",
        "10PROV_CH": "广东省",
        "10PROV_EN": "Guangdong",
        "GBCODE": 441421,
        "YZ_LAT": 115.97683,
        "YZ_LONG": 24.040634,
        "_layer_id": "ming_courier_stations",
        "_layer_title": "명대 역참 지점",
        "_source_file": "Ming_Stations_2016.shp",
        "_source_crs": "EPSG:4326"
      }
    },
    {
      "type": "Feature",
      "geometry": {
        "type": "Point",
        "coordinates": [
          115.72734799999999,
          24.138691000000016
        ]
      },
      "properties": {
        "SRC": "MDYZK",
        "STATUS": "Y",
        "YZ_ID": 419,
        "YZ_LABEL": "XINGNING Guangdong (兴宁驿)",
        "YZNM_PY": "XINGNING",
        "YZNM_CH": "兴宁驿",
        "YZNM_FT": "興寧驛",
        "CHGIS_ID": "282",
        "NOTE": null,
        "10CNTY_CH": "兴宁市",
        "10CNTY_EN": "Xingning",
        "10PREF_CH": "梅州市",
        "10PREF_EN": "Meizhou",
        "10PROV_CH": "广东省",
        "10PROV_EN": "Guangdong",
        "GBCODE": 441481,
        "YZ_LAT": 115.727348,
        "YZ_LONG": 24.138691,
        "_layer_id": "ming_courier_stations",
        "_layer_title": "명대 역참 지점",
        "_source_file": "Ming_Stations_2016.shp",
        "_source_crs": "EPSG:4326"
      }
    },
    {
      "type": "Feature",
      "geometry": {
        "type": "Point",
        "coordinates": [
          115.641083,
          22.948467000000015
        ]
      },
      "properties": {
        "SRC": "PA_1903",
        "STATUS": "B",
        "YZ_ID": 420,
        "YZ_LABEL": "LUFENG Guangdong (陆丰)",
        "YZNM_PY": "LUFENG",
        "YZNM_CH": "陆丰",
        "YZNM_FT": "陸豐",
        "CHGIS_ID": "318",
        "NOTE": null,
        "10CNTY_CH": "陆丰市",
        "10CNTY_EN": "Lufeng",
        "10PREF_CH": "汕尾市",
        "10PREF_EN": "Shanwei",
        "10PROV_CH": "广东省",
        "10PROV_EN": "Guangdong",
        "GBCODE": 441581,
        "YZ_LAT": 115.641083,
        "YZ_LONG": 22.948467,
        "_layer_id": "ming_courier_stations",
        "_layer_title": "명대 역참 지점",
        "_source_file": "Ming_Stations_2016.shp",
        "_source_crs": "EPSG:4326"
      }
    },
    {
      "type": "Feature",
      "geometry": {
        "type": "Point",
        "coordinates": [
          115.335,
          22.976000000000006
        ]
      },
      "properties": {
        "SRC": "MDYZK",
        "STATUS": "Y",
        "YZ_ID": 421,
        "YZ_LABEL": "NANFENGYI Guangdong (南丰驿)",
        "YZNM_PY": "NANFENGYI",
        "YZNM_CH": "南丰驿",
        "YZNM_FT": "南豐驛",
        "CHGIS_ID": "319",
        "NOTE": null,
        "10CNTY_CH": "海丰县",
        "10CNTY_EN": "Haifeng",
        "10PREF_CH": "汕尾市",
        "10PREF_EN": "Shanwei",
        "10PROV_CH": "广东省",
        "10PROV_EN": "Guangdong",
        "GBCODE": 441521,
        "YZ_LAT": 115.335,
        "YZ_LONG": 22.976,
        "_layer_id": "ming_courier_stations",
        "_layer_title": "명대 역참 지점",
        "_source_file": "Ming_Stations_2016.shp",
        "_source_crs": "EPSG:4326"
      }
    },
    {
      "type": "Feature",
      "geometry": {
        "type": "Point",
        "coordinates": [
          115.61644,
          24.066050000000015
        ]
      },
      "properties": {
        "SRC": "MDYZK",
        "STATUS": "Y",
        "YZ_ID": 422,
        "YZ_LABEL": "CHANGLE Guangdong (长乐)",
        "YZNM_PY": "CHANGLE",
        "YZNM_CH": "长乐",
        "YZNM_FT": "長樂",
        "CHGIS_ID": "281",
        "NOTE": null,
        "10CNTY_CH": "五华县",
        "10CNTY_EN": "Wuhua",
        "10PREF_CH": "梅州市",
        "10PREF_EN": "Meizhou",
        "10PROV_CH": "广东省",
        "10PROV_EN": "Guangdong",
        "GBCODE": 441424,
        "YZ_LAT": 115.61644,
        "YZ_LONG": 24.06605,
        "_layer_id": "ming_courier_stations",
        "_layer_title": "명대 역참 지점",
        "_source_file": "Ming_Stations_2016.shp",
        "_source_crs": "EPSG:4326"
      }
    },
    {
      "type": "Feature",
      "geometry": {
        "type": "Point",
        "coordinates": [
          115.44747900000003,
          24.080870000000065
        ]
      },
      "properties": {
        "SRC": "PA_1903",
        "STATUS": "N",
        "YZ_ID": 423,
        "YZ_LABEL": "QILINGXU Guangdong (岐岭)",
        "YZNM_PY": "QILINGXU",
        "YZNM_CH": "岐岭",
        "YZNM_FT": "岐嶺",
        "CHGIS_ID": "126033",
        "NOTE": null,
        "10CNTY_CH": "五华县",
        "10CNTY_EN": "Wuhua",
        "10PREF_CH": "梅州市",
        "10PREF_EN": "Meizhou",
        "10PROV_CH": "广东省",
        "10PROV_EN": "Guangdong",
        "GBCODE": 441424,
        "YZ_LAT": 115.447479,
        "YZ_LONG": 24.08087,
        "_layer_id": "ming_courier_stations",
        "_layer_title": "명대 역참 지점",
        "_source_file": "Ming_Stations_2016.shp",
        "_source_crs": "EPSG:4326"
      }
    },
    {
      "type": "Feature",
      "geometry": {
        "type": "Point",
        "coordinates": [
          115.361618,
          24.007019000000078
        ]
      },
      "properties": {
        "SRC": "PA_1903",
        "STATUS": "L",
        "YZ_ID": 424,
        "YZ_LABEL": "HESHIXU Guangdong (鹤市墟)",
        "YZNM_PY": "HESHIXU",
        "YZNM_CH": "鹤市墟",
        "YZNM_FT": "鶴市墟",
        "CHGIS_ID": "126037",
        "NOTE": null,
        "10CNTY_CH": "龙川县",
        "10CNTY_EN": "Longchuan",
        "10PREF_CH": "河源市",
        "10PREF_EN": "Heyuan",
        "10PROV_CH": "广东省",
        "10PROV_EN": "Guangdong",
        "GBCODE": 441622,
        "YZ_LAT": 115.361618,
        "YZ_LONG": 24.007019,
        "_layer_id": "ming_courier_stations",
        "_layer_title": "명대 역참 지점",
        "_source_file": "Ming_Stations_2016.shp",
        "_source_crs": "EPSG:4326"
      }
    },
    {
      "type": "Feature",
      "geometry": {
        "type": "Point",
        "coordinates": [
          115.25558500000012,
          24.099714000000063
        ]
      },
      "properties": {
        "SRC": "PA_1903",
        "STATUS": "N",
        "YZ_ID": 425,
        "YZ_LABEL": "LAOLONG Guangdong (老隆)",
        "YZNM_PY": "LAOLONG",
        "YZNM_CH": "老隆",
        "YZNM_FT": "老隆",
        "CHGIS_ID": "126040",
        "NOTE": null,
        "10CNTY_CH": "龙川县",
        "10CNTY_EN": "Longchuan",
        "10PREF_CH": "河源市",
        "10PREF_EN": "Heyuan",
        "10PROV_CH": "广东省",
        "10PROV_EN": "Guangdong",
        "GBCODE": 441622,
        "YZ_LAT": 115.255585,
        "YZ_LONG": 24.099714,
        "_layer_id": "ming_courier_stations",
        "_layer_title": "명대 역참 지점",
        "_source_file": "Ming_Stations_2016.shp",
        "_source_crs": "EPSG:4326"
      }
    },
    {
      "type": "Feature",
      "geometry": {
        "type": "Point",
        "coordinates": [
          115.18617200000001,
          24.060003000000012
        ]
      },
      "properties": {
        "SRC": "MDYZK",
        "STATUS": "Y",
        "YZ_ID": 426,
        "YZ_LABEL": "LONGCHUAN Guangdong (龙川)",
        "YZNM_PY": "LONGCHUAN",
        "YZNM_CH": "龙川",
        "YZNM_FT": "龍川",
        "CHGIS_ID": "283",
        "NOTE": null,
        "10CNTY_CH": "龙川县",
        "10CNTY_EN": "Longchuan",
        "10PREF_CH": "河源市",
        "10PREF_EN": "Heyuan",
        "10PROV_CH": "广东省",
        "10PROV_EN": "Guangdong",
        "GBCODE": 441622,
        "YZ_LAT": 115.186172,
        "YZ_LONG": 24.060003,
        "_layer_id": "ming_courier_stations",
        "_layer_title": "명대 역참 지점",
        "_source_file": "Ming_Stations_2016.shp",
        "_source_crs": "EPSG:4326"
      }
    },
    {
      "type": "Feature",
      "geometry": {
        "type": "Point",
        "coordinates": [
          115.08398399999997,
          23.956976000000015
        ]
      },
      "properties": {
        "SRC": "PA_1903",
        "STATUS": "N",
        "YZ_ID": 427,
        "YZ_LABEL": "LANKOU Guangdong (蓝口)",
        "YZNM_PY": "LANKOU",
        "YZNM_CH": "蓝口",
        "YZNM_FT": "藍口",
        "CHGIS_ID": "17037",
        "NOTE": null,
        "10CNTY_CH": "东源县",
        "10CNTY_EN": "Dongyuan",
        "10PREF_CH": "河源市",
        "10PREF_EN": "Heyuan",
        "10PROV_CH": "广东省",
        "10PROV_EN": "Guangdong",
        "GBCODE": 441625,
        "YZ_LAT": 115.083984,
        "YZ_LONG": 23.956976,
        "_layer_id": "ming_courier_stations",
        "_layer_title": "명대 역참 지점",
        "_source_file": "Ming_Stations_2016.shp",
        "_source_crs": "EPSG:4326"
      }
    },
    {
      "type": "Feature",
      "geometry": {
        "type": "Point",
        "coordinates": [
          114.69146,
          23.736834000000012
        ]
      },
      "properties": {
        "SRC": "MDYZK",
        "STATUS": "Y",
        "YZ_ID": 428,
        "YZ_LABEL": "HEYUAN Guangdong (河源)",
        "YZNM_PY": "HEYUAN",
        "YZNM_CH": "河源",
        "YZNM_FT": "河源",
        "CHGIS_ID": "298",
        "NOTE": null,
        "10CNTY_CH": "源城区",
        "10CNTY_EN": "Yuancheng",
        "10PREF_CH": "河源市",
        "10PREF_EN": "Heyuan",
        "10PROV_CH": "广东省",
        "10PROV_EN": "Guangdong",
        "GBCODE": 441602,
        "YZ_LAT": 114.69146,
        "YZ_LONG": 23.736834,
        "_layer_id": "ming_courier_stations",
        "_layer_title": "명대 역참 지점",
        "_source_file": "Ming_Stations_2016.shp",
        "_source_crs": "EPSG:4326"
      }
    },
    {
      "type": "Feature",
      "geometry": {
        "type": "Point",
        "coordinates": [
          114.61623527993329,
          23.57311045491788
        ]
      },
      "properties": {
        "SRC": "PA_1903",
        "STATUS": "N",
        "YZ_ID": 429,
        "YZ_LABEL": "PUQIAN Guangdong (埔前)",
        "YZNM_PY": "PUQIAN",
        "YZNM_CH": "埔前",
        "YZNM_FT": "埔前",
        "CHGIS_ID": null,
        "NOTE": null,
        "10CNTY_CH": "源城区",
        "10CNTY_EN": "Yuancheng",
        "10PREF_CH": "河源市",
        "10PREF_EN": "Heyuan",
        "10PROV_CH": "广东省",
        "10PROV_EN": "Guangdong",
        "GBCODE": 441602,
        "YZ_LAT": 114.616235,
        "YZ_LONG": 23.57311,
        "_layer_id": "ming_courier_stations",
        "_layer_title": "명대 역참 지점",
        "_source_file": "Ming_Stations_2016.shp",
        "_source_crs": "EPSG:4326"
      }
    },
    {
      "type": "Feature",
      "geometry": {
        "type": "Point",
        "coordinates": [
          114.58677700000011,
          23.401756000000038
        ]
      },
      "properties": {
        "SRC": "PA_1903",
        "STATUS": "N",
        "YZ_ID": 430,
        "YZ_LABEL": "GUANYINGE Guangdong (观音阁)",
        "YZNM_PY": "GUANYINGE",
        "YZNM_CH": "观音阁",
        "YZNM_FT": "觀音閣",
        "CHGIS_ID": "126195",
        "NOTE": null,
        "10CNTY_CH": "博罗县",
        "10CNTY_EN": "Boluo",
        "10PREF_CH": "惠州市",
        "10PREF_EN": "Huizhou",
        "10PROV_CH": "广东省",
        "10PROV_EN": "Guangdong",
        "GBCODE": 441322,
        "YZ_LAT": 114.586777,
        "YZ_LONG": 23.401756,
        "_layer_id": "ming_courier_stations",
        "_layer_title": "명대 역참 지점",
        "_source_file": "Ming_Stations_2016.shp",
        "_source_crs": "EPSG:4326"
      }
    },
    {
      "type": "Feature",
      "geometry": {
        "type": "Point",
        "coordinates": [
          114.52319400006864,
          23.36471599997737
        ]
      },
      "properties": {
        "SRC": "PA_1903",
        "STATUS": "N",
        "YZ_ID": 431,
        "YZ_LABEL": "CHIWEI Guangdong (赤尾)",
        "YZNM_PY": "CHIWEI",
        "YZNM_CH": "赤尾",
        "YZNM_FT": "赤尾",
        "CHGIS_ID": "126177",
        "NOTE": null,
        "10CNTY_CH": "博罗县",
        "10CNTY_EN": "Boluo",
        "10PREF_CH": "惠州市",
        "10PREF_EN": "Huizhou",
        "10PROV_CH": "广东省",
        "10PROV_EN": "Guangdong",
        "GBCODE": 441322,
        "YZ_LAT": 114.525049,
        "YZ_LONG": 23.395285,
        "_layer_id": "ming_courier_stations",
        "_layer_title": "명대 역참 지점",
        "_source_file": "Ming_Stations_2016.shp",
        "_source_crs": "EPSG:4326"
      }
    },
    {
      "type": "Feature",
      "geometry": {
        "type": "Point",
        "coordinates": [
          114.6109850000793,
          23.172494999974347
        ]
      },
      "properties": {
        "SRC": "PA_1903",
        "STATUS": "N",
        "YZ_ID": 432,
        "YZ_LABEL": "HENGLI Guangdong (横沥)",
        "YZNM_PY": "HENGLI",
        "YZNM_CH": "横沥",
        "YZNM_FT": "橫瀝",
        "CHGIS_ID": "126178",
        "NOTE": null,
        "10CNTY_CH": "惠阳区",
        "10CNTY_EN": "Huiyang",
        "10PREF_CH": "惠州市",
        "10PREF_EN": "Huizhou",
        "10PROV_CH": "广东省",
        "10PROV_EN": "Guangdong",
        "GBCODE": 441303,
        "YZ_LAT": 114.610985,
        "YZ_LONG": 23.172495,
        "_layer_id": "ming_courier_stations",
        "_layer_title": "명대 역참 지점",
        "_source_file": "Ming_Stations_2016.shp",
        "_source_crs": "EPSG:4326"
      }
    },
    {
      "type": "Feature",
      "geometry": {
        "type": "Point",
        "coordinates": [
          114.410285,
          23.089378000000014
        ]
      },
      "properties": {
        "SRC": "MDYZK",
        "STATUS": "N",
        "YZ_ID": 433,
        "YZ_LABEL": "XINLEYI Guangdong (欣乐驿)",
        "YZNM_PY": "XINLEYI",
        "YZNM_CH": "欣乐驿",
        "YZNM_FT": "欣樂驛",
        "CHGIS_ID": "9550",
        "NOTE": null,
        "10CNTY_CH": "惠城区",
        "10CNTY_EN": "Huicheng",
        "10PREF_CH": "惠州市",
        "10PREF_EN": "Huizhou",
        "10PROV_CH": "广东省",
        "10PROV_EN": "Guangdong",
        "GBCODE": 441302,
        "YZ_LAT": 114.410285,
        "YZ_LONG": 23.089378,
        "_layer_id": "ming_courier_stations",
        "_layer_title": "명대 역참 지점",
        "_source_file": "Ming_Stations_2016.shp",
        "_source_crs": "EPSG:4326"
      }
    },
    {
      "type": "Feature",
      "geometry": {
        "type": "Point",
        "coordinates": [
          114.27360600000002,
          23.17224700000001
        ]
      },
      "properties": {
        "SRC": "MDYZK",
        "STATUS": "Y",
        "YZ_ID": 434,
        "YZ_LABEL": "BOLUO Guangdong (博罗)",
        "YZNM_PY": "BOLUO",
        "YZNM_CH": "博罗",
        "YZNM_FT": "博羅",
        "CHGIS_ID": "347",
        "NOTE": null,
        "10CNTY_CH": "博罗县",
        "10CNTY_EN": "Boluo",
        "10PREF_CH": "惠州市",
        "10PREF_EN": "Huizhou",
        "10PROV_CH": "广东省",
        "10PROV_EN": "Guangdong",
        "GBCODE": 441322,
        "YZ_LAT": 114.273606,
        "YZ_LONG": 23.172247,
        "_layer_id": "ming_courier_stations",
        "_layer_title": "명대 역참 지점",
        "_source_file": "Ming_Stations_2016.shp",
        "_source_crs": "EPSG:4326"
      }
    },
    {
      "type": "Feature",
      "geometry": {
        "type": "Point",
        "coordinates": [
          104.616356,
          28.774832000000014
        ]
      },
      "properties": {
        "SRC": "MDYZK",
        "STATUS": "N",
        "YZ_ID": 435,
        "YZ_LABEL": "WENCHUANYI Sichuan (文川驿)",
        "YZNM_PY": "WENCHUANYI",
        "YZNM_CH": "文川驿",
        "YZNM_FT": "文川驛",
        "CHGIS_ID": "96620",
        "NOTE": null,
        "10CNTY_CH": "翠屏区",
        "10CNTY_EN": "Cuiping",
        "10PREF_CH": "宜宾市",
        "10PREF_EN": "Yibin",
        "10PROV_CH": "四川省",
        "10PROV_EN": "Sichuan",
        "GBCODE": 511502,
        "YZ_LAT": 104.616356,
        "YZ_LONG": 28.774832,
        "_layer_id": "ming_courier_stations",
        "_layer_title": "명대 역참 지점",
        "_source_file": "Ming_Stations_2016.shp",
        "_source_crs": "EPSG:4326"
      }
    },
    {
      "type": "Feature",
      "geometry": {
        "type": "Point",
        "coordinates": [
          104.972015,
          28.84798400000001
        ]
      },
      "properties": {
        "SRC": "MDYZK",
        "STATUS": "Y",
        "YZ_ID": 436,
        "YZ_LABEL": "NANXI Sichuan (南溪)",
        "YZNM_PY": "NANXI",
        "YZNM_CH": "南溪",
        "YZNM_FT": "南溪",
        "CHGIS_ID": "1291",
        "NOTE": null,
        "10CNTY_CH": "南溪县",
        "10CNTY_EN": "Nanxi",
        "10PREF_CH": "宜宾市",
        "10PREF_EN": "Yibin",
        "10PROV_CH": "四川省",
        "10PROV_EN": "Sichuan",
        "GBCODE": 511522,
        "YZ_LAT": 104.972015,
        "YZ_LONG": 28.847984,
        "_layer_id": "ming_courier_stations",
        "_layer_title": "명대 역참 지점",
        "_source_file": "Ming_Stations_2016.shp",
        "_source_crs": "EPSG:4326"
      }
    },
    {
      "type": "Feature",
      "geometry": {
        "type": "Point",
        "coordinates": [
          105.43700400000002,
          28.884363000000015
        ]
      },
      "properties": {
        "SRC": "MDYZK",
        "STATUS": "N",
        "YZ_ID": 437,
        "YZ_LABEL": "LUCHUANYI Sichuan (卢川驿)",
        "YZNM_PY": "LUCHUANYI",
        "YZNM_CH": "卢川驿",
        "YZNM_FT": "盧川驛",
        "CHGIS_ID": "9723",
        "NOTE": null,
        "10CNTY_CH": "江阳区",
        "10CNTY_EN": "Jiangyang",
        "10PREF_CH": "泸州市",
        "10PREF_EN": "Luzhou",
        "10PROV_CH": "四川省",
        "10PROV_EN": "Sichuan",
        "GBCODE": 510502,
        "YZ_LAT": 105.437004,
        "YZ_LONG": 28.884363,
        "_layer_id": "ming_courier_stations",
        "_layer_title": "명대 역참 지점",
        "_source_file": "Ming_Stations_2016.shp",
        "_source_crs": "EPSG:4326"
      }
    },
    {
      "type": "Feature",
      "geometry": {
        "type": "Point",
        "coordinates": [
          105.273041,
          29.349380000000018
        ]
      },
      "properties": {
        "SRC": "MDYZK",
        "STATUS": "N",
        "YZ_ID": 438,
        "YZ_LABEL": "LUQIAOYI Sichuan (陆桥驿)",
        "YZNM_PY": "LUQIAOYI",
        "YZNM_CH": "陆桥驿",
        "YZNM_FT": "陸橋驛",
        "CHGIS_ID": "1270",
        "NOTE": null,
        "10CNTY_CH": "隆昌县",
        "10CNTY_EN": "Longchang",
        "10PREF_CH": "内江市",
        "10PREF_EN": "Neijiang",
        "10PROV_CH": "四川省",
        "10PROV_EN": "Sichuan",
        "GBCODE": 511028,
        "YZ_LAT": 105.273041,
        "YZ_LONG": 29.34938,
        "_layer_id": "ming_courier_stations",
        "_layer_title": "명대 역참 지점",
        "_source_file": "Ming_Stations_2016.shp",
        "_source_crs": "EPSG:4326"
      }
    },
    {
      "type": "Feature",
      "geometry": {
        "type": "Point",
        "coordinates": [
          105.59631300000001,
          29.412771000000017
        ]
      },
      "properties": {
        "SRC": "MDYZK",
        "STATUS": "Y",
        "YZ_ID": 439,
        "YZ_LABEL": "RONGCHANG Chongqing (荣昌)",
        "YZNM_PY": "RONGCHANG",
        "YZNM_CH": "荣昌",
        "YZNM_FT": "榮昌",
        "CHGIS_ID": "1271",
        "NOTE": null,
        "10CNTY_CH": "荣昌县",
        "10CNTY_EN": "Rongchang",
        "10PREF_CH": "重庆市（辖县）",
        "10PREF_EN": "Chongqing (Counties)",
        "10PROV_CH": "重庆市",
        "10PROV_EN": "Chongqing",
        "GBCODE": 500226,
        "YZ_LAT": 105.596313,
        "YZ_LONG": 29.412771,
        "_layer_id": "ming_courier_stations",
        "_layer_title": "명대 역참 지점",
        "_source_file": "Ming_Stations_2016.shp",
        "_source_crs": "EPSG:4326"
      }
    },
    {
      "type": "Feature",
      "geometry": {
        "type": "Point",
        "coordinates": [
          105.053894,
          29.580755000000014
        ]
      },
      "properties": {
        "SRC": "MDYZK",
        "STATUS": "Y",
        "YZ_ID": 440,
        "YZ_LABEL": "NEIJIANG Sichuan (内江)",
        "YZNM_PY": "NEIJIANG",
        "YZNM_CH": "内江",
        "YZNM_FT": "內江",
        "CHGIS_ID": "1264",
        "NOTE": null,
        "10CNTY_CH": "巿中区",
        "10CNTY_EN": "Shizhong",
        "10PREF_CH": "内江市",
        "10PREF_EN": "Neijiang",
        "10PROV_CH": "四川省",
        "10PROV_EN": "Sichuan",
        "GBCODE": 511002,
        "YZ_LAT": 105.053894,
        "YZ_LONG": 29.580755,
        "_layer_id": "ming_courier_stations",
        "_layer_title": "명대 역참 지점",
        "_source_file": "Ming_Stations_2016.shp",
        "_source_crs": "EPSG:4326"
      }
    },
    {
      "type": "Feature",
      "geometry": {
        "type": "Point",
        "coordinates": [
          104.84835799999999,
          29.78474800000001
        ]
      },
      "properties": {
        "SRC": "MDYZK",
        "STATUS": "Y",
        "YZ_ID": 441,
        "YZ_LABEL": "ZIZHOU Sichuan (资县)",
        "YZNM_PY": "ZIZHOU",
        "YZNM_CH": "资县",
        "YZNM_FT": "資縣",
        "CHGIS_ID": "9718",
        "NOTE": null,
        "10CNTY_CH": "资中县",
        "10CNTY_EN": "Zizhong",
        "10PREF_CH": "内江市",
        "10PREF_EN": "Neijiang",
        "10PROV_CH": "四川省",
        "10PROV_EN": "Sichuan",
        "GBCODE": 511025,
        "YZ_LAT": 104.848358,
        "YZ_LONG": 29.784748,
        "_layer_id": "ming_courier_stations",
        "_layer_title": "명대 역참 지점",
        "_source_file": "Ming_Stations_2016.shp",
        "_source_crs": "EPSG:4326"
      }
    },
    {
      "type": "Feature",
      "geometry": {
        "type": "Point",
        "coordinates": [
          105.89660599999999,
          29.360287000000014
        ]
      },
      "properties": {
        "SRC": "MDYZK",
        "STATUS": "N",
        "YZ_ID": 442,
        "YZ_LABEL": "DONGCHUAN Chongqing (东皋驿)",
        "YZNM_PY": "DONGCHUAN",
        "YZNM_CH": "东皋驿",
        "YZNM_FT": "東皋驛",
        "CHGIS_ID": "1269",
        "NOTE": null,
        "10CNTY_CH": "永川区",
        "10CNTY_EN": "Yongchuan",
        "10PREF_CH": "重庆市（辖区）",
        "10PREF_EN": "Chongqing (Districts)",
        "10PROV_CH": "重庆市",
        "10PROV_EN": "Chongqing",
        "GBCODE": 500118,
        "YZ_LAT": 105.896606,
        "YZ_LONG": 29.360287,
        "_layer_id": "ming_courier_stations",
        "_layer_title": "명대 역참 지점",
        "_source_file": "Ming_Stations_2016.shp",
        "_source_crs": "EPSG:4326"
      }
    },
    {
      "type": "Feature",
      "geometry": {
        "type": "Point",
        "coordinates": [
          105.82672900000001,
          28.81200200000001
        ]
      },
      "properties": {
        "SRC": "MDYZK",
        "STATUS": "Y",
        "YZ_ID": 443,
        "YZ_LABEL": "HEJIANG Sichuan (合江)",
        "YZNM_PY": "HEJIANG",
        "YZNM_CH": "合江",
        "YZNM_FT": "合江",
        "CHGIS_ID": "1298",
        "NOTE": null,
        "10CNTY_CH": "合江县",
        "10CNTY_EN": "Hejiang",
        "10PREF_CH": "泸州市",
        "10PREF_EN": "Luzhou",
        "10PROV_CH": "四川省",
        "10PROV_EN": "Sichuan",
        "GBCODE": 510522,
        "YZ_LAT": 105.826729,
        "YZ_LONG": 28.812002,
        "_layer_id": "ming_courier_stations",
        "_layer_title": "명대 역참 지점",
        "_source_file": "Ming_Stations_2016.shp",
        "_source_crs": "EPSG:4326"
      }
    },
    {
      "type": "Feature",
      "geometry": {
        "type": "Point",
        "coordinates": [
          105.381729,
          28.78206300000001
        ]
      },
      "properties": {
        "SRC": "MDYZK",
        "STATUS": "Y",
        "YZ_ID": 444,
        "YZ_LABEL": "NAXI Sichuan (纳溪驿)",
        "YZNM_PY": "NAXI",
        "YZNM_CH": "纳溪驿",
        "YZNM_FT": "納溪驛",
        "CHGIS_ID": "1300",
        "NOTE": null,
        "10CNTY_CH": "江阳区",
        "10CNTY_EN": "Jiangyang",
        "10PREF_CH": "泸州市",
        "10PREF_EN": "Luzhou",
        "10PROV_CH": "四川省",
        "10PROV_EN": "Sichuan",
        "GBCODE": 510502,
        "YZ_LAT": 105.381729,
        "YZ_LONG": 28.782063,
        "_layer_id": "ming_courier_stations",
        "_layer_title": "명대 역참 지점",
        "_source_file": "Ming_Stations_2016.shp",
        "_source_crs": "EPSG:4326"
      }
    },
    {
      "type": "Feature",
      "geometry": {
        "type": "Point",
        "coordinates": [
          105.42077199999999,
          28.174404000000017
        ]
      },
      "properties": {
        "SRC": "MDYZK",
        "STATUS": "Y",
        "YZ_ID": 445,
        "YZ_LABEL": "YONGNING Sichuan (永宁卫)",
        "YZNM_PY": "YONGNING",
        "YZNM_CH": "永宁卫",
        "YZNM_FT": "永甯衛",
        "CHGIS_ID": "1778",
        "NOTE": null,
        "10CNTY_CH": "叙永县",
        "10CNTY_EN": "Xuyong",
        "10PREF_CH": "泸州市",
        "10PREF_EN": "Luzhou",
        "10PROV_CH": "四川省",
        "10PROV_EN": "Sichuan",
        "GBCODE": 510524,
        "YZ_LAT": 105.420772,
        "YZ_LONG": 28.174404,
        "_layer_id": "ming_courier_stations",
        "_layer_title": "명대 역참 지점",
        "_source_file": "Ming_Stations_2016.shp",
        "_source_crs": "EPSG:4326"
      }
    },
    {
      "type": "Feature",
      "geometry": {
        "type": "Point",
        "coordinates": [
          104.88917499999998,
          28.37926900000001
        ]
      },
      "properties": {
        "SRC": "MDYZK",
        "STATUS": "Y",
        "YZ_ID": 446,
        "YZ_LABEL": "CHANGNING Sichuan (长宁)",
        "YZNM_PY": "CHANGNING",
        "YZNM_CH": "长宁",
        "YZNM_FT": "長寧",
        "CHGIS_ID": "1289",
        "NOTE": null,
        "10CNTY_CH": "长宁县",
        "10CNTY_EN": "Changning",
        "10PREF_CH": "宜宾市",
        "10PREF_EN": "Yibin",
        "10PROV_CH": "四川省",
        "10PROV_EN": "Sichuan",
        "GBCODE": 511524,
        "YZ_LAT": 104.889175,
        "YZ_LONG": 28.379269,
        "_layer_id": "ming_courier_stations",
        "_layer_title": "명대 역참 지점",
        "_source_file": "Ming_Stations_2016.shp",
        "_source_crs": "EPSG:4326"
      }
    },
    {
      "type": "Feature",
      "geometry": {
        "type": "Point",
        "coordinates": [
          104.79779099999999,
          28.381191000000015
        ]
      },
      "properties": {
        "SRC": "MDYZK",
        "STATUS": "N",
        "YZ_ID": 447,
        "YZ_LABEL": "DUNINGYI Sichuan (都宁驿)",
        "YZNM_PY": "DUNINGYI",
        "YZNM_CH": "都宁驿",
        "YZNM_FT": "都寧驛",
        "CHGIS_ID": "1295",
        "NOTE": null,
        "10CNTY_CH": "珙县",
        "10CNTY_EN": "Gong",
        "10PREF_CH": "宜宾市",
        "10PREF_EN": "Yibin",
        "10PROV_CH": "四川省",
        "10PROV_EN": "Sichuan",
        "GBCODE": 511526,
        "YZ_LAT": 104.797791,
        "YZ_LONG": 28.381191,
        "_layer_id": "ming_courier_stations",
        "_layer_title": "명대 역참 지점",
        "_source_file": "Ming_Stations_2016.shp",
        "_source_crs": "EPSG:4326"
      }
    },
    {
      "type": "Feature",
      "geometry": {
        "type": "Point",
        "coordinates": [
          105.08632700000001,
          28.340626000000018
        ]
      },
      "properties": {
        "SRC": "PA_1903",
        "STATUS": "B",
        "YZ_ID": 448,
        "YZ_LABEL": "XINGWEN Sichuan (兴文)",
        "YZNM_PY": "XINGWEN",
        "YZNM_CH": "兴文",
        "YZNM_FT": "興文",
        "CHGIS_ID": "1297",
        "NOTE": null,
        "10CNTY_CH": "兴文县",
        "10CNTY_EN": "Xingwen",
        "10PREF_CH": "宜宾市",
        "10PREF_EN": "Yibin",
        "10PROV_CH": "四川省",
        "10PROV_EN": "Sichuan",
        "GBCODE": 511528,
        "YZ_LAT": 105.086327,
        "YZ_LONG": 28.340626,
        "_layer_id": "ming_courier_stations",
        "_layer_title": "명대 역참 지점",
        "_source_file": "Ming_Stations_2016.shp",
        "_source_crs": "EPSG:4326"
      }
    },
    {
      "type": "Feature",
      "geometry": {
        "type": "Point",
        "coordinates": [
          102.233864,
          26.661867000000008
        ]
      },
      "properties": {
        "SRC": "PA_1903",
        "STATUS": "N",
        "YZ_ID": 449,
        "YZ_LABEL": "HUILI Sichuan (会理)",
        "YZNM_PY": "HUILI",
        "YZNM_CH": "会理",
        "YZNM_FT": "會理",
        "CHGIS_ID": "1304",
        "NOTE": null,
        "10CNTY_CH": "会理县",
        "10CNTY_EN": "Huili",
        "10PREF_CH": "凉山彝族自治州",
        "10PREF_EN": "Liangshanyizu",
        "10PROV_CH": "四川省",
        "10PROV_EN": "Sichuan",
        "GBCODE": 513425,
        "YZ_LAT": 102.233864,
        "YZ_LONG": 26.661867,
        "_layer_id": "ming_courier_stations",
        "_layer_title": "명대 역참 지점",
        "_source_file": "Ming_Stations_2016.shp",
        "_source_crs": "EPSG:4326"
      }
    },
    {
      "type": "Feature",
      "geometry": {
        "type": "Point",
        "coordinates": [
          102.32645900000006,
          27.332909000000033
        ]
      },
      "properties": {
        "SRC": "MDYZK",
        "STATUS": "Y",
        "YZ_ID": 450,
        "YZ_LABEL": "AYONGYI Sichuan (阿用驿)",
        "YZNM_PY": "AYONGYI",
        "YZNM_CH": "阿用驿",
        "YZNM_FT": "阿用驛",
        "CHGIS_ID": "21582",
        "NOTE": null,
        "10CNTY_CH": "德昌县",
        "10CNTY_EN": "Dechang",
        "10PREF_CH": "凉山彝族自治州",
        "10PREF_EN": "Liangshanyizu",
        "10PROV_CH": "四川省",
        "10PROV_EN": "Sichuan",
        "GBCODE": 513424,
        "YZ_LAT": 102.326459,
        "YZ_LONG": 27.332909,
        "_layer_id": "ming_courier_stations",
        "_layer_title": "명대 역참 지점",
        "_source_file": "Ming_Stations_2016.shp",
        "_source_crs": "EPSG:4326"
      }
    },
    {
      "type": "Feature",
      "geometry": {
        "type": "Point",
        "coordinates": [
          102.266953,
          27.899815000000018
        ]
      },
      "properties": {
        "SRC": "MDYZK",
        "STATUS": "Y",
        "YZ_ID": 451,
        "YZ_LABEL": "LUCHUANYI Sichuan (泸川驿)",
        "YZNM_PY": "LUCHUANYI",
        "YZNM_CH": "泸川驿",
        "YZNM_FT": "瀘川驛",
        "CHGIS_ID": "9725",
        "NOTE": null,
        "10CNTY_CH": "西昌市",
        "10CNTY_EN": "Xichang",
        "10PREF_CH": "凉山彝族自治州",
        "10PREF_EN": "Liangshanyizu",
        "10PROV_CH": "四川省",
        "10PROV_EN": "Sichuan",
        "GBCODE": 513401,
        "YZ_LAT": 102.266953,
        "YZ_LONG": 27.899815,
        "_layer_id": "ming_courier_stations",
        "_layer_title": "명대 역참 지점",
        "_source_file": "Ming_Stations_2016.shp",
        "_source_crs": "EPSG:4326"
      }
    },
    {
      "type": "Feature",
      "geometry": {
        "type": "Point",
        "coordinates": [
          102.197121,
          28.307333000000014
        ]
      },
      "properties": {
        "SRC": "MDYZK",
        "STATUS": "Y",
        "YZ_ID": 452,
        "YZ_LABEL": "LUGUGUAN Sichuan (泸沽驿)",
        "YZNM_PY": "LUGUGUAN",
        "YZNM_CH": "泸沽驿",
        "YZNM_FT": "瀘沽驛",
        "CHGIS_ID": "21516",
        "NOTE": null,
        "10CNTY_CH": "冕宁县",
        "10CNTY_EN": "Mianning",
        "10PREF_CH": "凉山彝族自治州",
        "10PREF_EN": "Liangshanyizu",
        "10PROV_CH": "四川省",
        "10PROV_EN": "Sichuan",
        "GBCODE": 513433,
        "YZ_LAT": 102.197121,
        "YZ_LONG": 28.307333,
        "_layer_id": "ming_courier_stations",
        "_layer_title": "명대 역참 지점",
        "_source_file": "Ming_Stations_2016.shp",
        "_source_crs": "EPSG:4326"
      }
    },
    {
      "type": "Feature",
      "geometry": {
        "type": "Point",
        "coordinates": [
          102.16570299999998,
          28.550951000000012
        ]
      },
      "properties": {
        "SRC": "MDYZK",
        "STATUS": "Y",
        "YZ_ID": 453,
        "YZ_LABEL": "NINGFANWEI Sichuan (宁番卫)",
        "YZNM_PY": "NINGFANWEI",
        "YZNM_CH": "宁番卫",
        "YZNM_FT": "甯番衛",
        "CHGIS_ID": "11285",
        "NOTE": null,
        "10CNTY_CH": "冕宁县",
        "10CNTY_EN": "Mianning",
        "10PREF_CH": "凉山彝族自治州",
        "10PREF_EN": "Liangshanyizu",
        "10PROV_CH": "四川省",
        "10PROV_EN": "Sichuan",
        "GBCODE": 513433,
        "YZ_LAT": 102.165703,
        "YZ_LONG": 28.550951,
        "_layer_id": "ming_courier_stations",
        "_layer_title": "명대 역참 지점",
        "_source_file": "Ming_Stations_2016.shp",
        "_source_crs": "EPSG:4326"
      }
    },
    {
      "type": "Feature",
      "geometry": {
        "type": "Point",
        "coordinates": [
          102.50377699999999,
          28.643764000000015
        ]
      },
      "properties": {
        "SRC": "MDYZK",
        "STATUS": "Y",
        "YZ_ID": 454,
        "YZ_LABEL": "YUEXI Sichuan (越xi)",
        "YZNM_PY": "YUEXI",
        "YZNM_CH": "越xi",
        "YZNM_FT": "越xi",
        "CHGIS_ID": "1286",
        "NOTE": null,
        "10CNTY_CH": "越西县",
        "10CNTY_EN": "Yuexi",
        "10PREF_CH": "凉山彝族自治州",
        "10PREF_EN": "Liangshanyizu",
        "10PROV_CH": "四川省",
        "10PROV_EN": "Sichuan",
        "GBCODE": 513434,
        "YZ_LAT": 102.503777,
        "YZ_LONG": 28.643764,
        "_layer_id": "ming_courier_stations",
        "_layer_title": "명대 역참 지점",
        "_source_file": "Ming_Stations_2016.shp",
        "_source_crs": "EPSG:4326"
      }
    },
    {
      "type": "Feature",
      "geometry": {
        "type": "Point",
        "coordinates": [
          102.61779799999996,
          29.585054000000014
        ]
      },
      "properties": {
        "SRC": "PA_1903",
        "STATUS": "N",
        "YZ_ID": 455,
        "YZ_LABEL": "QINGXI Sichuan (清溪)",
        "YZNM_PY": "QINGXI",
        "YZNM_CH": "清溪",
        "YZNM_FT": "清溪",
        "CHGIS_ID": "1210",
        "NOTE": null,
        "10CNTY_CH": "汉源县",
        "10CNTY_EN": "Hanyuan",
        "10PREF_CH": "雅安市",
        "10PREF_EN": "Yaan",
        "10PROV_CH": "四川省",
        "10PROV_EN": "Sichuan",
        "GBCODE": 511823,
        "YZ_LAT": 102.617798,
        "YZ_LONG": 29.585054,
        "_layer_id": "ming_courier_stations",
        "_layer_title": "명대 역참 지점",
        "_source_file": "Ming_Stations_2016.shp",
        "_source_crs": "EPSG:4326"
      }
    },
    {
      "type": "Feature",
      "geometry": {
        "type": "Point",
        "coordinates": [
          102.67692600000001,
          29.354038000000056
        ]
      },
      "properties": {
        "SRC": "PA_1903",
        "STATUS": "N",
        "YZ_ID": 456,
        "YZ_LABEL": "FULIN Sichuan (富林)",
        "YZNM_PY": "FULIN",
        "YZNM_CH": "富林",
        "YZNM_FT": "富林",
        "CHGIS_ID": "166291",
        "NOTE": null,
        "10CNTY_CH": "汉源县",
        "10CNTY_EN": "Hanyuan",
        "10PREF_CH": "雅安市",
        "10PREF_EN": "Yaan",
        "10PROV_CH": "四川省",
        "10PROV_EN": "Sichuan",
        "GBCODE": 511823,
        "YZ_LAT": 102.676926,
        "YZ_LONG": 29.354038,
        "_layer_id": "ming_courier_stations",
        "_layer_title": "명대 역참 지점",
        "_source_file": "Ming_Stations_2016.shp",
        "_source_crs": "EPSG:4326"
      }
    },
    {
      "type": "Feature",
      "geometry": {
        "type": "Point",
        "coordinates": [
          102.83731800000001,
          29.79532600000002
        ]
      },
      "properties": {
        "SRC": "MDYZK",
        "STATUS": "Y",
        "YZ_ID": 457,
        "YZ_LABEL": "JINGKOUYI Sichuan (箐口驿)",
        "YZNM_PY": "JINGKOUYI",
        "YZNM_CH": "箐口驿",
        "YZNM_FT": "箐口驛",
        "CHGIS_ID": "1255",
        "NOTE": null,
        "10CNTY_CH": "荥经县",
        "10CNTY_EN": "Xingjing",
        "10PREF_CH": "雅安市",
        "10PREF_EN": "Yaan",
        "10PROV_CH": "四川省",
        "10PROV_EN": "Sichuan",
        "GBCODE": 511822,
        "YZ_LAT": 102.837318,
        "YZ_LONG": 29.795326,
        "_layer_id": "ming_courier_stations",
        "_layer_title": "명대 역참 지점",
        "_source_file": "Ming_Stations_2016.shp",
        "_source_crs": "EPSG:4326"
      }
    },
    {
      "type": "Feature",
      "geometry": {
        "type": "Point",
        "coordinates": [
          102.984367,
          29.98555600000001
        ]
      },
      "properties": {
        "SRC": "MDYZK",
        "STATUS": "Y",
        "YZ_ID": 458,
        "YZ_LABEL": "YA'AN Sichuan (雅安驿)",
        "YZNM_PY": "YA'AN",
        "YZNM_CH": "雅安驿",
        "YZNM_FT": "雅安驛",
        "CHGIS_ID": "9716",
        "NOTE": null,
        "10CNTY_CH": "雨城区",
        "10CNTY_EN": "Yucheng",
        "10PREF_CH": "雅安市",
        "10PREF_EN": "Yaan",
        "10PROV_CH": "四川省",
        "10PROV_EN": "Sichuan",
        "GBCODE": 511802,
        "YZ_LAT": 102.984367,
        "YZ_LONG": 29.985556,
        "_layer_id": "ming_courier_stations",
        "_layer_title": "명대 역참 지점",
        "_source_file": "Ming_Stations_2016.shp",
        "_source_crs": "EPSG:4326"
      }
    },
    {
      "type": "Feature",
      "geometry": {
        "type": "Point",
        "coordinates": [
          102.750504,
          30.078638000000012
        ]
      },
      "properties": {
        "SRC": "MDYZK",
        "STATUS": "Y",
        "YZ_ID": 459,
        "YZ_LABEL": "TAIPINGYI Sichuan (太平驿)",
        "YZNM_PY": "TAIPINGYI",
        "YZNM_CH": "太平驿",
        "YZNM_FT": "太平驛",
        "CHGIS_ID": "1219",
        "NOTE": null,
        "10CNTY_CH": "天全县",
        "10CNTY_EN": "Tianquan",
        "10PREF_CH": "雅安市",
        "10PREF_EN": "Yaan",
        "10PROV_CH": "四川省",
        "10PROV_EN": "Sichuan",
        "GBCODE": 511825,
        "YZ_LAT": 102.750504,
        "YZ_LONG": 30.078638,
        "_layer_id": "ming_courier_stations",
        "_layer_title": "명대 역참 지점",
        "_source_file": "Ming_Stations_2016.shp",
        "_source_crs": "EPSG:4326"
      }
    },
    {
      "type": "Feature",
      "geometry": {
        "type": "Point",
        "coordinates": [
          103.456825,
          30.41659000000001
        ]
      },
      "properties": {
        "SRC": "MDYZK",
        "STATUS": "Y",
        "YZ_ID": 460,
        "YZ_LABEL": "QIONGZHOU Sichuan (邛州)",
        "YZNM_PY": "QIONGZHOU",
        "YZNM_CH": "邛州",
        "YZNM_FT": "邛州",
        "CHGIS_ID": "9711",
        "NOTE": null,
        "10CNTY_CH": "邛崃市",
        "10CNTY_EN": "Qionglai",
        "10PREF_CH": "成都市",
        "10PREF_EN": "Chengdu",
        "10PROV_CH": "四川省",
        "10PROV_EN": "Sichuan",
        "GBCODE": 510183,
        "YZ_LAT": 103.456825,
        "YZ_LONG": 30.41659,
        "_layer_id": "ming_courier_stations",
        "_layer_title": "명대 역참 지점",
        "_source_file": "Ming_Stations_2016.shp",
        "_source_crs": "EPSG:4326"
      }
    },
    {
      "type": "Feature",
      "geometry": {
        "type": "Point",
        "coordinates": [
          103.751564,
          29.57068600000002
        ]
      },
      "properties": {
        "SRC": "MDYZK",
        "STATUS": "Y",
        "YZ_ID": 461,
        "YZ_LABEL": "JIADING Sichuan (嘉定州)",
        "YZNM_PY": "JIADING",
        "YZNM_CH": "嘉定州",
        "YZNM_FT": "嘉定州",
        "CHGIS_ID": "9717",
        "NOTE": null,
        "10CNTY_CH": "市中区",
        "10CNTY_EN": "Shizhong",
        "10PREF_CH": "乐山市",
        "10PREF_EN": "Leshan",
        "10PROV_CH": "四川省",
        "10PROV_EN": "Sichuan",
        "GBCODE": 511102,
        "YZ_LAT": 103.751564,
        "YZ_LONG": 29.570686,
        "_layer_id": "ming_courier_stations",
        "_layer_title": "명대 역참 지점",
        "_source_file": "Ming_Stations_2016.shp",
        "_source_crs": "EPSG:4326"
      }
    },
    {
      "type": "Feature",
      "geometry": {
        "type": "Point",
        "coordinates": [
          103.81468999703456,
          29.40119899629996
        ]
      },
      "properties": {
        "SRC": "PA_1903",
        "STATUS": "N",
        "YZ_ID": 462,
        "YZ_LABEL": "ZHUGENTAN Sichuan (竹根滩)",
        "YZNM_PY": "ZHUGENTAN",
        "YZNM_CH": "竹根滩",
        "YZNM_FT": "竹根灘",
        "CHGIS_ID": "164862",
        "NOTE": null,
        "10CNTY_CH": "五通桥区",
        "10CNTY_EN": "Wutongqiao",
        "10PREF_CH": "乐山市",
        "10PREF_EN": "Leshan",
        "10PROV_CH": "四川省",
        "10PROV_EN": "Sichuan",
        "GBCODE": 511112,
        "YZ_LAT": 103.81469,
        "YZ_LONG": 29.401199,
        "_layer_id": "ming_courier_stations",
        "_layer_title": "명대 역참 지점",
        "_source_file": "Ming_Stations_2016.shp",
        "_source_crs": "EPSG:4326"
      }
    },
    {
      "type": "Feature",
      "geometry": {
        "type": "Point",
        "coordinates": [
          103.94312299999999,
          29.209244000000016
        ]
      },
      "properties": {
        "SRC": "MDYZK",
        "STATUS": "Y",
        "YZ_ID": 463,
        "YZ_LABEL": "JIANWEI Sichuan (犍为)",
        "YZNM_PY": "JIANWEI",
        "YZNM_CH": "犍为",
        "YZNM_FT": "犍為",
        "CHGIS_ID": "1262",
        "NOTE": null,
        "10CNTY_CH": "犍为县",
        "10CNTY_EN": "Jianwei",
        "10PREF_CH": "乐山市",
        "10PREF_EN": "Leshan",
        "10PROV_CH": "四川省",
        "10PROV_EN": "Sichuan",
        "GBCODE": 511123,
        "YZ_LAT": 103.943123,
        "YZ_LONG": 29.209244,
        "_layer_id": "ming_courier_stations",
        "_layer_title": "명대 역참 지점",
        "_source_file": "Ming_Stations_2016.shp",
        "_source_crs": "EPSG:4326"
      }
    },
    {
      "type": "Feature",
      "geometry": {
        "type": "Point",
        "coordinates": [
          103.80939500000001,
          29.469742000000014
        ]
      },
      "properties": {
        "SRC": "PA_1903",
        "STATUS": "N",
        "YZ_ID": 464,
        "YZ_LABEL": "NIUHUAXI Sichuan (牛华溪)",
        "YZNM_PY": "NIUHUAXI",
        "YZNM_CH": "牛华溪",
        "YZNM_FT": "牛華溪",
        "CHGIS_ID": "21635",
        "NOTE": null,
        "10CNTY_CH": "五通桥区",
        "10CNTY_EN": "Wutongqiao",
        "10PREF_CH": "乐山市",
        "10PREF_EN": "Leshan",
        "10PROV_CH": "四川省",
        "10PROV_EN": "Sichuan",
        "GBCODE": 511112,
        "YZ_LAT": 103.809395,
        "YZ_LONG": 29.469742,
        "_layer_id": "ming_courier_stations",
        "_layer_title": "명대 역참 지점",
        "_source_file": "Ming_Stations_2016.shp",
        "_source_crs": "EPSG:4326"
      }
    },
    {
      "type": "Feature",
      "geometry": {
        "type": "Point",
        "coordinates": [
          103.845108,
          29.837276000000024
        ]
      },
      "properties": {
        "SRC": "MDYZK",
        "STATUS": "Y",
        "YZ_ID": 465,
        "YZ_LABEL": "QINGSHEN Sichuan (青神)",
        "YZNM_PY": "QINGSHEN",
        "YZNM_CH": "青神",
        "YZNM_FT": "青神",
        "CHGIS_ID": "1311",
        "NOTE": null,
        "10CNTY_CH": "青神县",
        "10CNTY_EN": "Qingshen",
        "10PREF_CH": "眉山市",
        "10PREF_EN": "Meishan",
        "10PROV_CH": "四川省",
        "10PROV_EN": "Sichuan",
        "GBCODE": 511425,
        "YZ_LAT": 103.845108,
        "YZ_LONG": 29.837276,
        "_layer_id": "ming_courier_stations",
        "_layer_title": "명대 역참 지점",
        "_source_file": "Ming_Stations_2016.shp",
        "_source_crs": "EPSG:4326"
      }
    },
    {
      "type": "Feature",
      "geometry": {
        "type": "Point",
        "coordinates": [
          103.83145899999998,
          30.050497000000014
        ]
      },
      "properties": {
        "SRC": "MDYZK",
        "STATUS": "Y",
        "YZ_ID": 466,
        "YZ_LABEL": "MEIZHOU Sichuan (眉州驿)",
        "YZNM_PY": "MEIZHOU",
        "YZNM_CH": "眉州驿",
        "YZNM_FT": "眉州驛",
        "CHGIS_ID": "9712",
        "NOTE": null,
        "10CNTY_CH": "东坡区",
        "10CNTY_EN": "Dongpo",
        "10PREF_CH": "眉山市",
        "10PREF_EN": "Meishan",
        "10PROV_CH": "四川省",
        "10PROV_EN": "Sichuan",
        "GBCODE": 511402,
        "YZ_LAT": 103.831459,
        "YZ_LONG": 30.050497,
        "_layer_id": "ming_courier_stations",
        "_layer_title": "명대 역참 지점",
        "_source_file": "Ming_Stations_2016.shp",
        "_source_crs": "EPSG:4326"
      }
    },
    {
      "type": "Feature",
      "geometry": {
        "type": "Point",
        "coordinates": [
          103.86924699999999,
          30.200752000000012
        ]
      },
      "properties": {
        "SRC": "MDYZK",
        "STATUS": "Y",
        "YZ_ID": 467,
        "YZ_LABEL": "PENGSHAN Sichuan (彭山)",
        "YZNM_PY": "PENGSHAN",
        "YZNM_CH": "彭山",
        "YZNM_FT": "彭山",
        "CHGIS_ID": "1229",
        "NOTE": null,
        "10CNTY_CH": "彭山县",
        "10CNTY_EN": "Pengshan",
        "10PREF_CH": "眉山市",
        "10PREF_EN": "Meishan",
        "10PROV_CH": "四川省",
        "10PROV_EN": "Sichuan",
        "GBCODE": 511422,
        "YZ_LAT": 103.869247,
        "YZ_LONG": 30.200752,
        "_layer_id": "ming_courier_stations",
        "_layer_title": "명대 역참 지점",
        "_source_file": "Ming_Stations_2016.shp",
        "_source_crs": "EPSG:4326"
      }
    },
    {
      "type": "Feature",
      "geometry": {
        "type": "Point",
        "coordinates": [
          103.67260699999997,
          30.636564000000018
        ]
      },
      "properties": {
        "SRC": "MDYZK",
        "STATUS": "Y",
        "YZ_ID": 468,
        "YZ_LABEL": "CHONGQINGZHOU Sichuan (崇庆州)",
        "YZNM_PY": "CHONGQINGZHOU",
        "YZNM_CH": "崇庆州",
        "YZNM_FT": "崇慶州",
        "CHGIS_ID": "1228",
        "NOTE": null,
        "10CNTY_CH": "崇州市",
        "10CNTY_EN": "Chongzhou",
        "10PREF_CH": "成都市",
        "10PREF_EN": "Chengdu",
        "10PROV_CH": "四川省",
        "10PROV_EN": "Sichuan",
        "GBCODE": 510184,
        "YZ_LAT": 103.672607,
        "YZ_LONG": 30.636564,
        "_layer_id": "ming_courier_stations",
        "_layer_title": "명대 역참 지점",
        "_source_file": "Ming_Stations_2016.shp",
        "_source_crs": "EPSG:4326"
      }
    },
    {
      "type": "Feature",
      "geometry": {
        "type": "Point",
        "coordinates": [
          103.83060499999999,
          30.702269000000012
        ]
      },
      "properties": {
        "SRC": "PA_1903",
        "STATUS": "B",
        "YZ_ID": 469,
        "YZ_LABEL": "WENJIANG Sichuan (温江)",
        "YZNM_PY": "WENJIANG",
        "YZNM_CH": "温江",
        "YZNM_FT": "溫江",
        "CHGIS_ID": "1307",
        "NOTE": null,
        "10CNTY_CH": "温江区",
        "10CNTY_EN": "Wenjiang",
        "10PREF_CH": "成都市",
        "10PREF_EN": "Chengdu",
        "10PROV_CH": "四川省",
        "10PROV_EN": "Sichuan",
        "GBCODE": 510115,
        "YZ_LAT": 103.830605,
        "YZ_LONG": 30.702269,
        "_layer_id": "ming_courier_stations",
        "_layer_title": "명대 역참 지점",
        "_source_file": "Ming_Stations_2016.shp",
        "_source_crs": "EPSG:4326"
      }
    },
    {
      "type": "Feature",
      "geometry": {
        "type": "Point",
        "coordinates": [
          104.283066,
          30.981310000000022
        ]
      },
      "properties": {
        "SRC": "MDYZK",
        "STATUS": "Y",
        "YZ_ID": 470,
        "YZ_LABEL": "HANZHOU Sichuan (汉州)",
        "YZNM_PY": "HANZHOU",
        "YZNM_CH": "汉州",
        "YZNM_FT": "漢州",
        "CHGIS_ID": "1233",
        "NOTE": null,
        "10CNTY_CH": "广汉市",
        "10CNTY_EN": "Guanghan",
        "10PREF_CH": "德阳市",
        "10PREF_EN": "Deyang",
        "10PROV_CH": "四川省",
        "10PROV_EN": "Sichuan",
        "GBCODE": 510681,
        "YZ_LAT": 104.283066,
        "YZ_LONG": 30.98131,
        "_layer_id": "ming_courier_stations",
        "_layer_title": "명대 역참 지점",
        "_source_file": "Ming_Stations_2016.shp",
        "_source_crs": "EPSG:4326"
      }
    },
    {
      "type": "Feature",
      "geometry": {
        "type": "Point",
        "coordinates": [
          103.578148,
          31.477791000000014
        ]
      },
      "properties": {
        "SRC": "MDYZK",
        "STATUS": "Y",
        "YZ_ID": 471,
        "YZ_LABEL": "ANYUANYI Sichuan (安远驿)",
        "YZNM_PY": "ANYUANYI",
        "YZNM_CH": "安远驿",
        "YZNM_FT": "安遠驛",
        "CHGIS_ID": "21290",
        "NOTE": null,
        "10CNTY_CH": "汶川县",
        "10CNTY_EN": "Wenchuan",
        "10PREF_CH": "阿坝藏族羌族自治州",
        "10PREF_EN": "Abacangzuqiangzu",
        "10PROV_CH": "四川省",
        "10PROV_EN": "Sichuan",
        "GBCODE": 513221,
        "YZ_LAT": 103.578148,
        "YZ_LONG": 31.477791,
        "_layer_id": "ming_courier_stations",
        "_layer_title": "명대 역참 지점",
        "_source_file": "Ming_Stations_2016.shp",
        "_source_crs": "EPSG:4326"
      }
    },
    {
      "type": "Feature",
      "geometry": {
        "type": "Point",
        "coordinates": [
          103.480194,
          31.297791000000018
        ]
      },
      "properties": {
        "SRC": "MDYZK",
        "STATUS": "Y",
        "YZ_ID": 472,
        "YZ_LABEL": "HANSHUIYI Sichuan (寒水驿)",
        "YZNM_PY": "HANSHUIYI",
        "YZNM_CH": "寒水驿",
        "YZNM_FT": "寒水驛",
        "CHGIS_ID": "1190",
        "NOTE": null,
        "10CNTY_CH": "汶川县",
        "10CNTY_EN": "Wenchuan",
        "10PREF_CH": "阿坝藏族羌族自治州",
        "10PREF_EN": "Abacangzuqiangzu",
        "10PROV_CH": "四川省",
        "10PROV_EN": "Sichuan",
        "GBCODE": 513221,
        "YZ_LAT": 103.480194,
        "YZ_LONG": 31.297791,
        "_layer_id": "ming_courier_stations",
        "_layer_title": "명대 역참 지점",
        "_source_file": "Ming_Stations_2016.shp",
        "_source_crs": "EPSG:4326"
      }
    },
    {
      "type": "Feature",
      "geometry": {
        "type": "Point",
        "coordinates": [
          103.62140367280546,
          31.01261330729045
        ]
      },
      "properties": {
        "SRC": "MDYZK",
        "STATUS": "Y",
        "YZ_ID": 473,
        "YZ_LABEL": "YONGKANGYI Sichuan (永康驿)",
        "YZNM_PY": "YONGKANGYI",
        "YZNM_CH": "永康驿",
        "YZNM_FT": "永康驛",
        "CHGIS_ID": "1223",
        "NOTE": null,
        "10CNTY_CH": "都江堰市",
        "10CNTY_EN": "Dujiangyan",
        "10PREF_CH": "成都市",
        "10PREF_EN": "Chengdu",
        "10PROV_CH": "四川省",
        "10PROV_EN": "Sichuan",
        "GBCODE": 510181,
        "YZ_LAT": 103.621404,
        "YZ_LONG": 31.012613,
        "_layer_id": "ming_courier_stations",
        "_layer_title": "명대 역참 지점",
        "_source_file": "Ming_Stations_2016.shp",
        "_source_crs": "EPSG:4326"
      }
    },
    {
      "type": "Feature",
      "geometry": {
        "type": "Point",
        "coordinates": [
          103.853035,
          31.68893100000001
        ]
      },
      "properties": {
        "SRC": "MDYZK",
        "STATUS": "Y",
        "YZ_ID": 474,
        "YZ_LABEL": "HULINYI Sichuan (护林驿)",
        "YZNM_PY": "HULINYI",
        "YZNM_CH": "护林驿",
        "YZNM_FT": "護林驛",
        "CHGIS_ID": "9703",
        "NOTE": null,
        "10CNTY_CH": "茂县",
        "10CNTY_EN": "Mao",
        "10PREF_CH": "阿坝藏族羌族自治州",
        "10PREF_EN": "Abacangzuqiangzu",
        "10PROV_CH": "四川省",
        "10PROV_EN": "Sichuan",
        "GBCODE": 513223,
        "YZ_LAT": 103.853035,
        "YZ_LONG": 31.688931,
        "_layer_id": "ming_courier_stations",
        "_layer_title": "명대 역참 지점",
        "_source_file": "Ming_Stations_2016.shp",
        "_source_crs": "EPSG:4326"
      }
    },
    {
      "type": "Feature",
      "geometry": {
        "type": "Point",
        "coordinates": [
          104.776527,
          31.882812000000012
        ]
      },
      "properties": {
        "SRC": "MDYZK",
        "STATUS": "Y",
        "YZ_ID": 475,
        "YZ_LABEL": "JIANGYOU Sichuan (江油)",
        "YZNM_PY": "JIANGYOU",
        "YZNM_CH": "江油",
        "YZNM_FT": "江油",
        "CHGIS_ID": "1194",
        "NOTE": null,
        "10CNTY_CH": "江油巿",
        "10CNTY_EN": "Jiangyou",
        "10PREF_CH": "绵阳市",
        "10PREF_EN": "Mianyang",
        "10PROV_CH": "四川省",
        "10PROV_EN": "Sichuan",
        "GBCODE": 510781,
        "YZ_LAT": 104.776527,
        "YZ_LONG": 31.882812,
        "_layer_id": "ming_courier_stations",
        "_layer_title": "명대 역참 지점",
        "_source_file": "Ming_Stations_2016.shp",
        "_source_crs": "EPSG:4326"
      }
    },
    {
      "type": "Feature",
      "geometry": {
        "type": "Point",
        "coordinates": [
          104.74095199999998,
          31.77811600000002
        ]
      },
      "properties": {
        "SRC": "PA_1903",
        "STATUS": "N",
        "YZ_ID": 476,
        "YZ_LABEL": "ZHONGBA Sichuan (中坝)",
        "YZNM_PY": "ZHONGBA",
        "YZNM_CH": "中坝",
        "YZNM_FT": "中壩",
        "CHGIS_ID": "21293",
        "NOTE": null,
        "10CNTY_CH": "江油巿",
        "10CNTY_EN": "Jiangyou",
        "10PREF_CH": "绵阳市",
        "10PREF_EN": "Mianyang",
        "10PROV_CH": "四川省",
        "10PROV_EN": "Sichuan",
        "GBCODE": 510781,
        "YZ_LAT": 104.740952,
        "YZ_LONG": 31.778116,
        "_layer_id": "ming_courier_stations",
        "_layer_title": "명대 역참 지점",
        "_source_file": "Ming_Stations_2016.shp",
        "_source_crs": "EPSG:4326"
      }
    },
    {
      "type": "Feature",
      "geometry": {
        "type": "Point",
        "coordinates": [
          104.71854400000001,
          31.71863200000002
        ]
      },
      "properties": {
        "SRC": "PA_1903",
        "STATUS": "N",
        "YZ_ID": 477,
        "YZ_LABEL": "ZHANGMING Sichuan (彰明)",
        "YZNM_PY": "ZHANGMING",
        "YZNM_CH": "彰明",
        "YZNM_FT": "彰明",
        "CHGIS_ID": "1197",
        "NOTE": null,
        "10CNTY_CH": "江油巿",
        "10CNTY_EN": "Jiangyou",
        "10PREF_CH": "绵阳市",
        "10PREF_EN": "Mianyang",
        "10PROV_CH": "四川省",
        "10PROV_EN": "Sichuan",
        "GBCODE": 510781,
        "YZ_LAT": 104.718544,
        "YZ_LONG": 31.718632,
        "_layer_id": "ming_courier_stations",
        "_layer_title": "명대 역참 지점",
        "_source_file": "Ming_Stations_2016.shp",
        "_source_crs": "EPSG:4326"
      }
    },
    {
      "type": "Feature",
      "geometry": {
        "type": "Point",
        "coordinates": [
          103.592697,
          32.648323000000005
        ]
      },
      "properties": {
        "SRC": "MDYZK",
        "STATUS": "Y",
        "YZ_ID": 478,
        "YZ_LABEL": "GUSONGYI Sichuan (古松驿)",
        "YZNM_PY": "GUSONGYI",
        "YZNM_CH": "古松驿",
        "YZNM_FT": "古松驛",
        "CHGIS_ID": "9700",
        "NOTE": null,
        "10CNTY_CH": "松潘县",
        "10CNTY_EN": "Songpan",
        "10PREF_CH": "阿坝藏族羌族自治州",
        "10PREF_EN": "Abacangzuqiangzu",
        "10PROV_CH": "四川省",
        "10PROV_EN": "Sichuan",
        "GBCODE": 513224,
        "YZ_LAT": 103.592697,
        "YZ_LONG": 32.648323,
        "_layer_id": "ming_courier_stations",
        "_layer_title": "명대 역참 지점",
        "_source_file": "Ming_Stations_2016.shp",
        "_source_crs": "EPSG:4326"
      }
    },
    {
      "type": "Feature",
      "geometry": {
        "type": "Point",
        "coordinates": [
          104.52972400000002,
          32.41315500000001
        ]
      },
      "properties": {
        "SRC": "MDYZK",
        "STATUS": "Y",
        "YZ_ID": 479,
        "YZ_LABEL": "WUPINGYI Sichuan (武平驿)",
        "YZNM_PY": "WUPINGYI",
        "YZNM_CH": "武平驿",
        "YZNM_FT": "武平驛",
        "CHGIS_ID": "1185",
        "NOTE": null,
        "10CNTY_CH": "平武县",
        "10CNTY_EN": "Pingwu",
        "10PREF_CH": "绵阳市",
        "10PREF_EN": "Mianyang",
        "10PROV_CH": "四川省",
        "10PROV_EN": "Sichuan",
        "GBCODE": 510727,
        "YZ_LAT": 104.529724,
        "YZ_LONG": 32.413155,
        "_layer_id": "ming_courier_stations",
        "_layer_title": "명대 역참 지점",
        "_source_file": "Ming_Stations_2016.shp",
        "_source_crs": "EPSG:4326"
      }
    },
    {
      "type": "Feature",
      "geometry": {
        "type": "Point",
        "coordinates": [
          105.08756999999997,
          31.09462000000001
        ]
      },
      "properties": {
        "SRC": "MDYZK",
        "STATUS": "N",
        "YZ_ID": 480,
        "YZ_LABEL": "HUANGHUAYI Sichuan (皇华驿)",
        "YZNM_PY": "HUANGHUAYI",
        "YZNM_CH": "皇华驿",
        "YZNM_FT": "皇華驛",
        "CHGIS_ID": "9707",
        "NOTE": null,
        "10CNTY_CH": "三台县",
        "10CNTY_EN": "Santai",
        "10PREF_CH": "绵阳市",
        "10PREF_EN": "Mianyang",
        "10PROV_CH": "四川省",
        "10PROV_EN": "Sichuan",
        "GBCODE": 510722,
        "YZ_LAT": 105.08757,
        "YZ_LONG": 31.09462,
        "_layer_id": "ming_courier_stations",
        "_layer_title": "명대 역참 지점",
        "_source_file": "Ming_Stations_2016.shp",
        "_source_crs": "EPSG:4326"
      }
    },
    {
      "type": "Feature",
      "geometry": {
        "type": "Point",
        "coordinates": [
          104.679047,
          31.04427700000002
        ]
      },
      "properties": {
        "SRC": "MDYZK",
        "STATUS": "Y",
        "YZ_ID": 481,
        "YZ_LABEL": "WUCHENGYI Sichuan (五城驿)",
        "YZNM_PY": "WUCHENGYI",
        "YZNM_CH": "五城驿",
        "YZNM_FT": "五城驛",
        "CHGIS_ID": "1192",
        "NOTE": null,
        "10CNTY_CH": "中江县",
        "10CNTY_EN": "Zhongjiang",
        "10PREF_CH": "德阳市",
        "10PREF_EN": "Deyang",
        "10PROV_CH": "四川省",
        "10PROV_EN": "Sichuan",
        "GBCODE": 510623,
        "YZ_LAT": 104.679047,
        "YZ_LONG": 31.044277,
        "_layer_id": "ming_courier_stations",
        "_layer_title": "명대 역참 지점",
        "_source_file": "Ming_Stations_2016.shp",
        "_source_crs": "EPSG:4326"
      }
    },
    {
      "type": "Feature",
      "geometry": {
        "type": "Point",
        "coordinates": [
          104.550407,
          30.390272000000017
        ]
      },
      "properties": {
        "SRC": "MDYZK",
        "STATUS": "Y",
        "YZ_ID": 482,
        "YZ_LABEL": "JIANZHOU Sichuan (简州)",
        "YZNM_PY": "JIANZHOU",
        "YZNM_CH": "简州",
        "YZNM_FT": "簡州",
        "CHGIS_ID": "1309",
        "NOTE": null,
        "10CNTY_CH": "简阳市",
        "10CNTY_EN": "Jianyang",
        "10PREF_CH": "资阳市",
        "10PREF_EN": "Ziyang",
        "10PROV_CH": "四川省",
        "10PROV_EN": "Sichuan",
        "GBCODE": 512081,
        "YZ_LAT": 104.550407,
        "YZ_LONG": 30.390272,
        "_layer_id": "ming_courier_stations",
        "_layer_title": "명대 역참 지점",
        "_source_file": "Ming_Stations_2016.shp",
        "_source_crs": "EPSG:4326"
      }
    },
    {
      "type": "Feature",
      "geometry": {
        "type": "Point",
        "coordinates": [
          106.55266699999999,
          29.55997200000001
        ]
      },
      "properties": {
        "SRC": "MDYZK",
        "STATUS": "Y",
        "YZ_ID": 483,
        "YZ_LABEL": "BAXIAN Chongqing (巴县)",
        "YZNM_PY": "BAXIAN",
        "YZNM_CH": "巴县",
        "YZNM_FT": "巴縣",
        "CHGIS_ID": "1276",
        "NOTE": null,
        "10CNTY_CH": "渝中区",
        "10CNTY_EN": "Yuzhong",
        "10PREF_CH": "重庆市（辖区）",
        "10PREF_EN": "Chongqing (Districts)",
        "10PROV_CH": "重庆市",
        "10PROV_EN": "Chongqing",
        "GBCODE": 500103,
        "YZ_LAT": 106.552667,
        "YZ_LONG": 29.559972,
        "_layer_id": "ming_courier_stations",
        "_layer_title": "명대 역참 지점",
        "_source_file": "Ming_Stations_2016.shp",
        "_source_crs": "EPSG:4326"
      }
    },
    {
      "type": "Feature",
      "geometry": {
        "type": "Point",
        "coordinates": [
          106.20204899999997,
          29.43647800000001
        ]
      },
      "properties": {
        "SRC": "MDYZK",
        "STATUS": "Y",
        "YZ_ID": 484,
        "YZ_LABEL": "LAIFENGYI Chongqing (来凤驿)",
        "YZNM_PY": "LAIFENGYI",
        "YZNM_CH": "来凤驿",
        "YZNM_FT": "來鳳驛",
        "CHGIS_ID": "21480",
        "NOTE": null,
        "10CNTY_CH": "璧山县",
        "10CNTY_EN": "Bishan",
        "10PREF_CH": "重庆市（辖县）",
        "10PREF_EN": "Chongqing (Counties)",
        "10PROV_CH": "重庆市",
        "10PROV_EN": "Chongqing",
        "GBCODE": 500227,
        "YZ_LAT": 106.202049,
        "YZ_LONG": 29.436478,
        "_layer_id": "ming_courier_stations",
        "_layer_title": "명대 역참 지점",
        "_source_file": "Ming_Stations_2016.shp",
        "_source_crs": "EPSG:4326"
      }
    },
    {
      "type": "Feature",
      "geometry": {
        "type": "Point",
        "coordinates": [
          105.93303699999998,
          31.743105000000018
        ]
      },
      "properties": {
        "SRC": "MDYZK",
        "STATUS": "Y",
        "YZ_ID": 485,
        "YZ_LABEL": "CANGXI Sichuan (苍溪驿)",
        "YZNM_PY": "CANGXI",
        "YZNM_CH": "苍溪驿",
        "YZNM_FT": "蒼溪驛",
        "CHGIS_ID": "1201",
        "NOTE": null,
        "10CNTY_CH": "苍溪县",
        "10CNTY_EN": "Cangxi",
        "10PREF_CH": "广元市",
        "10PREF_EN": "Guangyuan",
        "10PROV_CH": "四川省",
        "10PROV_EN": "Sichuan",
        "GBCODE": 510824,
        "YZ_LAT": 105.933037,
        "YZ_LONG": 31.743105,
        "_layer_id": "ming_courier_stations",
        "_layer_title": "명대 역참 지점",
        "_source_file": "Ming_Stations_2016.shp",
        "_source_crs": "EPSG:4326"
      }
    },
    {
      "type": "Feature",
      "geometry": {
        "type": "Point",
        "coordinates": [
          105.96703299999999,
          31.58316000000002
        ]
      },
      "properties": {
        "SRC": "MDYZK",
        "STATUS": "Y",
        "YZ_ID": 486,
        "YZ_LABEL": "JINPINGYI Sichuan (锦屏驿)",
        "YZNM_PY": "JINPINGYI",
        "YZNM_CH": "锦屏驿",
        "YZNM_FT": "錦屏驛",
        "CHGIS_ID": "1200",
        "NOTE": null,
        "10CNTY_CH": "阆中市",
        "10CNTY_EN": "Langzhong",
        "10PREF_CH": "南充市",
        "10PREF_EN": "Nanchong",
        "10PROV_CH": "四川省",
        "10PROV_EN": "Sichuan",
        "GBCODE": 511381,
        "YZ_LAT": 105.967033,
        "YZ_LONG": 31.58316,
        "_layer_id": "ming_courier_stations",
        "_layer_title": "명대 역참 지점",
        "_source_file": "Ming_Stations_2016.shp",
        "_source_crs": "EPSG:4326"
      }
    },
    {
      "type": "Feature",
      "geometry": {
        "type": "Point",
        "coordinates": [
          106.058586,
          31.35961500000002
        ]
      },
      "properties": {
        "SRC": "PA_1903",
        "STATUS": "B",
        "YZ_ID": 487,
        "YZ_LABEL": "NANBU Sichuan (南部)",
        "YZNM_PY": "NANBU",
        "YZNM_CH": "南部",
        "YZNM_FT": "南部",
        "CHGIS_ID": "1204",
        "NOTE": null,
        "10CNTY_CH": "南部县",
        "10CNTY_EN": "Nanbu",
        "10PREF_CH": "南充市",
        "10PREF_EN": "Nanchong",
        "10PROV_CH": "四川省",
        "10PROV_EN": "Sichuan",
        "GBCODE": 511321,
        "YZ_LAT": 106.058586,
        "YZ_LONG": 31.359615,
        "_layer_id": "ming_courier_stations",
        "_layer_title": "명대 역참 지점",
        "_source_file": "Ming_Stations_2016.shp",
        "_source_crs": "EPSG:4326"
      }
    },
    {
      "type": "Feature",
      "geometry": {
        "type": "Point",
        "coordinates": [
          105.88094299999999,
          31.01045800000002
        ]
      },
      "properties": {
        "SRC": "PA_1903",
        "STATUS": "B",
        "YZ_ID": 488,
        "YZ_LABEL": "XICHONG Sichuan (西充)",
        "YZNM_PY": "XICHONG",
        "YZNM_CH": "西充",
        "YZNM_FT": "西充",
        "CHGIS_ID": "1241",
        "NOTE": null,
        "10CNTY_CH": "西充县",
        "10CNTY_EN": "Xichong",
        "10PREF_CH": "南充市",
        "10PREF_EN": "Nanchong",
        "10PROV_CH": "四川省",
        "10PROV_EN": "Sichuan",
        "GBCODE": 511325,
        "YZ_LAT": 105.880943,
        "YZ_LONG": 31.010458,
        "_layer_id": "ming_courier_stations",
        "_layer_title": "명대 역참 지점",
        "_source_file": "Ming_Stations_2016.shp",
        "_source_crs": "EPSG:4326"
      }
    },
    {
      "type": "Feature",
      "geometry": {
        "type": "Point",
        "coordinates": [
          106.080727,
          30.798986000000017
        ]
      },
      "properties": {
        "SRC": "PA_1903",
        "STATUS": "N",
        "YZ_ID": 489,
        "YZ_LABEL": "NANCHONG Sichuan (南充)",
        "YZNM_PY": "NANCHONG",
        "YZNM_CH": "南充",
        "YZNM_FT": "南充",
        "CHGIS_ID": "1243",
        "NOTE": null,
        "10CNTY_CH": "顺庆区",
        "10CNTY_EN": "Shunqing",
        "10PREF_CH": "南充市",
        "10PREF_EN": "Nanchong",
        "10PROV_CH": "四川省",
        "10PROV_EN": "Sichuan",
        "GBCODE": 511302,
        "YZ_LAT": 106.080727,
        "YZ_LONG": 30.798986,
        "_layer_id": "ming_courier_stations",
        "_layer_title": "명대 역참 지점",
        "_source_file": "Ming_Stations_2016.shp",
        "_source_crs": "EPSG:4326"
      }
    },
    {
      "type": "Feature",
      "geometry": {
        "type": "Point",
        "coordinates": [
          106.25839999999998,
          30.27237100000001
        ]
      },
      "properties": {
        "SRC": "PA_1903",
        "STATUS": "N",
        "YZ_ID": 490,
        "YZ_LABEL": "DINGYUAN Sichuan (定远)",
        "YZNM_PY": "DINGYUAN",
        "YZNM_CH": "定远",
        "YZNM_FT": "定遠",
        "CHGIS_ID": "1246",
        "NOTE": null,
        "10CNTY_CH": "武胜县",
        "10CNTY_EN": "Wusheng",
        "10PREF_CH": "广安市",
        "10PREF_EN": "Guangan",
        "10PROV_CH": "四川省",
        "10PROV_EN": "Sichuan",
        "GBCODE": 511622,
        "YZ_LAT": 106.2584,
        "YZ_LONG": 30.272371,
        "_layer_id": "ming_courier_stations",
        "_layer_title": "명대 역참 지점",
        "_source_file": "Ming_Stations_2016.shp",
        "_source_crs": "EPSG:4326"
      }
    },
    {
      "type": "Feature",
      "geometry": {
        "type": "Point",
        "coordinates": [
          106.25956,
          30.00394200000002
        ]
      },
      "properties": {
        "SRC": "MDYZK",
        "STATUS": "N",
        "YZ_ID": 491,
        "YZ_LABEL": "HEYANGYI Chongqing (合阳驿)",
        "YZNM_PY": "HEYANGYI",
        "YZNM_CH": "合阳驿",
        "YZNM_FT": "合陽驛",
        "CHGIS_ID": "1244",
        "NOTE": null,
        "10CNTY_CH": "合川区",
        "10CNTY_EN": "Hechuan",
        "10PREF_CH": "重庆市（辖区）",
        "10PREF_EN": "Chongqing (Districts)",
        "10PROV_CH": "重庆市",
        "10PROV_EN": "Chongqing",
        "GBCODE": 500117,
        "YZ_LAT": 106.25956,
        "YZ_LONG": 30.003942,
        "_layer_id": "ming_courier_stations",
        "_layer_title": "명대 역참 지점",
        "_source_file": "Ming_Stations_2016.shp",
        "_source_crs": "EPSG:4326"
      }
    },
    {
      "type": "Feature",
      "geometry": {
        "type": "Point",
        "coordinates": [
          116.28398900000002,
          39.84944900000002
        ]
      },
      "properties": {
        "SRC": "PA_1903",
        "STATUS": "B",
        "YZ_ID": 492,
        "YZ_LABEL": "FENGTAI Beijing (丰台区)",
        "YZNM_PY": "FENGTAI",
        "YZNM_CH": "丰台区",
        "YZNM_FT": "豐臺區",
        "CHGIS_ID": "15925",
        "NOTE": null,
        "10CNTY_CH": "丰台区",
        "10CNTY_EN": "Fengtai",
        "10PREF_CH": "北京市（辖区）",
        "10PREF_EN": "Beijing (Districts)",
        "10PROV_CH": "北京市",
        "10PROV_EN": "Beijing",
        "GBCODE": 110106,
        "YZ_LAT": 116.283989,
        "YZ_LONG": 39.849449,
        "_layer_id": "ming_courier_stations",
        "_layer_title": "명대 역참 지점",
        "_source_file": "Ming_Stations_2016.shp",
        "_source_crs": "EPSG:4326"
      }
    },
    {
      "type": "Feature",
      "geometry": {
        "type": "Point",
        "coordinates": [
          116.193977,
          39.82730100000003
        ]
      },
      "properties": {
        "SRC": "PA_1903",
        "STATUS": "L",
        "YZ_ID": 493,
        "YZ_LABEL": "ZHANGXINDIAN Beijing (长辛店)",
        "YZNM_PY": "ZHANGXINDIAN",
        "YZNM_CH": "长辛店",
        "YZNM_FT": "長辛店",
        "CHGIS_ID": "15924",
        "NOTE": null,
        "10CNTY_CH": "丰台区",
        "10CNTY_EN": "Fengtai",
        "10PREF_CH": "北京市（辖区）",
        "10PREF_EN": "Beijing (Districts)",
        "10PROV_CH": "北京市",
        "10PROV_EN": "Beijing",
        "GBCODE": 110106,
        "YZ_LAT": 116.193977,
        "YZ_LONG": 39.827301,
        "_layer_id": "ming_courier_stations",
        "_layer_title": "명대 역참 지점",
        "_source_file": "Ming_Stations_2016.shp",
        "_source_crs": "EPSG:4326"
      }
    },
    {
      "type": "Feature",
      "geometry": {
        "type": "Point",
        "coordinates": [
          115.49347699999997,
          39.34903700000002
        ]
      },
      "properties": {
        "SRC": "MDYZK",
        "STATUS": "N",
        "YZ_ID": 494,
        "YZ_LABEL": "QINGYUANYI Hebei (清苑驿)",
        "YZNM_PY": "QINGYUANYI",
        "YZNM_CH": "清苑驿",
        "YZNM_FT": "清苑驛",
        "CHGIS_ID": "9503",
        "NOTE": null,
        "10CNTY_CH": "易县",
        "10CNTY_EN": "Yixian",
        "10PREF_CH": "保定市",
        "10PREF_EN": "Baoding",
        "10PROV_CH": "河北省",
        "10PROV_EN": "Hebei",
        "GBCODE": 130633,
        "YZ_LAT": 115.493477,
        "YZ_LONG": 39.349037,
        "_layer_id": "ming_courier_stations",
        "_layer_title": "명대 역참 지점",
        "_source_file": "Ming_Stations_2016.shp",
        "_source_crs": "EPSG:4326"
      }
    },
    {
      "type": "Feature",
      "geometry": {
        "type": "Point",
        "coordinates": [
          115.40012399999998,
          39.383537000000054
        ]
      },
      "properties": {
        "SRC": "PA_1903",
        "STATUS": "N",
        "YZ_ID": 495,
        "YZ_LABEL": "LIANGGEZHUANG Hebei (梁各庄)",
        "YZNM_PY": "LIANGGEZHUANG",
        "YZNM_CH": "梁各庄",
        "YZNM_FT": "梁各莊",
        "CHGIS_ID": "135230",
        "NOTE": null,
        "10CNTY_CH": "易县",
        "10CNTY_EN": "Yixian",
        "10PREF_CH": "保定市",
        "10PREF_EN": "Baoding",
        "10PROV_CH": "河北省",
        "10PROV_EN": "Hebei",
        "GBCODE": 130633,
        "YZ_LAT": 115.400124,
        "YZ_LONG": 39.383537,
        "_layer_id": "ming_courier_stations",
        "_layer_title": "명대 역참 지점",
        "_source_file": "Ming_Stations_2016.shp",
        "_source_crs": "EPSG:4326"
      }
    },
    {
      "type": "Feature",
      "geometry": {
        "type": "Point",
        "coordinates": [
          115.85886400009079,
          39.325759999155856
        ]
      },
      "properties": {
        "SRC": "PA_1903",
        "STATUS": "P",
        "YZ_ID": 496,
        "YZ_LABEL": "GAOBEIDIAN Hebei (高碑店)",
        "YZNM_PY": "GAOBEIDIAN",
        "YZNM_CH": "高碑店",
        "YZNM_FT": "高碑店",
        "CHGIS_ID": "134830",
        "NOTE": null,
        "10CNTY_CH": "高碑店市",
        "10CNTY_EN": "Gaobeidian",
        "10PREF_CH": "保定市",
        "10PREF_EN": "Baoding",
        "10PROV_CH": "河北省",
        "10PROV_EN": "Hebei",
        "GBCODE": 130684,
        "YZ_LAT": 115.858864,
        "YZ_LONG": 39.32576,
        "_layer_id": "ming_courier_stations",
        "_layer_title": "명대 역참 지점",
        "_source_file": "Ming_Stations_2016.shp",
        "_source_crs": "EPSG:4326"
      }
    },
    {
      "type": "Feature",
      "geometry": {
        "type": "Point",
        "coordinates": [
          116.008331,
          39.11051600000001
        ]
      },
      "properties": {
        "SRC": "MDYZK",
        "STATUS": "Y",
        "YZ_ID": 497,
        "YZ_LABEL": "FENSHUIYI Hebei (汾水驿)",
        "YZNM_PY": "FENSHUIYI",
        "YZNM_CH": "汾水驿",
        "YZNM_FT": "汾水驛",
        "CHGIS_ID": "15477",
        "NOTE": null,
        "10CNTY_CH": "高碑店市",
        "10CNTY_EN": "Gaobeidian",
        "10PREF_CH": "保定市",
        "10PREF_EN": "Baoding",
        "10PROV_CH": "河北省",
        "10PROV_EN": "Hebei",
        "GBCODE": 130684,
        "YZ_LAT": 116.008331,
        "YZ_LONG": 39.110516,
        "_layer_id": "ming_courier_stations",
        "_layer_title": "명대 역참 지점",
        "_source_file": "Ming_Stations_2016.shp",
        "_source_crs": "EPSG:4326"
      }
    },
    {
      "type": "Feature",
      "geometry": {
        "type": "Point",
        "coordinates": [
          116.107063,
          38.86036700000002
        ]
      },
      "properties": {
        "SRC": "PA_1903",
        "STATUS": "N",
        "YZ_ID": 498,
        "YZ_LABEL": "MAOZHOUZHEN Hebei (鄚州镇)",
        "YZNM_PY": "MAOZHOUZHEN",
        "YZNM_CH": "鄚州镇",
        "YZNM_FT": "鄚州鎮",
        "CHGIS_ID": "15626",
        "NOTE": null,
        "10CNTY_CH": "任丘市",
        "10CNTY_EN": "Renqiu",
        "10PREF_CH": "沧州市",
        "10PREF_EN": "Cangzhou",
        "10PROV_CH": "河北省",
        "10PROV_EN": "Hebei",
        "GBCODE": 130982,
        "YZ_LAT": 116.107063,
        "YZ_LONG": 38.860367,
        "_layer_id": "ming_courier_stations",
        "_layer_title": "명대 역참 지점",
        "_source_file": "Ming_Stations_2016.shp",
        "_source_crs": "EPSG:4326"
      }
    },
    {
      "type": "Feature",
      "geometry": {
        "type": "Point",
        "coordinates": [
          116.07120800000007,
          38.565570000000044
        ]
      },
      "properties": {
        "SRC": "PA_1903",
        "STATUS": "N",
        "YZ_ID": 499,
        "YZ_LABEL": "SANSHILIPU Hebei (三十里铺)",
        "YZNM_PY": "SANSHILIPU",
        "YZNM_CH": "三十里铺",
        "YZNM_FT": "三十里鋪",
        "CHGIS_ID": "133508",
        "NOTE": null,
        "10CNTY_CH": "河间市",
        "10CNTY_EN": "Hejian",
        "10PREF_CH": "沧州市",
        "10PREF_EN": "Cangzhou",
        "10PROV_CH": "河北省",
        "10PROV_EN": "Hebei",
        "GBCODE": 130984,
        "YZ_LAT": 116.071208,
        "YZ_LONG": 38.56557,
        "_layer_id": "ming_courier_stations",
        "_layer_title": "명대 역참 지점",
        "_source_file": "Ming_Stations_2016.shp",
        "_source_crs": "EPSG:4326"
      }
    },
    {
      "type": "Feature",
      "geometry": {
        "type": "Point",
        "coordinates": [
          116.05117700012725,
          38.63562199898306
        ]
      },
      "properties": {
        "SRC": "PA_1903",
        "STATUS": "N",
        "YZ_ID": 500,
        "YZ_LABEL": "SHIMENQIAO Hebei (石门桥)",
        "YZNM_PY": "SHIMENQIAO",
        "YZNM_CH": "石门桥",
        "YZNM_FT": "石門橋",
        "CHGIS_ID": "133550",
        "NOTE": null,
        "10CNTY_CH": "任丘市",
        "10CNTY_EN": "Renqiu",
        "10PREF_CH": "沧州市",
        "10PREF_EN": "Cangzhou",
        "10PROV_CH": "河北省",
        "10PROV_EN": "Hebei",
        "GBCODE": 130982,
        "YZ_LAT": 116.051177,
        "YZ_LONG": 38.635622,
        "_layer_id": "ming_courier_stations",
        "_layer_title": "명대 역참 지점",
        "_source_file": "Ming_Stations_2016.shp",
        "_source_crs": "EPSG:4326"
      }
    },
    {
      "type": "Feature",
      "geometry": {
        "type": "Point",
        "coordinates": [
          115.5506670000001,
          38.95052300000004
        ]
      },
      "properties": {
        "SRC": "MDYZK",
        "STATUS": "N",
        "YZ_ID": 501,
        "YZ_LABEL": "BAIGOUYI Hebei (白沟驿)",
        "YZNM_PY": "BAIGOUYI",
        "YZNM_CH": "白沟驿",
        "YZNM_FT": "白溝驛",
        "CHGIS_ID": "134786",
        "NOTE": null,
        "10CNTY_CH": "徐水县",
        "10CNTY_EN": "Xushui",
        "10PREF_CH": "保定市",
        "10PREF_EN": "Baoding",
        "10PROV_CH": "河北省",
        "10PROV_EN": "Hebei",
        "GBCODE": 130625,
        "YZ_LAT": 115.550667,
        "YZ_LONG": 38.950523,
        "_layer_id": "ming_courier_stations",
        "_layer_title": "명대 역참 지점",
        "_source_file": "Ming_Stations_2016.shp",
        "_source_crs": "EPSG:4326"
      }
    },
    {
      "type": "Feature",
      "geometry": {
        "type": "Point",
        "coordinates": [
          115.2440570000001,
          38.78020900000008
        ]
      },
      "properties": {
        "SRC": "MDYZK",
        "STATUS": "N",
        "YZ_ID": 502,
        "YZ_LABEL": "XINGYANG Hebei (陉阳驿)",
        "YZNM_PY": "XINGYANG",
        "YZNM_CH": "陉阳驿",
        "YZNM_FT": "陘陽驛",
        "CHGIS_ID": "134753",
        "NOTE": null,
        "10CNTY_CH": "满城县",
        "10CNTY_EN": "Mancheng",
        "10PREF_CH": "保定市",
        "10PREF_EN": "Baoding",
        "10PROV_CH": "河北省",
        "10PROV_EN": "Hebei",
        "GBCODE": 130621,
        "YZ_LAT": 115.244057,
        "YZ_LONG": 38.780209,
        "_layer_id": "ming_courier_stations",
        "_layer_title": "명대 역참 지점",
        "_source_file": "Ming_Stations_2016.shp",
        "_source_crs": "EPSG:4326"
      }
    },
    {
      "type": "Feature",
      "geometry": {
        "type": "Point",
        "coordinates": [
          115.31508600000001,
          38.412342000000024
        ]
      },
      "properties": {
        "SRC": "PA_1903",
        "STATUS": "N",
        "YZ_ID": 503,
        "YZ_LABEL": "QIZHOU Hebei (祁州)",
        "YZNM_PY": "QIZHOU",
        "YZNM_CH": "祁州",
        "YZNM_FT": "祁州",
        "CHGIS_ID": "24",
        "NOTE": null,
        "10CNTY_CH": "安国市",
        "10CNTY_EN": "Anguo",
        "10PREF_CH": "保定市",
        "10PREF_EN": "Baoding",
        "10PROV_CH": "河北省",
        "10PROV_EN": "Hebei",
        "GBCODE": 130683,
        "YZ_LAT": 115.315086,
        "YZ_LONG": 38.412342,
        "_layer_id": "ming_courier_stations",
        "_layer_title": "명대 역참 지점",
        "_source_file": "Ming_Stations_2016.shp",
        "_source_crs": "EPSG:4326"
      }
    },
    {
      "type": "Feature",
      "geometry": {
        "type": "Point",
        "coordinates": [
          115.12502300000008,
          38.47488000000005
        ]
      },
      "properties": {
        "SRC": "PA_1903",
        "STATUS": "N",
        "YZ_ID": 504,
        "YZ_LABEL": "DONGTING Hebei (东亭)",
        "YZNM_PY": "DONGTING",
        "YZNM_CH": "东亭",
        "YZNM_FT": "東亭",
        "CHGIS_ID": "133393",
        "NOTE": null,
        "10CNTY_CH": "定州市",
        "10CNTY_EN": "Dingzhou",
        "10PREF_CH": "保定市",
        "10PREF_EN": "Baoding",
        "10PROV_CH": "河北省",
        "10PROV_EN": "Hebei",
        "GBCODE": 130682,
        "YZ_LAT": 115.125023,
        "YZ_LONG": 38.47488,
        "_layer_id": "ming_courier_stations",
        "_layer_title": "명대 역참 지점",
        "_source_file": "Ming_Stations_2016.shp",
        "_source_crs": "EPSG:4326"
      }
    },
    {
      "type": "Feature",
      "geometry": {
        "type": "Point",
        "coordinates": [
          115.03542299999998,
          38.032494000000014
        ]
      },
      "properties": {
        "SRC": "PA_1903",
        "STATUS": "B",
        "YZ_ID": 505,
        "YZ_LABEL": "JINZHOU Hebei (晋州)",
        "YZNM_PY": "JINZHOU",
        "YZNM_CH": "晋州",
        "YZNM_FT": "晉州",
        "CHGIS_ID": "131",
        "NOTE": null,
        "10CNTY_CH": "晋州市",
        "10CNTY_EN": "Jinzhou",
        "10PREF_CH": "石家庄市",
        "10PREF_EN": "Shijiazhuang",
        "10PROV_CH": "河北省",
        "10PROV_EN": "Hebei",
        "GBCODE": 130183,
        "YZ_LAT": 115.035423,
        "YZ_LONG": 38.032494,
        "_layer_id": "ming_courier_stations",
        "_layer_title": "명대 역참 지점",
        "_source_file": "Ming_Stations_2016.shp",
        "_source_crs": "EPSG:4326"
      }
    },
    {
      "type": "Feature",
      "geometry": {
        "type": "Point",
        "coordinates": [
          116.27286800017293,
          37.94888799874712
        ]
      },
      "properties": {
        "SRC": "PA_1903",
        "STATUS": "N",
        "YZ_ID": 506,
        "YZ_LABEL": "JIANQIAOZHEN Hebei (建桥镇)",
        "YZNM_PY": "JIANQIAOZHEN",
        "YZNM_CH": "建桥镇",
        "YZNM_FT": "建橋鎮",
        "CHGIS_ID": "133523",
        "NOTE": null,
        "10CNTY_CH": "阜城县",
        "10CNTY_EN": "Fucheng",
        "10PREF_CH": "衡水市",
        "10PREF_EN": "Hengshui",
        "10PROV_CH": "河北省",
        "10PROV_EN": "Hebei",
        "GBCODE": 131128,
        "YZ_LAT": 116.272868,
        "YZ_LONG": 37.948888,
        "_layer_id": "ming_courier_stations",
        "_layer_title": "명대 역참 지점",
        "_source_file": "Ming_Stations_2016.shp",
        "_source_crs": "EPSG:4326"
      }
    },
    {
      "type": "Feature",
      "geometry": {
        "type": "Point",
        "coordinates": [
          114.49961900000001,
          36.93682900000002
        ]
      },
      "properties": {
        "SRC": "MDYZK",
        "STATUS": "Y",
        "YZ_ID": 507,
        "YZ_LABEL": "LINMINGYI Hebei (临铭驿)",
        "YZNM_PY": "LINMINGYI",
        "YZNM_CH": "临铭驿",
        "YZNM_FT": "臨銘驛",
        "CHGIS_ID": "93",
        "NOTE": null,
        "10CNTY_CH": "沙河市",
        "10CNTY_EN": "Shahe",
        "10PREF_CH": "邢台市",
        "10PREF_EN": "Xingtai",
        "10PROV_CH": "河北省",
        "10PROV_EN": "Hebei",
        "GBCODE": 130582,
        "YZ_LAT": 114.499619,
        "YZ_LONG": 36.936829,
        "_layer_id": "ming_courier_stations",
        "_layer_title": "명대 역참 지점",
        "_source_file": "Ming_Stations_2016.shp",
        "_source_crs": "EPSG:4326"
      }
    },
    {
      "type": "Feature",
      "geometry": {
        "type": "Point",
        "coordinates": [
          114.482628,
          36.79036300000002
        ]
      },
      "properties": {
        "SRC": "MDYZK",
        "STATUS": "Y",
        "YZ_ID": 508,
        "YZ_LABEL": "LINMINGGUAN Hebei (临铭驿)",
        "YZNM_PY": "LINMINGGUAN",
        "YZNM_CH": "临铭驿",
        "YZNM_FT": "臨銘驛",
        "CHGIS_ID": "15645",
        "NOTE": null,
        "10CNTY_CH": "永年县",
        "10CNTY_EN": "Yongnian",
        "10PREF_CH": "邯郸市",
        "10PREF_EN": "Handan",
        "10PROV_CH": "河北省",
        "10PROV_EN": "Hebei",
        "GBCODE": 130429,
        "YZ_LAT": 114.482628,
        "YZ_LONG": 36.790363,
        "_layer_id": "ming_courier_stations",
        "_layer_title": "명대 역참 지점",
        "_source_file": "Ming_Stations_2016.shp",
        "_source_crs": "EPSG:4326"
      }
    },
    {
      "type": "Feature",
      "geometry": {
        "type": "Point",
        "coordinates": [
          115.14649999999999,
          36.27552800000002
        ]
      },
      "properties": {
        "SRC": "MDYZK",
        "STATUS": "Y",
        "YZ_ID": 510,
        "YZ_LABEL": "DAMINGFU Hebei (大名府)",
        "YZNM_PY": "DAMINGFU",
        "YZNM_CH": "大名府",
        "YZNM_FT": "大名府",
        "CHGIS_ID": "9507",
        "NOTE": null,
        "10CNTY_CH": "大名县",
        "10CNTY_EN": "Daming",
        "10PREF_CH": "邯郸市",
        "10PREF_EN": "Handan",
        "10PROV_CH": "河北省",
        "10PROV_EN": "Hebei",
        "GBCODE": 130425,
        "YZ_LAT": 115.1465,
        "YZ_LONG": 36.275528,
        "_layer_id": "ming_courier_stations",
        "_layer_title": "명대 역참 지점",
        "_source_file": "Ming_Stations_2016.shp",
        "_source_crs": "EPSG:4326"
      }
    },
    {
      "type": "Feature",
      "geometry": {
        "type": "Point",
        "coordinates": [
          114.93416193817922,
          36.47751090852974
        ]
      },
      "properties": {
        "SRC": "PA_1903",
        "STATUS": "B",
        "YZ_ID": 511,
        "YZ_LABEL": "GUANGPING Hebei (广平)",
        "YZNM_PY": "GUANGPING",
        "YZNM_CH": "广平",
        "YZNM_FT": "廣平",
        "CHGIS_ID": "63",
        "NOTE": null,
        "10CNTY_CH": "广平县",
        "10CNTY_EN": "Guangping",
        "10PREF_CH": "邯郸市",
        "10PREF_EN": "Handan",
        "10PROV_CH": "河北省",
        "10PROV_EN": "Hebei",
        "GBCODE": 130432,
        "YZ_LAT": 114.934162,
        "YZ_LONG": 36.477511,
        "_layer_id": "ming_courier_stations",
        "_layer_title": "명대 역참 지점",
        "_source_file": "Ming_Stations_2016.shp",
        "_source_crs": "EPSG:4326"
      }
    },
    {
      "type": "Feature",
      "geometry": {
        "type": "Point",
        "coordinates": [
          114.80310099999998,
          36.55202900000002
        ]
      },
      "properties": {
        "SRC": "MDYZK",
        "STATUS": "Y",
        "YZ_ID": 512,
        "YZ_LABEL": "FEIXIANG Hebei (肥乡)",
        "YZNM_PY": "FEIXIANG",
        "YZNM_CH": "肥乡",
        "YZNM_FT": "肥鄉",
        "CHGIS_ID": "61",
        "NOTE": null,
        "10CNTY_CH": "肥乡县",
        "10CNTY_EN": "Feixiang",
        "10PREF_CH": "邯郸市",
        "10PREF_EN": "Handan",
        "10PROV_CH": "河北省",
        "10PROV_EN": "Hebei",
        "GBCODE": 130428,
        "YZ_LAT": 114.803101,
        "YZ_LONG": 36.552029,
        "_layer_id": "ming_courier_stations",
        "_layer_title": "명대 역참 지점",
        "_source_file": "Ming_Stations_2016.shp",
        "_source_crs": "EPSG:4326"
      }
    },
    {
      "type": "Feature",
      "geometry": {
        "type": "Point",
        "coordinates": [
          115.197624,
          36.07747300000001
        ]
      },
      "properties": {
        "SRC": "MDYZK",
        "STATUS": "Y",
        "YZ_ID": 513,
        "YZ_LABEL": "NANLE Henan (南乐)",
        "YZNM_PY": "NANLE",
        "YZNM_CH": "南乐",
        "YZNM_FT": "南樂",
        "CHGIS_ID": "37",
        "NOTE": null,
        "10CNTY_CH": "南乐县",
        "10CNTY_EN": "Nanle",
        "10PREF_CH": "濮阳市",
        "10PREF_EN": "Puyang",
        "10PROV_CH": "河南省",
        "10PROV_EN": "Henan",
        "GBCODE": 410923,
        "YZ_LAT": 115.197624,
        "YZ_LONG": 36.077473,
        "_layer_id": "ming_courier_stations",
        "_layer_title": "명대 역참 지점",
        "_source_file": "Ming_Stations_2016.shp",
        "_source_crs": "EPSG:4326"
      }
    },
    {
      "type": "Feature",
      "geometry": {
        "type": "Point",
        "coordinates": [
          115.11003899999999,
          35.908768000000016
        ]
      },
      "properties": {
        "SRC": "MDYZK",
        "STATUS": "Y",
        "YZ_ID": 514,
        "YZ_LABEL": "QINGFENG Henan (清丰)",
        "YZNM_PY": "QINGFENG",
        "YZNM_CH": "清丰",
        "YZNM_FT": "清豐",
        "CHGIS_ID": "42",
        "NOTE": null,
        "10CNTY_CH": "清丰县",
        "10CNTY_EN": "Qingfeng",
        "10PREF_CH": "濮阳市",
        "10PREF_EN": "Puyang",
        "10PROV_CH": "河南省",
        "10PROV_EN": "Henan",
        "GBCODE": 410922,
        "YZ_LAT": 115.110039,
        "YZ_LONG": 35.908768,
        "_layer_id": "ming_courier_stations",
        "_layer_title": "명대 역참 지점",
        "_source_file": "Ming_Stations_2016.shp",
        "_source_crs": "EPSG:4326"
      }
    },
    {
      "type": "Feature",
      "geometry": {
        "type": "Point",
        "coordinates": [
          115.005928,
          35.75428400000001
        ]
      },
      "properties": {
        "SRC": "MDYZK",
        "STATUS": "Y",
        "YZ_ID": 515,
        "YZ_LABEL": "KAIZHOU Henan (开州)",
        "YZNM_PY": "KAIZHOU",
        "YZNM_CH": "开州",
        "YZNM_FT": "開州",
        "CHGIS_ID": "40",
        "NOTE": null,
        "10CNTY_CH": "华龙区",
        "10CNTY_EN": "Districts",
        "10PREF_CH": "濮阳市",
        "10PREF_EN": "Puyang",
        "10PROV_CH": "河南省",
        "10PROV_EN": "Henan",
        "GBCODE": 410902,
        "YZ_LAT": 115.005928,
        "YZ_LONG": 35.754284,
        "_layer_id": "ming_courier_stations",
        "_layer_title": "명대 역참 지점",
        "_source_file": "Ming_Stations_2016.shp",
        "_source_crs": "EPSG:4326"
      }
    },
    {
      "type": "Feature",
      "geometry": {
        "type": "Point",
        "coordinates": [
          115.2210460000001,
          36.221699000000065
        ]
      },
      "properties": {
        "SRC": "PA_1903",
        "STATUS": "N",
        "YZ_ID": 516,
        "YZ_LABEL": "LONGWANGMIAO Hebei (龙王庙)",
        "YZNM_PY": "LONGWANGMIAO",
        "YZNM_CH": "龙王庙",
        "YZNM_FT": "龍王廟",
        "CHGIS_ID": "134226",
        "NOTE": null,
        "10CNTY_CH": "大名县",
        "10CNTY_EN": "Daming",
        "10PREF_CH": "邯郸市",
        "10PREF_EN": "Handan",
        "10PROV_CH": "河北省",
        "10PROV_EN": "Hebei",
        "GBCODE": 130425,
        "YZ_LAT": 115.221046,
        "YZ_LONG": 36.221699,
        "_layer_id": "ming_courier_stations",
        "_layer_title": "명대 역참 지점",
        "_source_file": "Ming_Stations_2016.shp",
        "_source_crs": "EPSG:4326"
      }
    },
    {
      "type": "Feature",
      "geometry": {
        "type": "Point",
        "coordinates": [
          114.42361450195314,
          36.47360992431642
        ]
      },
      "properties": {
        "SRC": "PA_1903",
        "STATUS": "N",
        "YZ_ID": 517,
        "YZ_LABEL": "MATOU Hebei (码头)",
        "YZNM_PY": "MATOU",
        "YZNM_CH": "码头",
        "YZNM_FT": "碼頭",
        "CHGIS_ID": "15655",
        "NOTE": null,
        "10CNTY_CH": "邯山区",
        "10CNTY_EN": "Hanshan",
        "10PREF_CH": "邯郸市",
        "10PREF_EN": "Handan",
        "10PROV_CH": "河北省",
        "10PROV_EN": "Hebei",
        "GBCODE": 130402,
        "YZ_LAT": 114.423615,
        "YZ_LONG": 36.47361,
        "_layer_id": "ming_courier_stations",
        "_layer_title": "명대 역참 지점",
        "_source_file": "Ming_Stations_2016.shp",
        "_source_crs": "EPSG:4326"
      }
    },
    {
      "type": "Feature",
      "geometry": {
        "type": "Point",
        "coordinates": [
          116.22367899999999,
          40.222099000000014
        ]
      },
      "properties": {
        "SRC": "MDYZK",
        "STATUS": "N",
        "YZ_ID": 518,
        "YZ_LABEL": "YUHE Beijing (榆河驿)",
        "YZNM_PY": "YUHE",
        "YZNM_CH": "榆河驿",
        "YZNM_FT": "榆河驛",
        "CHGIS_ID": "99",
        "NOTE": null,
        "10CNTY_CH": "昌平区",
        "10CNTY_EN": "Changping",
        "10PREF_CH": "北京市（辖区）",
        "10PREF_EN": "Beijing (Districts)",
        "10PROV_CH": "北京市",
        "10PROV_EN": "Beijing",
        "GBCODE": 110114,
        "YZ_LAT": 116.223679,
        "YZ_LONG": 40.222099,
        "_layer_id": "ming_courier_stations",
        "_layer_title": "명대 역참 지점",
        "_source_file": "Ming_Stations_2016.shp",
        "_source_crs": "EPSG:4326"
      }
    },
    {
      "type": "Feature",
      "geometry": {
        "type": "Point",
        "coordinates": [
          115.75958700000002,
          40.36133300000002
        ]
      },
      "properties": {
        "SRC": "MDYZK",
        "STATUS": "L",
        "YZ_ID": 519,
        "YZ_LABEL": "TUMUYI Hebei (土木驿)",
        "YZNM_PY": "TUMUYI",
        "YZNM_CH": "土木驿",
        "YZNM_FT": "土木驛",
        "CHGIS_ID": "121942",
        "NOTE": null,
        "10CNTY_CH": "怀来县",
        "10CNTY_EN": "Huailai",
        "10PREF_CH": "张家口市",
        "10PREF_EN": "Zhangjiakou",
        "10PROV_CH": "河北省",
        "10PROV_EN": "Hebei",
        "GBCODE": 130730,
        "YZ_LAT": 115.759587,
        "YZ_LONG": 40.361333,
        "_layer_id": "ming_courier_stations",
        "_layer_title": "명대 역참 지점",
        "_source_file": "Ming_Stations_2016.shp",
        "_source_crs": "EPSG:4326"
      }
    },
    {
      "type": "Feature",
      "geometry": {
        "type": "Point",
        "coordinates": [
          115.051147,
          40.61036300000002
        ]
      },
      "properties": {
        "SRC": "PA_1903",
        "STATUS": "L",
        "YZ_ID": 520,
        "YZ_LABEL": "WANQUANDUSI Hebei (万全都司)",
        "YZNM_PY": "WANQUANDUSI",
        "YZNM_CH": "万全都司",
        "YZNM_FT": "萬全都司",
        "CHGIS_ID": "9511",
        "NOTE": null,
        "10CNTY_CH": "宣化区",
        "10CNTY_EN": "Xuanhua",
        "10PREF_CH": "张家口市",
        "10PREF_EN": "Zhangjiakou",
        "10PROV_CH": "河北省",
        "10PROV_EN": "Hebei",
        "GBCODE": 130705,
        "YZ_LAT": 115.051147,
        "YZ_LONG": 40.610363,
        "_layer_id": "ming_courier_stations",
        "_layer_title": "명대 역참 지점",
        "_source_file": "Ming_Stations_2016.shp",
        "_source_crs": "EPSG:4326"
      }
    },
    {
      "type": "Feature",
      "geometry": {
        "type": "Point",
        "coordinates": [
          115.344215,
          40.68258700000002
        ]
      },
      "properties": {
        "SRC": "PA_1903",
        "STATUS": "N",
        "YZ_ID": 521,
        "YZ_LABEL": "ZHAOCHUANBAO Hebei (赵川堡)",
        "YZNM_PY": "ZHAOCHUANBAO",
        "YZNM_CH": "赵川堡",
        "YZNM_FT": "趙川堡",
        "CHGIS_ID": "15796",
        "NOTE": null,
        "10CNTY_CH": "宣化县",
        "10CNTY_EN": "Xuanhua",
        "10PREF_CH": "张家口市",
        "10PREF_EN": "Zhangjiakou",
        "10PROV_CH": "河北省",
        "10PROV_EN": "Hebei",
        "GBCODE": 130721,
        "YZ_LAT": 115.344215,
        "YZ_LONG": 40.682587,
        "_layer_id": "ming_courier_stations",
        "_layer_title": "명대 역참 지점",
        "_source_file": "Ming_Stations_2016.shp",
        "_source_crs": "EPSG:4326"
      }
    },
    {
      "type": "Feature",
      "geometry": {
        "type": "Point",
        "coordinates": [
          115.57267799999998,
          40.77919400000002
        ]
      },
      "properties": {
        "SRC": "MDYZK",
        "STATUS": "Y",
        "YZ_ID": 522,
        "YZ_LABEL": "LONGMEN Hebei (龙门)",
        "YZNM_PY": "LONGMEN",
        "YZNM_CH": "龙门",
        "YZNM_FT": "龍門",
        "CHGIS_ID": "71",
        "NOTE": null,
        "10CNTY_CH": "赤城县",
        "10CNTY_EN": "Chicheng",
        "10PREF_CH": "张家口市",
        "10PREF_EN": "Zhangjiakou",
        "10PROV_CH": "河北省",
        "10PROV_EN": "Hebei",
        "GBCODE": 130732,
        "YZ_LAT": 115.572678,
        "YZ_LONG": 40.779194,
        "_layer_id": "ming_courier_stations",
        "_layer_title": "명대 역참 지점",
        "_source_file": "Ming_Stations_2016.shp",
        "_source_crs": "EPSG:4326"
      }
    },
    {
      "type": "Feature",
      "geometry": {
        "type": "Point",
        "coordinates": [
          115.81397999999999,
          40.91348600000002
        ]
      },
      "properties": {
        "SRC": "PA_1903",
        "STATUS": "B",
        "YZ_ID": 523,
        "YZ_LABEL": "CHICHENG Hebei (赤城县)",
        "YZNM_PY": "CHICHENG",
        "YZNM_CH": "赤城县",
        "YZNM_FT": "赤城縣",
        "CHGIS_ID": "82",
        "NOTE": null,
        "10CNTY_CH": "赤城县",
        "10CNTY_EN": "Chicheng",
        "10PREF_CH": "张家口市",
        "10PREF_EN": "Zhangjiakou",
        "10PROV_CH": "河北省",
        "10PROV_EN": "Hebei",
        "GBCODE": 130732,
        "YZ_LAT": 115.81398,
        "YZ_LONG": 40.913486,
        "_layer_id": "ming_courier_stations",
        "_layer_title": "명대 역참 지점",
        "_source_file": "Ming_Stations_2016.shp",
        "_source_crs": "EPSG:4326"
      }
    },
    {
      "type": "Feature",
      "geometry": {
        "type": "Point",
        "coordinates": [
          115.711235,
          41.313564000000014
        ]
      },
      "properties": {
        "SRC": "MDYZK",
        "STATUS": "Y",
        "YZ_ID": 524,
        "YZ_LABEL": "DUSHIKOU Hebei (独石堡)",
        "YZNM_PY": "DUSHIKOU",
        "YZNM_CH": "独石堡",
        "YZNM_FT": "獨石堡",
        "CHGIS_ID": "76",
        "NOTE": null,
        "10CNTY_CH": "赤城县",
        "10CNTY_EN": "Chicheng",
        "10PREF_CH": "张家口市",
        "10PREF_EN": "Zhangjiakou",
        "10PROV_CH": "河北省",
        "10PROV_EN": "Hebei",
        "GBCODE": 130732,
        "YZ_LAT": 115.711235,
        "YZ_LONG": 41.313564,
        "_layer_id": "ming_courier_stations",
        "_layer_title": "명대 역참 지점",
        "_source_file": "Ming_Stations_2016.shp",
        "_source_crs": "EPSG:4326"
      }
    },
    {
      "type": "Feature",
      "geometry": {
        "type": "Point",
        "coordinates": [
          114.885941,
          40.79125600000002
        ]
      },
      "properties": {
        "SRC": "PA_1903",
        "STATUS": "N",
        "YZ_ID": 525,
        "YZ_LABEL": "ZHANGJIAKOU Hebei (张家口)",
        "YZNM_PY": "ZHANGJIAKOU",
        "YZNM_CH": "张家口",
        "YZNM_FT": "張家口",
        "CHGIS_ID": "85",
        "NOTE": null,
        "10CNTY_CH": "桥东区",
        "10CNTY_EN": "Qiaodong",
        "10PREF_CH": "张家口市",
        "10PREF_EN": "Zhangjiakou",
        "10PROV_CH": "河北省",
        "10PROV_EN": "Hebei",
        "GBCODE": 130702,
        "YZ_LAT": 114.885941,
        "YZ_LONG": 40.791256,
        "_layer_id": "ming_courier_stations",
        "_layer_title": "명대 역참 지점",
        "_source_file": "Ming_Stations_2016.shp",
        "_source_crs": "EPSG:4326"
      }
    },
    {
      "type": "Feature",
      "geometry": {
        "type": "Point",
        "coordinates": [
          114.734733,
          40.864902000000015
        ]
      },
      "properties": {
        "SRC": "MDYZK",
        "STATUS": "Y",
        "YZ_ID": 526,
        "YZ_LABEL": "WANQUAN Hebei (万全)",
        "YZNM_PY": "WANQUAN",
        "YZNM_CH": "万全",
        "YZNM_FT": "萬全",
        "CHGIS_ID": "84",
        "NOTE": null,
        "10CNTY_CH": "万全县",
        "10CNTY_EN": "Wanquan",
        "10PREF_CH": "张家口市",
        "10PREF_EN": "Zhangjiakou",
        "10PROV_CH": "河北省",
        "10PROV_EN": "Hebei",
        "GBCODE": 130729,
        "YZ_LAT": 114.734733,
        "YZ_LONG": 40.864902,
        "_layer_id": "ming_courier_stations",
        "_layer_title": "명대 역참 지점",
        "_source_file": "Ming_Stations_2016.shp",
        "_source_crs": "EPSG:4326"
      }
    },
    {
      "type": "Feature",
      "geometry": {
        "type": "Point",
        "coordinates": [
          116.641403,
          40.12755200000002
        ]
      },
      "properties": {
        "SRC": "MDYZK",
        "STATUS": "Y",
        "YZ_ID": 528,
        "YZ_LABEL": "SHUNYI Beijing (顺义驿)",
        "YZNM_PY": "SHUNYI",
        "YZNM_CH": "顺义驿",
        "YZNM_FT": "順義驛",
        "CHGIS_ID": "98",
        "NOTE": null,
        "10CNTY_CH": "顺义区",
        "10CNTY_EN": "Shunyi",
        "10PREF_CH": "北京市（辖区）",
        "10PREF_EN": "Beijing (Districts)",
        "10PROV_CH": "北京市",
        "10PROV_EN": "Beijing",
        "GBCODE": 110113,
        "YZ_LAT": 116.641403,
        "YZ_LONG": 40.127552,
        "_layer_id": "ming_courier_stations",
        "_layer_title": "명대 역참 지점",
        "_source_file": "Ming_Stations_2016.shp",
        "_source_crs": "EPSG:4326"
      }
    },
    {
      "type": "Feature",
      "geometry": {
        "type": "Point",
        "coordinates": [
          116.840462,
          40.37148300000002
        ]
      },
      "properties": {
        "SRC": "MDYZK",
        "STATUS": "Y",
        "YZ_ID": 529,
        "YZ_LABEL": "MIYUN Beijing (密云驿)",
        "YZNM_PY": "MIYUN",
        "YZNM_CH": "密云驿",
        "YZNM_FT": "密雲驛",
        "CHGIS_ID": "100",
        "NOTE": null,
        "10CNTY_CH": "密云县",
        "10CNTY_EN": "Miyun",
        "10PREF_CH": "北京市（辖县）",
        "10PREF_EN": "Beijing (Counties)",
        "10PROV_CH": "北京市",
        "10PROV_EN": "Beijing",
        "GBCODE": 110228,
        "YZ_LAT": 116.840462,
        "YZ_LONG": 40.371483,
        "_layer_id": "ming_courier_stations",
        "_layer_title": "명대 역참 지점",
        "_source_file": "Ming_Stations_2016.shp",
        "_source_crs": "EPSG:4326"
      }
    },
    {
      "type": "Feature",
      "geometry": {
        "type": "Point",
        "coordinates": [
          117.06666564941406,
          40.54999923706057
        ]
      },
      "properties": {
        "SRC": "MDYZK",
        "STATUS": "Y",
        "YZ_ID": 530,
        "YZ_LABEL": "SHIXIA Beijing (石匣驿)",
        "YZNM_PY": "SHIXIA",
        "YZNM_CH": "石匣驿",
        "YZNM_FT": "石匣驛",
        "CHGIS_ID": null,
        "NOTE": null,
        "10CNTY_CH": "密云县",
        "10CNTY_EN": "Miyun",
        "10PREF_CH": "北京市（辖县）",
        "10PREF_EN": "Beijing (Counties)",
        "10PROV_CH": "北京市",
        "10PROV_EN": "Beijing",
        "GBCODE": 110228,
        "YZ_LAT": 117.066666,
        "YZ_LONG": 40.549999,
        "_layer_id": "ming_courier_stations",
        "_layer_title": "명대 역참 지점",
        "_source_file": "Ming_Stations_2016.shp",
        "_source_crs": "EPSG:4326"
      }
    },
    {
      "type": "Feature",
      "geometry": {
        "type": "Point",
        "coordinates": [
          117.15903499855722,
          40.68754199627555
        ]
      },
      "properties": {
        "SRC": "PA_1903",
        "STATUS": "N",
        "YZ_ID": 531,
        "YZ_LABEL": "GUBEIKOU Beijing (古北口)",
        "YZNM_PY": "GUBEIKOU",
        "YZNM_CH": "古北口",
        "YZNM_FT": "古北口",
        "CHGIS_ID": "15887",
        "NOTE": null,
        "10CNTY_CH": "密云县",
        "10CNTY_EN": "Miyun",
        "10PREF_CH": "北京市（辖县）",
        "10PREF_EN": "Beijing (Counties)",
        "10PROV_CH": "北京市",
        "10PROV_EN": "Beijing",
        "GBCODE": 110228,
        "YZ_LAT": 117.159035,
        "YZ_LONG": 40.687542,
        "_layer_id": "ming_courier_stations",
        "_layer_title": "명대 역참 지점",
        "_source_file": "Ming_Stations_2016.shp",
        "_source_crs": "EPSG:4326"
      }
    },
    {
      "type": "Feature",
      "geometry": {
        "type": "Point",
        "coordinates": [
          117.73065199999999,
          40.949322000000016
        ]
      },
      "properties": {
        "SRC": "PA_1903",
        "STATUS": "N",
        "YZ_ID": 532,
        "YZ_LABEL": "LUANPING Hebei (滦平)",
        "YZNM_PY": "LUANPING",
        "YZNM_CH": "滦平",
        "YZNM_FT": "灤平",
        "CHGIS_ID": "67",
        "NOTE": null,
        "10CNTY_CH": "双滦区",
        "10CNTY_EN": "Shuangluan",
        "10PREF_CH": "承德市",
        "10PREF_EN": "Chengde",
        "10PROV_CH": "河北省",
        "10PROV_EN": "Hebei",
        "GBCODE": 130803,
        "YZ_LAT": 117.730652,
        "YZ_LONG": 40.949322,
        "_layer_id": "ming_courier_stations",
        "_layer_title": "명대 역참 지점",
        "_source_file": "Ming_Stations_2016.shp",
        "_source_crs": "EPSG:4326"
      }
    },
    {
      "type": "Feature",
      "geometry": {
        "type": "Point",
        "coordinates": [
          117.91985299999997,
          40.965794000000024
        ]
      },
      "properties": {
        "SRC": "MDYZK",
        "STATUS": "Y",
        "YZ_ID": 533,
        "YZ_LABEL": "CHENGDEFU Hebei (承德府)",
        "YZNM_PY": "CHENGDEFU",
        "YZNM_CH": "承德府",
        "YZNM_FT": "承德府",
        "CHGIS_ID": "9510",
        "NOTE": null,
        "10CNTY_CH": "双桥区",
        "10CNTY_EN": "Shuangqiao",
        "10PREF_CH": "承德市",
        "10PREF_EN": "Chengde",
        "10PROV_CH": "河北省",
        "10PROV_EN": "Hebei",
        "GBCODE": 130802,
        "YZ_LAT": 117.919853,
        "YZ_LONG": 40.965794,
        "_layer_id": "ming_courier_stations",
        "_layer_title": "명대 역참 지점",
        "_source_file": "Ming_Stations_2016.shp",
        "_source_crs": "EPSG:4326"
      }
    },
    {
      "type": "Feature",
      "geometry": {
        "type": "Point",
        "coordinates": [
          117.740593,
          41.57151800000001
        ]
      },
      "properties": {
        "SRC": "PA_1903",
        "STATUS": "N",
        "YZ_ID": 534,
        "YZ_LABEL": "ZHANGSANYING Hebei (张三营)",
        "YZNM_PY": "ZHANGSANYING",
        "YZNM_CH": "张三营",
        "YZNM_FT": "張三營",
        "CHGIS_ID": "15747",
        "NOTE": null,
        "10CNTY_CH": "隆化县",
        "10CNTY_EN": "Longhua",
        "10PREF_CH": "承德市",
        "10PREF_EN": "Chengde",
        "10PROV_CH": "河北省",
        "10PROV_EN": "Hebei",
        "GBCODE": 130825,
        "YZ_LAT": 117.740593,
        "YZ_LONG": 41.571518,
        "_layer_id": "ming_courier_stations",
        "_layer_title": "명대 역참 지점",
        "_source_file": "Ming_Stations_2016.shp",
        "_source_crs": "EPSG:4326"
      }
    },
    {
      "type": "Feature",
      "geometry": {
        "type": "Point",
        "coordinates": [
          117.72620399538332,
          41.3134689935423
        ]
      },
      "properties": {
        "SRC": "PA_1903",
        "STATUS": "N",
        "YZ_ID": 535,
        "YZ_LABEL": "HUANGGUTUN Hebei (黄姑屯)",
        "YZNM_PY": "HUANGGUTUN",
        "YZNM_CH": "黄姑屯",
        "YZNM_FT": "黃姑屯",
        "CHGIS_ID": "15665",
        "NOTE": null,
        "10CNTY_CH": "隆化县",
        "10CNTY_EN": "Longhua",
        "10PREF_CH": "承德市",
        "10PREF_EN": "Chengde",
        "10PROV_CH": "河北省",
        "10PROV_EN": "Hebei",
        "GBCODE": 130825,
        "YZ_LAT": 117.726204,
        "YZ_LONG": 41.313469,
        "_layer_id": "ming_courier_stations",
        "_layer_title": "명대 역참 지점",
        "_source_file": "Ming_Stations_2016.shp",
        "_source_crs": "EPSG:4326"
      }
    },
    {
      "type": "Feature",
      "geometry": {
        "type": "Point",
        "coordinates": [
          118.15343499999997,
          41.90189000000002
        ]
      },
      "properties": {
        "SRC": "PA_1903",
        "STATUS": "N",
        "YZ_ID": 536,
        "YZ_LABEL": "TAIPINGDI Hebei (太平地)",
        "YZNM_PY": "TAIPINGDI",
        "YZNM_CH": "太平地",
        "YZNM_FT": "太平地",
        "CHGIS_ID": "15722",
        "NOTE": null,
        "10CNTY_CH": "围场满族蒙古族自治县",
        "10CNTY_EN": "Weichangmanzumengguzuzizhix",
        "10PREF_CH": "承德市",
        "10PREF_EN": "Chengde",
        "10PROV_CH": "河北省",
        "10PROV_EN": "Hebei",
        "GBCODE": 130828,
        "YZ_LAT": 118.153435,
        "YZ_LONG": 41.90189,
        "_layer_id": "ming_courier_stations",
        "_layer_title": "명대 역참 지점",
        "_source_file": "Ming_Stations_2016.shp",
        "_source_crs": "EPSG:4326"
      }
    },
    {
      "type": "Feature",
      "geometry": {
        "type": "Point",
        "coordinates": [
          117.74022699474624,
          41.94250099324907
        ]
      },
      "properties": {
        "SRC": "PA_1903",
        "STATUS": "B",
        "YZ_ID": 537,
        "YZ_LABEL": "WEICHANG Hebei (围场)",
        "YZNM_PY": "WEICHANG",
        "YZNM_CH": "围场",
        "YZNM_FT": "圍場",
        "CHGIS_ID": "166713",
        "NOTE": null,
        "10CNTY_CH": "围场满族蒙古族自治县",
        "10CNTY_EN": "Weichangmanzumengguzuzizhix",
        "10PREF_CH": "承德市",
        "10PREF_EN": "Chengde",
        "10PROV_CH": "河北省",
        "10PROV_EN": "Hebei",
        "GBCODE": 130828,
        "YZ_LAT": 117.740227,
        "YZ_LONG": 41.942501,
        "_layer_id": "ming_courier_stations",
        "_layer_title": "명대 역참 지점",
        "_source_file": "Ming_Stations_2016.shp",
        "_source_crs": "EPSG:4326"
      }
    },
    {
      "type": "Feature",
      "geometry": {
        "type": "Point",
        "coordinates": [
          114.510803,
          35.58150500000005
        ]
      },
      "properties": {
        "SRC": "MDYZK",
        "STATUS": "Y",
        "YZ_ID": 538,
        "YZ_LABEL": "DAOKOUZHEN Henan (道口镇)",
        "YZNM_PY": "DAOKOUZHEN",
        "YZNM_CH": "道口镇",
        "YZNM_FT": "道口鎮",
        "CHGIS_ID": "149006",
        "NOTE": null,
        "10CNTY_CH": "滑县",
        "10CNTY_EN": "Huaxian",
        "10PREF_CH": "安阳市",
        "10PREF_EN": "Anyang",
        "10PROV_CH": "河南省",
        "10PROV_EN": "Henan",
        "GBCODE": 410526,
        "YZ_LAT": 114.510803,
        "YZ_LONG": 35.581505,
        "_layer_id": "ming_courier_stations",
        "_layer_title": "명대 역참 지점",
        "_source_file": "Ming_Stations_2016.shp",
        "_source_crs": "EPSG:4326"
      }
    },
    {
      "type": "Feature",
      "geometry": {
        "type": "Point",
        "coordinates": [
          113.01958800000001,
          34.77892400000002
        ]
      },
      "properties": {
        "SRC": "MDYZK",
        "STATUS": "N",
        "YZ_ID": 539,
        "YZ_LABEL": "GONGXIAN Henan (洛口驿)",
        "YZNM_PY": "GONGXIAN",
        "YZNM_CH": "洛口驿",
        "YZNM_FT": "洛口驛",
        "CHGIS_ID": "564",
        "NOTE": null,
        "10CNTY_CH": "巩义市",
        "10CNTY_EN": "Gongyi",
        "10PREF_CH": "郑州市",
        "10PREF_EN": "Zhengzhou",
        "10PROV_CH": "河南省",
        "10PROV_EN": "Henan",
        "GBCODE": 410181,
        "YZ_LAT": 113.019588,
        "YZ_LONG": 34.778924,
        "_layer_id": "ming_courier_stations",
        "_layer_title": "명대 역참 지점",
        "_source_file": "Ming_Stations_2016.shp",
        "_source_crs": "EPSG:4326"
      }
    },
    {
      "type": "Feature",
      "geometry": {
        "type": "Point",
        "coordinates": [
          112.81320699999999,
          34.71490800000002
        ]
      },
      "properties": {
        "SRC": "MDYZK",
        "STATUS": "N",
        "YZ_ID": 540,
        "YZ_LABEL": "SHOUYANGYI Henan (首阳驿)",
        "YZNM_PY": "SHOUYANGYI",
        "YZNM_CH": "首阳驿",
        "YZNM_FT": "首陽驛",
        "CHGIS_ID": "549",
        "NOTE": null,
        "10CNTY_CH": "偃师市",
        "10CNTY_EN": "Yanshi",
        "10PREF_CH": "洛阳市",
        "10PREF_EN": "Luoyang",
        "10PROV_CH": "河南省",
        "10PROV_EN": "Henan",
        "GBCODE": 410381,
        "YZ_LAT": 112.813207,
        "YZ_LONG": 34.714908,
        "_layer_id": "ming_courier_stations",
        "_layer_title": "명대 역참 지점",
        "_source_file": "Ming_Stations_2016.shp",
        "_source_crs": "EPSG:4326"
      }
    },
    {
      "type": "Feature",
      "geometry": {
        "type": "Point",
        "coordinates": [
          112.38262999999999,
          34.66527600000001
        ]
      },
      "properties": {
        "SRC": "MDYZK",
        "STATUS": "N",
        "YZ_ID": 541,
        "YZ_LABEL": "ZHOUNANYI Henan (周南驿)",
        "YZNM_PY": "ZHOUNANYI",
        "YZNM_CH": "周南驿",
        "YZNM_FT": "周南驛",
        "CHGIS_ID": "9595",
        "NOTE": null,
        "10CNTY_CH": "西工区",
        "10CNTY_EN": "Xigongqu",
        "10PREF_CH": "洛阳市",
        "10PREF_EN": "Luoyang",
        "10PROV_CH": "河南省",
        "10PROV_EN": "Henan",
        "GBCODE": 410303,
        "YZ_LAT": 112.38263,
        "YZ_LONG": 34.665276,
        "_layer_id": "ming_courier_stations",
        "_layer_title": "명대 역참 지점",
        "_source_file": "Ming_Stations_2016.shp",
        "_source_crs": "EPSG:4326"
      }
    },
    {
      "type": "Feature",
      "geometry": {
        "type": "Point",
        "coordinates": [
          112.63674199999998,
          34.81383500000001
        ]
      },
      "properties": {
        "SRC": "PA_1903",
        "STATUS": "B",
        "YZ_ID": 542,
        "YZ_LABEL": "MENGJIN Henan (孟津)",
        "YZNM_PY": "MENGJIN",
        "YZNM_CH": "孟津",
        "YZNM_FT": "孟津",
        "CHGIS_ID": "555",
        "NOTE": null,
        "10CNTY_CH": "孟津县",
        "10CNTY_EN": "Mengjin",
        "10PREF_CH": "洛阳市",
        "10PREF_EN": "Luoyang",
        "10PROV_CH": "河南省",
        "10PROV_EN": "Henan",
        "GBCODE": 410322,
        "YZ_LAT": 112.636742,
        "YZ_LONG": 34.813835,
        "_layer_id": "ming_courier_stations",
        "_layer_title": "명대 역참 지점",
        "_source_file": "Ming_Stations_2016.shp",
        "_source_crs": "EPSG:4326"
      }
    },
    {
      "type": "Feature",
      "geometry": {
        "type": "Point",
        "coordinates": [
          112.782799,
          34.90317900000002
        ]
      },
      "properties": {
        "SRC": "MDYZK",
        "STATUS": "N",
        "YZ_ID": 543,
        "YZ_LABEL": "HEYANGYI Henan (河阳驿)",
        "YZNM_PY": "HEYANGYI",
        "YZNM_CH": "河阳驿",
        "YZNM_FT": "河陽驛",
        "CHGIS_ID": "554",
        "NOTE": null,
        "10CNTY_CH": "孟州市",
        "10CNTY_EN": "Mengzhou",
        "10PREF_CH": "焦作市",
        "10PREF_EN": "Jiaozuo",
        "10PROV_CH": "河南省",
        "10PROV_EN": "Henan",
        "GBCODE": 410883,
        "YZ_LAT": 112.782799,
        "YZ_LONG": 34.903179,
        "_layer_id": "ming_courier_stations",
        "_layer_title": "명대 역참 지점",
        "_source_file": "Ming_Stations_2016.shp",
        "_source_crs": "EPSG:4326"
      }
    },
    {
      "type": "Feature",
      "geometry": {
        "type": "Point",
        "coordinates": [
          112.93698900000001,
          35.08930200000002
        ]
      },
      "properties": {
        "SRC": "MDYZK",
        "STATUS": "N",
        "YZ_ID": 544,
        "YZ_LABEL": "HUAIQINGFU Henan (覃怀驿)",
        "YZNM_PY": "HUAIQINGFU",
        "YZNM_CH": "覃怀驿",
        "YZNM_FT": "覃懷驛",
        "CHGIS_ID": "9592",
        "NOTE": null,
        "10CNTY_CH": "沁阳市",
        "10CNTY_EN": "Qinyang",
        "10PREF_CH": "焦作市",
        "10PREF_EN": "Jiaozuo",
        "10PROV_CH": "河南省",
        "10PROV_EN": "Henan",
        "GBCODE": 410882,
        "YZ_LAT": 112.936989,
        "YZ_LONG": 35.089302,
        "_layer_id": "ming_courier_stations",
        "_layer_title": "명대 역참 지점",
        "_source_file": "Ming_Stations_2016.shp",
        "_source_crs": "EPSG:4326"
      }
    },
    {
      "type": "Feature",
      "geometry": {
        "type": "Point",
        "coordinates": [
          112.58267200000003,
          35.092438000000016
        ]
      },
      "properties": {
        "SRC": "PA_1903",
        "STATUS": "B",
        "YZ_ID": 545,
        "YZ_LABEL": "JIYUAN Henan (济源)",
        "YZNM_PY": "JIYUAN",
        "YZNM_CH": "济源",
        "YZNM_FT": "濟源",
        "CHGIS_ID": "529",
        "NOTE": null,
        "10CNTY_CH": "济源市",
        "10CNTY_EN": "Jiyuan",
        "10PREF_CH": "省直辖行政单位",
        "10PREF_EN": "Henan (Direct Units)",
        "10PROV_CH": "河南省",
        "10PROV_EN": "Henan",
        "GBCODE": 419001,
        "YZ_LAT": 112.582672,
        "YZ_LONG": 35.092438,
        "_layer_id": "ming_courier_stations",
        "_layer_title": "명대 역참 지점",
        "_source_file": "Ming_Stations_2016.shp",
        "_source_crs": "EPSG:4326"
      }
    },
    {
      "type": "Feature",
      "geometry": {
        "type": "Point",
        "coordinates": [
          113.66021699999999,
          35.26812700000002
        ]
      },
      "properties": {
        "SRC": "MDYZK",
        "STATUS": "N",
        "YZ_ID": 546,
        "YZ_LABEL": "CHONGNINGYI Henan (崇宁驿)",
        "YZNM_PY": "CHONGNINGYI",
        "YZNM_CH": "崇宁驿",
        "YZNM_FT": "崇寧驛",
        "CHGIS_ID": "532",
        "NOTE": null,
        "10CNTY_CH": "获嘉县",
        "10CNTY_EN": "Huojia",
        "10PREF_CH": "新乡市",
        "10PREF_EN": "Xinxiang",
        "10PROV_CH": "河南省",
        "10PROV_EN": "Henan",
        "GBCODE": 410724,
        "YZ_LAT": 113.660217,
        "YZ_LONG": 35.268127,
        "_layer_id": "ming_courier_stations",
        "_layer_title": "명대 역참 지점",
        "_source_file": "Ming_Stations_2016.shp",
        "_source_crs": "EPSG:4326"
      }
    },
    {
      "type": "Feature",
      "geometry": {
        "type": "Point",
        "coordinates": [
          113.43483699999999,
          35.231197000000016
        ]
      },
      "properties": {
        "SRC": "MDYZK",
        "STATUS": "N",
        "YZ_ID": 547,
        "YZ_LABEL": "WU’ANYI Henan (武安驿)",
        "YZNM_PY": "WU’ANYI",
        "YZNM_CH": "武安驿",
        "YZNM_FT": "武安驛",
        "CHGIS_ID": "530",
        "NOTE": null,
        "10CNTY_CH": "修武县",
        "10CNTY_EN": "Xiuwu",
        "10PREF_CH": "焦作市",
        "10PREF_EN": "Jiaozuo",
        "10PROV_CH": "河南省",
        "10PROV_EN": "Henan",
        "GBCODE": 410821,
        "YZ_LAT": 113.434837,
        "YZ_LONG": 35.231197,
        "_layer_id": "ming_courier_stations",
        "_layer_title": "명대 역참 지점",
        "_source_file": "Ming_Stations_2016.shp",
        "_source_crs": "EPSG:4326"
      }
    },
    {
      "type": "Feature",
      "geometry": {
        "type": "Point",
        "coordinates": [
          112.96113695568728,
          35.17648948035722
        ]
      },
      "properties": {
        "SRC": "MDYZK",
        "STATUS": "Y",
        "YZ_ID": 548,
        "YZ_LABEL": "WANSHANYI Henan (万善驿)",
        "YZNM_PY": "WANSHANYI",
        "YZNM_CH": "万善驿",
        "YZNM_FT": "萬善驛",
        "CHGIS_ID": "149079",
        "NOTE": null,
        "10CNTY_CH": "沁阳市",
        "10CNTY_EN": "Qinyang",
        "10PREF_CH": "焦作市",
        "10PREF_EN": "Jiaozuo",
        "10PROV_CH": "河南省",
        "10PROV_EN": "Henan",
        "GBCODE": 410882,
        "YZ_LAT": 112.961137,
        "YZ_LONG": 35.176489,
        "_layer_id": "ming_courier_stations",
        "_layer_title": "명대 역참 지점",
        "_source_file": "Ming_Stations_2016.shp",
        "_source_crs": "EPSG:4326"
      }
    },
    {
      "type": "Feature",
      "geometry": {
        "type": "Point",
        "coordinates": [
          113.20302600000004,
          35.14969300000008
        ]
      },
      "properties": {
        "SRC": "MDYZK",
        "STATUS": "Y",
        "YZ_ID": 549,
        "YZ_LABEL": "NINGGUOYI Henan (宁郭驿)",
        "YZNM_PY": "NINGGUOYI",
        "YZNM_CH": "宁郭驿",
        "YZNM_FT": "甯郭驛",
        "CHGIS_ID": "149132",
        "NOTE": null,
        "10CNTY_CH": "武陟县",
        "10CNTY_EN": "Wuzhi",
        "10PREF_CH": "焦作市",
        "10PREF_EN": "Jiaozuo",
        "10PROV_CH": "河南省",
        "10PROV_EN": "Henan",
        "GBCODE": 410823,
        "YZ_LAT": 113.203026,
        "YZ_LONG": 35.149693,
        "_layer_id": "ming_courier_stations",
        "_layer_title": "명대 역참 지점",
        "_source_file": "Ming_Stations_2016.shp",
        "_source_crs": "EPSG:4326"
      }
    },
    {
      "type": "Feature",
      "geometry": {
        "type": "Point",
        "coordinates": [
          114.76076500000008,
          39.96149400000008
        ]
      },
      "properties": {
        "SRC": "PA_1903",
        "STATUS": "N",
        "YZ_ID": 550,
        "YZ_LABEL": "XIHEYING Hebei (西河营)",
        "YZNM_PY": "XIHEYING",
        "YZNM_CH": "西河营",
        "YZNM_FT": "西河營",
        "CHGIS_ID": "135496",
        "NOTE": null,
        "10CNTY_CH": "蔚县",
        "10CNTY_EN": "Weixian",
        "10PREF_CH": "张家口市",
        "10PREF_EN": "Zhangjiakou",
        "10PROV_CH": "河北省",
        "10PROV_EN": "Hebei",
        "GBCODE": 130726,
        "YZ_LAT": 114.760765,
        "YZ_LONG": 39.961494,
        "_layer_id": "ming_courier_stations",
        "_layer_title": "명대 역참 지점",
        "_source_file": "Ming_Stations_2016.shp",
        "_source_crs": "EPSG:4326"
      }
    },
    {
      "type": "Feature",
      "geometry": {
        "type": "Point",
        "coordinates": [
          114.569054,
          39.84053800000002
        ]
      },
      "properties": {
        "SRC": "PA_1903",
        "STATUS": "L",
        "YZ_ID": 551,
        "YZ_LABEL": "WEIZHOU Hebei (蔚州)",
        "YZNM_PY": "WEIZHOU",
        "YZNM_CH": "蔚州",
        "YZNM_FT": "蔚州",
        "CHGIS_ID": "81",
        "NOTE": null,
        "10CNTY_CH": "蔚县",
        "10CNTY_EN": "Weixian",
        "10PREF_CH": "张家口市",
        "10PREF_EN": "Zhangjiakou",
        "10PROV_CH": "河北省",
        "10PROV_EN": "Hebei",
        "GBCODE": 130726,
        "YZ_LAT": 114.569054,
        "YZ_LONG": 39.840538,
        "_layer_id": "ming_courier_stations",
        "_layer_title": "명대 역참 지점",
        "_source_file": "Ming_Stations_2016.shp",
        "_source_crs": "EPSG:4326"
      }
    },
    {
      "type": "Feature",
      "geometry": {
        "type": "Point",
        "coordinates": [
          114.98913600000002,
          40.06205000000006
        ]
      },
      "properties": {
        "SRC": "PA_1903",
        "STATUS": "N",
        "YZ_ID": 552,
        "YZ_LABEL": "TAOHUABAO Hebei (桃花堡)",
        "YZNM_PY": "TAOHUABAO",
        "YZNM_CH": "桃花堡",
        "YZNM_FT": "桃花堡",
        "CHGIS_ID": "135498",
        "NOTE": null,
        "10CNTY_CH": "蔚县",
        "10CNTY_EN": "Weixian",
        "10PREF_CH": "张家口市",
        "10PREF_EN": "Zhangjiakou",
        "10PROV_CH": "河北省",
        "10PROV_EN": "Hebei",
        "GBCODE": 130726,
        "YZ_LAT": 114.989136,
        "YZ_LONG": 40.06205,
        "_layer_id": "ming_courier_stations",
        "_layer_title": "명대 역참 지점",
        "_source_file": "Ming_Stations_2016.shp",
        "_source_crs": "EPSG:4326"
      }
    },
    {
      "type": "Feature",
      "geometry": {
        "type": "Point",
        "coordinates": [
          114.85104400000012,
          40.018093000000086
        ]
      },
      "properties": {
        "SRC": "PA_1903",
        "STATUS": "N",
        "YZ_ID": 553,
        "YZ_LABEL": "JIJIAZHUANG Hebei (吉家庄)",
        "YZNM_PY": "JIJIAZHUANG",
        "YZNM_CH": "吉家庄",
        "YZNM_FT": "吉家莊",
        "CHGIS_ID": "135497",
        "NOTE": null,
        "10CNTY_CH": "蔚县",
        "10CNTY_EN": "Weixian",
        "10PREF_CH": "张家口市",
        "10PREF_EN": "Zhangjiakou",
        "10PROV_CH": "河北省",
        "10PROV_EN": "Hebei",
        "GBCODE": 130726,
        "YZ_LAT": 114.851044,
        "YZ_LONG": 40.018093,
        "_layer_id": "ming_courier_stations",
        "_layer_title": "명대 역참 지점",
        "_source_file": "Ming_Stations_2016.shp",
        "_source_crs": "EPSG:4326"
      }
    },
    {
      "type": "Feature",
      "geometry": {
        "type": "Point",
        "coordinates": [
          115.21474499999997,
          40.37655600000002
        ]
      },
      "properties": {
        "SRC": "MDYZK",
        "STATUS": "L",
        "YZ_ID": 556,
        "YZ_LABEL": "BAO'ANZHOU Hebei (保安州)",
        "YZNM_PY": "BAO'ANZHOU",
        "YZNM_CH": "保安州",
        "YZNM_FT": "保安州",
        "CHGIS_ID": "79",
        "NOTE": null,
        "10CNTY_CH": "涿鹿县",
        "10CNTY_EN": "Zhuolu",
        "10PREF_CH": "张家口市",
        "10PREF_EN": "Zhangjiakou",
        "10PROV_CH": "河北省",
        "10PROV_EN": "Hebei",
        "GBCODE": 130731,
        "YZ_LAT": 115.214745,
        "YZ_LONG": 40.376556,
        "_layer_id": "ming_courier_stations",
        "_layer_title": "명대 역참 지점",
        "_source_file": "Ming_Stations_2016.shp",
        "_source_crs": "EPSG:4326"
      }
    },
    {
      "type": "Feature",
      "geometry": {
        "type": "Point",
        "coordinates": [
          115.43068700000003,
          40.21648800000002
        ]
      },
      "properties": {
        "SRC": "PA_1903",
        "STATUS": "N",
        "YZ_ID": 557,
        "YZ_LABEL": "FANSHANBAO Hebei (蠜山堡)",
        "YZNM_PY": "FANSHANBAO",
        "YZNM_CH": "蠜山堡",
        "YZNM_FT": "蠜山堡",
        "CHGIS_ID": "15801",
        "NOTE": null,
        "10CNTY_CH": "涿鹿县",
        "10CNTY_EN": "Zhuolu",
        "10PREF_CH": "张家口市",
        "10PREF_EN": "Zhangjiakou",
        "10PROV_CH": "河北省",
        "10PROV_EN": "Hebei",
        "GBCODE": 130731,
        "YZ_LAT": 115.430687,
        "YZ_LONG": 40.216488,
        "_layer_id": "ming_courier_stations",
        "_layer_title": "명대 역참 지점",
        "_source_file": "Ming_Stations_2016.shp",
        "_source_crs": "EPSG:4326"
      }
    },
    {
      "type": "Feature",
      "geometry": {
        "type": "Point",
        "coordinates": [
          115.510704,
          40.397659000000026
        ]
      },
      "properties": {
        "SRC": "PA_1903",
        "STATUS": "L",
        "YZ_ID": 558,
        "YZ_LABEL": "SHACHENG Hebei (沙城)",
        "YZNM_PY": "SHACHENG",
        "YZNM_CH": "沙城",
        "YZNM_FT": "沙城",
        "CHGIS_ID": "15807",
        "NOTE": null,
        "10CNTY_CH": "怀来县",
        "10CNTY_EN": "Huailai",
        "10PREF_CH": "张家口市",
        "10PREF_EN": "Zhangjiakou",
        "10PROV_CH": "河北省",
        "10PROV_EN": "Hebei",
        "GBCODE": 130730,
        "YZ_LAT": 115.510704,
        "YZ_LONG": 40.397659,
        "_layer_id": "ming_courier_stations",
        "_layer_title": "명대 역참 지점",
        "_source_file": "Ming_Stations_2016.shp",
        "_source_crs": "EPSG:4326"
      }
    },
    {
      "type": "Feature",
      "geometry": {
        "type": "Point",
        "coordinates": [
          115.40369399999997,
          40.43612700000002
        ]
      },
      "properties": {
        "SRC": "PA_1903",
        "STATUS": "L",
        "YZ_ID": 559,
        "YZ_LABEL": "TUMUYI Hebei (土木驿)",
        "YZNM_PY": "TUMUYI",
        "YZNM_CH": "土木驿",
        "YZNM_FT": "土木驛",
        "CHGIS_ID": "15812",
        "NOTE": null,
        "10CNTY_CH": "怀来县",
        "10CNTY_EN": "Huailai",
        "10PREF_CH": "张家口市",
        "10PREF_EN": "Zhangjiakou",
        "10PROV_CH": "河北省",
        "10PROV_EN": "Hebei",
        "GBCODE": 130730,
        "YZ_LAT": 115.403694,
        "YZ_LONG": 40.436127,
        "_layer_id": "ming_courier_stations",
        "_layer_title": "명대 역참 지점",
        "_source_file": "Ming_Stations_2016.shp",
        "_source_crs": "EPSG:4326"
      }
    },
    {
      "type": "Feature",
      "geometry": {
        "type": "Point",
        "coordinates": [
          115.31072999999999,
          40.45442600000001
        ]
      },
      "properties": {
        "SRC": "MDYZK",
        "STATUS": "Y",
        "YZ_ID": 560,
        "YZ_LABEL": "JIMINGBAO Hebei (鸡鸣驿)",
        "YZNM_PY": "JIMINGBAO",
        "YZNM_CH": "鸡鸣驿",
        "YZNM_FT": "雞鳴驛",
        "CHGIS_ID": "15775",
        "NOTE": null,
        "10CNTY_CH": "怀来县",
        "10CNTY_EN": "Huailai",
        "10PREF_CH": "张家口市",
        "10PREF_EN": "Zhangjiakou",
        "10PROV_CH": "河北省",
        "10PROV_EN": "Hebei",
        "GBCODE": 130730,
        "YZ_LAT": 115.31073,
        "YZ_LONG": 40.454426,
        "_layer_id": "ming_courier_stations",
        "_layer_title": "명대 역참 지점",
        "_source_file": "Ming_Stations_2016.shp",
        "_source_crs": "EPSG:4326"
      }
    },
    {
      "type": "Feature",
      "geometry": {
        "type": "Point",
        "coordinates": [
          110.33230590820312,
          34.83512878417969
        ]
      },
      "properties": {
        "SRC": "MDYZK",
        "STATUS": "Y",
        "YZ_ID": 563,
        "YZ_LABEL": "HEDONGYI Shanxi (河东驿)",
        "YZNM_PY": "HEDONGYI",
        "YZNM_CH": "河东驿",
        "YZNM_FT": "河東驛",
        "CHGIS_ID": "9696",
        "NOTE": null,
        "10CNTY_CH": "永济市",
        "10CNTY_EN": "Yongji",
        "10PREF_CH": "运城市",
        "10PREF_EN": "Yuncheng",
        "10PROV_CH": "山西省",
        "10PROV_EN": "Shanxi",
        "GBCODE": 140881,
        "YZ_LAT": 110.332306,
        "YZ_LONG": 34.835129,
        "_layer_id": "ming_courier_stations",
        "_layer_title": "명대 역참 지점",
        "_source_file": "Ming_Stations_2016.shp",
        "_source_crs": "EPSG:4326"
      }
    },
    {
      "type": "Feature",
      "geometry": {
        "type": "Point",
        "coordinates": [
          110.27365099999999,
          34.59880800000002
        ]
      },
      "properties": {
        "SRC": "PA_1903",
        "STATUS": "B",
        "YZ_ID": 564,
        "YZ_LABEL": "TONGGUANTING Shaanxi (潼关)",
        "YZNM_PY": "TONGGUANTING",
        "YZNM_CH": "潼关",
        "YZNM_FT": "潼關",
        "CHGIS_ID": "955",
        "NOTE": null,
        "10CNTY_CH": "潼关县",
        "10CNTY_EN": "Tongguan",
        "10PREF_CH": "渭南市",
        "10PREF_EN": "Weinan",
        "10PROV_CH": "陕西省",
        "10PROV_EN": "Shaanxi",
        "GBCODE": 610522,
        "YZ_LAT": 110.273651,
        "YZ_LONG": 34.598808,
        "_layer_id": "ming_courier_stations",
        "_layer_title": "명대 역참 지점",
        "_source_file": "Ming_Stations_2016.shp",
        "_source_crs": "EPSG:4326"
      }
    },
    {
      "type": "Feature",
      "geometry": {
        "type": "Point",
        "coordinates": [
          110.94148999999999,
          34.68461600000001
        ]
      },
      "properties": {
        "SRC": "MDYZK",
        "STATUS": "N",
        "YZ_ID": 565,
        "YZ_LABEL": "TAOLINYI Henan (桃林驿)",
        "YZNM_PY": "TAOLINYI",
        "YZNM_CH": "桃林驿",
        "YZNM_FT": "桃林驛",
        "CHGIS_ID": "544",
        "NOTE": null,
        "10CNTY_CH": "灵宝市",
        "10CNTY_EN": "Lingbao",
        "10PREF_CH": "三门峡市",
        "10PREF_EN": "Sanmenxia",
        "10PROV_CH": "河南省",
        "10PROV_EN": "Henan",
        "GBCODE": 411282,
        "YZ_LAT": 110.94149,
        "YZ_LONG": 34.684616,
        "_layer_id": "ming_courier_stations",
        "_layer_title": "명대 역참 지점",
        "_source_file": "Ming_Stations_2016.shp",
        "_source_crs": "EPSG:4326"
      }
    },
    {
      "type": "Feature",
      "geometry": {
        "type": "Point",
        "coordinates": [
          111.155629,
          34.790542000000016
        ]
      },
      "properties": {
        "SRC": "MDYZK",
        "STATUS": "N",
        "YZ_ID": 566,
        "YZ_LABEL": "GUTANGYI Henan (甘棠驿)",
        "YZNM_PY": "GUTANGYI",
        "YZNM_CH": "甘棠驿",
        "YZNM_FT": "甘棠驛",
        "CHGIS_ID": "9602",
        "NOTE": null,
        "10CNTY_CH": "湖滨区",
        "10CNTY_EN": "Hubinqu",
        "10PREF_CH": "三门峡市",
        "10PREF_EN": "Sanmenxia",
        "10PROV_CH": "河南省",
        "10PROV_EN": "Henan",
        "GBCODE": 411202,
        "YZ_LAT": 111.155629,
        "YZ_LONG": 34.790542,
        "_layer_id": "ming_courier_stations",
        "_layer_title": "명대 역참 지점",
        "_source_file": "Ming_Stations_2016.shp",
        "_source_crs": "EPSG:4326"
      }
    },
    {
      "type": "Feature",
      "geometry": {
        "type": "Point",
        "coordinates": [
          111.76631199999999,
          34.76519800000002
        ]
      },
      "properties": {
        "SRC": "MDYZK",
        "STATUS": "N",
        "YZ_ID": 567,
        "YZ_LABEL": "LICHENGYI Henan (蠡城驿)",
        "YZNM_PY": "LICHENGYI",
        "YZNM_CH": "蠡城驿",
        "YZNM_FT": "蠡城驛",
        "CHGIS_ID": "547",
        "NOTE": null,
        "10CNTY_CH": "渑池县",
        "10CNTY_EN": "Mianchi",
        "10PREF_CH": "三门峡市",
        "10PREF_EN": "Sanmenxia",
        "10PROV_CH": "河南省",
        "10PROV_EN": "Henan",
        "GBCODE": 411221,
        "YZ_LAT": 111.766312,
        "YZ_LONG": 34.765198,
        "_layer_id": "ming_courier_stations",
        "_layer_title": "명대 역참 지점",
        "_source_file": "Ming_Stations_2016.shp",
        "_source_crs": "EPSG:4326"
      }
    },
    {
      "type": "Feature",
      "geometry": {
        "type": "Point",
        "coordinates": [
          112.14430200000001,
          34.73305900000001
        ]
      },
      "properties": {
        "SRC": "MDYZK",
        "STATUS": "N",
        "YZ_ID": 568,
        "YZ_LABEL": "HANGUANYI Henan (函关驿)",
        "YZNM_PY": "HANGUANYI",
        "YZNM_CH": "函关驿",
        "YZNM_FT": "函關驛",
        "CHGIS_ID": "553",
        "NOTE": null,
        "10CNTY_CH": "新安县",
        "10CNTY_EN": "Xinan",
        "10PREF_CH": "洛阳市",
        "10PREF_EN": "Luoyang",
        "10PROV_CH": "河南省",
        "10PROV_EN": "Henan",
        "GBCODE": 410323,
        "YZ_LAT": 112.144302,
        "YZ_LONG": 34.733059,
        "_layer_id": "ming_courier_stations",
        "_layer_title": "명대 역참 지점",
        "_source_file": "Ming_Stations_2016.shp",
        "_source_crs": "EPSG:4326"
      }
    },
    {
      "type": "Feature",
      "geometry": {
        "type": "Point",
        "coordinates": [
          113.81974800000002,
          34.03139100000001
        ]
      },
      "properties": {
        "SRC": "MDYZK",
        "STATUS": "N",
        "YZ_ID": 569,
        "YZ_LABEL": "XUZHOUYI Henan (许州驿)",
        "YZNM_PY": "XUZHOUYI",
        "YZNM_CH": "许州驿",
        "YZNM_FT": "許州驛",
        "CHGIS_ID": "9596",
        "NOTE": null,
        "10CNTY_CH": "魏都区",
        "10CNTY_EN": "Weiduqu",
        "10PREF_CH": "许昌市",
        "10PREF_EN": "Xuchang",
        "10PROV_CH": "河南省",
        "10PROV_EN": "Henan",
        "GBCODE": 411002,
        "YZ_LAT": 113.819748,
        "YZ_LONG": 34.031391,
        "_layer_id": "ming_courier_stations",
        "_layer_title": "명대 역참 지점",
        "_source_file": "Ming_Stations_2016.shp",
        "_source_crs": "EPSG:4326"
      }
    },
    {
      "type": "Feature",
      "geometry": {
        "type": "Point",
        "coordinates": [
          113.68135799999999,
          35.12496200000001
        ]
      },
      "properties": {
        "SRC": "MDYZK",
        "STATUS": "Y",
        "YZ_ID": 570,
        "YZ_LABEL": "KANGCUNYI Henan (亢村驿)",
        "YZNM_PY": "KANGCUNYI",
        "YZNM_CH": "亢村驿",
        "YZNM_FT": "亢村驛",
        "CHGIS_ID": "18031",
        "NOTE": null,
        "10CNTY_CH": "获嘉县",
        "10CNTY_EN": "Huojia",
        "10PREF_CH": "新乡市",
        "10PREF_EN": "Xinxiang",
        "10PROV_CH": "河南省",
        "10PROV_EN": "Henan",
        "GBCODE": 410724,
        "YZ_LAT": 113.681358,
        "YZ_LONG": 35.124962,
        "_layer_id": "ming_courier_stations",
        "_layer_title": "명대 역참 지점",
        "_source_file": "Ming_Stations_2016.shp",
        "_source_crs": "EPSG:4326"
      }
    },
    {
      "type": "Feature",
      "geometry": {
        "type": "Point",
        "coordinates": [
          117.69675399999997,
          40.11242700000001
        ]
      },
      "properties": {
        "SRC": "MDYZK",
        "STATUS": "Y",
        "YZ_ID": 571,
        "YZ_LABEL": "SHIMENZHENYI Hebei (石门镇驿)",
        "YZNM_PY": "SHIMENZHENYI",
        "YZNM_CH": "石门镇驿",
        "YZNM_FT": "石門鎮驛",
        "CHGIS_ID": "15544",
        "NOTE": null,
        "10CNTY_CH": "遵化市",
        "10CNTY_EN": "Zunhua",
        "10PREF_CH": "唐山市",
        "10PREF_EN": "Tangshan",
        "10PROV_CH": "河北省",
        "10PROV_EN": "Hebei",
        "GBCODE": 130281,
        "YZ_LAT": 117.696754,
        "YZ_LONG": 40.112427,
        "_layer_id": "ming_courier_stations",
        "_layer_title": "명대 역참 지점",
        "_source_file": "Ming_Stations_2016.shp",
        "_source_crs": "EPSG:4326"
      }
    },
    {
      "type": "Feature",
      "geometry": {
        "type": "Point",
        "coordinates": [
          117.95798499999997,
          40.18444800000002
        ]
      },
      "properties": {
        "SRC": "MDYZK",
        "STATUS": "Y",
        "YZ_ID": 572,
        "YZ_LABEL": "ZUNHUA Hebei (遵化驿)",
        "YZNM_PY": "ZUNHUA",
        "YZNM_CH": "遵化驿",
        "YZNM_FT": "遵化驛",
        "CHGIS_ID": "9505",
        "NOTE": null,
        "10CNTY_CH": "遵化市",
        "10CNTY_EN": "Zunhua",
        "10PREF_CH": "唐山市",
        "10PREF_EN": "Tangshan",
        "10PROV_CH": "河北省",
        "10PROV_EN": "Hebei",
        "GBCODE": 130281,
        "YZ_LAT": 117.957985,
        "YZ_LONG": 40.184448,
        "_layer_id": "ming_courier_stations",
        "_layer_title": "명대 역참 지점",
        "_source_file": "Ming_Stations_2016.shp",
        "_source_crs": "EPSG:4326"
      }
    },
    {
      "type": "Feature",
      "geometry": {
        "type": "Point",
        "coordinates": [
          116.87155300000006,
          39.769569000000054
        ]
      },
      "properties": {
        "SRC": "MDYZK",
        "STATUS": "Y",
        "YZ_ID": 573,
        "YZ_LABEL": "HEHEYI Beijing (和合驿)",
        "YZNM_PY": "HEHEYI",
        "YZNM_CH": "和合驿",
        "YZNM_FT": "和合驛",
        "CHGIS_ID": "136426",
        "NOTE": null,
        "10CNTY_CH": "通州区",
        "10CNTY_EN": "Tongzhou",
        "10PREF_CH": "北京市（辖区）",
        "10PREF_EN": "Beijing (Districts)",
        "10PROV_CH": "北京市",
        "10PROV_EN": "Beijing",
        "GBCODE": 110112,
        "YZ_LAT": 116.871553,
        "YZ_LONG": 39.769569,
        "_layer_id": "ming_courier_stations",
        "_layer_title": "명대 역참 지점",
        "_source_file": "Ming_Stations_2016.shp",
        "_source_crs": "EPSG:4326"
      }
    },
    {
      "type": "Feature",
      "geometry": {
        "type": "Point",
        "coordinates": [
          116.69800200000007,
          39.846869000000034
        ]
      },
      "properties": {
        "SRC": "MDYZK",
        "STATUS": "Y",
        "YZ_ID": 574,
        "YZ_LABEL": "ZHANGJIAWAN Beijing (张家湾)",
        "YZNM_PY": "ZHANGJIAWAN",
        "YZNM_CH": "张家湾",
        "YZNM_FT": "張家灣",
        "CHGIS_ID": "136421",
        "NOTE": null,
        "10CNTY_CH": "通州区",
        "10CNTY_EN": "Tongzhou",
        "10PREF_CH": "北京市（辖区）",
        "10PREF_EN": "Beijing (Districts)",
        "10PROV_CH": "北京市",
        "10PROV_EN": "Beijing",
        "GBCODE": 110112,
        "YZ_LAT": 116.698002,
        "YZ_LONG": 39.846869,
        "_layer_id": "ming_courier_stations",
        "_layer_title": "명대 역참 지점",
        "_source_file": "Ming_Stations_2016.shp",
        "_source_crs": "EPSG:4326"
      }
    },
    {
      "type": "Feature",
      "geometry": {
        "type": "Point",
        "coordinates": [
          116.95332300000005,
          39.62164700000007
        ]
      },
      "properties": {
        "SRC": "MDYZK",
        "STATUS": "Y",
        "YZ_ID": 575,
        "YZ_LABEL": "HEXIYI Tianjin (河西驿)",
        "YZNM_PY": "HEXIYI",
        "YZNM_CH": "河西驿",
        "YZNM_FT": "河西驛",
        "CHGIS_ID": "136599",
        "NOTE": null,
        "10CNTY_CH": "武清区",
        "10CNTY_EN": "Wuqing",
        "10PREF_CH": "天津市（辖区）",
        "10PREF_EN": "Tianjin (Districts)",
        "10PROV_CH": "天津市",
        "10PROV_EN": "Tianjin",
        "GBCODE": 120114,
        "YZ_LAT": 116.953323,
        "YZ_LONG": 39.621647,
        "_layer_id": "ming_courier_stations",
        "_layer_title": "명대 역참 지점",
        "_source_file": "Ming_Stations_2016.shp",
        "_source_crs": "EPSG:4326"
      }
    },
    {
      "type": "Feature",
      "geometry": {
        "type": "Point",
        "coordinates": [
          117.18781999999999,
          39.136971000000024
        ]
      },
      "properties": {
        "SRC": "MDYZK",
        "STATUS": "N",
        "YZ_ID": 576,
        "YZ_LABEL": "YANGQINGYI Tianjin (杨青驿)",
        "YZNM_PY": "YANGQINGYI",
        "YZNM_CH": "杨青驿",
        "YZNM_FT": "楊青驛",
        "CHGIS_ID": "9514",
        "NOTE": null,
        "10CNTY_CH": "南开区",
        "10CNTY_EN": "Nankai",
        "10PREF_CH": "天津市（辖区）",
        "10PREF_EN": "Tianjin (Districts)",
        "10PROV_CH": "天津市",
        "10PROV_EN": "Tianjin",
        "GBCODE": 120104,
        "YZ_LAT": 117.18782,
        "YZ_LONG": 39.136971,
        "_layer_id": "ming_courier_stations",
        "_layer_title": "명대 역참 지점",
        "_source_file": "Ming_Stations_2016.shp",
        "_source_crs": "EPSG:4326"
      }
    },
    {
      "type": "Feature",
      "geometry": {
        "type": "Point",
        "coordinates": [
          117.06312599999998,
          39.37859300000009
        ]
      },
      "properties": {
        "SRC": "MDYZK",
        "STATUS": "Y",
        "YZ_ID": 577,
        "YZ_LABEL": "YANGCUNYI Tianjin (杨村驿)",
        "YZNM_PY": "YANGCUNYI",
        "YZNM_CH": "杨村驿",
        "YZNM_FT": "楊村驛",
        "CHGIS_ID": "136610",
        "NOTE": null,
        "10CNTY_CH": "武清区",
        "10CNTY_EN": "Wuqing",
        "10PREF_CH": "天津市（辖区）",
        "10PREF_EN": "Tianjin (Districts)",
        "10PROV_CH": "天津市",
        "10PROV_EN": "Tianjin",
        "GBCODE": 120114,
        "YZ_LAT": 117.063126,
        "YZ_LONG": 39.378593,
        "_layer_id": "ming_courier_stations",
        "_layer_title": "명대 역참 지점",
        "_source_file": "Ming_Stations_2016.shp",
        "_source_crs": "EPSG:4326"
      }
    },
    {
      "type": "Feature",
      "geometry": {
        "type": "Point",
        "coordinates": [
          119.77024100000001,
          40.01019300000001
        ]
      },
      "properties": {
        "SRC": "MDYZK",
        "STATUS": "N",
        "YZ_ID": 578,
        "YZ_LABEL": "YUGUANYI Hebei (榆关驿)",
        "YZNM_PY": "YUGUANYI",
        "YZNM_CH": "榆关驿",
        "YZNM_FT": "榆關驛",
        "CHGIS_ID": "15985",
        "NOTE": null,
        "10CNTY_CH": "山海关区",
        "10CNTY_EN": "Shanhaiguan",
        "10PREF_CH": "秦皇岛市",
        "10PREF_EN": "Qinhuangdao",
        "10PROV_CH": "河北省",
        "10PROV_EN": "Hebei",
        "GBCODE": 130303,
        "YZ_LAT": 119.770241,
        "YZ_LONG": 40.010193,
        "_layer_id": "ming_courier_stations",
        "_layer_title": "명대 역참 지점",
        "_source_file": "Ming_Stations_2016.shp",
        "_source_crs": "EPSG:4326"
      }
    },
    {
      "type": "Feature",
      "geometry": {
        "type": "Point",
        "coordinates": [
          113.53441600000001,
          34.874363000000024
        ]
      },
      "properties": {
        "SRC": "MDYZK",
        "STATUS": "N",
        "YZ_ID": 579,
        "YZ_LABEL": "SUNINGYI Henan (索亭驿)",
        "YZNM_PY": "SUNINGYI",
        "YZNM_CH": "索亭驿",
        "YZNM_FT": "索亭驛",
        "CHGIS_ID": "566",
        "NOTE": null,
        "10CNTY_CH": "中原区",
        "10CNTY_EN": "Zhongyuanqu",
        "10PREF_CH": "郑州市",
        "10PREF_EN": "Zhengzhou",
        "10PROV_CH": "河南省",
        "10PROV_EN": "Henan",
        "GBCODE": 410102,
        "YZ_LAT": 113.534416,
        "YZ_LONG": 34.874363,
        "_layer_id": "ming_courier_stations",
        "_layer_title": "명대 역참 지점",
        "_source_file": "Ming_Stations_2016.shp",
        "_source_crs": "EPSG:4326"
      }
    },
    {
      "type": "Feature",
      "geometry": {
        "type": "Point",
        "coordinates": [
          113.347397,
          34.78310800000002
        ]
      },
      "properties": {
        "SRC": "MDYZK",
        "STATUS": "Y",
        "YZ_ID": 580,
        "YZ_LABEL": "YINGYANG Henan (荥阳)",
        "YZNM_PY": "YINGYANG",
        "YZNM_CH": "荥阳",
        "YZNM_FT": "滎陽",
        "CHGIS_ID": "565",
        "NOTE": null,
        "10CNTY_CH": "荥阳市",
        "10CNTY_EN": "Xingyang",
        "10PREF_CH": "郑州市",
        "10PREF_EN": "Zhengzhou",
        "10PROV_CH": "河南省",
        "10PROV_EN": "Henan",
        "GBCODE": 410182,
        "YZ_LAT": 113.347397,
        "YZ_LONG": 34.783108,
        "_layer_id": "ming_courier_stations",
        "_layer_title": "명대 역참 지점",
        "_source_file": "Ming_Stations_2016.shp",
        "_source_crs": "EPSG:4326"
      }
    },
    {
      "type": "Feature",
      "geometry": {
        "type": "Point",
        "coordinates": [
          114.026253,
          34.73209400000002
        ]
      },
      "properties": {
        "SRC": "MDYZK",
        "STATUS": "N",
        "YZ_ID": 581,
        "YZ_LABEL": "PUTIANYI Henan (圃田驿)",
        "YZNM_PY": "PUTIANYI",
        "YZNM_CH": "圃田驿",
        "YZNM_FT": "圃田驛",
        "CHGIS_ID": "570",
        "NOTE": null,
        "10CNTY_CH": "中牟县",
        "10CNTY_EN": "Zhongmu",
        "10PREF_CH": "郑州市",
        "10PREF_EN": "Zhengzhou",
        "10PROV_CH": "河南省",
        "10PROV_EN": "Henan",
        "GBCODE": 410122,
        "YZ_LAT": 114.026253,
        "YZ_LONG": 34.732094,
        "_layer_id": "ming_courier_stations",
        "_layer_title": "명대 역참 지점",
        "_source_file": "Ming_Stations_2016.shp",
        "_source_crs": "EPSG:4326"
      }
    },
    {
      "type": "Feature",
      "geometry": {
        "type": "Point",
        "coordinates": [
          114.180771,
          34.413452000000014
        ]
      },
      "properties": {
        "SRC": "MDYZK",
        "STATUS": "Y",
        "YZ_ID": 582,
        "YZ_LABEL": "WEISHIYI Henan (尉氏驿)",
        "YZNM_PY": "WEISHIYI",
        "YZNM_CH": "尉氏驿",
        "YZNM_FT": "尉氏驛",
        "CHGIS_ID": "576",
        "NOTE": null,
        "10CNTY_CH": "尉氏县",
        "10CNTY_EN": "Weishi",
        "10PREF_CH": "开封市",
        "10PREF_EN": "Kaifeng",
        "10PROV_CH": "河南省",
        "10PROV_EN": "Henan",
        "GBCODE": 410223,
        "YZ_LAT": 114.180771,
        "YZ_LONG": 34.413452,
        "_layer_id": "ming_courier_stations",
        "_layer_title": "명대 역참 지점",
        "_source_file": "Ming_Stations_2016.shp",
        "_source_crs": "EPSG:4326"
      }
    },
    {
      "type": "Feature",
      "geometry": {
        "type": "Point",
        "coordinates": [
          113.98011897513003,
          34.28828947330102
        ]
      },
      "properties": {
        "SRC": "MDYZK",
        "STATUS": "Y",
        "YZ_ID": 583,
        "YZ_LABEL": "WEICHUANYI Henan (洧川驿)",
        "YZNM_PY": "WEICHUANYI",
        "YZNM_CH": "洧川驿",
        "YZNM_FT": "洧川驛",
        "CHGIS_ID": "561",
        "NOTE": null,
        "10CNTY_CH": "尉氏县",
        "10CNTY_EN": "Weishi",
        "10PREF_CH": "开封市",
        "10PREF_EN": "Kaifeng",
        "10PROV_CH": "河南省",
        "10PROV_EN": "Henan",
        "GBCODE": 410223,
        "YZ_LAT": 113.980119,
        "YZ_LONG": 34.288289,
        "_layer_id": "ming_courier_stations",
        "_layer_title": "명대 역참 지점",
        "_source_file": "Ming_Stations_2016.shp",
        "_source_crs": "EPSG:4326"
      }
    },
    {
      "type": "Feature",
      "geometry": {
        "type": "Point",
        "coordinates": [
          114.259353,
          33.26723900000001
        ]
      },
      "properties": {
        "SRC": "MDYZK",
        "STATUS": "Y",
        "YZ_ID": 584,
        "YZ_LABEL": "SHANGCAIYI Henan (上蔡驿)",
        "YZNM_PY": "SHANGCAIYI",
        "YZNM_CH": "上蔡驿",
        "YZNM_FT": "上蔡驛",
        "CHGIS_ID": "622",
        "NOTE": null,
        "10CNTY_CH": "上蔡县",
        "10CNTY_EN": "Shangcai",
        "10PREF_CH": "驻马店市",
        "10PREF_EN": "Zhumadian",
        "10PROV_CH": "河南省",
        "10PROV_EN": "Henan",
        "GBCODE": 411722,
        "YZ_LAT": 114.259353,
        "YZ_LONG": 33.267239,
        "_layer_id": "ming_courier_stations",
        "_layer_title": "명대 역참 지점",
        "_source_file": "Ming_Stations_2016.shp",
        "_source_crs": "EPSG:4326"
      }
    },
    {
      "type": "Feature",
      "geometry": {
        "type": "Point",
        "coordinates": [
          114.34424850371629,
          33.0048160607228
        ]
      },
      "properties": {
        "SRC": "MDYZK",
        "STATUS": "Y",
        "YZ_ID": 585,
        "YZ_LABEL": "RUYANGYI Henan (汝阳驿)",
        "YZNM_PY": "RUYANGYI",
        "YZNM_CH": "汝阳驿",
        "YZNM_FT": "汝陽驛",
        "CHGIS_ID": "600",
        "NOTE": null,
        "10CNTY_CH": "汝南县",
        "10CNTY_EN": "Runan",
        "10PREF_CH": "驻马店市",
        "10PREF_EN": "Zhumadian",
        "10PROV_CH": "河南省",
        "10PROV_EN": "Henan",
        "GBCODE": 411727,
        "YZ_LAT": 114.344249,
        "YZ_LONG": 33.004816,
        "_layer_id": "ming_courier_stations",
        "_layer_title": "명대 역참 지점",
        "_source_file": "Ming_Stations_2016.shp",
        "_source_crs": "EPSG:4326"
      }
    },
    {
      "type": "Feature",
      "geometry": {
        "type": "Point",
        "coordinates": [
          114.38120999999998,
          32.60911900000002
        ]
      },
      "properties": {
        "SRC": "MDYZK",
        "STATUS": "Y",
        "YZ_ID": 586,
        "YZ_LABEL": "ZHENYANG Henan (真阳县)",
        "YZNM_PY": "ZHENYANG",
        "YZNM_CH": "真阳县",
        "YZNM_FT": "真陽縣",
        "CHGIS_ID": "614",
        "NOTE": null,
        "10CNTY_CH": "正阳县",
        "10CNTY_EN": "Zhengyang",
        "10PREF_CH": "驻马店市",
        "10PREF_EN": "Zhumadian",
        "10PROV_CH": "河南省",
        "10PROV_EN": "Henan",
        "GBCODE": 411724,
        "YZ_LAT": 114.38121,
        "YZ_LONG": 32.609119,
        "_layer_id": "ming_courier_stations",
        "_layer_title": "명대 역참 지점",
        "_source_file": "Ming_Stations_2016.shp",
        "_source_crs": "EPSG:4326"
      }
    },
    {
      "type": "Feature",
      "geometry": {
        "type": "Point",
        "coordinates": [
          114.52223999999998,
          32.20237400000002
        ]
      },
      "properties": {
        "SRC": "MDYZK",
        "STATUS": "Y",
        "YZ_ID": 587,
        "YZ_LABEL": "LUOSHAN Henan (罗山)",
        "YZNM_PY": "LUOSHAN",
        "YZNM_CH": "罗山",
        "YZNM_FT": "羅山",
        "CHGIS_ID": "620",
        "NOTE": null,
        "10CNTY_CH": "罗山县",
        "10CNTY_EN": "Luoshan",
        "10PREF_CH": "信阳市",
        "10PREF_EN": "Xinyang",
        "10PROV_CH": "河南省",
        "10PROV_EN": "Henan",
        "GBCODE": 411521,
        "YZ_LAT": 114.52224,
        "YZ_LONG": 32.202374,
        "_layer_id": "ming_courier_stations",
        "_layer_title": "명대 역참 지점",
        "_source_file": "Ming_Stations_2016.shp",
        "_source_crs": "EPSG:4326"
      }
    },
    {
      "type": "Feature",
      "geometry": {
        "type": "Point",
        "coordinates": [
          115.12510700000009,
          31.697765000000068
        ]
      },
      "properties": {
        "SRC": "PA_1903",
        "STATUS": "L",
        "YZ_ID": 588,
        "YZ_LABEL": "SHAWO Henan (沙窝)",
        "YZNM_PY": "SHAWO",
        "YZNM_CH": "沙窝",
        "YZNM_FT": "沙窩",
        "CHGIS_ID": "150011",
        "NOTE": null,
        "10CNTY_CH": "新县",
        "10CNTY_EN": "Xinxian",
        "10PREF_CH": "信阳市",
        "10PREF_EN": "Xinyang",
        "10PROV_CH": "河南省",
        "10PROV_EN": "Henan",
        "GBCODE": 411523,
        "YZ_LAT": 115.125107,
        "YZ_LONG": 31.697765,
        "_layer_id": "ming_courier_stations",
        "_layer_title": "명대 역참 지점",
        "_source_file": "Ming_Stations_2016.shp",
        "_source_crs": "EPSG:4326"
      }
    },
    {
      "type": "Feature",
      "geometry": {
        "type": "Point",
        "coordinates": [
          113.989113,
          33.14783900000001
        ]
      },
      "properties": {
        "SRC": "PA_1903",
        "STATUS": "B",
        "YZ_ID": 589,
        "YZ_LABEL": "SUIPING Henan (遂平)",
        "YZNM_PY": "SUIPING",
        "YZNM_CH": "遂平",
        "YZNM_FT": "遂平",
        "CHGIS_ID": "597",
        "NOTE": null,
        "10CNTY_CH": "遂平县",
        "10CNTY_EN": "Suiping",
        "10PREF_CH": "驻马店市",
        "10PREF_EN": "Zhumadian",
        "10PROV_CH": "河南省",
        "10PROV_EN": "Henan",
        "GBCODE": 411728,
        "YZ_LAT": 113.989113,
        "YZ_LONG": 33.147839,
        "_layer_id": "ming_courier_stations",
        "_layer_title": "명대 역참 지점",
        "_source_file": "Ming_Stations_2016.shp",
        "_source_crs": "EPSG:4326"
      }
    },
    {
      "type": "Feature",
      "geometry": {
        "type": "Point",
        "coordinates": [
          114.01677908354469,
          32.81090169101488
        ]
      },
      "properties": {
        "SRC": "PA_1903",
        "STATUS": "B",
        "YZ_ID": 590,
        "YZ_LABEL": "QUESHAN Henan (确山)",
        "YZNM_PY": "QUESHAN",
        "YZNM_CH": "确山",
        "YZNM_FT": "確山",
        "CHGIS_ID": "619",
        "NOTE": null,
        "10CNTY_CH": "确山县",
        "10CNTY_EN": "Queshan",
        "10PREF_CH": "驻马店市",
        "10PREF_EN": "Zhumadian",
        "10PROV_CH": "河南省",
        "10PROV_EN": "Henan",
        "GBCODE": 411725,
        "YZ_LAT": 114.016779,
        "YZ_LONG": 32.810902,
        "_layer_id": "ming_courier_stations",
        "_layer_title": "명대 역참 지점",
        "_source_file": "Ming_Stations_2016.shp",
        "_source_crs": "EPSG:4326"
      }
    },
    {
      "type": "Feature",
      "geometry": {
        "type": "Point",
        "coordinates": [
          112.53546900000002,
          33.00167800000001
        ]
      },
      "properties": {
        "SRC": "MDYZK",
        "STATUS": "N",
        "YZ_ID": 591,
        "YZ_LABEL": "WANCHENGYI Henan (宛城驿)",
        "YZNM_PY": "WANCHENGYI",
        "YZNM_CH": "宛城驿",
        "YZNM_FT": "宛城驛",
        "CHGIS_ID": "9599",
        "NOTE": null,
        "10CNTY_CH": "卧龙区",
        "10CNTY_EN": "Wolongqu",
        "10PREF_CH": "南阳市",
        "10PREF_EN": "Nanyang",
        "10PROV_CH": "河南省",
        "10PROV_EN": "Henan",
        "GBCODE": 411303,
        "YZ_LAT": 112.535469,
        "YZ_LONG": 33.001678,
        "_layer_id": "ming_courier_stations",
        "_layer_title": "명대 역참 지점",
        "_source_file": "Ming_Stations_2016.shp",
        "_source_crs": "EPSG:4326"
      }
    },
    {
      "type": "Feature",
      "geometry": {
        "type": "Point",
        "coordinates": [
          112.511,
          32.75500000000002
        ]
      },
      "properties": {
        "SRC": "MDYZK",
        "STATUS": "Y",
        "YZ_ID": 592,
        "YZ_LABEL": "LINSHUIYI Henan (林水驿)",
        "YZNM_PY": "LINSHUIYI",
        "YZNM_CH": "林水驿",
        "YZNM_FT": "林水驛",
        "CHGIS_ID": "18199",
        "NOTE": null,
        "10CNTY_CH": "宛城区",
        "10CNTY_EN": "Wanchengqu",
        "10PREF_CH": "南阳市",
        "10PREF_EN": "Nanyang",
        "10PROV_CH": "河南省",
        "10PROV_EN": "Henan",
        "GBCODE": 411302,
        "YZ_LAT": 112.511,
        "YZ_LONG": 32.755,
        "_layer_id": "ming_courier_stations",
        "_layer_title": "명대 역참 지점",
        "_source_file": "Ming_Stations_2016.shp",
        "_source_crs": "EPSG:4326"
      }
    },
    {
      "type": "Feature",
      "geometry": {
        "type": "Point",
        "coordinates": [
          114.52452800000002,
          34.67319500000002
        ]
      },
      "properties": {
        "SRC": "MDYZK",
        "STATUS": "N",
        "YZ_ID": 593,
        "YZ_LABEL": "SHENCHENGYI Henan (莘城驿)",
        "YZNM_PY": "SHENCHENGYI",
        "YZNM_CH": "莘城驿",
        "YZNM_FT": "莘城驛",
        "CHGIS_ID": "573",
        "NOTE": null,
        "10CNTY_CH": "开封县",
        "10CNTY_EN": "Kaifeng",
        "10PREF_CH": "开封市",
        "10PREF_EN": "Kaifeng",
        "10PROV_CH": "河南省",
        "10PROV_EN": "Henan",
        "GBCODE": 410224,
        "YZ_LAT": 114.524528,
        "YZ_LONG": 34.673195,
        "_layer_id": "ming_courier_stations",
        "_layer_title": "명대 역참 지점",
        "_source_file": "Ming_Stations_2016.shp",
        "_source_crs": "EPSG:4326"
      }
    },
    {
      "type": "Feature",
      "geometry": {
        "type": "Point",
        "coordinates": [
          114.77448299999998,
          34.55351300000002
        ]
      },
      "properties": {
        "SRC": "MDYZK",
        "STATUS": "Y",
        "YZ_ID": 594,
        "YZ_LABEL": "YONGQIUYI Henan (雍丘驿)",
        "YZNM_PY": "YONGQIUYI",
        "YZNM_CH": "雍丘驿",
        "YZNM_FT": "雍丘驛",
        "CHGIS_ID": "121957",
        "NOTE": null,
        "10CNTY_CH": "杞县",
        "10CNTY_EN": "Qixian",
        "10PREF_CH": "开封市",
        "10PREF_EN": "Kaifeng",
        "10PROV_CH": "河南省",
        "10PROV_EN": "Henan",
        "GBCODE": 410221,
        "YZ_LAT": 114.774483,
        "YZ_LONG": 34.553513,
        "_layer_id": "ming_courier_stations",
        "_layer_title": "명대 역참 지점",
        "_source_file": "Ming_Stations_2016.shp",
        "_source_crs": "EPSG:4326"
      }
    },
    {
      "type": "Feature",
      "geometry": {
        "type": "Point",
        "coordinates": [
          114.77448299999998,
          34.55351300000002
        ]
      },
      "properties": {
        "SRC": "MDYZK",
        "STATUS": "Y",
        "YZ_ID": 595,
        "YZ_LABEL": "YONGQIUYI Henan (雍丘驿)",
        "YZNM_PY": "YONGQIUYI",
        "YZNM_CH": "雍丘驿",
        "YZNM_FT": "雍丘驛",
        "CHGIS_ID": "580",
        "NOTE": null,
        "10CNTY_CH": "杞县",
        "10CNTY_EN": "Qixian",
        "10PREF_CH": "开封市",
        "10PREF_EN": "Kaifeng",
        "10PROV_CH": "河南省",
        "10PROV_EN": "Henan",
        "GBCODE": 410221,
        "YZ_LAT": 114.774483,
        "YZ_LONG": 34.553513,
        "_layer_id": "ming_courier_stations",
        "_layer_title": "명대 역참 지점",
        "_source_file": "Ming_Stations_2016.shp",
        "_source_crs": "EPSG:4326"
      }
    },
    {
      "type": "Feature",
      "geometry": {
        "type": "Point",
        "coordinates": [
          115.06597100000002,
          34.43050400000002
        ]
      },
      "properties": {
        "SRC": "MDYZK",
        "STATUS": "Y",
        "YZ_ID": 596,
        "YZ_LABEL": "KUIQIUYI Henan (葵丘驿)",
        "YZNM_PY": "KUIQIUYI",
        "YZNM_CH": "葵丘驿",
        "YZNM_FT": "葵丘驛",
        "CHGIS_ID": "1742",
        "NOTE": null,
        "10CNTY_CH": "睢县",
        "10CNTY_EN": "Suixian",
        "10PREF_CH": "商丘市",
        "10PREF_EN": "Shangqiu",
        "10PROV_CH": "河南省",
        "10PROV_EN": "Henan",
        "GBCODE": 411422,
        "YZ_LAT": 115.065971,
        "YZ_LONG": 34.430504,
        "_layer_id": "ming_courier_stations",
        "_layer_title": "명대 역참 지점",
        "_source_file": "Ming_Stations_2016.shp",
        "_source_crs": "EPSG:4326"
      }
    },
    {
      "type": "Feature",
      "geometry": {
        "type": "Point",
        "coordinates": [
          115.315368,
          34.44597600000002
        ]
      },
      "properties": {
        "SRC": "MDYZK",
        "STATUS": "Y",
        "YZ_ID": 597,
        "YZ_LABEL": "NINGCHENGYI Henan (宁城驿)",
        "YZNM_PY": "NINGCHENGYI",
        "YZNM_CH": "宁城驿",
        "YZNM_FT": "寧城驛",
        "CHGIS_ID": "582",
        "NOTE": null,
        "10CNTY_CH": "宁陵县",
        "10CNTY_EN": "Ningling",
        "10PREF_CH": "商丘市",
        "10PREF_EN": "Shangqiu",
        "10PROV_CH": "河南省",
        "10PROV_EN": "Henan",
        "GBCODE": 411423,
        "YZ_LAT": 115.315368,
        "YZ_LONG": 34.445976,
        "_layer_id": "ming_courier_stations",
        "_layer_title": "명대 역참 지점",
        "_source_file": "Ming_Stations_2016.shp",
        "_source_crs": "EPSG:4326"
      }
    },
    {
      "type": "Feature",
      "geometry": {
        "type": "Point",
        "coordinates": [
          115.60745199999998,
          34.385052000000016
        ]
      },
      "properties": {
        "SRC": "MDYZK",
        "STATUS": "Y",
        "YZ_ID": 598,
        "YZ_LABEL": "SHANGQIUYI Henan (商丘驿)",
        "YZNM_PY": "SHANGQIUYI",
        "YZNM_CH": "商丘驿",
        "YZNM_FT": "商丘驛",
        "CHGIS_ID": "581",
        "NOTE": null,
        "10CNTY_CH": "睢阳区",
        "10CNTY_EN": "Suiyangqu",
        "10PREF_CH": "商丘市",
        "10PREF_EN": "Shangqiu",
        "10PROV_CH": "河南省",
        "10PROV_EN": "Henan",
        "GBCODE": 411403,
        "YZ_LAT": 115.607452,
        "YZ_LONG": 34.385052,
        "_layer_id": "ming_courier_stations",
        "_layer_title": "명대 역참 지점",
        "_source_file": "Ming_Stations_2016.shp",
        "_source_crs": "EPSG:4326"
      }
    },
    {
      "type": "Feature",
      "geometry": {
        "type": "Point",
        "coordinates": [
          115.85871712746503,
          34.23512821823247
        ]
      },
      "properties": {
        "SRC": "MDYZK",
        "STATUS": "Y",
        "YZ_ID": 599,
        "YZ_LABEL": "SHILIUGUYI Henan (石榴固驿)",
        "YZNM_PY": "SHILIUGUYI",
        "YZNM_CH": "石榴固驿",
        "YZNM_FT": "石榴固驛",
        "CHGIS_ID": "148452",
        "NOTE": null,
        "10CNTY_CH": "虞城县",
        "10CNTY_EN": "Yucheng",
        "10PREF_CH": "商丘市",
        "10PREF_EN": "Shangqiu",
        "10PROV_CH": "河南省",
        "10PROV_EN": "Henan",
        "GBCODE": 411425,
        "YZ_LAT": 115.858717,
        "YZ_LONG": 34.235128,
        "_layer_id": "ming_courier_stations",
        "_layer_title": "명대 역참 지점",
        "_source_file": "Ming_Stations_2016.shp",
        "_source_crs": "EPSG:4326"
      }
    },
    {
      "type": "Feature",
      "geometry": {
        "type": "Point",
        "coordinates": [
          116.0688480000001,
          34.097176000000054
        ]
      },
      "properties": {
        "SRC": "MDYZK",
        "STATUS": "Y",
        "YZ_ID": 600,
        "YZ_LABEL": "HUITINGYI Henan (会亭驿)",
        "YZNM_PY": "HUITINGYI",
        "YZNM_CH": "会亭驿",
        "YZNM_FT": "會亭驛",
        "CHGIS_ID": "148593",
        "NOTE": null,
        "10CNTY_CH": "夏邑县",
        "10CNTY_EN": "Xiayi",
        "10PREF_CH": "商丘市",
        "10PREF_EN": "Shangqiu",
        "10PROV_CH": "河南省",
        "10PROV_EN": "Henan",
        "GBCODE": 411426,
        "YZ_LAT": 116.068848,
        "YZ_LONG": 34.097176,
        "_layer_id": "ming_courier_stations",
        "_layer_title": "명대 역참 지점",
        "_source_file": "Ming_Stations_2016.shp",
        "_source_crs": "EPSG:4326"
      }
    },
    {
      "type": "Feature",
      "geometry": {
        "type": "Point",
        "coordinates": [
          116.36399800000002,
          33.93945700000001
        ]
      },
      "properties": {
        "SRC": "MDYZK",
        "STATUS": "Y",
        "YZ_ID": 601,
        "YZ_LABEL": "TAIQIUYI Henan (太丘驿)",
        "YZNM_PY": "TAIQIUYI",
        "YZNM_CH": "太丘驿",
        "YZNM_FT": "太丘驛",
        "CHGIS_ID": "607",
        "NOTE": null,
        "10CNTY_CH": "永城市",
        "10CNTY_EN": "Yongcheng",
        "10PREF_CH": "商丘市",
        "10PREF_EN": "Shangqiu",
        "10PROV_CH": "河南省",
        "10PROV_EN": "Henan",
        "GBCODE": 411481,
        "YZ_LAT": 116.363998,
        "YZ_LONG": 33.939457,
        "_layer_id": "ming_courier_stations",
        "_layer_title": "명대 역참 지점",
        "_source_file": "Ming_Stations_2016.shp",
        "_source_crs": "EPSG:4326"
      }
    },
    {
      "type": "Feature",
      "geometry": {
        "type": "Point",
        "coordinates": [
          113.54460900000001,
          39.27515000000007
        ]
      },
      "properties": {
        "SRC": "MDYZK",
        "STATUS": "N",
        "YZ_ID": 602,
        "YZ_LABEL": "SHAJIANYI Shanxi (砂涧驿)",
        "YZNM_PY": "SHAJIANYI",
        "YZNM_CH": "砂涧驿",
        "YZNM_FT": "砂澗驛",
        "CHGIS_ID": "147443",
        "NOTE": null,
        "10CNTY_CH": "繁峙县",
        "10CNTY_EN": "Fanzhi",
        "10PREF_CH": "忻州市",
        "10PREF_EN": "Xinzhou",
        "10PROV_CH": "山西省",
        "10PROV_EN": "Shanxi",
        "GBCODE": 140924,
        "YZ_LAT": 113.544609,
        "YZ_LONG": 39.27515,
        "_layer_id": "ming_courier_stations",
        "_layer_title": "명대 역참 지점",
        "_source_file": "Ming_Stations_2016.shp",
        "_source_crs": "EPSG:4326"
      }
    },
    {
      "type": "Feature",
      "geometry": {
        "type": "Point",
        "coordinates": [
          112.73120099999998,
          38.39856300000002
        ]
      },
      "properties": {
        "SRC": "MDYZK",
        "STATUS": "Y",
        "YZ_ID": 603,
        "YZ_LABEL": "JIUYUANYI Shanxi (九原驿)",
        "YZNM_PY": "JIUYUANYI",
        "YZNM_CH": "九原驿",
        "YZNM_FT": "九原驛",
        "CHGIS_ID": "9684",
        "NOTE": null,
        "10CNTY_CH": "忻府区",
        "10CNTY_EN": "Xinfu",
        "10PREF_CH": "忻州市",
        "10PREF_EN": "Xinzhou",
        "10PROV_CH": "山西省",
        "10PROV_EN": "Shanxi",
        "GBCODE": 140902,
        "YZ_LAT": 112.731201,
        "YZ_LONG": 38.398563,
        "_layer_id": "ming_courier_stations",
        "_layer_title": "명대 역참 지점",
        "_source_file": "Ming_Stations_2016.shp",
        "_source_crs": "EPSG:4326"
      }
    },
    {
      "type": "Feature",
      "geometry": {
        "type": "Point",
        "coordinates": [
          112.78545400000009,
          39.201519000000076
        ]
      },
      "properties": {
        "SRC": "MDYZK",
        "STATUS": "Y",
        "YZ_ID": 604,
        "YZ_LABEL": "GUANGWUYI Shanxi (广武驿)",
        "YZNM_PY": "GUANGWUYI",
        "YZNM_CH": "广武驿",
        "YZNM_FT": "廣武驛",
        "CHGIS_ID": "147326",
        "NOTE": null,
        "10CNTY_CH": "山阴县",
        "10CNTY_EN": "Shanyin",
        "10PREF_CH": "朔州市",
        "10PREF_EN": "Shuozhou",
        "10PROV_CH": "山西省",
        "10PROV_EN": "Shanxi",
        "GBCODE": 140621,
        "YZ_LAT": 112.785454,
        "YZ_LONG": 39.201519,
        "_layer_id": "ming_courier_stations",
        "_layer_title": "명대 역참 지점",
        "_source_file": "Ming_Stations_2016.shp",
        "_source_crs": "EPSG:4326"
      }
    },
    {
      "type": "Feature",
      "geometry": {
        "type": "Point",
        "coordinates": [
          112.421997,
          39.307999000000024
        ]
      },
      "properties": {
        "SRC": "MDYZK",
        "STATUS": "Y",
        "YZ_ID": 605,
        "YZ_LABEL": "CHENGDONGYI Shanxi (城东驿)",
        "YZNM_PY": "CHENGDONGYI",
        "YZNM_CH": "城东驿",
        "YZNM_FT": "城東驛",
        "CHGIS_ID": "1089",
        "NOTE": null,
        "10CNTY_CH": "朔城区",
        "10CNTY_EN": "Shuocheng",
        "10PREF_CH": "朔州市",
        "10PREF_EN": "Shuozhou",
        "10PROV_CH": "山西省",
        "10PROV_EN": "Shanxi",
        "GBCODE": 140602,
        "YZ_LAT": 112.421997,
        "YZ_LONG": 39.307999,
        "_layer_id": "ming_courier_stations",
        "_layer_title": "명대 역참 지점",
        "_source_file": "Ming_Stations_2016.shp",
        "_source_crs": "EPSG:4326"
      }
    },
    {
      "type": "Feature",
      "geometry": {
        "type": "Point",
        "coordinates": [
          111.497002,
          39.44200100000002
        ]
      },
      "properties": {
        "SRC": "MDYZK",
        "STATUS": "N",
        "YZ_ID": 607,
        "YZ_LABEL": "PIANTOUGUANSUO Shanxi (偏头关所)",
        "YZNM_PY": "PIANTOUGUANSUO",
        "YZNM_CH": "偏头关所",
        "YZNM_FT": "偏頭關所",
        "CHGIS_ID": "1083",
        "NOTE": null,
        "10CNTY_CH": "偏关县",
        "10CNTY_EN": "Pianguan",
        "10PREF_CH": "忻州市",
        "10PREF_EN": "Xinzhou",
        "10PROV_CH": "山西省",
        "10PROV_EN": "Shanxi",
        "GBCODE": 140932,
        "YZ_LAT": 111.497002,
        "YZ_LONG": 39.442001,
        "_layer_id": "ming_courier_stations",
        "_layer_title": "명대 역참 지점",
        "_source_file": "Ming_Stations_2016.shp",
        "_source_crs": "EPSG:4326"
      }
    },
    {
      "type": "Feature",
      "geometry": {
        "type": "Point",
        "coordinates": [
          111.5718933616828,
          38.70198699820851
        ]
      },
      "properties": {
        "SRC": "MDYZK",
        "STATUS": "Y",
        "YZ_ID": 610,
        "YZ_LABEL": "YONGNINGYI Shanxi (永宁驿)",
        "YZNM_PY": "YONGNINGYI",
        "YZNM_CH": "永宁驿",
        "YZNM_FT": "永寧驛",
        "CHGIS_ID": "1074",
        "NOTE": null,
        "10CNTY_CH": "岢岚县",
        "10CNTY_EN": "Kelan",
        "10PREF_CH": "忻州市",
        "10PREF_EN": "Xinzhou",
        "10PROV_CH": "山西省",
        "10PROV_EN": "Shanxi",
        "GBCODE": 140929,
        "YZ_LAT": 111.571893,
        "YZ_LONG": 38.701987,
        "_layer_id": "ming_courier_stations",
        "_layer_title": "명대 역참 지점",
        "_source_file": "Ming_Stations_2016.shp",
        "_source_crs": "EPSG:4326"
      }
    },
    {
      "type": "Feature",
      "geometry": {
        "type": "Point",
        "coordinates": [
          111.69300100000001,
          38.39099900000002
        ]
      },
      "properties": {
        "SRC": "MDYZK",
        "STATUS": "Y",
        "YZ_ID": 611,
        "YZ_LABEL": "LANXIAN Shanxi (岚县)",
        "YZNM_PY": "LANXIAN",
        "YZNM_CH": "岚县",
        "YZNM_FT": "嵐縣",
        "CHGIS_ID": "1097",
        "NOTE": null,
        "10CNTY_CH": "岚县",
        "10CNTY_EN": "Lan",
        "10PREF_CH": "吕梁市",
        "10PREF_EN": "Lvliang",
        "10PROV_CH": "山西省",
        "10PROV_EN": "Shanxi",
        "GBCODE": 141127,
        "YZ_LAT": 111.693001,
        "YZ_LONG": 38.390999,
        "_layer_id": "ming_courier_stations",
        "_layer_title": "명대 역참 지점",
        "_source_file": "Ming_Stations_2016.shp",
        "_source_crs": "EPSG:4326"
      }
    },
    {
      "type": "Feature",
      "geometry": {
        "type": "Point",
        "coordinates": [
          111.940109,
          38.35765800000002
        ]
      },
      "properties": {
        "SRC": "MDYZK",
        "STATUS": "Y",
        "YZ_ID": 612,
        "YZ_LABEL": "NAONIYI Shanxi (闹埿驿)",
        "YZNM_PY": "NAONIYI",
        "YZNM_CH": "闹埿驿",
        "YZNM_FT": "鬧埿驛",
        "CHGIS_ID": "1098",
        "NOTE": null,
        "10CNTY_CH": "静乐县",
        "10CNTY_EN": "Jingle",
        "10PREF_CH": "忻州市",
        "10PREF_EN": "Xinzhou",
        "10PROV_CH": "山西省",
        "10PROV_EN": "Shanxi",
        "GBCODE": 140926,
        "YZ_LAT": 111.940109,
        "YZ_LONG": 38.357658,
        "_layer_id": "ming_courier_stations",
        "_layer_title": "명대 역참 지점",
        "_source_file": "Ming_Stations_2016.shp",
        "_source_crs": "EPSG:4326"
      }
    },
    {
      "type": "Feature",
      "geometry": {
        "type": "Point",
        "coordinates": [
          112.18762200000005,
          38.31668100000008
        ]
      },
      "properties": {
        "SRC": "MDYZK",
        "STATUS": "Y",
        "YZ_ID": 613,
        "YZ_LABEL": "KANGJIAHUIYI Shanxi (康家会驿)",
        "YZNM_PY": "KANGJIAHUIYI",
        "YZNM_CH": "康家会驿",
        "YZNM_FT": "康家會驛",
        "CHGIS_ID": "147310",
        "NOTE": null,
        "10CNTY_CH": "静乐县",
        "10CNTY_EN": "Jingle",
        "10PREF_CH": "忻州市",
        "10PREF_EN": "Xinzhou",
        "10PROV_CH": "山西省",
        "10PROV_EN": "Shanxi",
        "GBCODE": 140926,
        "YZ_LAT": 112.187622,
        "YZ_LONG": 38.316681,
        "_layer_id": "ming_courier_stations",
        "_layer_title": "명대 역참 지점",
        "_source_file": "Ming_Stations_2016.shp",
        "_source_crs": "EPSG:4326"
      }
    },
    {
      "type": "Feature",
      "geometry": {
        "type": "Point",
        "coordinates": [
          112.41559600000005,
          38.13961400000006
        ]
      },
      "properties": {
        "SRC": "MDYZK",
        "STATUS": "Y",
        "YZ_ID": 614,
        "YZ_LABEL": "LINGJINGYI Shanxi (凌井驿)",
        "YZNM_PY": "LINGJINGYI",
        "YZNM_CH": "凌井驿",
        "YZNM_FT": "淩井驛",
        "CHGIS_ID": "144859",
        "NOTE": null,
        "10CNTY_CH": "阳曲县",
        "10CNTY_EN": "Yangqu",
        "10PREF_CH": "太原市",
        "10PREF_EN": "Taiyuan",
        "10PROV_CH": "山西省",
        "10PROV_EN": "Shanxi",
        "GBCODE": 140122,
        "YZ_LAT": 112.415596,
        "YZ_LONG": 38.139614,
        "_layer_id": "ming_courier_stations",
        "_layer_title": "명대 역참 지점",
        "_source_file": "Ming_Stations_2016.shp",
        "_source_crs": "EPSG:4326"
      }
    },
    {
      "type": "Feature",
      "geometry": {
        "type": "Point",
        "coordinates": [
          114.276054,
          39.76355400000001
        ]
      },
      "properties": {
        "SRC": "MDYZK",
        "STATUS": "Y",
        "YZ_ID": 615,
        "YZ_LABEL": "GUANGLING Shanxi (广灵)",
        "YZNM_PY": "GUANGLING",
        "YZNM_CH": "广灵",
        "YZNM_FT": "廣靈",
        "CHGIS_ID": "1094",
        "NOTE": null,
        "10CNTY_CH": "广灵县",
        "10CNTY_EN": "Guangling",
        "10PREF_CH": "大同市",
        "10PREF_EN": "Datong",
        "10PROV_CH": "山西省",
        "10PROV_EN": "Shanxi",
        "GBCODE": 140223,
        "YZ_LAT": 114.276054,
        "YZ_LONG": 39.763554,
        "_layer_id": "ming_courier_stations",
        "_layer_title": "명대 역참 지점",
        "_source_file": "Ming_Stations_2016.shp",
        "_source_crs": "EPSG:4326"
      }
    },
    {
      "type": "Feature",
      "geometry": {
        "type": "Point",
        "coordinates": [
          113.50169600000005,
          39.87845800000009
        ]
      },
      "properties": {
        "SRC": "MDYZK",
        "STATUS": "Y",
        "YZ_ID": 616,
        "YZ_LABEL": "WENGCHENGKOUYI Shanxi (瓮城口驿)",
        "YZNM_PY": "WENGCHENGKOUYI",
        "YZNM_CH": "瓮城口驿",
        "YZNM_FT": "甕城口驛",
        "CHGIS_ID": "146319",
        "NOTE": null,
        "10CNTY_CH": "大同县",
        "10CNTY_EN": "Datong",
        "10PREF_CH": "大同市",
        "10PREF_EN": "Datong",
        "10PROV_CH": "山西省",
        "10PROV_EN": "Shanxi",
        "GBCODE": 140227,
        "YZ_LAT": 113.501696,
        "YZ_LONG": 39.878458,
        "_layer_id": "ming_courier_stations",
        "_layer_title": "명대 역참 지점",
        "_source_file": "Ming_Stations_2016.shp",
        "_source_crs": "EPSG:4326"
      }
    },
    {
      "type": "Feature",
      "geometry": {
        "type": "Point",
        "coordinates": [
          113.68489800000002,
          39.69633500000001
        ]
      },
      "properties": {
        "SRC": "MDYZK",
        "STATUS": "Y",
        "YZ_ID": 617,
        "YZ_LABEL": "HUNYUAN Shanxi (浑源州)",
        "YZNM_PY": "HUNYUAN",
        "YZNM_CH": "浑源州",
        "YZNM_FT": "渾源州",
        "CHGIS_ID": "1090",
        "NOTE": null,
        "10CNTY_CH": "浑源县",
        "10CNTY_EN": "Hunyuan",
        "10PREF_CH": "大同市",
        "10PREF_EN": "Datong",
        "10PROV_CH": "山西省",
        "10PROV_EN": "Shanxi",
        "GBCODE": 140225,
        "YZ_LAT": 113.684898,
        "YZ_LONG": 39.696335,
        "_layer_id": "ming_courier_stations",
        "_layer_title": "명대 역참 지점",
        "_source_file": "Ming_Stations_2016.shp",
        "_source_crs": "EPSG:4326"
      }
    },
    {
      "type": "Feature",
      "geometry": {
        "type": "Point",
        "coordinates": [
          113.29638699999998,
          40.092838000000015
        ]
      },
      "properties": {
        "SRC": "MDYZK",
        "STATUS": "L",
        "YZ_ID": 618,
        "YZ_LABEL": "YUNZHONGYI Shanxi (云中驿)",
        "YZNM_PY": "YUNZHONGYI",
        "YZNM_CH": "云中驿",
        "YZNM_FT": "雲中驛",
        "CHGIS_ID": "9680",
        "NOTE": null,
        "10CNTY_CH": "南郊区",
        "10CNTY_EN": "Nanjiaoqu",
        "10PREF_CH": "大同市",
        "10PREF_EN": "Datong",
        "10PROV_CH": "山西省",
        "10PROV_EN": "Shanxi",
        "GBCODE": 140211,
        "YZ_LAT": 113.296387,
        "YZ_LONG": 40.092838,
        "_layer_id": "ming_courier_stations",
        "_layer_title": "명대 역참 지점",
        "_source_file": "Ming_Stations_2016.shp",
        "_source_crs": "EPSG:4326"
      }
    },
    {
      "type": "Feature",
      "geometry": {
        "type": "Point",
        "coordinates": [
          113.102997,
          39.820000000000014
        ]
      },
      "properties": {
        "SRC": "MDYZK",
        "STATUS": "N",
        "YZ_ID": 619,
        "YZ_LABEL": "XI’ANYI Shanxi (西安驿)",
        "YZNM_PY": "XI’ANYI",
        "YZNM_CH": "西安驿",
        "YZNM_FT": "西安驛",
        "CHGIS_ID": "1091",
        "NOTE": null,
        "10CNTY_CH": "怀仁县",
        "10CNTY_EN": "Huairen",
        "10PREF_CH": "朔州市",
        "10PREF_EN": "Shuozhou",
        "10PROV_CH": "山西省",
        "10PROV_EN": "Shanxi",
        "GBCODE": 140624,
        "YZ_LAT": 113.102997,
        "YZ_LONG": 39.82,
        "_layer_id": "ming_courier_stations",
        "_layer_title": "명대 역참 지점",
        "_source_file": "Ming_Stations_2016.shp",
        "_source_crs": "EPSG:4326"
      }
    },
    {
      "type": "Feature",
      "geometry": {
        "type": "Point",
        "coordinates": [
          113.18365004581892,
          39.55909336313912
        ]
      },
      "properties": {
        "SRC": "MDYZK",
        "STATUS": "N",
        "YZ_ID": 620,
        "YZ_LABEL": "ANYINZIYI Shanxi (安银子驿)",
        "YZNM_PY": "ANYINZIYI",
        "YZNM_CH": "安银子驿",
        "YZNM_FT": "安銀子驛",
        "CHGIS_ID": "1092",
        "NOTE": null,
        "10CNTY_CH": "应县",
        "10CNTY_EN": "Yingxian",
        "10PREF_CH": "朔州市",
        "10PREF_EN": "Shuozhou",
        "10PROV_CH": "山西省",
        "10PROV_EN": "Shanxi",
        "GBCODE": 140622,
        "YZ_LAT": 113.18365,
        "YZ_LONG": 39.559093,
        "_layer_id": "ming_courier_stations",
        "_layer_title": "명대 역참 지점",
        "_source_file": "Ming_Stations_2016.shp",
        "_source_crs": "EPSG:4326"
      }
    },
    {
      "type": "Feature",
      "geometry": {
        "type": "Point",
        "coordinates": [
          112.94273399999997,
          39.44043700000003
        ]
      },
      "properties": {
        "SRC": "MDYZK",
        "STATUS": "Y",
        "YZ_ID": 621,
        "YZ_LABEL": "SHANGYINYI Shanxi (山阴驿)",
        "YZNM_PY": "SHANGYINYI",
        "YZNM_CH": "山阴驿",
        "YZNM_FT": "山陰驛",
        "CHGIS_ID": "1087",
        "NOTE": null,
        "10CNTY_CH": "山阴县",
        "10CNTY_EN": "Shanyin",
        "10PREF_CH": "朔州市",
        "10PREF_EN": "Shuozhou",
        "10PROV_CH": "山西省",
        "10PROV_EN": "Shanxi",
        "GBCODE": 140621,
        "YZ_LAT": 112.942734,
        "YZ_LONG": 39.440437,
        "_layer_id": "ming_courier_stations",
        "_layer_title": "명대 역참 지점",
        "_source_file": "Ming_Stations_2016.shp",
        "_source_crs": "EPSG:4326"
      }
    },
    {
      "type": "Feature",
      "geometry": {
        "type": "Point",
        "coordinates": [
          112.50976900000015,
          37.59586399999741
        ]
      },
      "properties": {
        "SRC": "MDYZK",
        "STATUS": "Y",
        "YZ_ID": 623,
        "YZ_LABEL": "TONGGEYI Shanxi (同戈驿)",
        "YZNM_PY": "TONGGEYI",
        "YZNM_CH": "同戈驿",
        "YZNM_FT": "同戈驛",
        "CHGIS_ID": "145002",
        "NOTE": null,
        "10CNTY_CH": "清徐县",
        "10CNTY_EN": "Qingxu",
        "10PREF_CH": "太原市",
        "10PREF_EN": "Taiyuan",
        "10PROV_CH": "山西省",
        "10PROV_EN": "Shanxi",
        "GBCODE": 140121,
        "YZ_LAT": 112.509769,
        "YZ_LONG": 37.595864,
        "_layer_id": "ming_courier_stations",
        "_layer_title": "명대 역참 지점",
        "_source_file": "Ming_Stations_2016.shp",
        "_source_crs": "EPSG:4326"
      }
    },
    {
      "type": "Feature",
      "geometry": {
        "type": "Point",
        "coordinates": [
          112.3569490000001,
          37.41525300000007
        ]
      },
      "properties": {
        "SRC": "MDYZK",
        "STATUS": "Y",
        "YZ_ID": 624,
        "YZ_LABEL": "JIALINGYI Shanxi (贾令驿)",
        "YZNM_PY": "JIALINGYI",
        "YZNM_CH": "贾令驿",
        "YZNM_FT": "賈令驛",
        "CHGIS_ID": "144963",
        "NOTE": null,
        "10CNTY_CH": "祁县",
        "10CNTY_EN": "Qixian",
        "10PREF_CH": "晋中市",
        "10PREF_EN": "Jinzhong",
        "10PROV_CH": "山西省",
        "10PROV_EN": "Shanxi",
        "GBCODE": 140727,
        "YZ_LAT": 112.356949,
        "YZ_LONG": 37.415253,
        "_layer_id": "ming_courier_stations",
        "_layer_title": "명대 역참 지점",
        "_source_file": "Ming_Stations_2016.shp",
        "_source_crs": "EPSG:4326"
      }
    },
    {
      "type": "Feature",
      "geometry": {
        "type": "Point",
        "coordinates": [
          111.76685300000007,
          36.74573500000003
        ]
      },
      "properties": {
        "SRC": "MDYZK",
        "STATUS": "Y",
        "YZ_ID": 625,
        "YZ_LABEL": "RENYI Shanxi (仁义驿)",
        "YZNM_PY": "RENYI",
        "YZNM_CH": "仁义驿",
        "YZNM_FT": "仁義驛",
        "CHGIS_ID": "147932",
        "NOTE": null,
        "10CNTY_CH": "灵石县",
        "10CNTY_EN": "Lingshi",
        "10PREF_CH": "晋中市",
        "10PREF_EN": "Jinzhong",
        "10PROV_CH": "山西省",
        "10PROV_EN": "Shanxi",
        "GBCODE": 140729,
        "YZ_LAT": 111.766853,
        "YZ_LONG": 36.745735,
        "_layer_id": "ming_courier_stations",
        "_layer_title": "명대 역참 지점",
        "_source_file": "Ming_Stations_2016.shp",
        "_source_crs": "EPSG:4326"
      }
    },
    {
      "type": "Feature",
      "geometry": {
        "type": "Point",
        "coordinates": [
          111.33807400000005,
          35.60886400000005
        ]
      },
      "properties": {
        "SRC": "MDYZK",
        "STATUS": "N",
        "YZ_ID": 626,
        "YZ_LABEL": "HOUSHANYI Shanxi (霍山驿)",
        "YZNM_PY": "HOUSHANYI",
        "YZNM_CH": "霍山驿",
        "YZNM_FT": "霍山驛",
        "CHGIS_ID": "145239",
        "NOTE": null,
        "10CNTY_CH": "侯马市",
        "10CNTY_EN": "Houma",
        "10PREF_CH": "临汾市",
        "10PREF_EN": "Linfen",
        "10PROV_CH": "山西省",
        "10PROV_EN": "Shanxi",
        "GBCODE": 141081,
        "YZ_LAT": 111.338074,
        "YZ_LONG": 35.608864,
        "_layer_id": "ming_courier_stations",
        "_layer_title": "명대 역참 지점",
        "_source_file": "Ming_Stations_2016.shp",
        "_source_crs": "EPSG:4326"
      }
    },
    {
      "type": "Feature",
      "geometry": {
        "type": "Point",
        "coordinates": [
          112.482773,
          37.23568700000001
        ]
      },
      "properties": {
        "SRC": "MDYZK",
        "STATUS": "Y",
        "YZ_ID": 627,
        "YZ_LABEL": "PANTUOYI Shanxi (盘陀驿)",
        "YZNM_PY": "PANTUOYI",
        "YZNM_CH": "盘陀驿",
        "YZNM_FT": "盤陀驛",
        "CHGIS_ID": "20768",
        "NOTE": null,
        "10CNTY_CH": "祁县",
        "10CNTY_EN": "Qixian",
        "10PREF_CH": "晋中市",
        "10PREF_EN": "Jinzhong",
        "10PROV_CH": "山西省",
        "10PROV_EN": "Shanxi",
        "GBCODE": 140727,
        "YZ_LAT": 112.482773,
        "YZ_LONG": 37.235687,
        "_layer_id": "ming_courier_stations",
        "_layer_title": "명대 역참 지점",
        "_source_file": "Ming_Stations_2016.shp",
        "_source_crs": "EPSG:4326"
      }
    },
    {
      "type": "Feature",
      "geometry": {
        "type": "Point",
        "coordinates": [
          112.50965899999998,
          37.09589800000002
        ]
      },
      "properties": {
        "SRC": "MDYZK",
        "STATUS": "Y",
        "YZ_ID": 628,
        "YZ_LABEL": "NANGUANYI Shanxi (南关驿)",
        "YZNM_PY": "NANGUANYI",
        "YZNM_CH": "南关驿",
        "YZNM_FT": "南關驛",
        "CHGIS_ID": "20745",
        "NOTE": null,
        "10CNTY_CH": "武乡县",
        "10CNTY_EN": "Wuxiang",
        "10PREF_CH": "长治市",
        "10PREF_EN": "Changzhi",
        "10PROV_CH": "山西省",
        "10PROV_EN": "Shanxi",
        "GBCODE": 140429,
        "YZ_LAT": 112.509659,
        "YZ_LONG": 37.095898,
        "_layer_id": "ming_courier_stations",
        "_layer_title": "명대 역참 지점",
        "_source_file": "Ming_Stations_2016.shp",
        "_source_crs": "EPSG:4326"
      }
    },
    {
      "type": "Feature",
      "geometry": {
        "type": "Point",
        "coordinates": [
          112.58008000000001,
          36.95311800000002
        ]
      },
      "properties": {
        "SRC": "MDYZK",
        "STATUS": "Y",
        "YZ_ID": 629,
        "YZ_LABEL": "QUANDIANYI Shanxi (权店驿)",
        "YZNM_PY": "QUANDIANYI",
        "YZNM_CH": "权店驿",
        "YZNM_FT": "權店驛",
        "CHGIS_ID": "20850",
        "NOTE": null,
        "10CNTY_CH": "沁县",
        "10CNTY_EN": "Qinxian",
        "10PREF_CH": "长治市",
        "10PREF_EN": "Changzhi",
        "10PROV_CH": "山西省",
        "10PROV_EN": "Shanxi",
        "GBCODE": 140430,
        "YZ_LAT": 112.58008,
        "YZ_LONG": 36.953118,
        "_layer_id": "ming_courier_stations",
        "_layer_title": "명대 역참 지점",
        "_source_file": "Ming_Stations_2016.shp",
        "_source_crs": "EPSG:4326"
      }
    },
    {
      "type": "Feature",
      "geometry": {
        "type": "Point",
        "coordinates": [
          112.69898199999999,
          36.75743100000002
        ]
      },
      "properties": {
        "SRC": "MDYZK",
        "STATUS": "Y",
        "YZ_ID": 630,
        "YZ_LABEL": "QINYANGYI Shanxi (沁阳驿)",
        "YZNM_PY": "QINYANGYI",
        "YZNM_CH": "沁阳驿",
        "YZNM_FT": "沁陽驛",
        "CHGIS_ID": "9692",
        "NOTE": null,
        "10CNTY_CH": "沁县",
        "10CNTY_EN": "Qinxian",
        "10PREF_CH": "长治市",
        "10PREF_EN": "Changzhi",
        "10PROV_CH": "山西省",
        "10PROV_EN": "Shanxi",
        "GBCODE": 140430,
        "YZ_LAT": 112.698982,
        "YZ_LONG": 36.757431,
        "_layer_id": "ming_courier_stations",
        "_layer_title": "명대 역참 지점",
        "_source_file": "Ming_Stations_2016.shp",
        "_source_crs": "EPSG:4326"
      }
    },
    {
      "type": "Feature",
      "geometry": {
        "type": "Point",
        "coordinates": [
          112.80595399999999,
          36.569282000000015
        ]
      },
      "properties": {
        "SRC": "MDYZK",
        "STATUS": "N",
        "YZ_ID": 631,
        "YZ_LABEL": "YUTINGYI Shanxi (毓婷驿)",
        "YZNM_PY": "YUTINGYI",
        "YZNM_CH": "毓婷驿",
        "YZNM_FT": "毓婷驛",
        "CHGIS_ID": "20834",
        "NOTE": null,
        "10CNTY_CH": "襄垣县",
        "10CNTY_EN": "Xiangyuan",
        "10PREF_CH": "长治市",
        "10PREF_EN": "Changzhi",
        "10PROV_CH": "山西省",
        "10PROV_EN": "Shanxi",
        "GBCODE": 140423,
        "YZ_LAT": 112.805954,
        "YZ_LONG": 36.569282,
        "_layer_id": "ming_courier_stations",
        "_layer_title": "명대 역참 지점",
        "_source_file": "Ming_Stations_2016.shp",
        "_source_crs": "EPSG:4326"
      }
    },
    {
      "type": "Feature",
      "geometry": {
        "type": "Point",
        "coordinates": [
          113.10348499999999,
          36.18353700000002
        ]
      },
      "properties": {
        "SRC": "MDYZK",
        "STATUS": "N",
        "YZ_ID": 632,
        "YZ_LABEL": "ZHANGZEYI Shanxi (漳泽驿)",
        "YZNM_PY": "ZHANGZEYI",
        "YZNM_CH": "漳泽驿",
        "YZNM_FT": "漳澤驛",
        "CHGIS_ID": "9693",
        "NOTE": null,
        "10CNTY_CH": "城区",
        "10CNTY_EN": "Chengqu",
        "10PREF_CH": "长治市",
        "10PREF_EN": "Changzhi",
        "10PROV_CH": "山西省",
        "10PROV_EN": "Shanxi",
        "GBCODE": 140402,
        "YZ_LAT": 113.103485,
        "YZ_LONG": 36.183537,
        "_layer_id": "ming_courier_stations",
        "_layer_title": "명대 역참 지점",
        "_source_file": "Ming_Stations_2016.shp",
        "_source_crs": "EPSG:4326"
      }
    },
    {
      "type": "Feature",
      "geometry": {
        "type": "Point",
        "coordinates": [
          112.82692000000075,
          36.37837199999656
        ]
      },
      "properties": {
        "SRC": "MDYZK",
        "STATUS": "Y",
        "YZ_ID": 633,
        "YZ_LABEL": "YUWUYI Shanxi (余吾驿)",
        "YZNM_PY": "YUWUYI",
        "YZNM_CH": "余吾驿",
        "YZNM_FT": "餘吾驛",
        "CHGIS_ID": "145634",
        "NOTE": null,
        "10CNTY_CH": "屯留县",
        "10CNTY_EN": "Tunliu",
        "10PREF_CH": "长治市",
        "10PREF_EN": "Changzhi",
        "10PROV_CH": "山西省",
        "10PROV_EN": "Shanxi",
        "GBCODE": 140424,
        "YZ_LAT": 112.82692,
        "YZ_LONG": 36.378372,
        "_layer_id": "ming_courier_stations",
        "_layer_title": "명대 역참 지점",
        "_source_file": "Ming_Stations_2016.shp",
        "_source_crs": "EPSG:4326"
      }
    },
    {
      "type": "Feature",
      "geometry": {
        "type": "Point",
        "coordinates": [
          112.85572700000088,
          35.89950799999655
        ]
      },
      "properties": {
        "SRC": "MDYZK",
        "STATUS": "Y",
        "YZ_ID": 634,
        "YZ_LABEL": "CHANGPINGYI Shanxi (长平驿)",
        "YZNM_PY": "CHANGPINGYI",
        "YZNM_CH": "长平驿",
        "YZNM_FT": "長平驛",
        "CHGIS_ID": "146161",
        "NOTE": null,
        "10CNTY_CH": "高平市",
        "10CNTY_EN": "Gaoping",
        "10PREF_CH": "晋城市",
        "10PREF_EN": "Jincheng",
        "10PROV_CH": "山西省",
        "10PROV_EN": "Shanxi",
        "GBCODE": 140581,
        "YZ_LAT": 112.855727,
        "YZ_LONG": 35.899508,
        "_layer_id": "ming_courier_stations",
        "_layer_title": "명대 역참 지점",
        "_source_file": "Ming_Stations_2016.shp",
        "_source_crs": "EPSG:4326"
      }
    },
    {
      "type": "Feature",
      "geometry": {
        "type": "Point",
        "coordinates": [
          112.919586,
          35.79205700000002
        ]
      },
      "properties": {
        "SRC": "MDYZK",
        "STATUS": "Y",
        "YZ_ID": 635,
        "YZ_LABEL": "GAOPING Shanxi (高平)",
        "YZNM_PY": "GAOPING",
        "YZNM_CH": "高平",
        "YZNM_FT": "高平",
        "CHGIS_ID": "1157",
        "NOTE": null,
        "10CNTY_CH": "高平市",
        "10CNTY_EN": "Gaoping",
        "10PREF_CH": "晋城市",
        "10PREF_EN": "Jincheng",
        "10PROV_CH": "山西省",
        "10PROV_EN": "Shanxi",
        "GBCODE": 140581,
        "YZ_LAT": 112.919586,
        "YZ_LONG": 35.792057,
        "_layer_id": "ming_courier_stations",
        "_layer_title": "명대 역참 지점",
        "_source_file": "Ming_Stations_2016.shp",
        "_source_crs": "EPSG:4326"
      }
    },
    {
      "type": "Feature",
      "geometry": {
        "type": "Point",
        "coordinates": [
          112.88500199999999,
          35.69800200000002
        ]
      },
      "properties": {
        "SRC": "MDYZK",
        "STATUS": "Y",
        "YZ_ID": 636,
        "YZ_LABEL": "QIAOCUNYI Shanxi (乔村驿)",
        "YZNM_PY": "QIAOCUNYI",
        "YZNM_CH": "乔村驿",
        "YZNM_FT": "喬村驛",
        "CHGIS_ID": "20927",
        "NOTE": null,
        "10CNTY_CH": "高平市",
        "10CNTY_EN": "Gaoping",
        "10PREF_CH": "晋城市",
        "10PREF_EN": "Jincheng",
        "10PROV_CH": "山西省",
        "10PROV_EN": "Shanxi",
        "GBCODE": 140581,
        "YZ_LAT": 112.885002,
        "YZ_LONG": 35.698002,
        "_layer_id": "ming_courier_stations",
        "_layer_title": "명대 역참 지점",
        "_source_file": "Ming_Stations_2016.shp",
        "_source_crs": "EPSG:4326"
      }
    },
    {
      "type": "Feature",
      "geometry": {
        "type": "Point",
        "coordinates": [
          112.83915699999999,
          35.50431800000001
        ]
      },
      "properties": {
        "SRC": "MDYZK",
        "STATUS": "Y",
        "YZ_ID": 637,
        "YZ_LABEL": "TAIHANGYI Shanxi (太行驿)",
        "YZNM_PY": "TAIHANGYI",
        "YZNM_CH": "太行驿",
        "YZNM_FT": "太行驛",
        "CHGIS_ID": "9695",
        "NOTE": null,
        "10CNTY_CH": "城区",
        "10CNTY_EN": "Chengqu",
        "10PREF_CH": "晋城市",
        "10PREF_EN": "Jincheng",
        "10PROV_CH": "山西省",
        "10PROV_EN": "Shanxi",
        "GBCODE": 140502,
        "YZ_LAT": 112.839157,
        "YZ_LONG": 35.504318,
        "_layer_id": "ming_courier_stations",
        "_layer_title": "명대 역참 지점",
        "_source_file": "Ming_Stations_2016.shp",
        "_source_crs": "EPSG:4326"
      }
    },
    {
      "type": "Feature",
      "geometry": {
        "type": "Point",
        "coordinates": [
          117.34888500000002,
          36.73124300000002
        ]
      },
      "properties": {
        "SRC": "MDYZK",
        "STATUS": "Y",
        "YZ_ID": 638,
        "YZ_LABEL": "LONGSHANZHENYI Shandong (龙山镇驿)",
        "YZNM_PY": "LONGSHANZHENYI",
        "YZNM_CH": "龙山镇驿",
        "YZNM_FT": "龍山鎮驛",
        "CHGIS_ID": "20309",
        "NOTE": null,
        "10CNTY_CH": "章丘市",
        "10CNTY_EN": "Zhangqiu",
        "10PREF_CH": "济南市",
        "10PREF_EN": "Jinan",
        "10PROV_CH": "山东省",
        "10PROV_EN": "Shandong",
        "GBCODE": 370181,
        "YZ_LAT": 117.348885,
        "YZ_LONG": 36.731243,
        "_layer_id": "ming_courier_stations",
        "_layer_title": "명대 역참 지점",
        "_source_file": "Ming_Stations_2016.shp",
        "_source_crs": "EPSG:4326"
      }
    },
    {
      "type": "Feature",
      "geometry": {
        "type": "Point",
        "coordinates": [
          118.19503800000003,
          36.799858000000015
        ]
      },
      "properties": {
        "SRC": "MDYZK",
        "STATUS": "Y",
        "YZ_ID": 639,
        "YZ_LABEL": "JINGLINGZHENYI Shandong (金岭镇驿)",
        "YZNM_PY": "JINGLINGZHENYI",
        "YZNM_CH": "金岭镇驿",
        "YZNM_FT": "金嶺鎮驛",
        "CHGIS_ID": "20336",
        "NOTE": null,
        "10CNTY_CH": "临淄区",
        "10CNTY_EN": "Linzi",
        "10PREF_CH": "淄博市",
        "10PREF_EN": "Zibo",
        "10PROV_CH": "山东省",
        "10PROV_EN": "Shandong",
        "GBCODE": 370305,
        "YZ_LAT": 118.195038,
        "YZ_LONG": 36.799858,
        "_layer_id": "ming_courier_stations",
        "_layer_title": "명대 역참 지점",
        "_source_file": "Ming_Stations_2016.shp",
        "_source_crs": "EPSG:4326"
      }
    },
    {
      "type": "Feature",
      "geometry": {
        "type": "Point",
        "coordinates": [
          118.47827200000002,
          36.687916000000016
        ]
      },
      "properties": {
        "SRC": "MDYZK",
        "STATUS": "Y",
        "YZ_ID": 640,
        "YZ_LABEL": "QINGSHEYI Shandong (青社驿)",
        "YZNM_PY": "QINGSHEYI",
        "YZNM_CH": "青社驿",
        "YZNM_FT": "青社驛",
        "CHGIS_ID": "9790",
        "NOTE": null,
        "10CNTY_CH": "青州市",
        "10CNTY_EN": "Qingzhou",
        "10PREF_CH": "潍坊市",
        "10PREF_EN": "Weifang",
        "10PROV_CH": "山东省",
        "10PROV_EN": "Shandong",
        "GBCODE": 370781,
        "YZ_LAT": 118.478272,
        "YZ_LONG": 36.687916,
        "_layer_id": "ming_courier_stations",
        "_layer_title": "명대 역참 지점",
        "_source_file": "Ming_Stations_2016.shp",
        "_source_crs": "EPSG:4326"
      }
    },
    {
      "type": "Feature",
      "geometry": {
        "type": "Point",
        "coordinates": [
          119.10649899999999,
          36.70270500000002
        ]
      },
      "properties": {
        "SRC": "MDYZK",
        "STATUS": "Y",
        "YZ_ID": 641,
        "YZ_LABEL": "WEIXIAN Shandong (潍县)",
        "YZNM_PY": "WEIXIAN",
        "YZNM_CH": "潍县",
        "YZNM_FT": "濰縣",
        "CHGIS_ID": "1040",
        "NOTE": null,
        "10CNTY_CH": "潍城区",
        "10CNTY_EN": "Weicheng",
        "10PREF_CH": "潍坊市",
        "10PREF_EN": "Weifang",
        "10PROV_CH": "山东省",
        "10PROV_EN": "Shandong",
        "GBCODE": 370702,
        "YZ_LAT": 119.106499,
        "YZ_LONG": 36.702705,
        "_layer_id": "ming_courier_stations",
        "_layer_title": "명대 역참 지점",
        "_source_file": "Ming_Stations_2016.shp",
        "_source_crs": "EPSG:4326"
      }
    },
    {
      "type": "Feature",
      "geometry": {
        "type": "Point",
        "coordinates": [
          119.39997899999997,
          36.85566700000002
        ]
      },
      "properties": {
        "SRC": "MDYZK",
        "STATUS": "Y",
        "YZ_ID": 642,
        "YZ_LABEL": "CHANGYI Shandong (昌邑)",
        "YZNM_PY": "CHANGYI",
        "YZNM_CH": "昌邑",
        "YZNM_FT": "昌邑",
        "CHGIS_ID": "1041",
        "NOTE": null,
        "10CNTY_CH": "昌邑市",
        "10CNTY_EN": "Changyi",
        "10PREF_CH": "潍坊市",
        "10PREF_EN": "Weifang",
        "10PROV_CH": "山东省",
        "10PROV_EN": "Shandong",
        "GBCODE": 370786,
        "YZ_LAT": 119.399979,
        "YZ_LONG": 36.855667,
        "_layer_id": "ming_courier_stations",
        "_layer_title": "명대 역참 지점",
        "_source_file": "Ming_Stations_2016.shp",
        "_source_crs": "EPSG:4326"
      }
    },
    {
      "type": "Feature",
      "geometry": {
        "type": "Point",
        "coordinates": [
          119.70796999999997,
          36.989552000000025
        ]
      },
      "properties": {
        "SRC": "MDYZK",
        "STATUS": "Y",
        "YZ_ID": 643,
        "YZ_LABEL": "HUIBUYI Shandong (灰埠驿)",
        "YZNM_PY": "HUIBUYI",
        "YZNM_CH": "灰埠驿",
        "YZNM_FT": "灰埠驛",
        "CHGIS_ID": "20345",
        "NOTE": null,
        "10CNTY_CH": "平度市",
        "10CNTY_EN": "Pingdu",
        "10PREF_CH": "青岛市",
        "10PREF_EN": "Qingdao",
        "10PROV_CH": "山东省",
        "10PROV_EN": "Shandong",
        "GBCODE": 370283,
        "YZ_LAT": 119.70797,
        "YZ_LONG": 36.989552,
        "_layer_id": "ming_courier_stations",
        "_layer_title": "명대 역참 지점",
        "_source_file": "Ming_Stations_2016.shp",
        "_source_crs": "EPSG:4326"
      }
    },
    {
      "type": "Feature",
      "geometry": {
        "type": "Point",
        "coordinates": [
          119.93800400000003,
          37.17543000000002
        ]
      },
      "properties": {
        "SRC": "MDYZK",
        "STATUS": "Y",
        "YZ_ID": 644,
        "YZ_LABEL": "LAIZHOUFU Shandong (莱州府)",
        "YZNM_PY": "LAIZHOUFU",
        "YZNM_CH": "莱州府",
        "YZNM_FT": "萊州府",
        "CHGIS_ID": "9672",
        "NOTE": null,
        "10CNTY_CH": "莱州市",
        "10CNTY_EN": "Laizhou",
        "10PREF_CH": "烟台市",
        "10PREF_EN": "Yantai",
        "10PROV_CH": "山东省",
        "10PROV_EN": "Shandong",
        "GBCODE": 370683,
        "YZ_LAT": 119.938004,
        "YZ_LONG": 37.17543,
        "_layer_id": "ming_courier_stations",
        "_layer_title": "명대 역참 지점",
        "_source_file": "Ming_Stations_2016.shp",
        "_source_crs": "EPSG:4326"
      }
    },
    {
      "type": "Feature",
      "geometry": {
        "type": "Point",
        "coordinates": [
          120.27514599999999,
          37.54087800000001
        ]
      },
      "properties": {
        "SRC": "MDYZK",
        "STATUS": "Y",
        "YZ_ID": 645,
        "YZ_LABEL": "HUANGSHANGUANYI Shandong (黄山馆驿)",
        "YZNM_PY": "HUANGSHANGUANYI",
        "YZNM_CH": "黄山馆驿",
        "YZNM_FT": "黃山館驛",
        "CHGIS_ID": "20252",
        "NOTE": null,
        "10CNTY_CH": "龙口市",
        "10CNTY_EN": "Longkou",
        "10PREF_CH": "烟台市",
        "10PREF_EN": "Yantai",
        "10PROV_CH": "山东省",
        "10PROV_EN": "Shandong",
        "GBCODE": 370681,
        "YZ_LAT": 120.275146,
        "YZ_LONG": 37.540878,
        "_layer_id": "ming_courier_stations",
        "_layer_title": "명대 역참 지점",
        "_source_file": "Ming_Stations_2016.shp",
        "_source_crs": "EPSG:4326"
      }
    },
    {
      "type": "Feature",
      "geometry": {
        "type": "Point",
        "coordinates": [
          120.52073861903828,
          37.6466739914786
        ]
      },
      "properties": {
        "SRC": "MDYZK",
        "STATUS": "Y",
        "YZ_ID": 646,
        "YZ_LABEL": "HUANGXIAN Shandong (黄县)",
        "YZNM_PY": "HUANGXIAN",
        "YZNM_CH": "黄县",
        "YZNM_FT": "黃縣",
        "CHGIS_ID": "1016",
        "NOTE": null,
        "10CNTY_CH": "龙口市",
        "10CNTY_EN": "Longkou",
        "10PREF_CH": "烟台市",
        "10PREF_EN": "Yantai",
        "10PROV_CH": "山东省",
        "10PROV_EN": "Shandong",
        "GBCODE": 370681,
        "YZ_LAT": 120.520739,
        "YZ_LONG": 37.646674,
        "_layer_id": "ming_courier_stations",
        "_layer_title": "명대 역참 지점",
        "_source_file": "Ming_Stations_2016.shp",
        "_source_crs": "EPSG:4326"
      }
    },
    {
      "type": "Feature",
      "geometry": {
        "type": "Point",
        "coordinates": [
          120.74050199999999,
          37.804516000000014
        ]
      },
      "properties": {
        "SRC": "MDYZK",
        "STATUS": "Y",
        "YZ_ID": 647,
        "YZ_LABEL": "DENGZHOUFU Shandong (登州府)",
        "YZNM_PY": "DENGZHOUFU",
        "YZNM_CH": "登州府",
        "YZNM_FT": "登州府",
        "CHGIS_ID": "9668",
        "NOTE": null,
        "10CNTY_CH": "蓬莱市",
        "10CNTY_EN": "Penglai",
        "10PREF_CH": "烟台市",
        "10PREF_EN": "Yantai",
        "10PROV_CH": "山东省",
        "10PROV_EN": "Shandong",
        "GBCODE": 370684,
        "YZ_LAT": 120.740502,
        "YZ_LONG": 37.804516,
        "_layer_id": "ming_courier_stations",
        "_layer_title": "명대 역참 지점",
        "_source_file": "Ming_Stations_2016.shp",
        "_source_crs": "EPSG:4326"
      }
    },
    {
      "type": "Feature",
      "geometry": {
        "type": "Point",
        "coordinates": [
          116.76808200000004,
          36.25094600000002
        ]
      },
      "properties": {
        "SRC": "MDYZK",
        "STATUS": "Y",
        "YZ_ID": 649,
        "YZ_LABEL": "WUNINGYI Shandong (五宁驿)",
        "YZNM_PY": "WUNINGYI",
        "YZNM_CH": "五宁驿",
        "YZNM_FT": "五寧驛",
        "CHGIS_ID": "1029",
        "NOTE": null,
        "10CNTY_CH": "肥城市",
        "10CNTY_EN": "Feicheng",
        "10PREF_CH": "泰安市",
        "10PREF_EN": "Taian",
        "10PROV_CH": "山东省",
        "10PROV_EN": "Shandong",
        "GBCODE": 370983,
        "YZ_LAT": 116.768082,
        "YZ_LONG": 36.250946,
        "_layer_id": "ming_courier_stations",
        "_layer_title": "명대 역참 지점",
        "_source_file": "Ming_Stations_2016.shp",
        "_source_crs": "EPSG:4326"
      }
    },
    {
      "type": "Feature",
      "geometry": {
        "type": "Point",
        "coordinates": [
          116.790016,
          35.76439700000002
        ]
      },
      "properties": {
        "SRC": "MDYZK",
        "STATUS": "Y",
        "YZ_ID": 650,
        "YZ_LABEL": "QINGCHUANCUNYI Shandong (清川村驿)",
        "YZNM_PY": "QINGCHUANCUNYI",
        "YZNM_CH": "清川村驿",
        "YZNM_FT": "清川村驛",
        "CHGIS_ID": "1058",
        "NOTE": null,
        "10CNTY_CH": "宁阳县",
        "10CNTY_EN": "Ningyang",
        "10PREF_CH": "泰安市",
        "10PREF_EN": "Taian",
        "10PROV_CH": "山东省",
        "10PROV_EN": "Shandong",
        "GBCODE": 370921,
        "YZ_LAT": 116.790016,
        "YZ_LONG": 35.764397,
        "_layer_id": "ming_courier_stations",
        "_layer_title": "명대 역참 지점",
        "_source_file": "Ming_Stations_2016.shp",
        "_source_crs": "EPSG:4326"
      }
    },
    {
      "type": "Feature",
      "geometry": {
        "type": "Point",
        "coordinates": [
          116.669609,
          35.650402000000014
        ]
      },
      "properties": {
        "SRC": "MDYZK",
        "STATUS": "Y",
        "YZ_ID": 651,
        "YZ_LABEL": "XINJIAYI Shandong (新嘉驿)",
        "YZNM_PY": "XINJIAYI",
        "YZNM_CH": "新嘉驿",
        "YZNM_FT": "新嘉驛",
        "CHGIS_ID": "20425",
        "NOTE": null,
        "10CNTY_CH": "兖州市",
        "10CNTY_EN": "Yanzhou",
        "10PREF_CH": "济宁市",
        "10PREF_EN": "Jining",
        "10PROV_CH": "山东省",
        "10PROV_EN": "Shandong",
        "GBCODE": 370882,
        "YZ_LAT": 116.669609,
        "YZ_LONG": 35.650402,
        "_layer_id": "ming_courier_stations",
        "_layer_title": "명대 역참 지점",
        "_source_file": "Ming_Stations_2016.shp",
        "_source_crs": "EPSG:4326"
      }
    },
    {
      "type": "Feature",
      "geometry": {
        "type": "Point",
        "coordinates": [
          116.23942499999998,
          36.32958600000002
        ]
      },
      "properties": {
        "SRC": "MDYZK",
        "STATUS": "Y",
        "YZ_ID": 652,
        "YZ_LABEL": "TONGCHENGYI Shandong (铜城驿)",
        "YZNM_PY": "TONGCHENGYI",
        "YZNM_CH": "铜城驿",
        "YZNM_FT": "銅城驛",
        "CHGIS_ID": "20293",
        "NOTE": null,
        "10CNTY_CH": "东阿县",
        "10CNTY_EN": "Donga",
        "10PREF_CH": "聊城市",
        "10PREF_EN": "Liaocheng",
        "10PROV_CH": "山东省",
        "10PROV_EN": "Shandong",
        "GBCODE": 371524,
        "YZ_LAT": 116.239425,
        "YZ_LONG": 36.329586,
        "_layer_id": "ming_courier_stations",
        "_layer_title": "명대 역참 지점",
        "_source_file": "Ming_Stations_2016.shp",
        "_source_crs": "EPSG:4326"
      }
    },
    {
      "type": "Feature",
      "geometry": {
        "type": "Point",
        "coordinates": [
          116.236664,
          36.12102100000005
        ]
      },
      "properties": {
        "SRC": "MDYZK",
        "STATUS": "Y",
        "YZ_ID": 653,
        "YZ_LABEL": "JIUXIANYI Shandong (旧县驿)",
        "YZNM_PY": "JIUXIANYI",
        "YZNM_CH": "旧县驿",
        "YZNM_FT": "舊縣驛",
        "CHGIS_ID": "142748",
        "NOTE": null,
        "10CNTY_CH": "东平县",
        "10CNTY_EN": "Dongping",
        "10PREF_CH": "泰安市",
        "10PREF_EN": "Taian",
        "10PROV_CH": "山东省",
        "10PROV_EN": "Shandong",
        "GBCODE": 370923,
        "YZ_LAT": 116.236664,
        "YZ_LONG": 36.121021,
        "_layer_id": "ming_courier_stations",
        "_layer_title": "명대 역참 지점",
        "_source_file": "Ming_Stations_2016.shp",
        "_source_crs": "EPSG:4326"
      }
    },
    {
      "type": "Feature",
      "geometry": {
        "type": "Point",
        "coordinates": [
          116.65903500073699,
          33.788268998628915
        ]
      },
      "properties": {
        "SRC": "MDYZK",
        "STATUS": "Y",
        "YZ_ID": 654,
        "YZ_LABEL": "BAISHANDAOYI Anhui (百善道驿)",
        "YZNM_PY": "BAISHANDAOYI",
        "YZNM_CH": "百善道驿",
        "YZNM_FT": "百善道驛",
        "CHGIS_ID": "43278",
        "NOTE": null,
        "10CNTY_CH": "濉溪县",
        "10CNTY_EN": "Suixi",
        "10PREF_CH": "淮北市",
        "10PREF_EN": "Huaibei",
        "10PROV_CH": "安徽省",
        "10PROV_EN": "Anhui",
        "GBCODE": 340621,
        "YZ_LAT": 116.659035,
        "YZ_LONG": 33.788269,
        "_layer_id": "ming_courier_stations",
        "_layer_title": "명대 역참 지점",
        "_source_file": "Ming_Stations_2016.shp",
        "_source_crs": "EPSG:4326"
      }
    },
    {
      "type": "Feature",
      "geometry": {
        "type": "Point",
        "coordinates": [
          117.53774600000001,
          32.86534800000002
        ]
      },
      "properties": {
        "SRC": "MDYZK",
        "STATUS": "N",
        "YZ_ID": 655,
        "YZ_LABEL": "HAOLIANGYI Anhui (濠梁驿)",
        "YZNM_PY": "HAOLIANGYI",
        "YZNM_CH": "濠梁驿",
        "YZNM_FT": "濠梁驛",
        "CHGIS_ID": "9785",
        "NOTE": null,
        "10CNTY_CH": "凤阳县",
        "10CNTY_EN": "Fengyang",
        "10PREF_CH": "滁州市",
        "10PREF_EN": "Chuzhou",
        "10PROV_CH": "安徽省",
        "10PROV_EN": "Anhui",
        "GBCODE": 341126,
        "YZ_LAT": 117.537746,
        "YZ_LONG": 32.865348,
        "_layer_id": "ming_courier_stations",
        "_layer_title": "명대 역참 지점",
        "_source_file": "Ming_Stations_2016.shp",
        "_source_crs": "EPSG:4326"
      }
    },
    {
      "type": "Feature",
      "geometry": {
        "type": "Point",
        "coordinates": [
          117.57138100154326,
          32.065066997163854
        ]
      },
      "properties": {
        "SRC": "MDYZK",
        "STATUS": "Y",
        "YZ_ID": 656,
        "YZ_LABEL": "HUCHENGYI Anhui (护城驿)",
        "YZNM_PY": "HUCHENGYI",
        "YZNM_CH": "护城驿",
        "YZNM_FT": "護城驛",
        "CHGIS_ID": "23070",
        "NOTE": null,
        "10CNTY_CH": "肥东县",
        "10CNTY_EN": "Feidong",
        "10PREF_CH": "合肥市",
        "10PREF_EN": "Hefei",
        "10PROV_CH": "安徽省",
        "10PROV_EN": "Anhui",
        "GBCODE": 340122,
        "YZ_LAT": 117.571381,
        "YZ_LONG": 32.065067,
        "_layer_id": "ming_courier_stations",
        "_layer_title": "명대 역참 지점",
        "_source_file": "Ming_Stations_2016.shp",
        "_source_crs": "EPSG:4326"
      }
    },
    {
      "type": "Feature",
      "geometry": {
        "type": "Point",
        "coordinates": [
          117.6190570000001,
          32.32915500000008
        ]
      },
      "properties": {
        "SRC": "MDYZK",
        "STATUS": "Y",
        "YZ_ID": 657,
        "YZ_LABEL": "ZHANGQIAOYI Anhui (张桥驿)",
        "YZNM_PY": "ZHANGQIAOYI",
        "YZNM_CH": "张桥驿",
        "YZNM_FT": "張橋驛",
        "CHGIS_ID": "130411",
        "NOTE": null,
        "10CNTY_CH": "定远县",
        "10CNTY_EN": "Dingyuan",
        "10PREF_CH": "滁州市",
        "10PREF_EN": "Chuzhou",
        "10PROV_CH": "安徽省",
        "10PROV_EN": "Anhui",
        "GBCODE": 341125,
        "YZ_LAT": 117.619057,
        "YZ_LONG": 32.329155,
        "_layer_id": "ming_courier_stations",
        "_layer_title": "명대 역참 지점",
        "_source_file": "Ming_Stations_2016.shp",
        "_source_crs": "EPSG:4326"
      }
    },
    {
      "type": "Feature",
      "geometry": {
        "type": "Point",
        "coordinates": [
          116.97504500000005,
          31.502898000000076
        ]
      },
      "properties": {
        "SRC": "MDYZK",
        "STATUS": "Y",
        "YZ_ID": 658,
        "YZ_LABEL": "SANGOUYI Anhui (三沟驿)",
        "YZNM_PY": "SANGOUYI",
        "YZNM_CH": "三沟驿",
        "YZNM_FT": "三溝驛",
        "CHGIS_ID": "130312",
        "NOTE": null,
        "10CNTY_CH": "舒城县",
        "10CNTY_EN": "Shucheng",
        "10PREF_CH": "六安市",
        "10PREF_EN": "Liuan",
        "10PROV_CH": "安徽省",
        "10PROV_EN": "Anhui",
        "GBCODE": 341523,
        "YZ_LAT": 116.975045,
        "YZ_LONG": 31.502898,
        "_layer_id": "ming_courier_stations",
        "_layer_title": "명대 역참 지점",
        "_source_file": "Ming_Stations_2016.shp",
        "_source_crs": "EPSG:4326"
      }
    },
    {
      "type": "Feature",
      "geometry": {
        "type": "Point",
        "coordinates": [
          117.15776100000004,
          31.716938000000034
        ]
      },
      "properties": {
        "SRC": "MDYZK",
        "STATUS": "Y",
        "YZ_ID": 659,
        "YZ_LABEL": "PAIHEYI Anhui (派河驿)",
        "YZNM_PY": "PAIHEYI",
        "YZNM_CH": "派河驿",
        "YZNM_FT": "派河驛",
        "CHGIS_ID": "130980",
        "NOTE": null,
        "10CNTY_CH": "肥西县",
        "10CNTY_EN": "Feixi",
        "10PREF_CH": "合肥市",
        "10PREF_EN": "Hefei",
        "10PROV_CH": "安徽省",
        "10PROV_EN": "Anhui",
        "GBCODE": 340123,
        "YZ_LAT": 117.157761,
        "YZ_LONG": 31.716938,
        "_layer_id": "ming_courier_stations",
        "_layer_title": "명대 역참 지점",
        "_source_file": "Ming_Stations_2016.shp",
        "_source_crs": "EPSG:4326"
      }
    },
    {
      "type": "Feature",
      "geometry": {
        "type": "Point",
        "coordinates": [
          118.837898,
          32.34841900000002
        ]
      },
      "properties": {
        "SRC": "MDYZK",
        "STATUS": "Y",
        "YZ_ID": 660,
        "YZ_LABEL": "YEYIYI Jiangsu (棠邑驿)",
        "YZNM_PY": "YEYIYI",
        "YZNM_CH": "棠邑驿",
        "YZNM_FT": "棠邑驛",
        "CHGIS_ID": "40560",
        "NOTE": null,
        "10CNTY_CH": "六合区",
        "10CNTY_EN": "Liuhe",
        "10PREF_CH": "南京市",
        "10PREF_EN": "Nanjing",
        "10PROV_CH": "江苏省",
        "10PROV_EN": "Jiangsu",
        "GBCODE": 320116,
        "YZ_LAT": 118.837898,
        "YZ_LONG": 32.348419,
        "_layer_id": "ming_courier_stations",
        "_layer_title": "명대 역참 지점",
        "_source_file": "Ming_Stations_2016.shp",
        "_source_crs": "EPSG:4326"
      }
    },
    {
      "type": "Feature",
      "geometry": {
        "type": "Point",
        "coordinates": [
          117.02015000000009,
          31.340373000000067
        ]
      },
      "properties": {
        "SRC": "MDYZK",
        "STATUS": "Y",
        "YZ_ID": 661,
        "YZ_LABEL": "MEIXINYI Anhui (梅心驿)",
        "YZNM_PY": "MEIXINYI",
        "YZNM_CH": "梅心驿",
        "YZNM_FT": "梅心驛",
        "CHGIS_ID": "130301",
        "NOTE": null,
        "10CNTY_CH": "舒城县",
        "10CNTY_EN": "Shucheng",
        "10PREF_CH": "六安市",
        "10PREF_EN": "Liuan",
        "10PROV_CH": "安徽省",
        "10PROV_EN": "Anhui",
        "GBCODE": 341523,
        "YZ_LAT": 117.02015,
        "YZ_LONG": 31.340373,
        "_layer_id": "ming_courier_stations",
        "_layer_title": "명대 역참 지점",
        "_source_file": "Ming_Stations_2016.shp",
        "_source_crs": "EPSG:4326"
      }
    },
    {
      "type": "Feature",
      "geometry": {
        "type": "Point",
        "coordinates": [
          116.79015700000005,
          30.92253300000005
        ]
      },
      "properties": {
        "SRC": "MDYZK",
        "STATUS": "Y",
        "YZ_ID": 662,
        "YZ_LABEL": "TAOCHONGYI Anhui (陶冲驿)",
        "YZNM_PY": "TAOCHONGYI",
        "YZNM_CH": "陶冲驿",
        "YZNM_FT": "陶沖驛",
        "CHGIS_ID": "130215",
        "NOTE": null,
        "10CNTY_CH": "桐城市",
        "10CNTY_EN": "Tongcheng",
        "10PREF_CH": "安庆市",
        "10PREF_EN": "Anqing",
        "10PROV_CH": "安徽省",
        "10PROV_EN": "Anhui",
        "GBCODE": 340881,
        "YZ_LAT": 116.790157,
        "YZ_LONG": 30.922533,
        "_layer_id": "ming_courier_stations",
        "_layer_title": "명대 역참 지점",
        "_source_file": "Ming_Stations_2016.shp",
        "_source_crs": "EPSG:4326"
      }
    },
    {
      "type": "Feature",
      "geometry": {
        "type": "Point",
        "coordinates": [
          116.39597300084667,
          30.524669999247482
        ]
      },
      "properties": {
        "SRC": "MDYZK",
        "STATUS": "Y",
        "YZ_ID": 663,
        "YZ_LABEL": "XIAOCHIYI Anhui (小池驿)",
        "YZNM_PY": "XIAOCHIYI",
        "YZNM_CH": "小池驿",
        "YZNM_FT": "小池驛",
        "CHGIS_ID": "22951",
        "NOTE": null,
        "10CNTY_CH": "太湖县",
        "10CNTY_EN": "Taihu",
        "10PREF_CH": "安庆市",
        "10PREF_EN": "Anqing",
        "10PROV_CH": "安徽省",
        "10PROV_EN": "Anhui",
        "GBCODE": 340825,
        "YZ_LAT": 116.395973,
        "YZ_LONG": 30.52467,
        "_layer_id": "ming_courier_stations",
        "_layer_title": "명대 역참 지점",
        "_source_file": "Ming_Stations_2016.shp",
        "_source_crs": "EPSG:4326"
      }
    },
    {
      "type": "Feature",
      "geometry": {
        "type": "Point",
        "coordinates": [
          116.114197,
          30.151213000000013
        ]
      },
      "properties": {
        "SRC": "MDYZK",
        "STATUS": "Y",
        "YZ_ID": 664,
        "YZ_LABEL": "SUSONG Anhui (宿松)",
        "YZNM_PY": "SUSONG",
        "YZNM_CH": "宿松",
        "YZNM_FT": "宿松",
        "CHGIS_ID": "1721",
        "NOTE": null,
        "10CNTY_CH": "宿松县",
        "10CNTY_EN": "Susong",
        "10PREF_CH": "安庆市",
        "10PREF_EN": "Anqing",
        "10PROV_CH": "安徽省",
        "10PROV_EN": "Anhui",
        "GBCODE": 340826,
        "YZ_LAT": 116.114197,
        "YZ_LONG": 30.151213,
        "_layer_id": "ming_courier_stations",
        "_layer_title": "명대 역참 지점",
        "_source_file": "Ming_Stations_2016.shp",
        "_source_crs": "EPSG:4326"
      }
    },
    {
      "type": "Feature",
      "geometry": {
        "type": "Point",
        "coordinates": [
          115.03096800000003,
          31.180918000000016
        ]
      },
      "properties": {
        "SRC": "PA_1903",
        "STATUS": "B",
        "YZ_ID": 667,
        "YZ_LABEL": "MACHENG Hubei (麻城)",
        "YZNM_PY": "MACHENG",
        "YZNM_CH": "麻城",
        "YZNM_FT": "麻城",
        "CHGIS_ID": "647",
        "NOTE": null,
        "10CNTY_CH": "麻城市",
        "10CNTY_EN": "Macheng",
        "10PREF_CH": "黄冈市",
        "10PREF_EN": "Huanggang",
        "10PROV_CH": "湖北省",
        "10PROV_EN": "Hubei",
        "GBCODE": 421181,
        "YZ_LAT": 115.030968,
        "YZ_LONG": 31.180918,
        "_layer_id": "ming_courier_stations",
        "_layer_title": "명대 역참 지점",
        "_source_file": "Ming_Stations_2016.shp",
        "_source_crs": "EPSG:4326"
      }
    },
    {
      "type": "Feature",
      "geometry": {
        "type": "Point",
        "coordinates": [
          114.86824000000001,
          30.63177500000002
        ]
      },
      "properties": {
        "SRC": "MDYZK",
        "STATUS": "Y",
        "YZ_ID": 668,
        "YZ_LABEL": "LIPINGYI Hubei (李坪驿)",
        "YZNM_PY": "LIPINGYI",
        "YZNM_CH": "李坪驿",
        "YZNM_FT": "李坪驛",
        "CHGIS_ID": "18552",
        "NOTE": null,
        "10CNTY_CH": "团风县",
        "10CNTY_EN": "Tuanfeng",
        "10PREF_CH": "黄冈市",
        "10PREF_EN": "Huanggang",
        "10PROV_CH": "湖北省",
        "10PROV_EN": "Hubei",
        "GBCODE": 421121,
        "YZ_LAT": 114.86824,
        "YZ_LONG": 30.631775,
        "_layer_id": "ming_courier_stations",
        "_layer_title": "명대 역참 지점",
        "_source_file": "Ming_Stations_2016.shp",
        "_source_crs": "EPSG:4326"
      }
    },
    {
      "type": "Feature",
      "geometry": {
        "type": "Point",
        "coordinates": [
          112.228928,
          32.26555300000001
        ]
      },
      "properties": {
        "SRC": "MDYZK",
        "STATUS": "Y",
        "YZ_ID": 669,
        "YZ_LABEL": "LVYANYI Hubei (吕堰驿)",
        "YZNM_PY": "LVYANYI",
        "YZNM_CH": "吕堰驿",
        "YZNM_FT": "呂堰驛",
        "CHGIS_ID": "18306",
        "NOTE": null,
        "10CNTY_CH": "襄阳区",
        "10CNTY_EN": "Xiangfan",
        "10PREF_CH": "襄樊市",
        "10PREF_EN": "Xiangfan",
        "10PROV_CH": "湖北省",
        "10PROV_EN": "Hubei",
        "GBCODE": 420607,
        "YZ_LAT": 112.228928,
        "YZ_LONG": 32.265553,
        "_layer_id": "ming_courier_stations",
        "_layer_title": "명대 역참 지점",
        "_source_file": "Ming_Stations_2016.shp",
        "_source_crs": "EPSG:4326"
      }
    },
    {
      "type": "Feature",
      "geometry": {
        "type": "Point",
        "coordinates": [
          112.227371,
          31.260685000000013
        ]
      },
      "properties": {
        "SRC": "MDYZK",
        "STATUS": "Y",
        "YZ_ID": 670,
        "YZ_LABEL": "SHIQIAOYI Hubei (石桥驿)",
        "YZNM_PY": "SHIQIAOYI",
        "YZNM_CH": "石桥驿",
        "YZNM_FT": "石橋驛",
        "CHGIS_ID": "18373",
        "NOTE": null,
        "10CNTY_CH": "东宝区",
        "10CNTY_EN": "Dongbao",
        "10PREF_CH": "荆门市",
        "10PREF_EN": "Jingmen",
        "10PROV_CH": "湖北省",
        "10PROV_EN": "Hubei",
        "GBCODE": 420802,
        "YZ_LAT": 112.227371,
        "YZ_LONG": 31.260685,
        "_layer_id": "ming_courier_stations",
        "_layer_title": "명대 역참 지점",
        "_source_file": "Ming_Stations_2016.shp",
        "_source_crs": "EPSG:4326"
      }
    },
    {
      "type": "Feature",
      "geometry": {
        "type": "Point",
        "coordinates": [
          112.31873299999998,
          31.433531000000016
        ]
      },
      "properties": {
        "SRC": "MDYZK",
        "STATUS": "Y",
        "YZ_ID": 671,
        "YZ_LABEL": "LIYANGYI Hubei (丽阳驿)",
        "YZNM_PY": "LIYANGYI",
        "YZNM_CH": "丽阳驿",
        "YZNM_FT": "麗陽驛",
        "CHGIS_ID": "18354",
        "NOTE": null,
        "10CNTY_CH": "钟祥市",
        "10CNTY_EN": "Zhongxiang",
        "10PREF_CH": "荆门市",
        "10PREF_EN": "Jingmen",
        "10PROV_CH": "湖北省",
        "10PROV_EN": "Hubei",
        "GBCODE": 420881,
        "YZ_LAT": 112.318733,
        "YZ_LONG": 31.433531,
        "_layer_id": "ming_courier_stations",
        "_layer_title": "명대 역참 지점",
        "_source_file": "Ming_Stations_2016.shp",
        "_source_crs": "EPSG:4326"
      }
    },
    {
      "type": "Feature",
      "geometry": {
        "type": "Point",
        "coordinates": [
          112.18094600000002,
          30.691746000000013
        ]
      },
      "properties": {
        "SRC": "MDYZK",
        "STATUS": "Y",
        "YZ_ID": 672,
        "YZ_LABEL": "JIANYANGYI Hubei (建阳驿)",
        "YZNM_PY": "JIANYANGYI",
        "YZNM_CH": "建阳驿",
        "YZNM_FT": "建陽驛",
        "CHGIS_ID": "18496",
        "NOTE": null,
        "10CNTY_CH": "沙洋县",
        "10CNTY_EN": "Shayang",
        "10PREF_CH": "荆门市",
        "10PREF_EN": "Jingmen",
        "10PROV_CH": "湖北省",
        "10PROV_EN": "Hubei",
        "GBCODE": 420822,
        "YZ_LAT": 112.180946,
        "YZ_LONG": 30.691746,
        "_layer_id": "ming_courier_stations",
        "_layer_title": "명대 역참 지점",
        "_source_file": "Ming_Stations_2016.shp",
        "_source_crs": "EPSG:4326"
      }
    },
    {
      "type": "Feature",
      "geometry": {
        "type": "Point",
        "coordinates": [
          112.22648600000011,
          30.057532999999587
        ]
      },
      "properties": {
        "SRC": "MDYZK",
        "STATUS": "Y",
        "YZ_ID": 673,
        "YZ_LABEL": "GONG'ANYI Hubei (公安驿)",
        "YZNM_PY": "GONG'ANYI",
        "YZNM_CH": "公安驿",
        "YZNM_FT": "公安驛",
        "CHGIS_ID": "128479",
        "NOTE": null,
        "10CNTY_CH": "公安县",
        "10CNTY_EN": "Gongan",
        "10PREF_CH": "荆州市",
        "10PREF_EN": "Jingzhou",
        "10PROV_CH": "湖北省",
        "10PROV_EN": "Hubei",
        "GBCODE": 421022,
        "YZ_LAT": 112.226486,
        "YZ_LONG": 30.057533,
        "_layer_id": "ming_courier_stations",
        "_layer_title": "명대 역참 지점",
        "_source_file": "Ming_Stations_2016.shp",
        "_source_crs": "EPSG:4326"
      }
    },
    {
      "type": "Feature",
      "geometry": {
        "type": "Point",
        "coordinates": [
          112.27024034306848,
          30.191920707671382
        ]
      },
      "properties": {
        "SRC": "MDYZK",
        "STATUS": "Y",
        "YZ_ID": 674,
        "YZ_LABEL": "BAISHAYI Hubei (白沙驿)",
        "YZNM_PY": "BAISHAYI",
        "YZNM_CH": "白沙驿",
        "YZNM_FT": "白沙驛",
        "CHGIS_ID": null,
        "NOTE": null,
        "10CNTY_CH": "江陵县",
        "10CNTY_EN": "Jiangling",
        "10PREF_CH": "荆州市",
        "10PREF_EN": "Jingzhou",
        "10PROV_CH": "湖北省",
        "10PROV_EN": "Hubei",
        "GBCODE": 421024,
        "YZ_LAT": 112.27024,
        "YZ_LONG": 30.191921,
        "_layer_id": "ming_courier_stations",
        "_layer_title": "명대 역참 지점",
        "_source_file": "Ming_Stations_2016.shp",
        "_source_crs": "EPSG:4326"
      }
    },
    {
      "type": "Feature",
      "geometry": {
        "type": "Point",
        "coordinates": [
          111.75282300000002,
          29.211617999999742
        ]
      },
      "properties": {
        "SRC": "MDYZK",
        "STATUS": "Y",
        "YZ_ID": 675,
        "YZ_LABEL": "DALONGYI Hunan (大龙驿)",
        "YZNM_PY": "DALONGYI",
        "YZNM_CH": "大龙驿",
        "YZNM_FT": "大龍驛",
        "CHGIS_ID": "18674",
        "NOTE": null,
        "10CNTY_CH": "鼎城区",
        "10CNTY_EN": "Dingcheng",
        "10PREF_CH": "常德市",
        "10PREF_EN": "Changde",
        "10PROV_CH": "湖南省",
        "10PROV_EN": "Hunan",
        "GBCODE": 430703,
        "YZ_LAT": 111.752823,
        "YZ_LONG": 29.211618,
        "_layer_id": "ming_courier_stations",
        "_layer_title": "명대 역참 지점",
        "_source_file": "Ming_Stations_2016.shp",
        "_source_crs": "EPSG:4326"
      }
    },
    {
      "type": "Feature",
      "geometry": {
        "type": "Point",
        "coordinates": [
          111.65214459949506,
          29.447851439462404
        ]
      },
      "properties": {
        "SRC": "MDYZK",
        "STATUS": "Y",
        "YZ_ID": 676,
        "YZ_LABEL": "QINGHUAYI Hunan (清化驿)",
        "YZNM_PY": "QINGHUAYI",
        "YZNM_CH": "清化驿",
        "YZNM_FT": "清化驛",
        "CHGIS_ID": "750",
        "NOTE": null,
        "10CNTY_CH": "临澧县",
        "10CNTY_EN": "Linli",
        "10PREF_CH": "常德市",
        "10PREF_EN": "Changde",
        "10PROV_CH": "湖南省",
        "10PROV_EN": "Hunan",
        "GBCODE": 430724,
        "YZ_LAT": 111.652145,
        "YZ_LONG": 29.447851,
        "_layer_id": "ming_courier_stations",
        "_layer_title": "명대 역참 지점",
        "_source_file": "Ming_Stations_2016.shp",
        "_source_crs": "EPSG:4326"
      }
    },
    {
      "type": "Feature",
      "geometry": {
        "type": "Point",
        "coordinates": [
          112.75659899999998,
          32.13202300000001
        ]
      },
      "properties": {
        "SRC": "MDYZK",
        "STATUS": "Y",
        "YZ_ID": 677,
        "YZ_LABEL": "ZAOYANG Hubei (枣阳县)",
        "YZNM_PY": "ZAOYANG",
        "YZNM_CH": "枣阳县",
        "YZNM_FT": "棗陽縣",
        "CHGIS_ID": "632",
        "NOTE": null,
        "10CNTY_CH": "枣阳市",
        "10CNTY_EN": "Zaoyang",
        "10PREF_CH": "襄樊市",
        "10PREF_EN": "Xiangfan",
        "10PROV_CH": "湖北省",
        "10PROV_EN": "Hubei",
        "GBCODE": 420683,
        "YZ_LAT": 112.756599,
        "YZ_LONG": 32.132023,
        "_layer_id": "ming_courier_stations",
        "_layer_title": "명대 역참 지점",
        "_source_file": "Ming_Stations_2016.shp",
        "_source_crs": "EPSG:4326"
      }
    },
    {
      "type": "Feature",
      "geometry": {
        "type": "Point",
        "coordinates": [
          113.36981999999999,
          31.71510500000002
        ]
      },
      "properties": {
        "SRC": "MDYZK",
        "STATUS": "Y",
        "YZ_ID": 678,
        "YZ_LABEL": "SUIZHOU Hubei (随州)",
        "YZNM_PY": "SUIZHOU",
        "YZNM_CH": "随州",
        "YZNM_FT": "隨州",
        "CHGIS_ID": "643",
        "NOTE": null,
        "10CNTY_CH": "曾都区",
        "10CNTY_EN": "Cengdu",
        "10PREF_CH": "随州市",
        "10PREF_EN": "Suizhou",
        "10PROV_CH": "湖北省",
        "10PROV_EN": "Hubei",
        "GBCODE": 421303,
        "YZ_LAT": 113.36982,
        "YZ_LONG": 31.715105,
        "_layer_id": "ming_courier_stations",
        "_layer_title": "명대 역참 지점",
        "_source_file": "Ming_Stations_2016.shp",
        "_source_crs": "EPSG:4326"
      }
    },
    {
      "type": "Feature",
      "geometry": {
        "type": "Point",
        "coordinates": [
          112.58925599999999,
          31.169827000000023
        ]
      },
      "properties": {
        "SRC": "MDYZK",
        "STATUS": "Y",
        "YZ_ID": 679,
        "YZ_LABEL": "SHICHENGYI Hubei (石城驿)",
        "YZNM_PY": "SHICHENGYI",
        "YZNM_CH": "石城驿",
        "YZNM_FT": "石城驛",
        "CHGIS_ID": "9606",
        "NOTE": null,
        "10CNTY_CH": "钟祥市",
        "10CNTY_EN": "Zhongxiang",
        "10PREF_CH": "荆门市",
        "10PREF_EN": "Jingmen",
        "10PROV_CH": "湖北省",
        "10PROV_EN": "Hubei",
        "GBCODE": 420881,
        "YZ_LAT": 112.589256,
        "YZ_LONG": 31.169827,
        "_layer_id": "ming_courier_stations",
        "_layer_title": "명대 역참 지점",
        "_source_file": "Ming_Stations_2016.shp",
        "_source_crs": "EPSG:4326"
      }
    },
    {
      "type": "Feature",
      "geometry": {
        "type": "Point",
        "coordinates": [
          112.48116300000004,
          31.464464000000085
        ]
      },
      "properties": {
        "SRC": "MDYZK",
        "STATUS": "Y",
        "YZ_ID": 680,
        "YZ_LABEL": "FENGLEHEYI Hubei (丰乐河驿)",
        "YZNM_PY": "FENGLEHEYI",
        "YZNM_CH": "丰乐河驿",
        "YZNM_FT": "豐樂河驛",
        "CHGIS_ID": "128903",
        "NOTE": null,
        "10CNTY_CH": "钟祥市",
        "10CNTY_EN": "Zhongxiang",
        "10PREF_CH": "荆门市",
        "10PREF_EN": "Jingmen",
        "10PROV_CH": "湖北省",
        "10PROV_EN": "Hubei",
        "GBCODE": 420881,
        "YZ_LAT": 112.481163,
        "YZ_LONG": 31.464464,
        "_layer_id": "ming_courier_stations",
        "_layer_title": "명대 역참 지점",
        "_source_file": "Ming_Stations_2016.shp",
        "_source_crs": "EPSG:4326"
      }
    },
    {
      "type": "Feature",
      "geometry": {
        "type": "Point",
        "coordinates": [
          113.56967899999997,
          30.94600300000002
        ]
      },
      "properties": {
        "SRC": "MDYZK",
        "STATUS": "Y",
        "YZ_ID": 681,
        "YZ_LABEL": "CHENGBEIYI Hubei (城北驿)",
        "YZNM_PY": "CHENGBEIYI",
        "YZNM_CH": "城北驿",
        "YZNM_FT": "城北驛",
        "CHGIS_ID": "661",
        "NOTE": null,
        "10CNTY_CH": "应城市",
        "10CNTY_EN": "Yingcheng",
        "10PREF_CH": "孝感市",
        "10PREF_EN": "Xiaogan",
        "10PROV_CH": "湖北省",
        "10PROV_EN": "Hubei",
        "GBCODE": 420981,
        "YZ_LAT": 113.569679,
        "YZ_LONG": 30.946003,
        "_layer_id": "ming_courier_stations",
        "_layer_title": "명대 역참 지점",
        "_source_file": "Ming_Stations_2016.shp",
        "_source_crs": "EPSG:4326"
      }
    },
    {
      "type": "Feature",
      "geometry": {
        "type": "Point",
        "coordinates": [
          113.81085200000007,
          30.764212000000047
        ]
      },
      "properties": {
        "SRC": "MDYZK",
        "STATUS": "Y",
        "YZ_ID": 682,
        "YZ_LABEL": "LIUJIAYI Hubei (刘家驿)",
        "YZNM_PY": "LIUJIAYI",
        "YZNM_CH": "刘家驿",
        "YZNM_FT": "劉家驛",
        "CHGIS_ID": "127690",
        "NOTE": null,
        "10CNTY_CH": "汉川市",
        "10CNTY_EN": "Hanchuan",
        "10PREF_CH": "孝感市",
        "10PREF_EN": "Xiaogan",
        "10PROV_CH": "湖北省",
        "10PROV_EN": "Hubei",
        "GBCODE": 420984,
        "YZ_LAT": 113.810852,
        "YZ_LONG": 30.764212,
        "_layer_id": "ming_courier_stations",
        "_layer_title": "명대 역참 지점",
        "_source_file": "Ming_Stations_2016.shp",
        "_source_crs": "EPSG:4326"
      }
    },
    {
      "type": "Feature",
      "geometry": {
        "type": "Point",
        "coordinates": [
          112.877403,
          31.15460200000001
        ]
      },
      "properties": {
        "SRC": "MDYZK",
        "STATUS": "Y",
        "YZ_ID": 683,
        "YZ_LABEL": "YINGDONGYI Hubei (郢东驿)",
        "YZNM_PY": "YINGDONGYI",
        "YZNM_CH": "郢东驿",
        "YZNM_FT": "郢東驛",
        "CHGIS_ID": "18358",
        "NOTE": null,
        "10CNTY_CH": "京山县",
        "10CNTY_EN": "Jingshan",
        "10PREF_CH": "荆门市",
        "10PREF_EN": "Jingmen",
        "10PROV_CH": "湖北省",
        "10PROV_EN": "Hubei",
        "GBCODE": 420821,
        "YZ_LAT": 112.877403,
        "YZ_LONG": 31.154602,
        "_layer_id": "ming_courier_stations",
        "_layer_title": "명대 역참 지점",
        "_source_file": "Ming_Stations_2016.shp",
        "_source_crs": "EPSG:4326"
      }
    },
    {
      "type": "Feature",
      "geometry": {
        "type": "Point",
        "coordinates": [
          114.025635,
          30.580984000000015
        ]
      },
      "properties": {
        "SRC": "MDYZK",
        "STATUS": "Y",
        "YZ_ID": 684,
        "YZ_LABEL": "CAIDIANYI Hubei (蔡店驿)",
        "YZNM_PY": "CAIDIANYI",
        "YZNM_CH": "蔡店驿",
        "YZNM_FT": "蔡店驛",
        "CHGIS_ID": "18550",
        "NOTE": null,
        "10CNTY_CH": "蔡甸区",
        "10CNTY_EN": "Caidian",
        "10PREF_CH": "武汉市",
        "10PREF_EN": "Wuhan",
        "10PROV_CH": "湖北省",
        "10PROV_EN": "Hubei",
        "GBCODE": 420114,
        "YZ_LAT": 114.025635,
        "YZ_LONG": 30.580984,
        "_layer_id": "ming_courier_stations",
        "_layer_title": "명대 역참 지점",
        "_source_file": "Ming_Stations_2016.shp",
        "_source_crs": "EPSG:4326"
      }
    },
    {
      "type": "Feature",
      "geometry": {
        "type": "Point",
        "coordinates": [
          114.56285899999999,
          30.659941000000014
        ]
      },
      "properties": {
        "SRC": "MDYZK",
        "STATUS": "Y",
        "YZ_ID": 685,
        "YZ_LABEL": "YANGLUOYI Hubei (阳逻驿)",
        "YZNM_PY": "YANGLUOYI",
        "YZNM_CH": "阳逻驿",
        "YZNM_FT": "陽邏驛",
        "CHGIS_ID": "18562",
        "NOTE": null,
        "10CNTY_CH": "新洲区",
        "10CNTY_EN": "Xinzhou",
        "10PREF_CH": "武汉市",
        "10PREF_EN": "Wuhan",
        "10PROV_CH": "湖北省",
        "10PROV_EN": "Hubei",
        "GBCODE": 420117,
        "YZ_LAT": 114.562859,
        "YZ_LONG": 30.659941,
        "_layer_id": "ming_courier_stations",
        "_layer_title": "명대 역참 지점",
        "_source_file": "Ming_Stations_2016.shp",
        "_source_crs": "EPSG:4326"
      }
    },
    {
      "type": "Feature",
      "geometry": {
        "type": "Point",
        "coordinates": [
          113.62487000000002,
          29.87923200000001
        ]
      },
      "properties": {
        "SRC": "MDYZK",
        "STATUS": "Y",
        "YZ_ID": 686,
        "YZ_LABEL": "SHITOUKOUYI Hubei (石头口驿)",
        "YZNM_PY": "SHITOUKOUYI",
        "YZNM_CH": "石头口驿",
        "YZNM_FT": "石頭口驛",
        "CHGIS_ID": "18618",
        "NOTE": null,
        "10CNTY_CH": "赤壁市",
        "10CNTY_EN": "Chibi",
        "10PREF_CH": "咸宁市",
        "10PREF_EN": "Xianning",
        "10PROV_CH": "湖北省",
        "10PROV_EN": "Hubei",
        "GBCODE": 421281,
        "YZ_LAT": 113.62487,
        "YZ_LONG": 29.879232,
        "_layer_id": "ming_courier_stations",
        "_layer_title": "명대 역참 지점",
        "_source_file": "Ming_Stations_2016.shp",
        "_source_crs": "EPSG:4326"
      }
    },
    {
      "type": "Feature",
      "geometry": {
        "type": "Point",
        "coordinates": [
          114.13540700000009,
          30.342886000000085
        ]
      },
      "properties": {
        "SRC": "MDYZK",
        "STATUS": "Y",
        "YZ_ID": 687,
        "YZ_LABEL": "JINKOUYI Hubei (金口驿)",
        "YZNM_PY": "JINKOUYI",
        "YZNM_CH": "金口驿",
        "YZNM_FT": "金口驛",
        "CHGIS_ID": "127572",
        "NOTE": null,
        "10CNTY_CH": "江夏区",
        "10CNTY_EN": "Jiangxia",
        "10PREF_CH": "武汉市",
        "10PREF_EN": "Wuhan",
        "10PROV_CH": "湖北省",
        "10PROV_EN": "Hubei",
        "GBCODE": 420115,
        "YZ_LAT": 114.135407,
        "YZ_LONG": 30.342886,
        "_layer_id": "ming_courier_stations",
        "_layer_title": "명대 역참 지점",
        "_source_file": "Ming_Stations_2016.shp",
        "_source_crs": "EPSG:4326"
      }
    },
    {
      "type": "Feature",
      "geometry": {
        "type": "Point",
        "coordinates": [
          113.9317020000001,
          30.21594800000003
        ]
      },
      "properties": {
        "SRC": "MDYZK",
        "STATUS": "Y",
        "YZ_ID": 688,
        "YZ_LABEL": "PAIZHOUYI Hubei (簲州驿)",
        "YZNM_PY": "PAIZHOUYI",
        "YZNM_CH": "簲州驿",
        "YZNM_FT": "簲州驛",
        "CHGIS_ID": "127576",
        "NOTE": null,
        "10CNTY_CH": "嘉鱼县",
        "10CNTY_EN": "Jiayu",
        "10PREF_CH": "咸宁市",
        "10PREF_EN": "Xianning",
        "10PROV_CH": "湖北省",
        "10PROV_EN": "Hubei",
        "GBCODE": 421221,
        "YZ_LAT": 113.931702,
        "YZ_LONG": 30.215948,
        "_layer_id": "ming_courier_stations",
        "_layer_title": "명대 역참 지점",
        "_source_file": "Ming_Stations_2016.shp",
        "_source_crs": "EPSG:4326"
      }
    },
    {
      "type": "Feature",
      "geometry": {
        "type": "Point",
        "coordinates": [
          113.8955760000193,
          29.97559899998309
        ]
      },
      "properties": {
        "SRC": "MDYZK",
        "STATUS": "N",
        "YZ_ID": 689,
        "YZ_LABEL": "YUSHANYI Hubei (鱼山驿)",
        "YZNM_PY": "YUSHANYI",
        "YZNM_CH": "鱼山驿",
        "YZNM_FT": "魚山驛",
        "CHGIS_ID": "121125",
        "NOTE": null,
        "10CNTY_CH": "嘉鱼县",
        "10CNTY_EN": "Jiayu",
        "10PREF_CH": "咸宁市",
        "10PREF_EN": "Xianning",
        "10PROV_CH": "湖北省",
        "10PROV_EN": "Hubei",
        "GBCODE": 421221,
        "YZ_LAT": 113.895576,
        "YZ_LONG": 29.975599,
        "_layer_id": "ming_courier_stations",
        "_layer_title": "명대 역참 지점",
        "_source_file": "Ming_Stations_2016.shp",
        "_source_crs": "EPSG:4326"
      }
    },
    {
      "type": "Feature",
      "geometry": {
        "type": "Point",
        "coordinates": [
          113.44913500000672,
          29.473248999994
        ]
      },
      "properties": {
        "SRC": "MDYZK",
        "STATUS": "Y",
        "YZ_ID": 690,
        "YZ_LABEL": "CHANG'ANYI Hunan (长安驿)",
        "YZNM_PY": "CHANG'ANYI",
        "YZNM_CH": "长安驿",
        "YZNM_FT": "長安驛",
        "CHGIS_ID": "18686",
        "NOTE": null,
        "10CNTY_CH": "临湘市",
        "10CNTY_EN": "Linxiang",
        "10PREF_CH": "岳阳市",
        "10PREF_EN": "Yueyang",
        "10PROV_CH": "湖南省",
        "10PROV_EN": "Hunan",
        "GBCODE": 430682,
        "YZ_LAT": 113.449135,
        "YZ_LONG": 29.473249,
        "_layer_id": "ming_courier_stations",
        "_layer_title": "명대 역참 지점",
        "_source_file": "Ming_Stations_2016.shp",
        "_source_crs": "EPSG:4326"
      }
    },
    {
      "type": "Feature",
      "geometry": {
        "type": "Point",
        "coordinates": [
          114.08427399999998,
          29.807217000000023
        ]
      },
      "properties": {
        "SRC": "MDYZK",
        "STATUS": "Y",
        "YZ_ID": 691,
        "YZ_LABEL": "GUANTANGYI Hubei (官塘驿)",
        "YZNM_PY": "GUANTANGYI",
        "YZNM_CH": "官塘驿",
        "YZNM_FT": "官塘驛",
        "CHGIS_ID": "18624",
        "NOTE": null,
        "10CNTY_CH": "赤壁市",
        "10CNTY_EN": "Chibi",
        "10PREF_CH": "咸宁市",
        "10PREF_EN": "Xianning",
        "10PROV_CH": "湖北省",
        "10PROV_EN": "Hubei",
        "GBCODE": 421281,
        "YZ_LAT": 114.084274,
        "YZ_LONG": 29.807217,
        "_layer_id": "ming_courier_stations",
        "_layer_title": "명대 역참 지점",
        "_source_file": "Ming_Stations_2016.shp",
        "_source_crs": "EPSG:4326"
      }
    },
    {
      "type": "Feature",
      "geometry": {
        "type": "Point",
        "coordinates": [
          114.40242799999999,
          30.353405000000016
        ]
      },
      "properties": {
        "SRC": "MDYZK",
        "STATUS": "Y",
        "YZ_ID": 692,
        "YZ_LABEL": "DONGHUYI Hubei (东湖驿)",
        "YZNM_PY": "DONGHUYI",
        "YZNM_CH": "东湖驿",
        "YZNM_FT": "東湖驛",
        "CHGIS_ID": "18473",
        "NOTE": null,
        "10CNTY_CH": "江夏区",
        "10CNTY_EN": "Jiangxia",
        "10PREF_CH": "武汉市",
        "10PREF_EN": "Wuhan",
        "10PROV_CH": "湖北省",
        "10PROV_EN": "Hubei",
        "GBCODE": 420115,
        "YZ_LAT": 114.402428,
        "YZ_LONG": 30.353405,
        "_layer_id": "ming_courier_stations",
        "_layer_title": "명대 역참 지점",
        "_source_file": "Ming_Stations_2016.shp",
        "_source_crs": "EPSG:4326"
      }
    },
    {
      "type": "Feature",
      "geometry": {
        "type": "Point",
        "coordinates": [
          114.34384900000002,
          30.09301800000001
        ]
      },
      "properties": {
        "SRC": "MDYZK",
        "STATUS": "Y",
        "YZ_ID": 693,
        "YZ_LABEL": "SHANPOYI Hubei (山陂驿)",
        "YZNM_PY": "SHANPOYI",
        "YZNM_CH": "山陂驿",
        "YZNM_FT": "山陂驛",
        "CHGIS_ID": "18553",
        "NOTE": null,
        "10CNTY_CH": "江夏区",
        "10CNTY_EN": "Jiangxia",
        "10PREF_CH": "武汉市",
        "10PREF_EN": "Wuhan",
        "10PROV_CH": "湖北省",
        "10PROV_EN": "Hubei",
        "GBCODE": 420115,
        "YZ_LAT": 114.343849,
        "YZ_LONG": 30.093018,
        "_layer_id": "ming_courier_stations",
        "_layer_title": "명대 역참 지점",
        "_source_file": "Ming_Stations_2016.shp",
        "_source_crs": "EPSG:4326"
      }
    },
    {
      "type": "Feature",
      "geometry": {
        "type": "Point",
        "coordinates": [
          113.09693100000271,
          27.61294199999807
        ]
      },
      "properties": {
        "SRC": "MDYZK",
        "STATUS": "Y",
        "YZ_ID": 694,
        "YZ_LABEL": "DUSHIYI Hunan (都石驿)",
        "YZNM_PY": "DUSHIYI",
        "YZNM_CH": "都石驿",
        "YZNM_FT": "都石驛",
        "CHGIS_ID": "18836",
        "NOTE": null,
        "10CNTY_CH": "株洲县",
        "10CNTY_EN": "Zhuzhou",
        "10PREF_CH": "株洲市",
        "10PREF_EN": "Zhuzhou",
        "10PROV_CH": "湖南省",
        "10PROV_EN": "Hunan",
        "GBCODE": 430221,
        "YZ_LAT": 113.096931,
        "YZ_LONG": 27.612942,
        "_layer_id": "ming_courier_stations",
        "_layer_title": "명대 역참 지점",
        "_source_file": "Ming_Stations_2016.shp",
        "_source_crs": "EPSG:4326"
      }
    },
    {
      "type": "Feature",
      "geometry": {
        "type": "Point",
        "coordinates": [
          112.88561459881629,
          27.382511199716195
        ]
      },
      "properties": {
        "SRC": "MDYZK",
        "STATUS": "N",
        "YZ_ID": 695,
        "YZ_LABEL": "HUANGHUAYI Hunan (皇华驿)",
        "YZNM_PY": "HUANGHUAYI",
        "YZNM_CH": "皇华驿",
        "YZNM_FT": "皇華驛",
        "CHGIS_ID": null,
        "NOTE": null,
        "10CNTY_CH": "湘潭县",
        "10CNTY_EN": "Xiangtan",
        "10PREF_CH": "湘潭市",
        "10PREF_EN": "Xiangtan",
        "10PROV_CH": "湖南省",
        "10PROV_EN": "Hunan",
        "GBCODE": 430321,
        "YZ_LAT": 112.885615,
        "YZ_LONG": 27.382511,
        "_layer_id": "ming_courier_stations",
        "_layer_title": "명대 역참 지점",
        "_source_file": "Ming_Stations_2016.shp",
        "_source_crs": "EPSG:4326"
      }
    },
    {
      "type": "Feature",
      "geometry": {
        "type": "Point",
        "coordinates": [
          113.14752200000315,
          27.710633999997768
        ]
      },
      "properties": {
        "SRC": "MDYZK",
        "STATUS": "Y",
        "YZ_ID": 696,
        "YZ_LABEL": "LUKOUYI Hunan (渌口驿)",
        "YZNM_PY": "LUKOUYI",
        "YZNM_CH": "渌口驿",
        "YZNM_FT": "淥口驛",
        "CHGIS_ID": "129310",
        "NOTE": null,
        "10CNTY_CH": "株洲县",
        "10CNTY_EN": "Zhuzhou",
        "10PREF_CH": "株洲市",
        "10PREF_EN": "Zhuzhou",
        "10PROV_CH": "湖南省",
        "10PROV_EN": "Hunan",
        "GBCODE": 430221,
        "YZ_LAT": 113.147522,
        "YZ_LONG": 27.710634,
        "_layer_id": "ming_courier_stations",
        "_layer_title": "명대 역참 지점",
        "_source_file": "Ming_Stations_2016.shp",
        "_source_crs": "EPSG:4326"
      }
    },
    {
      "type": "Feature",
      "geometry": {
        "type": "Point",
        "coordinates": [
          112.22751100000005,
          26.792783000000046
        ]
      },
      "properties": {
        "SRC": "MDYZK",
        "STATUS": "Y",
        "YZ_ID": 697,
        "YZ_LABEL": "PAISHANYI Hunan (排山驿)",
        "YZNM_PY": "PAISHANYI",
        "YZNM_CH": "排山驿",
        "YZNM_FT": "排山驛",
        "CHGIS_ID": "131707",
        "NOTE": null,
        "10CNTY_CH": "祁东县",
        "10CNTY_EN": "Qidong",
        "10PREF_CH": "衡阳市",
        "10PREF_EN": "Hengyang",
        "10PROV_CH": "湖南省",
        "10PROV_EN": "Hunan",
        "GBCODE": 430426,
        "YZ_LAT": 112.227511,
        "YZ_LONG": 26.792783,
        "_layer_id": "ming_courier_stations",
        "_layer_title": "명대 역참 지점",
        "_source_file": "Ming_Stations_2016.shp",
        "_source_crs": "EPSG:4326"
      }
    },
    {
      "type": "Feature",
      "geometry": {
        "type": "Point",
        "coordinates": [
          111.58422800000005,
          26.443543000000037
        ]
      },
      "properties": {
        "SRC": "MDYZK",
        "STATUS": "Y",
        "YZ_ID": 698,
        "YZ_LABEL": "SANWUYI Hunan (三吾驿)",
        "YZNM_PY": "SANWUYI",
        "YZNM_CH": "三吾驿",
        "YZNM_FT": "三吾驛",
        "CHGIS_ID": "129957",
        "NOTE": null,
        "10CNTY_CH": "冷水滩区",
        "10CNTY_EN": "Lengshuitan",
        "10PREF_CH": "永州市",
        "10PREF_EN": "Yongzhou",
        "10PROV_CH": "湖南省",
        "10PROV_EN": "Hunan",
        "GBCODE": 431103,
        "YZ_LAT": 111.584228,
        "YZ_LONG": 26.443543,
        "_layer_id": "ming_courier_stations",
        "_layer_title": "명대 역참 지점",
        "_source_file": "Ming_Stations_2016.shp",
        "_source_crs": "EPSG:4326"
      }
    },
    {
      "type": "Feature",
      "geometry": {
        "type": "Point",
        "coordinates": [
          111.33948500000007,
          28.70628700000004
        ]
      },
      "properties": {
        "SRC": "MDYZK",
        "STATUS": "Y",
        "YZ_ID": 699,
        "YZ_LABEL": "ZHENGJIAYI Hunan (郑家驿)",
        "YZNM_PY": "ZHENGJIAYI",
        "YZNM_CH": "郑家驿",
        "YZNM_FT": "鄭家驛",
        "CHGIS_ID": "131094",
        "NOTE": null,
        "10CNTY_CH": "桃源县",
        "10CNTY_EN": "Taoyuan",
        "10PREF_CH": "常德市",
        "10PREF_EN": "Changde",
        "10PROV_CH": "湖南省",
        "10PROV_EN": "Hunan",
        "GBCODE": 430725,
        "YZ_LAT": 111.339485,
        "YZ_LONG": 28.706287,
        "_layer_id": "ming_courier_stations",
        "_layer_title": "명대 역참 지점",
        "_source_file": "Ming_Stations_2016.shp",
        "_source_crs": "EPSG:4326"
      }
    },
    {
      "type": "Feature",
      "geometry": {
        "type": "Point",
        "coordinates": [
          111.1179410000001,
          28.63705500000004
        ]
      },
      "properties": {
        "SRC": "MDYZK",
        "STATUS": "Y",
        "YZ_ID": 700,
        "YZ_LABEL": "XINDIANYI Hunan (新店驿)",
        "YZNM_PY": "XINDIANYI",
        "YZNM_CH": "新店驿",
        "YZNM_FT": "新店驛",
        "CHGIS_ID": "131091",
        "NOTE": null,
        "10CNTY_CH": "桃源县",
        "10CNTY_EN": "Taoyuan",
        "10PREF_CH": "常德市",
        "10PREF_EN": "Changde",
        "10PROV_CH": "湖南省",
        "10PROV_EN": "Hunan",
        "GBCODE": 430725,
        "YZ_LAT": 111.117941,
        "YZ_LONG": 28.637055,
        "_layer_id": "ming_courier_stations",
        "_layer_title": "명대 역참 지점",
        "_source_file": "Ming_Stations_2016.shp",
        "_source_crs": "EPSG:4326"
      }
    },
    {
      "type": "Feature",
      "geometry": {
        "type": "Point",
        "coordinates": [
          110.49301899999999,
          28.638508000000012
        ]
      },
      "properties": {
        "SRC": "MDYZK",
        "STATUS": "Y",
        "YZ_ID": 701,
        "YZ_LABEL": "BEIRONGYI Hunan (北溶驿)",
        "YZNM_PY": "BEIRONGYI",
        "YZNM_CH": "北溶驿",
        "YZNM_FT": "北溶驛",
        "CHGIS_ID": "18723",
        "NOTE": null,
        "10CNTY_CH": "沅陵县",
        "10CNTY_EN": "Yuanling",
        "10PREF_CH": "怀化市",
        "10PREF_EN": "Huaihua",
        "10PROV_CH": "湖南省",
        "10PROV_EN": "Hunan",
        "GBCODE": 431222,
        "YZ_LAT": 110.493019,
        "YZ_LONG": 28.638508,
        "_layer_id": "ming_courier_stations",
        "_layer_title": "명대 역참 지점",
        "_source_file": "Ming_Stations_2016.shp",
        "_source_crs": "EPSG:4326"
      }
    },
    {
      "type": "Feature",
      "geometry": {
        "type": "Point",
        "coordinates": [
          111.64580499999998,
          32.26936000000001
        ]
      },
      "properties": {
        "SRC": "MDYZK",
        "STATUS": "Y",
        "YZ_ID": 702,
        "YZ_LABEL": "GUCHENG Hubei (谷城)",
        "YZNM_PY": "GUCHENG",
        "YZNM_CH": "谷城",
        "YZNM_FT": "穀城",
        "CHGIS_ID": "631",
        "NOTE": null,
        "10CNTY_CH": "谷城县",
        "10CNTY_EN": "Gucheng",
        "10PREF_CH": "襄樊市",
        "10PREF_EN": "Xiangfan",
        "10PROV_CH": "湖北省",
        "10PROV_EN": "Hubei",
        "GBCODE": 420625,
        "YZ_LAT": 111.645805,
        "YZ_LONG": 32.26936,
        "_layer_id": "ming_courier_stations",
        "_layer_title": "명대 역참 지점",
        "_source_file": "Ming_Stations_2016.shp",
        "_source_crs": "EPSG:4326"
      }
    },
    {
      "type": "Feature",
      "geometry": {
        "type": "Point",
        "coordinates": [
          111.16556999999997,
          32.66815300000001
        ]
      },
      "properties": {
        "SRC": "MDYZK",
        "STATUS": "Y",
        "YZ_ID": 703,
        "YZ_LABEL": "JUNYANGYI Hubei (均阳驿)",
        "YZNM_PY": "JUNYANGYI",
        "YZNM_CH": "均阳驿",
        "YZNM_FT": "均陽驛",
        "CHGIS_ID": "629",
        "NOTE": null,
        "10CNTY_CH": "丹江口市",
        "10CNTY_EN": "Danjiangkou",
        "10PREF_CH": "十堰市",
        "10PREF_EN": "Shiyan",
        "10PROV_CH": "湖北省",
        "10PROV_EN": "Hubei",
        "GBCODE": 420381,
        "YZ_LAT": 111.16557,
        "YZ_LONG": 32.668153,
        "_layer_id": "ming_courier_stations",
        "_layer_title": "명대 역참 지점",
        "_source_file": "Ming_Stations_2016.shp",
        "_source_crs": "EPSG:4326"
      }
    },
    {
      "type": "Feature",
      "geometry": {
        "type": "Point",
        "coordinates": [
          110.81398800000001,
          32.83374000000002
        ]
      },
      "properties": {
        "SRC": "MDYZK",
        "STATUS": "Y",
        "YZ_ID": 704,
        "YZ_LABEL": "YUNYANGYI Hubei (郧阳驿)",
        "YZNM_PY": "YUNYANGYI",
        "YZNM_CH": "郧阳驿",
        "YZNM_FT": "鄖陽驛",
        "CHGIS_ID": "9603",
        "NOTE": null,
        "10CNTY_CH": "郧县",
        "10CNTY_EN": "Yun",
        "10PREF_CH": "十堰市",
        "10PREF_EN": "Shiyan",
        "10PROV_CH": "湖北省",
        "10PROV_EN": "Hubei",
        "GBCODE": 420321,
        "YZ_LAT": 110.813988,
        "YZ_LONG": 32.83374,
        "_layer_id": "ming_courier_stations",
        "_layer_title": "명대 역참 지점",
        "_source_file": "Ming_Stations_2016.shp",
        "_source_crs": "EPSG:4326"
      }
    },
    {
      "type": "Feature",
      "geometry": {
        "type": "Point",
        "coordinates": [
          112.056684,
          29.393055000000068
        ]
      },
      "properties": {
        "SRC": "MDYZK",
        "STATUS": "Y",
        "YZ_ID": 705,
        "YZ_LABEL": "NANPINGYI Hunan (南平驿)",
        "YZNM_PY": "NANPINGYI",
        "YZNM_CH": "南平驿",
        "YZNM_FT": "南平驛",
        "CHGIS_ID": "131566",
        "NOTE": null,
        "10CNTY_CH": "安乡县",
        "10CNTY_EN": "Anxiang",
        "10PREF_CH": "常德市",
        "10PREF_EN": "Changde",
        "10PROV_CH": "湖南省",
        "10PROV_EN": "Hunan",
        "GBCODE": 430721,
        "YZ_LAT": 112.056684,
        "YZ_LONG": 29.393055,
        "_layer_id": "ming_courier_stations",
        "_layer_title": "명대 역참 지점",
        "_source_file": "Ming_Stations_2016.shp",
        "_source_crs": "EPSG:4326"
      }
    },
    {
      "type": "Feature",
      "geometry": {
        "type": "Point",
        "coordinates": [
          112.80865593477391,
          29.73078133268516
        ]
      },
      "properties": {
        "SRC": "MDYZK",
        "STATUS": "N",
        "YZ_ID": 706,
        "YZ_LABEL": "TASHIYI Hunan (塔市驿)",
        "YZNM_PY": "TASHIYI",
        "YZNM_CH": "塔市驿",
        "YZNM_FT": "塔市驛",
        "CHGIS_ID": "128509",
        "NOTE": null,
        "10CNTY_CH": "华容县",
        "10CNTY_EN": "Huarong",
        "10PREF_CH": "岳阳市",
        "10PREF_EN": "Yueyang",
        "10PROV_CH": "湖南省",
        "10PROV_EN": "Hunan",
        "GBCODE": 430623,
        "YZ_LAT": 112.808656,
        "YZ_LONG": 29.730781,
        "_layer_id": "ming_courier_stations",
        "_layer_title": "명대 역참 지점",
        "_source_file": "Ming_Stations_2016.shp",
        "_source_crs": "EPSG:4326"
      }
    },
    {
      "type": "Feature",
      "geometry": {
        "type": "Point",
        "coordinates": [
          112.900253,
          29.81575800000001
        ]
      },
      "properties": {
        "SRC": "MDYZK",
        "STATUS": "Y",
        "YZ_ID": 707,
        "YZ_LABEL": "JIANLI Hubei (监利)",
        "YZNM_PY": "JIANLI",
        "YZNM_CH": "监利",
        "YZNM_FT": "監利",
        "CHGIS_ID": "680",
        "NOTE": null,
        "10CNTY_CH": "监利县",
        "10CNTY_EN": "Jianli",
        "10PREF_CH": "荆州市",
        "10PREF_EN": "Jingzhou",
        "10PROV_CH": "湖北省",
        "10PROV_EN": "Hubei",
        "GBCODE": 421023,
        "YZ_LAT": 112.900253,
        "YZ_LONG": 29.815758,
        "_layer_id": "ming_courier_stations",
        "_layer_title": "명대 역참 지점",
        "_source_file": "Ming_Stations_2016.shp",
        "_source_crs": "EPSG:4326"
      }
    },
    {
      "type": "Feature",
      "geometry": {
        "type": "Point",
        "coordinates": [
          112.40646399999997,
          29.72431000000001
        ]
      },
      "properties": {
        "SRC": "MDYZK",
        "STATUS": "Y",
        "YZ_ID": 708,
        "YZ_LABEL": "SHISHOUYI Hubei (石首驿)",
        "YZNM_PY": "SHISHOUYI",
        "YZNM_CH": "石首驿",
        "YZNM_FT": "石首驛",
        "CHGIS_ID": "679",
        "NOTE": null,
        "10CNTY_CH": "石首市",
        "10CNTY_EN": "Shishou",
        "10PREF_CH": "荆州市",
        "10PREF_EN": "Jingzhou",
        "10PROV_CH": "湖北省",
        "10PROV_EN": "Hubei",
        "GBCODE": 421081,
        "YZ_LAT": 112.406464,
        "YZ_LONG": 29.72431,
        "_layer_id": "ming_courier_stations",
        "_layer_title": "명대 역참 지점",
        "_source_file": "Ming_Stations_2016.shp",
        "_source_crs": "EPSG:4326"
      }
    },
    {
      "type": "Feature",
      "geometry": {
        "type": "Point",
        "coordinates": [
          104.003593,
          35.97422800000002
        ]
      },
      "properties": {
        "SRC": "MDYZK",
        "STATUS": "Y",
        "YZ_ID": 709,
        "YZ_LABEL": "DINGYUANYI Gansu (定远驿)",
        "YZNM_PY": "DINGYUANYI",
        "YZNM_CH": "定远驿",
        "YZNM_FT": "定遠驛",
        "CHGIS_ID": "150864",
        "NOTE": null,
        "10CNTY_CH": "榆中县",
        "10CNTY_EN": "Yuzhong",
        "10PREF_CH": "兰州市",
        "10PREF_EN": "Lanzhou",
        "10PROV_CH": "甘肃省",
        "10PROV_EN": "Gansu",
        "GBCODE": 620123,
        "YZ_LAT": 104.003593,
        "YZ_LONG": 35.974228,
        "_layer_id": "ming_courier_stations",
        "_layer_title": "명대 역참 지점",
        "_source_file": "Ming_Stations_2016.shp",
        "_source_crs": "EPSG:4326"
      }
    },
    {
      "type": "Feature",
      "geometry": {
        "type": "Point",
        "coordinates": [
          103.61776900000005,
          36.15335900000009
        ]
      },
      "properties": {
        "SRC": "MDYZK",
        "STATUS": "Y",
        "YZ_ID": 710,
        "YZ_LABEL": "SHAJING'ERYI Gansu (沙井儿驿)",
        "YZNM_PY": "SHAJING'ERYI",
        "YZNM_CH": "沙井儿驿",
        "YZNM_FT": "沙井兒驛",
        "CHGIS_ID": "150804",
        "NOTE": null,
        "10CNTY_CH": "西固区",
        "10CNTY_EN": "Xigu",
        "10PREF_CH": "兰州市",
        "10PREF_EN": "Lanzhou",
        "10PROV_CH": "甘肃省",
        "10PROV_EN": "Gansu",
        "GBCODE": 620104,
        "YZ_LAT": 103.617769,
        "YZ_LONG": 36.153359,
        "_layer_id": "ming_courier_stations",
        "_layer_title": "명대 역참 지점",
        "_source_file": "Ming_Stations_2016.shp",
        "_source_crs": "EPSG:4326"
      }
    },
    {
      "type": "Feature",
      "geometry": {
        "type": "Point",
        "coordinates": [
          103.42486900000006,
          36.25198800000005
        ]
      },
      "properties": {
        "SRC": "MDYZK",
        "STATUS": "N",
        "YZ_ID": 711,
        "YZ_LABEL": "KUSHUIWANYI Gansu (苦水湾驿)",
        "YZNM_PY": "KUSHUIWANYI",
        "YZNM_CH": "苦水湾驿",
        "YZNM_FT": "苦水灣驛",
        "CHGIS_ID": "152531",
        "NOTE": null,
        "10CNTY_CH": "永登县",
        "10CNTY_EN": "Yongdeng",
        "10PREF_CH": "兰州市",
        "10PREF_EN": "Lanzhou",
        "10PROV_CH": "甘肃省",
        "10PROV_EN": "Gansu",
        "GBCODE": 620121,
        "YZ_LAT": 103.424869,
        "YZ_LONG": 36.251988,
        "_layer_id": "ming_courier_stations",
        "_layer_title": "명대 역참 지점",
        "_source_file": "Ming_Stations_2016.shp",
        "_source_crs": "EPSG:4326"
      }
    },
    {
      "type": "Feature",
      "geometry": {
        "type": "Point",
        "coordinates": [
          103.38703200000002,
          36.46989100000008
        ]
      },
      "properties": {
        "SRC": "MDYZK",
        "STATUS": "Y",
        "YZ_ID": 712,
        "YZ_LABEL": "HONGCHENGZIYI Gansu (红城子驿)",
        "YZNM_PY": "HONGCHENGZIYI",
        "YZNM_CH": "红城子驿",
        "YZNM_FT": "紅城子驛",
        "CHGIS_ID": "152536",
        "NOTE": null,
        "10CNTY_CH": "永登县",
        "10CNTY_EN": "Yongdeng",
        "10PREF_CH": "兰州市",
        "10PREF_EN": "Lanzhou",
        "10PROV_CH": "甘肃省",
        "10PROV_EN": "Gansu",
        "GBCODE": 620121,
        "YZ_LAT": 103.387032,
        "YZ_LONG": 36.469891,
        "_layer_id": "ming_courier_stations",
        "_layer_title": "명대 역참 지점",
        "_source_file": "Ming_Stations_2016.shp",
        "_source_crs": "EPSG:4326"
      }
    },
    {
      "type": "Feature",
      "geometry": {
        "type": "Point",
        "coordinates": [
          103.25861399999998,
          36.73699600000001
        ]
      },
      "properties": {
        "SRC": "MDYZK",
        "STATUS": "Y",
        "YZ_ID": 713,
        "YZ_LABEL": "ZAICHENGYI Gansu (在城驿)",
        "YZNM_PY": "ZAICHENGYI",
        "YZNM_CH": "在城驿",
        "YZNM_FT": "在城驛",
        "CHGIS_ID": "208",
        "NOTE": null,
        "10CNTY_CH": "永登县",
        "10CNTY_EN": "Yongdeng",
        "10PREF_CH": "兰州市",
        "10PREF_EN": "Lanzhou",
        "10PROV_CH": "甘肃省",
        "10PROV_EN": "Gansu",
        "GBCODE": 620121,
        "YZ_LAT": 103.258614,
        "YZ_LONG": 36.736996,
        "_layer_id": "ming_courier_stations",
        "_layer_title": "명대 역참 지점",
        "_source_file": "Ming_Stations_2016.shp",
        "_source_crs": "EPSG:4326"
      }
    },
    {
      "type": "Feature",
      "geometry": {
        "type": "Point",
        "coordinates": [
          103.15778400000004,
          36.88015000000008
        ]
      },
      "properties": {
        "SRC": "MDYZK",
        "STATUS": "Y",
        "YZ_ID": 714,
        "YZ_LABEL": "WUSHENGYI Gansu (武胜驿)",
        "YZNM_PY": "WUSHENGYI",
        "YZNM_CH": "武胜驿",
        "YZNM_FT": "武勝驛",
        "CHGIS_ID": "16315",
        "NOTE": null,
        "10CNTY_CH": "永登县",
        "10CNTY_EN": "Yongdeng",
        "10PREF_CH": "兰州市",
        "10PREF_EN": "Lanzhou",
        "10PROV_CH": "甘肃省",
        "10PROV_EN": "Gansu",
        "GBCODE": 620121,
        "YZ_LAT": 103.157784,
        "YZ_LONG": 36.88015,
        "_layer_id": "ming_courier_stations",
        "_layer_title": "명대 역참 지점",
        "_source_file": "Ming_Stations_2016.shp",
        "_source_crs": "EPSG:4326"
      }
    },
    {
      "type": "Feature",
      "geometry": {
        "type": "Point",
        "coordinates": [
          103.07923200000002,
          37.023572000000065
        ]
      },
      "properties": {
        "SRC": "MDYZK",
        "STATUS": "Y",
        "YZ_ID": 715,
        "YZ_LABEL": "CHAKOUYI Gansu (岔口驿)",
        "YZNM_PY": "CHAKOUYI",
        "YZNM_CH": "岔口驿",
        "YZNM_FT": "岔口驛",
        "CHGIS_ID": "152541",
        "NOTE": null,
        "10CNTY_CH": "天祝藏族自治县",
        "10CNTY_EN": "Tianzhuzangzuzhzhixian",
        "10PREF_CH": "武威市",
        "10PREF_EN": "Wuwei",
        "10PROV_CH": "甘肃省",
        "10PROV_EN": "Gansu",
        "GBCODE": 620623,
        "YZ_LAT": 103.079232,
        "YZ_LONG": 37.023572,
        "_layer_id": "ming_courier_stations",
        "_layer_title": "명대 역참 지점",
        "_source_file": "Ming_Stations_2016.shp",
        "_source_crs": "EPSG:4326"
      }
    },
    {
      "type": "Feature",
      "geometry": {
        "type": "Point",
        "coordinates": [
          102.85546401855002,
          37.16075098506821
        ]
      },
      "properties": {
        "SRC": "MDYZK",
        "STATUS": "Y",
        "YZ_ID": 716,
        "YZ_LABEL": "ZHENGUANGYI Gansu (镇光驿)",
        "YZNM_PY": "ZHENGUANGYI",
        "YZNM_CH": "镇光驿",
        "YZNM_FT": "鎮光驛",
        "CHGIS_ID": "152542",
        "NOTE": null,
        "10CNTY_CH": "天祝藏族自治县",
        "10CNTY_EN": "Tianzhuzangzuzhzhixian",
        "10PREF_CH": "武威市",
        "10PREF_EN": "Wuwei",
        "10PROV_CH": "甘肃省",
        "10PROV_EN": "Gansu",
        "GBCODE": 620623,
        "YZ_LAT": 102.855464,
        "YZ_LONG": 37.160751,
        "_layer_id": "ming_courier_stations",
        "_layer_title": "명대 역참 지점",
        "_source_file": "Ming_Stations_2016.shp",
        "_source_crs": "EPSG:4326"
      }
    },
    {
      "type": "Feature",
      "geometry": {
        "type": "Point",
        "coordinates": [
          102.90318301798041,
          37.356185985348276
        ]
      },
      "properties": {
        "SRC": "MDYZK",
        "STATUS": "Y",
        "YZ_ID": 717,
        "YZ_LABEL": "HEISONGLINYI Gansu (黑松林驿)",
        "YZNM_PY": "HEISONGLINYI",
        "YZNM_CH": "黑松林驿",
        "YZNM_FT": "黑松林驛",
        "CHGIS_ID": "150770",
        "NOTE": null,
        "10CNTY_CH": "古浪县",
        "10CNTY_EN": "Gulang",
        "10PREF_CH": "武威市",
        "10PREF_EN": "Wuwei",
        "10PROV_CH": "甘肃省",
        "10PROV_EN": "Gansu",
        "GBCODE": 620622,
        "YZ_LAT": 102.903183,
        "YZ_LONG": 37.356186,
        "_layer_id": "ming_courier_stations",
        "_layer_title": "명대 역참 지점",
        "_source_file": "Ming_Stations_2016.shp",
        "_source_crs": "EPSG:4326"
      }
    },
    {
      "type": "Feature",
      "geometry": {
        "type": "Point",
        "coordinates": [
          102.88088199999999,
          37.46398900000002
        ]
      },
      "properties": {
        "SRC": "MDYZK",
        "STATUS": "N",
        "YZ_ID": 718,
        "YZ_LABEL": "GULANGSUO Gansu (古浪所)",
        "YZNM_PY": "GULANGSUO",
        "YZNM_CH": "古浪所",
        "YZNM_FT": "古浪所",
        "CHGIS_ID": "224",
        "NOTE": null,
        "10CNTY_CH": "古浪县",
        "10CNTY_EN": "Gulang",
        "10PREF_CH": "武威市",
        "10PREF_EN": "Wuwei",
        "10PROV_CH": "甘肃省",
        "10PROV_EN": "Gansu",
        "GBCODE": 620622,
        "YZ_LAT": 102.880882,
        "YZ_LONG": 37.463989,
        "_layer_id": "ming_courier_stations",
        "_layer_title": "명대 역참 지점",
        "_source_file": "Ming_Stations_2016.shp",
        "_source_crs": "EPSG:4326"
      }
    },
    {
      "type": "Feature",
      "geometry": {
        "type": "Point",
        "coordinates": [
          102.833061020975,
          37.6691629842777
        ]
      },
      "properties": {
        "SRC": "MDYZK",
        "STATUS": "Y",
        "YZ_ID": 719,
        "YZ_LABEL": "JINGBIANYI Gansu (靖边驿)",
        "YZNM_PY": "JINGBIANYI",
        "YZNM_CH": "靖边驿",
        "YZNM_FT": "靖邊驛",
        "CHGIS_ID": "150703",
        "NOTE": null,
        "10CNTY_CH": "凉州区",
        "10CNTY_EN": "Liangzhou",
        "10PREF_CH": "武威市",
        "10PREF_EN": "Wuwei",
        "10PROV_CH": "甘肃省",
        "10PROV_EN": "Gansu",
        "GBCODE": 620602,
        "YZ_LAT": 102.833061,
        "YZ_LONG": 37.669163,
        "_layer_id": "ming_courier_stations",
        "_layer_title": "명대 역참 지점",
        "_source_file": "Ming_Stations_2016.shp",
        "_source_crs": "EPSG:4326"
      }
    },
    {
      "type": "Feature",
      "geometry": {
        "type": "Point",
        "coordinates": [
          102.74625002433217,
          37.85008998310815
        ]
      },
      "properties": {
        "SRC": "MDYZK",
        "STATUS": "Y",
        "YZ_ID": 720,
        "YZ_LABEL": "DAHEYI Gansu (大河驿)",
        "YZNM_PY": "DAHEYI",
        "YZNM_CH": "大河驿",
        "YZNM_FT": "大河驛",
        "CHGIS_ID": "150704",
        "NOTE": null,
        "10CNTY_CH": "凉州区",
        "10CNTY_EN": "Liangzhou",
        "10PREF_CH": "武威市",
        "10PREF_EN": "Wuwei",
        "10PROV_CH": "甘肃省",
        "10PROV_EN": "Gansu",
        "GBCODE": 620602,
        "YZ_LAT": 102.74625,
        "YZ_LONG": 37.85009,
        "_layer_id": "ming_courier_stations",
        "_layer_title": "명대 역참 지점",
        "_source_file": "Ming_Stations_2016.shp",
        "_source_crs": "EPSG:4326"
      }
    },
    {
      "type": "Feature",
      "geometry": {
        "type": "Point",
        "coordinates": [
          102.63469700000002,
          37.92691800000002
        ]
      },
      "properties": {
        "SRC": "MDYZK",
        "STATUS": "Y",
        "YZ_ID": 721,
        "YZ_LABEL": "WUWEIYI Gansu (武威驿)",
        "YZNM_PY": "WUWEIYI",
        "YZNM_CH": "武威驿",
        "YZNM_FT": "武威驛",
        "CHGIS_ID": "225",
        "NOTE": null,
        "10CNTY_CH": "凉州区",
        "10CNTY_EN": "Liangzhou",
        "10PREF_CH": "武威市",
        "10PREF_EN": "Wuwei",
        "10PROV_CH": "甘肃省",
        "10PROV_EN": "Gansu",
        "GBCODE": 620602,
        "YZ_LAT": 102.634697,
        "YZ_LONG": 37.926918,
        "_layer_id": "ming_courier_stations",
        "_layer_title": "명대 역참 지점",
        "_source_file": "Ming_Stations_2016.shp",
        "_source_crs": "EPSG:4326"
      }
    },
    {
      "type": "Feature",
      "geometry": {
        "type": "Point",
        "coordinates": [
          102.44750213623048,
          38.07138824462892
        ]
      },
      "properties": {
        "SRC": "MDYZK",
        "STATUS": "Y",
        "YZ_ID": 722,
        "YZ_LABEL": "HUAI'ANYI Gansu (怀安驿)",
        "YZNM_PY": "HUAI'ANYI",
        "YZNM_CH": "怀安驿",
        "YZNM_FT": "懷安驛",
        "CHGIS_ID": null,
        "NOTE": null,
        "10CNTY_CH": "凉州区",
        "10CNTY_EN": "Liangzhou",
        "10PREF_CH": "武威市",
        "10PREF_EN": "Wuwei",
        "10PROV_CH": "甘肃省",
        "10PROV_EN": "Gansu",
        "GBCODE": 620602,
        "YZ_LAT": 102.447502,
        "YZ_LONG": 38.071388,
        "_layer_id": "ming_courier_stations",
        "_layer_title": "명대 역참 지점",
        "_source_file": "Ming_Stations_2016.shp",
        "_source_crs": "EPSG:4326"
      }
    },
    {
      "type": "Feature",
      "geometry": {
        "type": "Point",
        "coordinates": [
          102.28348504584848,
          38.13257597671698
        ]
      },
      "properties": {
        "SRC": "MDYZK",
        "STATUS": "Y",
        "YZ_ID": 723,
        "YZ_LABEL": "ROUYUANYI Gansu (柔远驿)",
        "YZNM_PY": "ROUYUANYI",
        "YZNM_CH": "柔远驿",
        "YZNM_FT": "柔遠驛",
        "CHGIS_ID": "16483",
        "NOTE": null,
        "10CNTY_CH": "永昌县",
        "10CNTY_EN": "Yongchang",
        "10PREF_CH": "金昌市",
        "10PREF_EN": "Jinchang",
        "10PROV_CH": "甘肃省",
        "10PROV_EN": "Gansu",
        "GBCODE": 620321,
        "YZ_LAT": 102.283485,
        "YZ_LONG": 38.132576,
        "_layer_id": "ming_courier_stations",
        "_layer_title": "명대 역참 지점",
        "_source_file": "Ming_Stations_2016.shp",
        "_source_crs": "EPSG:4326"
      }
    },
    {
      "type": "Feature",
      "geometry": {
        "type": "Point",
        "coordinates": [
          101.96912400000001,
          38.246647000000024
        ]
      },
      "properties": {
        "SRC": "MDYZK",
        "STATUS": "Y",
        "YZ_ID": 724,
        "YZ_LABEL": "ZHENJINGYI Gansu (真景驿)",
        "YZNM_PY": "ZHENJINGYI",
        "YZNM_CH": "真景驿",
        "YZNM_FT": "真景驛",
        "CHGIS_ID": "217",
        "NOTE": null,
        "10CNTY_CH": "永昌县",
        "10CNTY_EN": "Yongchang",
        "10PREF_CH": "金昌市",
        "10PREF_EN": "Jinchang",
        "10PROV_CH": "甘肃省",
        "10PROV_EN": "Gansu",
        "GBCODE": 620321,
        "YZ_LAT": 101.969124,
        "YZ_LONG": 38.246647,
        "_layer_id": "ming_courier_stations",
        "_layer_title": "명대 역참 지점",
        "_source_file": "Ming_Stations_2016.shp",
        "_source_crs": "EPSG:4326"
      }
    },
    {
      "type": "Feature",
      "geometry": {
        "type": "Point",
        "coordinates": [
          101.65008700000006,
          38.374939000000055
        ]
      },
      "properties": {
        "SRC": "MDYZK",
        "STATUS": "Y",
        "YZ_ID": 725,
        "YZ_LABEL": "SHUIQUAN'ERYI Gansu (水泉儿驿)",
        "YZNM_PY": "SHUIQUAN'ERYI",
        "YZNM_CH": "水泉儿驿",
        "YZNM_FT": "水泉兒驛",
        "CHGIS_ID": "150735",
        "NOTE": null,
        "10CNTY_CH": "永昌县",
        "10CNTY_EN": "Yongchang",
        "10PREF_CH": "金昌市",
        "10PREF_EN": "Jinchang",
        "10PROV_CH": "甘肃省",
        "10PROV_EN": "Gansu",
        "GBCODE": 620321,
        "YZ_LAT": 101.650087,
        "YZ_LONG": 38.374939,
        "_layer_id": "ming_courier_stations",
        "_layer_title": "명대 역참 지점",
        "_source_file": "Ming_Stations_2016.shp",
        "_source_crs": "EPSG:4326"
      }
    },
    {
      "type": "Feature",
      "geometry": {
        "type": "Point",
        "coordinates": [
          101.41075000000008,
          38.50788100000006
        ]
      },
      "properties": {
        "SRC": "MDYZK",
        "STATUS": "Y",
        "YZ_ID": 726,
        "YZ_LABEL": "SHIXIAKOUYI Gansu (石峡口驿)",
        "YZNM_PY": "SHIXIAKOUYI",
        "YZNM_CH": "石峡口驿",
        "YZNM_FT": "石峽口驛",
        "CHGIS_ID": "150665",
        "NOTE": null,
        "10CNTY_CH": "山丹县",
        "10CNTY_EN": "Shandan",
        "10PREF_CH": "张掖市",
        "10PREF_EN": "Zhangye",
        "10PROV_CH": "甘肃省",
        "10PROV_EN": "Gansu",
        "GBCODE": 620725,
        "YZ_LAT": 101.41075,
        "YZ_LONG": 38.507881,
        "_layer_id": "ming_courier_stations",
        "_layer_title": "명대 역참 지점",
        "_source_file": "Ming_Stations_2016.shp",
        "_source_crs": "EPSG:4326"
      }
    },
    {
      "type": "Feature",
      "geometry": {
        "type": "Point",
        "coordinates": [
          101.08795899999998,
          38.78110500000002
        ]
      },
      "properties": {
        "SRC": "MDYZK",
        "STATUS": "Y",
        "YZ_ID": 727,
        "YZ_LABEL": "SHANDANYI Gansu (山丹驿)",
        "YZNM_PY": "SHANDANYI",
        "YZNM_CH": "山丹驿",
        "YZNM_FT": "山丹驛",
        "CHGIS_ID": "218",
        "NOTE": null,
        "10CNTY_CH": "山丹县",
        "10CNTY_EN": "Shandan",
        "10PREF_CH": "张掖市",
        "10PREF_EN": "Zhangye",
        "10PROV_CH": "甘肃省",
        "10PROV_EN": "Gansu",
        "GBCODE": 620725,
        "YZ_LAT": 101.087959,
        "YZ_LONG": 38.781105,
        "_layer_id": "ming_courier_stations",
        "_layer_title": "명대 역참 지점",
        "_source_file": "Ming_Stations_2016.shp",
        "_source_crs": "EPSG:4326"
      }
    },
    {
      "type": "Feature",
      "geometry": {
        "type": "Point",
        "coordinates": [
          100.67880199999998,
          38.88661600000002
        ]
      },
      "properties": {
        "SRC": "MDYZK",
        "STATUS": "Y",
        "YZ_ID": 728,
        "YZ_LABEL": "RENSHOUYI Gansu (仁寿驿)",
        "YZNM_PY": "RENSHOUYI",
        "YZNM_CH": "仁寿驿",
        "YZNM_FT": "仁壽驛",
        "CHGIS_ID": "16824",
        "NOTE": null,
        "10CNTY_CH": "甘州区",
        "10CNTY_EN": "Ganzhou",
        "10PREF_CH": "张掖市",
        "10PREF_EN": "Zhangye",
        "10PROV_CH": "甘肃省",
        "10PROV_EN": "Gansu",
        "GBCODE": 620702,
        "YZ_LAT": 100.678802,
        "YZ_LONG": 38.886616,
        "_layer_id": "ming_courier_stations",
        "_layer_title": "명대 역참 지점",
        "_source_file": "Ming_Stations_2016.shp",
        "_source_crs": "EPSG:4326"
      }
    },
    {
      "type": "Feature",
      "geometry": {
        "type": "Point",
        "coordinates": [
          100.44992099999999,
          38.93311300000002
        ]
      },
      "properties": {
        "SRC": "MDYZK",
        "STATUS": "N",
        "YZ_ID": 729,
        "YZ_LABEL": "GANZHOUWEI Gansu (甘州卫)",
        "YZNM_PY": "GANZHOUWEI",
        "YZNM_CH": "甘州卫",
        "YZNM_FT": "甘州衛",
        "CHGIS_ID": "216",
        "NOTE": null,
        "10CNTY_CH": "甘州区",
        "10CNTY_EN": "Ganzhou",
        "10PREF_CH": "张掖市",
        "10PREF_EN": "Zhangye",
        "10PROV_CH": "甘肃省",
        "10PROV_EN": "Gansu",
        "GBCODE": 620702,
        "YZ_LAT": 100.449921,
        "YZ_LONG": 38.933113,
        "_layer_id": "ming_courier_stations",
        "_layer_title": "명대 역참 지점",
        "_source_file": "Ming_Stations_2016.shp",
        "_source_crs": "EPSG:4326"
      }
    },
    {
      "type": "Feature",
      "geometry": {
        "type": "Point",
        "coordinates": [
          99.82028199999999,
          39.38121800000002
        ]
      },
      "properties": {
        "SRC": "MDYZK",
        "STATUS": "N",
        "YZ_ID": 730,
        "YZ_LABEL": "GAOTAISUO Gansu (高台所)",
        "YZNM_PY": "GAOTAISUO",
        "YZNM_CH": "高台所",
        "YZNM_FT": "高臺所",
        "CHGIS_ID": "214",
        "NOTE": null,
        "10CNTY_CH": "高台县",
        "10CNTY_EN": "Gaotai",
        "10PREF_CH": "张掖市",
        "10PREF_EN": "Zhangye",
        "10PROV_CH": "甘肃省",
        "10PROV_EN": "Gansu",
        "GBCODE": 620724,
        "YZ_LAT": 99.820282,
        "YZ_LONG": 39.381218,
        "_layer_id": "ming_courier_stations",
        "_layer_title": "명대 역참 지점",
        "_source_file": "Ming_Stations_2016.shp",
        "_source_crs": "EPSG:4326"
      }
    },
    {
      "type": "Feature",
      "geometry": {
        "type": "Point",
        "coordinates": [
          99.52724486144479,
          39.75958790202296
        ]
      },
      "properties": {
        "SRC": "MDYZK",
        "STATUS": "Y",
        "YZ_ID": 731,
        "YZ_LABEL": "ZHENYUANYI Gansu (镇远驿)",
        "YZNM_PY": "ZHENYUANYI",
        "YZNM_CH": "镇远驿",
        "YZNM_FT": "鎮遠驛",
        "CHGIS_ID": "150615",
        "NOTE": null,
        "10CNTY_CH": "高台县",
        "10CNTY_EN": "Gaotai",
        "10PREF_CH": "张掖市",
        "10PREF_EN": "Zhangye",
        "10PROV_CH": "甘肃省",
        "10PROV_EN": "Gansu",
        "GBCODE": 620724,
        "YZ_LAT": 99.527245,
        "YZ_LONG": 39.759588,
        "_layer_id": "ming_courier_stations",
        "_layer_title": "명대 역참 지점",
        "_source_file": "Ming_Stations_2016.shp",
        "_source_crs": "EPSG:4326"
      }
    },
    {
      "type": "Feature",
      "geometry": {
        "type": "Point",
        "coordinates": [
          98.51135817603156,
          39.75440944896588
        ]
      },
      "properties": {
        "SRC": "MDYZK",
        "STATUS": "N",
        "YZ_ID": 732,
        "YZ_LABEL": "SUZHOUWEI Gansu (肃州卫)",
        "YZNM_PY": "SUZHOUWEI",
        "YZNM_CH": "肃州卫",
        "YZNM_FT": "肅州衛",
        "CHGIS_ID": null,
        "NOTE": null,
        "10CNTY_CH": "肃州区",
        "10CNTY_EN": "Suzhou",
        "10PREF_CH": "酒泉市",
        "10PREF_EN": "Jiuquan",
        "10PROV_CH": "甘肃省",
        "10PROV_EN": "Gansu",
        "GBCODE": 620902,
        "YZ_LAT": 98.511358,
        "YZ_LONG": 39.754409,
        "_layer_id": "ming_courier_stations",
        "_layer_title": "명대 역참 지점",
        "_source_file": "Ming_Stations_2016.shp",
        "_source_crs": "EPSG:4326"
      }
    },
    {
      "type": "Feature",
      "geometry": {
        "type": "Point",
        "coordinates": [
          98.2197294527081,
          39.81125287147675
        ]
      },
      "properties": {
        "SRC": "MDYZK",
        "STATUS": "Y",
        "YZ_ID": 733,
        "YZ_LABEL": "JIAYUGUANYI Gansu (嘉峪关驿)",
        "YZNM_PY": "JIAYUGUANYI",
        "YZNM_CH": "嘉峪关驿",
        "YZNM_FT": "嘉峪關驛",
        "CHGIS_ID": "150549",
        "NOTE": null,
        "10CNTY_CH": "嘉峪关市",
        "10CNTY_EN": "Jiayuguan",
        "10PREF_CH": "嘉峪关市",
        "10PREF_EN": "Jiayuguan",
        "10PROV_CH": "甘肃省",
        "10PROV_EN": "Gansu",
        "GBCODE": 620201,
        "YZ_LAT": 98.219729,
        "YZ_LONG": 39.811253,
        "_layer_id": "ming_courier_stations",
        "_layer_title": "명대 역참 지점",
        "_source_file": "Ming_Stations_2016.shp",
        "_source_crs": "EPSG:4326"
      }
    },
    {
      "type": "Feature",
      "geometry": {
        "type": "Point",
        "coordinates": [
          108.92140000000006,
          34.617800000000045
        ]
      },
      "properties": {
        "SRC": "MDYZK",
        "STATUS": "L",
        "YZ_ID": 734,
        "YZ_LABEL": "JIANZHONGYI Shaanxi (建忠驿)",
        "YZNM_PY": "JIANZHONGYI",
        "YZNM_CH": "建忠驿",
        "YZNM_FT": "建忠驛",
        "CHGIS_ID": "79781",
        "NOTE": null,
        "10CNTY_CH": "三原县",
        "10CNTY_EN": "Sanyuan",
        "10PREF_CH": "咸阳市",
        "10PREF_EN": "Xianyang",
        "10PROV_CH": "陕西省",
        "10PROV_EN": "Shaanxi",
        "GBCODE": 610422,
        "YZ_LAT": 108.9214,
        "YZ_LONG": 34.6178,
        "_layer_id": "ming_courier_stations",
        "_layer_title": "명대 역참 지점",
        "_source_file": "Ming_Stations_2016.shp",
        "_source_crs": "EPSG:4326"
      }
    },
    {
      "type": "Feature",
      "geometry": {
        "type": "Point",
        "coordinates": [
          108.97146599999856,
          34.91326899999565
        ]
      },
      "properties": {
        "SRC": "MDYZK",
        "STATUS": "Y",
        "YZ_ID": 735,
        "YZ_LABEL": "SHUNYIYI Shaanxi (顺义驿)",
        "YZNM_PY": "SHUNYIYI",
        "YZNM_CH": "顺义驿",
        "YZNM_FT": "順義驛",
        "CHGIS_ID": "942",
        "NOTE": null,
        "10CNTY_CH": "耀州区",
        "10CNTY_EN": "Yaozhou",
        "10PREF_CH": "铜川市",
        "10PREF_EN": "Tongchuan",
        "10PROV_CH": "陕西省",
        "10PROV_EN": "Shaanxi",
        "GBCODE": 610204,
        "YZ_LAT": 108.971466,
        "YZ_LONG": 34.913269,
        "_layer_id": "ming_courier_stations",
        "_layer_title": "명대 역참 지점",
        "_source_file": "Ming_Stations_2016.shp",
        "_source_crs": "EPSG:4326"
      }
    },
    {
      "type": "Feature",
      "geometry": {
        "type": "Point",
        "coordinates": [
          109.26381700000002,
          35.58947400000002
        ]
      },
      "properties": {
        "SRC": "MDYZK",
        "STATUS": "N",
        "YZ_ID": 736,
        "YZ_LABEL": "ZHAIDAOYI Shaanxi (翟道驿)",
        "YZNM_PY": "ZHAIDAOYI",
        "YZNM_CH": "翟道驿",
        "YZNM_FT": "翟道驛",
        "CHGIS_ID": "944",
        "NOTE": null,
        "10CNTY_CH": "黄陵县",
        "10CNTY_EN": "Huangling",
        "10PREF_CH": "延安市",
        "10PREF_EN": "Yanan",
        "10PROV_CH": "陕西省",
        "10PROV_EN": "Shaanxi",
        "GBCODE": 610632,
        "YZ_LAT": 109.263817,
        "YZ_LONG": 35.589474,
        "_layer_id": "ming_courier_stations",
        "_layer_title": "명대 역참 지점",
        "_source_file": "Ming_Stations_2016.shp",
        "_source_crs": "EPSG:4326"
      }
    },
    {
      "type": "Feature",
      "geometry": {
        "type": "Point",
        "coordinates": [
          109.11310599999922,
          35.39727799999659
        ]
      },
      "properties": {
        "SRC": "MDYZK",
        "STATUS": "Y",
        "YZ_ID": 737,
        "YZ_LABEL": "YUNYANGYI Shaanxi (云阳驿)",
        "YZNM_PY": "YUNYANGYI",
        "YZNM_CH": "云阳驿",
        "YZNM_FT": "雲陽驛",
        "CHGIS_ID": "70232",
        "NOTE": null,
        "10CNTY_CH": "宜君县",
        "10CNTY_EN": "Yijun",
        "10PREF_CH": "铜川市",
        "10PREF_EN": "Tongchuan",
        "10PROV_CH": "陕西省",
        "10PROV_EN": "Shaanxi",
        "GBCODE": 610222,
        "YZ_LAT": 109.113106,
        "YZ_LONG": 35.397278,
        "_layer_id": "ming_courier_stations",
        "_layer_title": "명대 역참 지점",
        "_source_file": "Ming_Stations_2016.shp",
        "_source_crs": "EPSG:4326"
      }
    },
    {
      "type": "Feature",
      "geometry": {
        "type": "Point",
        "coordinates": [
          109.36716399999976,
          35.99562799999766
        ]
      },
      "properties": {
        "SRC": "PA_1903",
        "STATUS": "B",
        "YZ_ID": 738,
        "YZ_LABEL": "FUZHOUYI Shaanxi (富州驿)",
        "YZNM_PY": "FUZHOUYI",
        "YZNM_CH": "富州驿",
        "YZNM_FT": "富州驛",
        "CHGIS_ID": "70233",
        "NOTE": null,
        "10CNTY_CH": "富县",
        "10CNTY_EN": "Fu",
        "10PREF_CH": "延安市",
        "10PREF_EN": "Yanan",
        "10PROV_CH": "陕西省",
        "10PROV_EN": "Shaanxi",
        "GBCODE": 610628,
        "YZ_LAT": 109.367164,
        "YZ_LONG": 35.995628,
        "_layer_id": "ming_courier_stations",
        "_layer_title": "명대 역참 지점",
        "_source_file": "Ming_Stations_2016.shp",
        "_source_crs": "EPSG:4326"
      }
    },
    {
      "type": "Feature",
      "geometry": {
        "type": "Point",
        "coordinates": [
          109.344574,
          36.27862500000001
        ]
      },
      "properties": {
        "SRC": "MDYZK",
        "STATUS": "N",
        "YZ_ID": 739,
        "YZ_LABEL": "FU'ANYI Shaanxi (抚安驿)",
        "YZNM_PY": "FU'ANYI",
        "YZNM_CH": "抚安驿",
        "YZNM_FT": "撫安驛",
        "CHGIS_ID": "70238",
        "NOTE": null,
        "10CNTY_CH": "甘泉县",
        "10CNTY_EN": "Ganquan",
        "10PREF_CH": "延安市",
        "10PREF_EN": "Yanan",
        "10PROV_CH": "陕西省",
        "10PROV_EN": "Shaanxi",
        "GBCODE": 610627,
        "YZ_LAT": 109.344574,
        "YZ_LONG": 36.278625,
        "_layer_id": "ming_courier_stations",
        "_layer_title": "명대 역참 지점",
        "_source_file": "Ming_Stations_2016.shp",
        "_source_crs": "EPSG:4326"
      }
    },
    {
      "type": "Feature",
      "geometry": {
        "type": "Point",
        "coordinates": [
          109.46990999999998,
          36.59180800000002
        ]
      },
      "properties": {
        "SRC": "MDYZK",
        "STATUS": "Y",
        "YZ_ID": 740,
        "YZ_LABEL": "JINMINGYI Shaanxi (金明驿)",
        "YZNM_PY": "JINMINGYI",
        "YZNM_CH": "金明驿",
        "YZNM_FT": "金明驛",
        "CHGIS_ID": "70361",
        "NOTE": null,
        "10CNTY_CH": "宝塔区",
        "10CNTY_EN": "Baota",
        "10PREF_CH": "延安市",
        "10PREF_EN": "Yanan",
        "10PROV_CH": "陕西省",
        "10PROV_EN": "Shaanxi",
        "GBCODE": 610602,
        "YZ_LAT": 109.46991,
        "YZ_LONG": 36.591808,
        "_layer_id": "ming_courier_stations",
        "_layer_title": "명대 역참 지점",
        "_source_file": "Ming_Stations_2016.shp",
        "_source_crs": "EPSG:4326"
      }
    },
    {
      "type": "Feature",
      "geometry": {
        "type": "Point",
        "coordinates": [
          109.81158400000001,
          36.71279899999822
        ]
      },
      "properties": {
        "SRC": "MDYZK",
        "STATUS": "Y",
        "YZ_ID": 741,
        "YZ_LABEL": "GANGUYI Shaanxi (干谷驿)",
        "YZNM_PY": "GANGUYI",
        "YZNM_CH": "干谷驿",
        "YZNM_FT": "幹穀驛",
        "CHGIS_ID": "19826",
        "NOTE": null,
        "10CNTY_CH": "宝塔区",
        "10CNTY_EN": "Baota",
        "10PREF_CH": "延安市",
        "10PREF_EN": "Yanan",
        "10PROV_CH": "陕西省",
        "10PROV_EN": "Shaanxi",
        "GBCODE": 610602,
        "YZ_LAT": 109.811584,
        "YZ_LONG": 36.712799,
        "_layer_id": "ming_courier_stations",
        "_layer_title": "명대 역참 지점",
        "_source_file": "Ming_Stations_2016.shp",
        "_source_crs": "EPSG:4326"
      }
    },
    {
      "type": "Feature",
      "geometry": {
        "type": "Point",
        "coordinates": [
          110.06559800000002,
          36.87483999999829
        ]
      },
      "properties": {
        "SRC": "MDYZK",
        "STATUS": "Y",
        "YZ_ID": 742,
        "YZ_LABEL": "WEN'ANYI Shaanxi (文安驿)",
        "YZNM_PY": "WEN'ANYI",
        "YZNM_CH": "文安驿",
        "YZNM_FT": "文安驛",
        "CHGIS_ID": "19935",
        "NOTE": null,
        "10CNTY_CH": "延川县",
        "10CNTY_EN": "Yanchuan",
        "10PREF_CH": "延安市",
        "10PREF_EN": "Yanan",
        "10PROV_CH": "陕西省",
        "10PROV_EN": "Shaanxi",
        "GBCODE": 610622,
        "YZ_LAT": 110.065598,
        "YZ_LONG": 36.87484,
        "_layer_id": "ming_courier_stations",
        "_layer_title": "명대 역참 지점",
        "_source_file": "Ming_Stations_2016.shp",
        "_source_crs": "EPSG:4326"
      }
    },
    {
      "type": "Feature",
      "geometry": {
        "type": "Point",
        "coordinates": [
          110.12570200000009,
          37.09661899999822
        ]
      },
      "properties": {
        "SRC": "MDYZK",
        "STATUS": "N",
        "YZ_ID": 743,
        "YZ_LABEL": "QINGJIANYI Shaanxi (青涧)",
        "YZNM_PY": "QINGJIANYI",
        "YZNM_CH": "青涧",
        "YZNM_FT": "青澗",
        "CHGIS_ID": "70272",
        "NOTE": null,
        "10CNTY_CH": "清涧县",
        "10CNTY_EN": "Qingjian",
        "10PREF_CH": "榆林市",
        "10PREF_EN": "Yulin",
        "10PROV_CH": "陕西省",
        "10PROV_EN": "Shaanxi",
        "GBCODE": 610830,
        "YZ_LAT": 110.125702,
        "YZ_LONG": 37.096619,
        "_layer_id": "ming_courier_stations",
        "_layer_title": "명대 역참 지점",
        "_source_file": "Ming_Stations_2016.shp",
        "_source_crs": "EPSG:4326"
      }
    },
    {
      "type": "Feature",
      "geometry": {
        "type": "Point",
        "coordinates": [
          110.1564330000001,
          37.31352199999813
        ]
      },
      "properties": {
        "SRC": "MDYZK",
        "STATUS": "N",
        "YZ_ID": 744,
        "YZ_LABEL": "SHIZUICHAYI Shaanxi (石嘴岔驿)",
        "YZNM_PY": "SHIZUICHAYI",
        "YZNM_CH": "石嘴岔驿",
        "YZNM_FT": "石嘴岔驛",
        "CHGIS_ID": "19813",
        "NOTE": null,
        "10CNTY_CH": "清涧县",
        "10CNTY_EN": "Qingjian",
        "10PREF_CH": "榆林市",
        "10PREF_EN": "Yulin",
        "10PROV_CH": "陕西省",
        "10PROV_EN": "Shaanxi",
        "GBCODE": 610830,
        "YZ_LAT": 110.156433,
        "YZ_LONG": 37.313522,
        "_layer_id": "ming_courier_stations",
        "_layer_title": "명대 역참 지점",
        "_source_file": "Ming_Stations_2016.shp",
        "_source_crs": "EPSG:4326"
      }
    },
    {
      "type": "Feature",
      "geometry": {
        "type": "Point",
        "coordinates": [
          110.25390000000003,
          37.49970000000006
        ]
      },
      "properties": {
        "SRC": "MDYZK",
        "STATUS": "N",
        "YZ_ID": 745,
        "YZ_LABEL": "QINGYANGYI Shaanxi (青阳驿)",
        "YZNM_PY": "QINGYANGYI",
        "YZNM_CH": "青阳驿",
        "YZNM_FT": "青陽驛",
        "CHGIS_ID": "70269",
        "NOTE": null,
        "10CNTY_CH": "绥德县",
        "10CNTY_EN": "Suide",
        "10PREF_CH": "榆林市",
        "10PREF_EN": "Yulin",
        "10PROV_CH": "陕西省",
        "10PROV_EN": "Shaanxi",
        "GBCODE": 610826,
        "YZ_LAT": 110.2539,
        "YZ_LONG": 37.4997,
        "_layer_id": "ming_courier_stations",
        "_layer_title": "명대 역참 지점",
        "_source_file": "Ming_Stations_2016.shp",
        "_source_crs": "EPSG:4326"
      }
    },
    {
      "type": "Feature",
      "geometry": {
        "type": "Point",
        "coordinates": [
          109.13581099999922,
          35.887195999996514
        ]
      },
      "properties": {
        "SRC": "MDYZK",
        "STATUS": "Y",
        "YZ_ID": 746,
        "YZ_LABEL": "ZHANGCUNYI Shaanxi (张村驿)",
        "YZNM_PY": "ZHANGCUNYI",
        "YZNM_CH": "张村驿",
        "YZNM_FT": "張村驛",
        "CHGIS_ID": "19980",
        "NOTE": null,
        "10CNTY_CH": "富县",
        "10CNTY_EN": "Fu",
        "10PREF_CH": "延安市",
        "10PREF_EN": "Yanan",
        "10PROV_CH": "陕西省",
        "10PROV_EN": "Shaanxi",
        "GBCODE": 610628,
        "YZ_LAT": 109.135811,
        "YZ_LONG": 35.887196,
        "_layer_id": "ming_courier_stations",
        "_layer_title": "명대 역참 지점",
        "_source_file": "Ming_Stations_2016.shp",
        "_source_crs": "EPSG:4326"
      }
    },
    {
      "type": "Feature",
      "geometry": {
        "type": "Point",
        "coordinates": [
          109.00660700000009,
          35.95812600000006
        ]
      },
      "properties": {
        "SRC": "MDYZK",
        "STATUS": "N",
        "YZ_ID": 747,
        "YZ_LABEL": "LONGYIZHENYI Shaanxi (隆益镇驿)",
        "YZNM_PY": "LONGYIZHENYI",
        "YZNM_CH": "隆益镇驿",
        "YZNM_FT": "隆益鎮驛",
        "CHGIS_ID": "19968",
        "NOTE": null,
        "10CNTY_CH": "富县",
        "10CNTY_EN": "Fu",
        "10PREF_CH": "延安市",
        "10PREF_EN": "Yanan",
        "10PROV_CH": "陕西省",
        "10PROV_EN": "Shaanxi",
        "GBCODE": 610628,
        "YZ_LAT": 109.006607,
        "YZ_LONG": 35.958126,
        "_layer_id": "ming_courier_stations",
        "_layer_title": "명대 역참 지점",
        "_source_file": "Ming_Stations_2016.shp",
        "_source_crs": "EPSG:4326"
      }
    },
    {
      "type": "Feature",
      "geometry": {
        "type": "Point",
        "coordinates": [
          108.67740200000009,
          36.12025900000004
        ]
      },
      "properties": {
        "SRC": "MDYZK",
        "STATUS": "Y",
        "YZ_ID": 748,
        "YZ_LABEL": "SHAOZHUANGYI Gansu (邵庄驿)",
        "YZNM_PY": "SHAOZHUANGYI",
        "YZNM_CH": "邵庄驿",
        "YZNM_FT": "邵莊驛",
        "CHGIS_ID": "152025",
        "NOTE": null,
        "10CNTY_CH": "合水县",
        "10CNTY_EN": "Heshui",
        "10PREF_CH": "庆阳市",
        "10PREF_EN": "Qingyang",
        "10PROV_CH": "甘肃省",
        "10PROV_EN": "Gansu",
        "GBCODE": 621024,
        "YZ_LAT": 108.677402,
        "YZ_LONG": 36.120259,
        "_layer_id": "ming_courier_stations",
        "_layer_title": "명대 역참 지점",
        "_source_file": "Ming_Stations_2016.shp",
        "_source_crs": "EPSG:4326"
      }
    },
    {
      "type": "Feature",
      "geometry": {
        "type": "Point",
        "coordinates": [
          108.32706800000007,
          36.08201700000007
        ]
      },
      "properties": {
        "SRC": "MDYZK",
        "STATUS": "Y",
        "YZ_ID": 749,
        "YZ_LABEL": "SONGZHUANGYI Gansu (宋庄驿)",
        "YZNM_PY": "SONGZHUANGYI",
        "YZNM_CH": "宋庄驿",
        "YZNM_FT": "宋莊驛",
        "CHGIS_ID": "152028",
        "NOTE": null,
        "10CNTY_CH": "合水县",
        "10CNTY_EN": "Heshui",
        "10PREF_CH": "庆阳市",
        "10PREF_EN": "Qingyang",
        "10PROV_CH": "甘肃省",
        "10PROV_EN": "Gansu",
        "GBCODE": 621024,
        "YZ_LAT": 108.327068,
        "YZ_LONG": 36.082017,
        "_layer_id": "ming_courier_stations",
        "_layer_title": "명대 역참 지점",
        "_source_file": "Ming_Stations_2016.shp",
        "_source_crs": "EPSG:4326"
      }
    },
    {
      "type": "Feature",
      "geometry": {
        "type": "Point",
        "coordinates": [
          107.930466,
          35.50142700000002
        ]
      },
      "properties": {
        "SRC": "MDYZK",
        "STATUS": "Y",
        "YZ_ID": 750,
        "YZ_LABEL": "PENGYUANYI Gansu (彭原驿)",
        "YZNM_PY": "PENGYUANYI",
        "YZNM_CH": "彭原驿",
        "YZNM_FT": "彭原驛",
        "CHGIS_ID": "249",
        "NOTE": null,
        "10CNTY_CH": "宁县",
        "10CNTY_EN": "Ning",
        "10PREF_CH": "庆阳市",
        "10PREF_EN": "Qingyang",
        "10PROV_CH": "甘肃省",
        "10PROV_EN": "Gansu",
        "GBCODE": 621026,
        "YZ_LAT": 107.930466,
        "YZ_LONG": 35.501427,
        "_layer_id": "ming_courier_stations",
        "_layer_title": "명대 역참 지점",
        "_source_file": "Ming_Stations_2016.shp",
        "_source_crs": "EPSG:4326"
      }
    },
    {
      "type": "Feature",
      "geometry": {
        "type": "Point",
        "coordinates": [
          108.01901199998315,
          35.817828999963545
        ]
      },
      "properties": {
        "SRC": "MDYZK",
        "STATUS": "Y",
        "YZ_ID": 751,
        "YZ_LABEL": "HUACHIYI Gansu (华池驿)",
        "YZNM_PY": "HUACHIYI",
        "YZNM_CH": "华池驿",
        "YZNM_FT": "華池驛",
        "CHGIS_ID": "152013",
        "NOTE": null,
        "10CNTY_CH": "合水县",
        "10CNTY_EN": "Heshui",
        "10PREF_CH": "庆阳市",
        "10PREF_EN": "Qingyang",
        "10PROV_CH": "甘肃省",
        "10PROV_EN": "Gansu",
        "GBCODE": 621024,
        "YZ_LAT": 108.019012,
        "YZ_LONG": 35.817829,
        "_layer_id": "ming_courier_stations",
        "_layer_title": "명대 역참 지점",
        "_source_file": "Ming_Stations_2016.shp",
        "_source_crs": "EPSG:4326"
      }
    },
    {
      "type": "Feature",
      "geometry": {
        "type": "Point",
        "coordinates": [
          107.87602200000002,
          36.00516500000001
        ]
      },
      "properties": {
        "SRC": "MDYZK",
        "STATUS": "Y",
        "YZ_ID": 752,
        "YZ_LABEL": "HONGHUAYI Gansu (弘化驿)",
        "YZNM_PY": "HONGHUAYI",
        "YZNM_CH": "弘化驿",
        "YZNM_FT": "弘化驛",
        "CHGIS_ID": "233",
        "NOTE": null,
        "10CNTY_CH": "庆城县",
        "10CNTY_EN": "Qingcheng",
        "10PREF_CH": "庆阳市",
        "10PREF_EN": "Qingyang",
        "10PROV_CH": "甘肃省",
        "10PROV_EN": "Gansu",
        "GBCODE": 621021,
        "YZ_LAT": 107.876022,
        "YZ_LONG": 36.005165,
        "_layer_id": "ming_courier_stations",
        "_layer_title": "명대 역참 지점",
        "_source_file": "Ming_Stations_2016.shp",
        "_source_crs": "EPSG:4326"
      }
    },
    {
      "type": "Feature",
      "geometry": {
        "type": "Point",
        "coordinates": [
          107.64027404785156,
          36.217220306396506
        ]
      },
      "properties": {
        "SRC": "MDYZK",
        "STATUS": "Y",
        "YZ_ID": 753,
        "YZ_LABEL": "LINGYI Gansu (灵驿)",
        "YZNM_PY": "LINGYI",
        "YZNM_CH": "灵驿",
        "YZNM_FT": "靈驛",
        "CHGIS_ID": "16642",
        "NOTE": null,
        "10CNTY_CH": "庆城县",
        "10CNTY_EN": "Qingcheng",
        "10PREF_CH": "庆阳市",
        "10PREF_EN": "Qingyang",
        "10PROV_CH": "甘肃省",
        "10PROV_EN": "Gansu",
        "GBCODE": 621021,
        "YZ_LAT": 107.640274,
        "YZ_LONG": 36.21722,
        "_layer_id": "ming_courier_stations",
        "_layer_title": "명대 역참 지점",
        "_source_file": "Ming_Stations_2016.shp",
        "_source_crs": "EPSG:4326"
      }
    },
    {
      "type": "Feature",
      "geometry": {
        "type": "Point",
        "coordinates": [
          107.51916499995728,
          36.29303699990608
        ]
      },
      "properties": {
        "SRC": "MDYZK",
        "STATUS": "Y",
        "YZ_ID": 754,
        "YZ_LABEL": "QUZIYI Gansu (曲子驿)",
        "YZNM_PY": "QUZIYI",
        "YZNM_CH": "曲子驿",
        "YZNM_FT": "曲子驛",
        "CHGIS_ID": "152036",
        "NOTE": null,
        "10CNTY_CH": "环县",
        "10CNTY_EN": "Huan",
        "10PREF_CH": "庆阳市",
        "10PREF_EN": "Qingyang",
        "10PROV_CH": "甘肃省",
        "10PROV_EN": "Gansu",
        "GBCODE": 621022,
        "YZ_LAT": 107.519165,
        "YZ_LONG": 36.293037,
        "_layer_id": "ming_courier_stations",
        "_layer_title": "명대 역참 지점",
        "_source_file": "Ming_Stations_2016.shp",
        "_source_crs": "EPSG:4326"
      }
    },
    {
      "type": "Feature",
      "geometry": {
        "type": "Point",
        "coordinates": [
          107.30432100000003,
          36.573410000000024
        ]
      },
      "properties": {
        "SRC": "MDYZK",
        "STATUS": "Y",
        "YZ_ID": 755,
        "YZ_LABEL": "LINGWUYI Gansu (灵武驿)",
        "YZNM_PY": "LINGWUYI",
        "YZNM_CH": "灵武驿",
        "YZNM_FT": "靈武驛",
        "CHGIS_ID": "234",
        "NOTE": null,
        "10CNTY_CH": "环县",
        "10CNTY_EN": "Huan",
        "10PREF_CH": "庆阳市",
        "10PREF_EN": "Qingyang",
        "10PROV_CH": "甘肃省",
        "10PROV_EN": "Gansu",
        "GBCODE": 621022,
        "YZ_LAT": 107.304321,
        "YZ_LONG": 36.57341,
        "_layer_id": "ming_courier_stations",
        "_layer_title": "명대 역참 지점",
        "_source_file": "Ming_Stations_2016.shp",
        "_source_crs": "EPSG:4326"
      }
    },
    {
      "type": "Feature",
      "geometry": {
        "type": "Point",
        "coordinates": [
          106.47856900000004,
          37.278038000000045
        ]
      },
      "properties": {
        "SRC": "MDYZK",
        "STATUS": "N",
        "YZ_ID": 756,
        "YZ_LABEL": "WEIZHOUSUO Ningxia (韦州所)",
        "YZNM_PY": "WEIZHOUSUO",
        "YZNM_CH": "韦州所",
        "YZNM_FT": "韋州所",
        "CHGIS_ID": "152667",
        "NOTE": null,
        "10CNTY_CH": "同心县",
        "10CNTY_EN": "Tongxin",
        "10PREF_CH": "吴忠市",
        "10PREF_EN": "Wuzhong",
        "10PROV_CH": "宁夏回族自治区",
        "10PROV_EN": "Ningxia",
        "GBCODE": 640324,
        "YZ_LAT": 106.478569,
        "YZ_LONG": 37.278038,
        "_layer_id": "ming_courier_stations",
        "_layer_title": "명대 역참 지점",
        "_source_file": "Ming_Stations_2016.shp",
        "_source_crs": "EPSG:4326"
      }
    },
    {
      "type": "Feature",
      "geometry": {
        "type": "Point",
        "coordinates": [
          106.44525899985352,
          37.71522099948383
        ]
      },
      "properties": {
        "SRC": "PA_1903",
        "STATUS": "N",
        "YZ_ID": 757,
        "YZ_LABEL": "SHIGOUYI Ningxia (石沟驿)",
        "YZNM_PY": "SHIGOUYI",
        "YZNM_CH": "石沟驿",
        "YZNM_FT": "石溝驛",
        "CHGIS_ID": "16576",
        "NOTE": null,
        "10CNTY_CH": "灵武市",
        "10CNTY_EN": "Lingwu",
        "10PREF_CH": "银川市",
        "10PREF_EN": "Yinchuan",
        "10PROV_CH": "宁夏回族自治区",
        "10PROV_EN": "Ningxia",
        "GBCODE": 640181,
        "YZ_LAT": 106.445259,
        "YZ_LONG": 37.715221,
        "_layer_id": "ming_courier_stations",
        "_layer_title": "명대 역참 지점",
        "_source_file": "Ming_Stations_2016.shp",
        "_source_crs": "EPSG:4326"
      }
    },
    {
      "type": "Feature",
      "geometry": {
        "type": "Point",
        "coordinates": [
          106.32813999999999,
          38.088886000000024
        ]
      },
      "properties": {
        "SRC": "MDYZK",
        "STATUS": "N",
        "YZ_ID": 758,
        "YZ_LABEL": "LINGZHOUSUO Ningxia (灵州所)",
        "YZNM_PY": "LINGZHOUSUO",
        "YZNM_CH": "灵州所",
        "YZNM_FT": "靈州所",
        "CHGIS_ID": "70564",
        "NOTE": null,
        "10CNTY_CH": "灵武市",
        "10CNTY_EN": "Lingwu",
        "10PREF_CH": "银川市",
        "10PREF_EN": "Yinchuan",
        "10PROV_CH": "宁夏回族自治区",
        "10PROV_EN": "Ningxia",
        "GBCODE": 640181,
        "YZ_LAT": 106.32814,
        "YZ_LONG": 38.088886,
        "_layer_id": "ming_courier_stations",
        "_layer_title": "명대 역참 지점",
        "_source_file": "Ming_Stations_2016.shp",
        "_source_crs": "EPSG:4326"
      }
    },
    {
      "type": "Feature",
      "geometry": {
        "type": "Point",
        "coordinates": [
          110.18325799999998,
          37.76025800000002
        ]
      },
      "properties": {
        "SRC": "MDYZK",
        "STATUS": "Y",
        "YZ_ID": 759,
        "YZ_LABEL": "YINCHUANYI Shaanxi (银川驿)",
        "YZNM_PY": "YINCHUANYI",
        "YZNM_CH": "银川驿",
        "YZNM_FT": "銀川驛",
        "CHGIS_ID": "1747",
        "NOTE": null,
        "10CNTY_CH": "米脂县",
        "10CNTY_EN": "Mizhi",
        "10PREF_CH": "榆林市",
        "10PREF_EN": "Yulin",
        "10PROV_CH": "陕西省",
        "10PROV_EN": "Shaanxi",
        "GBCODE": 610827,
        "YZ_LAT": 110.183258,
        "YZ_LONG": 37.760258,
        "_layer_id": "ming_courier_stations",
        "_layer_title": "명대 역참 지점",
        "_source_file": "Ming_Stations_2016.shp",
        "_source_crs": "EPSG:4326"
      }
    },
    {
      "type": "Feature",
      "geometry": {
        "type": "Point",
        "coordinates": [
          109.9347690000001,
          37.96887199999782
        ]
      },
      "properties": {
        "SRC": "MDYZK",
        "STATUS": "Y",
        "YZ_ID": 760,
        "YZ_LABEL": "YUHEYI Shaanxi (鱼河驿)",
        "YZNM_PY": "YUHEYI",
        "YZNM_CH": "鱼河驿",
        "YZNM_FT": "魚河驛",
        "CHGIS_ID": "133297",
        "NOTE": null,
        "10CNTY_CH": "榆阳区",
        "10CNTY_EN": "Yuyang",
        "10PREF_CH": "榆林市",
        "10PREF_EN": "Yulin",
        "10PROV_CH": "陕西省",
        "10PROV_EN": "Shaanxi",
        "GBCODE": 610802,
        "YZ_LAT": 109.848999,
        "YZ_LONG": 37.988621,
        "_layer_id": "ming_courier_stations",
        "_layer_title": "명대 역참 지점",
        "_source_file": "Ming_Stations_2016.shp",
        "_source_crs": "EPSG:4326"
      }
    },
    {
      "type": "Feature",
      "geometry": {
        "type": "Point",
        "coordinates": [
          109.848999,
          37.988620999997764
        ]
      },
      "properties": {
        "SRC": "MDYZK",
        "STATUS": "Y",
        "YZ_ID": 761,
        "YZ_LABEL": "YULINYI Shaanxi (榆林驿)",
        "YZNM_PY": "YULINYI",
        "YZNM_CH": "榆林驿",
        "YZNM_FT": "榆林驛",
        "CHGIS_ID": "19802",
        "NOTE": null,
        "10CNTY_CH": "横山县",
        "10CNTY_EN": "Hengshan",
        "10PREF_CH": "榆林市",
        "10PREF_EN": "Yulin",
        "10PROV_CH": "陕西省",
        "10PROV_EN": "Shaanxi",
        "GBCODE": 610823,
        "YZ_LAT": 109.819168,
        "YZ_LONG": 37.980278,
        "_layer_id": "ming_courier_stations",
        "_layer_title": "명대 역참 지점",
        "_source_file": "Ming_Stations_2016.shp",
        "_source_crs": "EPSG:4326"
      }
    },
    {
      "type": "Feature",
      "geometry": {
        "type": "Point",
        "coordinates": [
          109.75386799999998,
          38.29470800000002
        ]
      },
      "properties": {
        "SRC": "MDYZK",
        "STATUS": "Y",
        "YZ_ID": 762,
        "YZ_LABEL": "YULINWEI Shaanxi (榆林卫)",
        "YZNM_PY": "YULINWEI",
        "YZNM_CH": "榆林卫",
        "YZNM_FT": "榆林衛",
        "CHGIS_ID": "121393",
        "NOTE": null,
        "10CNTY_CH": "榆阳区",
        "10CNTY_EN": "Yuyang",
        "10PREF_CH": "榆林市",
        "10PREF_EN": "Yulin",
        "10PROV_CH": "陕西省",
        "10PROV_EN": "Shaanxi",
        "GBCODE": 610802,
        "YZ_LAT": 109.753868,
        "YZ_LONG": 38.294708,
        "_layer_id": "ming_courier_stations",
        "_layer_title": "명대 역참 지점",
        "_source_file": "Ming_Stations_2016.shp",
        "_source_crs": "EPSG:4326"
      }
    },
    {
      "type": "Feature",
      "geometry": {
        "type": "Point",
        "coordinates": [
          110.29406700000003,
          38.554996000000074
        ]
      },
      "properties": {
        "SRC": "MDYZK",
        "STATUS": "Y",
        "YZ_ID": 763,
        "YZ_LABEL": "GAOJIABAO Shaanxi (高家堡)",
        "YZNM_PY": "GAOJIABAO",
        "YZNM_CH": "高家堡",
        "YZNM_FT": "高家堡",
        "CHGIS_ID": "133024",
        "NOTE": null,
        "10CNTY_CH": "神木县",
        "10CNTY_EN": "Shenmu",
        "10PREF_CH": "榆林市",
        "10PREF_EN": "Yulin",
        "10PROV_CH": "陕西省",
        "10PROV_EN": "Shaanxi",
        "GBCODE": 610821,
        "YZ_LAT": 110.294067,
        "YZ_LONG": 38.554996,
        "_layer_id": "ming_courier_stations",
        "_layer_title": "명대 역참 지점",
        "_source_file": "Ming_Stations_2016.shp",
        "_source_crs": "EPSG:4326"
      }
    },
    {
      "type": "Feature",
      "geometry": {
        "type": "Point",
        "coordinates": [
          110.32540400000006,
          38.73879300000005
        ]
      },
      "properties": {
        "SRC": "MDYZK",
        "STATUS": "Y",
        "YZ_ID": 764,
        "YZ_LABEL": "BAILINBAO Shaanxi (柏林堡)",
        "YZNM_PY": "BAILINBAO",
        "YZNM_CH": "柏林堡",
        "YZNM_FT": "柏林堡",
        "CHGIS_ID": "133025",
        "NOTE": null,
        "10CNTY_CH": "神木县",
        "10CNTY_EN": "Shenmu",
        "10PREF_CH": "榆林市",
        "10PREF_EN": "Yulin",
        "10PROV_CH": "陕西省",
        "10PROV_EN": "Shaanxi",
        "GBCODE": 610821,
        "YZ_LAT": 110.325404,
        "YZ_LONG": 38.738793,
        "_layer_id": "ming_courier_stations",
        "_layer_title": "명대 역참 지점",
        "_source_file": "Ming_Stations_2016.shp",
        "_source_crs": "EPSG:4326"
      }
    },
    {
      "type": "Feature",
      "geometry": {
        "type": "Point",
        "coordinates": [
          110.71729300000005,
          39.070564000000054
        ]
      },
      "properties": {
        "SRC": "MDYZK",
        "STATUS": "Y",
        "YZ_ID": 765,
        "YZ_LABEL": "ZHENQIANGBAO Shaanxi (镇羌所)",
        "YZNM_PY": "ZHENQIANGBAO",
        "YZNM_CH": "镇羌所",
        "YZNM_FT": "鎮羌所",
        "CHGIS_ID": "133022",
        "NOTE": null,
        "10CNTY_CH": "府谷县",
        "10CNTY_EN": "Fugu",
        "10PREF_CH": "榆林市",
        "10PREF_EN": "Yulin",
        "10PROV_CH": "陕西省",
        "10PROV_EN": "Shaanxi",
        "GBCODE": 610822,
        "YZ_LAT": 110.717293,
        "YZ_LONG": 39.070564,
        "_layer_id": "ming_courier_stations",
        "_layer_title": "명대 역참 지점",
        "_source_file": "Ming_Stations_2016.shp",
        "_source_crs": "EPSG:4326"
      }
    },
    {
      "type": "Feature",
      "geometry": {
        "type": "Point",
        "coordinates": [
          111.07456999999998,
          39.03214299999746
        ]
      },
      "properties": {
        "SRC": "MDYZK",
        "STATUS": "Y",
        "YZ_ID": 766,
        "YZ_LABEL": "BAODEZHOU Shaanxi (保德州)",
        "YZNM_PY": "BAODEZHOU",
        "YZNM_CH": "保德州",
        "YZNM_FT": "保德州",
        "CHGIS_ID": "910",
        "NOTE": null,
        "10CNTY_CH": "府谷县",
        "10CNTY_EN": "Fugu",
        "10PREF_CH": "榆林市",
        "10PREF_EN": "Yulin",
        "10PROV_CH": "陕西省",
        "10PROV_EN": "Shaanxi",
        "GBCODE": 610822,
        "YZ_LAT": 111.07457,
        "YZ_LONG": 39.032143,
        "_layer_id": "ming_courier_stations",
        "_layer_title": "명대 역참 지점",
        "_source_file": "Ming_Stations_2016.shp",
        "_source_crs": "EPSG:4326"
      }
    },
    {
      "type": "Feature",
      "geometry": {
        "type": "Point",
        "coordinates": [
          106.27397200000001,
          38.46697200000002
        ]
      },
      "properties": {
        "SRC": "MDYZK",
        "STATUS": "Y",
        "YZ_ID": 767,
        "YZ_LABEL": "NINGXIAWEI Ningxia (宁夏卫)",
        "YZNM_PY": "NINGXIAWEI",
        "YZNM_CH": "宁夏卫",
        "YZNM_FT": "寧夏衛",
        "CHGIS_ID": "220",
        "NOTE": null,
        "10CNTY_CH": "兴庆区",
        "10CNTY_EN": "Xingqing",
        "10PREF_CH": "银川市",
        "10PREF_EN": "Yinchuan",
        "10PROV_CH": "宁夏回族自治区",
        "10PROV_EN": "Ningxia",
        "GBCODE": 640104,
        "YZ_LAT": 106.273972,
        "YZ_LONG": 38.466972,
        "_layer_id": "ming_courier_stations",
        "_layer_title": "명대 역참 지점",
        "_source_file": "Ming_Stations_2016.shp",
        "_source_crs": "EPSG:4326"
      }
    },
    {
      "type": "Feature",
      "geometry": {
        "type": "Point",
        "coordinates": [
          111.50100000000002,
          30.296000000000014
        ]
      },
      "properties": {
        "SRC": "MDYZK",
        "STATUS": "Y",
        "YZ_ID": 768,
        "YZ_LABEL": "LIUDIANYI Hubei (流店驿)",
        "YZNM_PY": "LIUDIANYI",
        "YZNM_CH": "流店驿",
        "YZNM_FT": "流店驛",
        "CHGIS_ID": "656",
        "NOTE": null,
        "10CNTY_CH": "宜都巿",
        "10CNTY_EN": "Yidu",
        "10PREF_CH": "宜昌市",
        "10PREF_EN": "Yichang",
        "10PROV_CH": "湖北省",
        "10PROV_EN": "Hubei",
        "GBCODE": 420581,
        "YZ_LAT": 111.501,
        "YZ_LONG": 30.296,
        "_layer_id": "ming_courier_stations",
        "_layer_title": "명대 역참 지점",
        "_source_file": "Ming_Stations_2016.shp",
        "_source_crs": "EPSG:4326"
      }
    },
    {
      "type": "Feature",
      "geometry": {
        "type": "Point",
        "coordinates": [
          111.28712500000003,
          30.704226999999594
        ]
      },
      "properties": {
        "SRC": "MDYZK",
        "STATUS": "Y",
        "YZ_ID": 769,
        "YZ_LABEL": "FENGXIYI Hubei (凤栖驿)",
        "YZNM_PY": "FENGXIYI",
        "YZNM_CH": "凤栖驿",
        "YZNM_FT": "鳳棲驛",
        "CHGIS_ID": "663",
        "NOTE": null,
        "10CNTY_CH": "西陵区",
        "10CNTY_EN": "Xiling",
        "10PREF_CH": "宜昌市",
        "10PREF_EN": "Yichang",
        "10PROV_CH": "湖北省",
        "10PROV_EN": "Hubei",
        "GBCODE": 420502,
        "YZ_LAT": 111.287125,
        "YZ_LONG": 30.704227,
        "_layer_id": "ming_courier_stations",
        "_layer_title": "명대 역참 지점",
        "_source_file": "Ming_Stations_2016.shp",
        "_source_crs": "EPSG:4326"
      }
    },
    {
      "type": "Feature",
      "geometry": {
        "type": "Point",
        "coordinates": [
          111.069206,
          30.833219999999557
        ]
      },
      "properties": {
        "SRC": "MDYZK",
        "STATUS": "Y",
        "YZ_ID": 770,
        "YZ_LABEL": "HUANGNIUYI Hubei (黄牛驿)",
        "YZNM_PY": "HUANGNIUYI",
        "YZNM_CH": "黄牛驿",
        "YZNM_FT": "黃牛驛",
        "CHGIS_ID": "18482",
        "NOTE": null,
        "10CNTY_CH": "夷陵区",
        "10CNTY_EN": "Yiling",
        "10PREF_CH": "宜昌市",
        "10PREF_EN": "Yichang",
        "10PROV_CH": "湖北省",
        "10PROV_EN": "Hubei",
        "GBCODE": 420506,
        "YZ_LAT": 111.069206,
        "YZ_LONG": 30.83322,
        "_layer_id": "ming_courier_stations",
        "_layer_title": "명대 역참 지점",
        "_source_file": "Ming_Stations_2016.shp",
        "_source_crs": "EPSG:4326"
      }
    },
    {
      "type": "Feature",
      "geometry": {
        "type": "Point",
        "coordinates": [
          110.69416,
          30.99961700000002
        ]
      },
      "properties": {
        "SRC": "MDYZK",
        "STATUS": "Y",
        "YZ_ID": 771,
        "YZ_LABEL": "JIANPINGYI Hubei (建平驿)",
        "YZNM_PY": "JIANPINGYI",
        "YZNM_CH": "建平驿",
        "YZNM_FT": "建平驛",
        "CHGIS_ID": "634",
        "NOTE": null,
        "10CNTY_CH": "秭归县",
        "10CNTY_EN": "Zigui",
        "10PREF_CH": "宜昌市",
        "10PREF_EN": "Yichang",
        "10PROV_CH": "湖北省",
        "10PROV_EN": "Hubei",
        "GBCODE": 420527,
        "YZ_LAT": 110.69416,
        "YZ_LONG": 30.999617,
        "_layer_id": "ming_courier_stations",
        "_layer_title": "명대 역참 지점",
        "_source_file": "Ming_Stations_2016.shp",
        "_source_crs": "EPSG:4326"
      }
    },
    {
      "type": "Feature",
      "geometry": {
        "type": "Point",
        "coordinates": [
          110.404533,
          31.03002200000002
        ]
      },
      "properties": {
        "SRC": "MDYZK",
        "STATUS": "N",
        "YZ_ID": 772,
        "YZ_LABEL": "BASHANYI Hubei (巴山驿)",
        "YZNM_PY": "BASHANYI",
        "YZNM_CH": "巴山驿",
        "YZNM_FT": "巴山驛",
        "CHGIS_ID": "636",
        "NOTE": null,
        "10CNTY_CH": "巴东县",
        "10CNTY_EN": "Badong",
        "10PREF_CH": "恩施土家族苗族自治州",
        "10PREF_EN": "Enshitujiazumiaozu",
        "10PROV_CH": "湖北省",
        "10PROV_EN": "Hubei",
        "GBCODE": 422823,
        "YZ_LAT": 110.404533,
        "YZ_LONG": 31.030022,
        "_layer_id": "ming_courier_stations",
        "_layer_title": "명대 역참 지점",
        "_source_file": "Ming_Stations_2016.shp",
        "_source_crs": "EPSG:4326"
      }
    },
    {
      "type": "Feature",
      "geometry": {
        "type": "Point",
        "coordinates": [
          109.88886300000001,
          31.08134500000002
        ]
      },
      "properties": {
        "SRC": "MDYZK",
        "STATUS": "Y",
        "YZ_ID": 773,
        "YZ_LABEL": "GAOTANGYI Chongqing (高塘驿)",
        "YZNM_PY": "GAOTANGYI",
        "YZNM_CH": "高塘驿",
        "YZNM_FT": "高塘驛",
        "CHGIS_ID": "1215",
        "NOTE": null,
        "10CNTY_CH": "巫山县",
        "10CNTY_EN": "Wushan",
        "10PREF_CH": "重庆市（辖县）",
        "10PREF_EN": "Chongqing (Counties)",
        "10PROV_CH": "重庆市",
        "10PROV_EN": "Chongqing",
        "GBCODE": 500237,
        "YZ_LAT": 109.888863,
        "YZ_LONG": 31.081345,
        "_layer_id": "ming_courier_stations",
        "_layer_title": "명대 역참 지점",
        "_source_file": "Ming_Stations_2016.shp",
        "_source_crs": "EPSG:4326"
      }
    },
    {
      "type": "Feature",
      "geometry": {
        "type": "Point",
        "coordinates": [
          109.52475000000001,
          31.054707000000015
        ]
      },
      "properties": {
        "SRC": "MDYZK",
        "STATUS": "Y",
        "YZ_ID": 774,
        "YZ_LABEL": "YONGNINGYI Chongqing (永宁驿)",
        "YZNM_PY": "YONGNINGYI",
        "YZNM_CH": "永宁驿",
        "YZNM_FT": "永寧驛",
        "CHGIS_ID": "1216",
        "NOTE": null,
        "10CNTY_CH": "奉节县",
        "10CNTY_EN": "Fengjie",
        "10PREF_CH": "重庆市（辖县）",
        "10PREF_EN": "Chongqing (Counties)",
        "10PROV_CH": "重庆市",
        "10PROV_EN": "Chongqing",
        "GBCODE": 500236,
        "YZ_LAT": 109.52475,
        "YZ_LONG": 31.054707,
        "_layer_id": "ming_courier_stations",
        "_layer_title": "명대 역참 지점",
        "_source_file": "Ming_Stations_2016.shp",
        "_source_crs": "EPSG:4326"
      }
    },
    {
      "type": "Feature",
      "geometry": {
        "type": "Point",
        "coordinates": [
          109.45893399999973,
          30.995218999999185
        ]
      },
      "properties": {
        "SRC": "MDYZK",
        "STATUS": "Y",
        "YZ_ID": 775,
        "YZ_LABEL": "NANTUOYI Chongqing (南陀驿)",
        "YZNM_PY": "NANTUOYI",
        "YZNM_CH": "南陀驿",
        "YZNM_FT": "南陀驛",
        "CHGIS_ID": "162736",
        "NOTE": null,
        "10CNTY_CH": "奉节县",
        "10CNTY_EN": "Fengjie",
        "10PREF_CH": "重庆市（辖县）",
        "10PREF_EN": "Chongqing (Counties)",
        "10PROV_CH": "重庆市",
        "10PROV_EN": "Chongqing",
        "GBCODE": 500236,
        "YZ_LAT": 109.458934,
        "YZ_LONG": 30.995219,
        "_layer_id": "ming_courier_stations",
        "_layer_title": "명대 역참 지점",
        "_source_file": "Ming_Stations_2016.shp",
        "_source_crs": "EPSG:4326"
      }
    },
    {
      "type": "Feature",
      "geometry": {
        "type": "Point",
        "coordinates": [
          108.89149499999999,
          30.966854000000016
        ]
      },
      "properties": {
        "SRC": "MDYZK",
        "STATUS": "Y",
        "YZ_ID": 776,
        "YZ_LABEL": "WUFENGYI Chongqing (五峰驿)",
        "YZNM_PY": "WUFENGYI",
        "YZNM_CH": "五峰驿",
        "YZNM_FT": "五峰驛",
        "CHGIS_ID": "1254",
        "NOTE": null,
        "10CNTY_CH": "云阳县",
        "10CNTY_EN": "Yunyang",
        "10PREF_CH": "重庆市（辖县）",
        "10PREF_EN": "Chongqing (Counties)",
        "10PROV_CH": "重庆市",
        "10PROV_EN": "Chongqing",
        "GBCODE": 500235,
        "YZ_LAT": 108.891495,
        "YZ_LONG": 30.966854,
        "_layer_id": "ming_courier_stations",
        "_layer_title": "명대 역참 지점",
        "_source_file": "Ming_Stations_2016.shp",
        "_source_crs": "EPSG:4326"
      }
    },
    {
      "type": "Feature",
      "geometry": {
        "type": "Point",
        "coordinates": [
          109.16090399999898,
          30.990653999998305
        ]
      },
      "properties": {
        "SRC": "MDYZK",
        "STATUS": "Y",
        "YZ_ID": 777,
        "YZ_LABEL": "BAYANGYI Chongqing (巴阳驿)",
        "YZNM_PY": "BAYANGYI",
        "YZNM_CH": "巴阳驿",
        "YZNM_FT": "巴陽驛",
        "CHGIS_ID": "21341",
        "NOTE": null,
        "10CNTY_CH": "云阳县",
        "10CNTY_EN": "Yunyang",
        "10PREF_CH": "重庆市（辖县）",
        "10PREF_EN": "Chongqing (Counties)",
        "10PROV_CH": "重庆市",
        "10PROV_EN": "Chongqing",
        "GBCODE": 500235,
        "YZ_LAT": 109.160904,
        "YZ_LONG": 30.990654,
        "_layer_id": "ming_courier_stations",
        "_layer_title": "명대 역참 지점",
        "_source_file": "Ming_Stations_2016.shp",
        "_source_crs": "EPSG:4326"
      }
    },
    {
      "type": "Feature",
      "geometry": {
        "type": "Point",
        "coordinates": [
          108.37359599999999,
          30.81286400000002
        ]
      },
      "properties": {
        "SRC": "MDYZK",
        "STATUS": "Y",
        "YZ_ID": 778,
        "YZ_LABEL": "JIXIANYI Chongqing (集贤驿)",
        "YZNM_PY": "JIXIANYI",
        "YZNM_CH": "集贤驿",
        "YZNM_FT": "集賢驛",
        "CHGIS_ID": "1253",
        "NOTE": null,
        "10CNTY_CH": "万州区",
        "10CNTY_EN": "Wanzhou",
        "10PREF_CH": "重庆市（辖区）",
        "10PREF_EN": "Chongqing (Districts)",
        "10PROV_CH": "重庆市",
        "10PROV_EN": "Chongqing",
        "GBCODE": 500101,
        "YZ_LAT": 108.373596,
        "YZ_LONG": 30.812864,
        "_layer_id": "ming_courier_stations",
        "_layer_title": "명대 역참 지점",
        "_source_file": "Ming_Stations_2016.shp",
        "_source_crs": "EPSG:4326"
      }
    },
    {
      "type": "Feature",
      "geometry": {
        "type": "Point",
        "coordinates": [
          108.083335876465,
          30.71666717529302
        ]
      },
      "properties": {
        "SRC": "MDYZK",
        "STATUS": "Y",
        "YZ_ID": 779,
        "YZ_LABEL": "FENSHUIYI Chongqing (分水驿)",
        "YZNM_PY": "FENSHUIYI",
        "YZNM_CH": "分水驿",
        "YZNM_FT": "分水驛",
        "CHGIS_ID": "162801",
        "NOTE": null,
        "10CNTY_CH": "万州区",
        "10CNTY_EN": "Wanzhou",
        "10PREF_CH": "重庆市（辖区）",
        "10PREF_EN": "Chongqing (Districts)",
        "10PROV_CH": "重庆市",
        "10PROV_EN": "Chongqing",
        "GBCODE": 500101,
        "YZ_LAT": 108.083336,
        "YZ_LONG": 30.716667,
        "_layer_id": "ming_courier_stations",
        "_layer_title": "명대 역참 지점",
        "_source_file": "Ming_Stations_2016.shp",
        "_source_crs": "EPSG:4326"
      }
    },
    {
      "type": "Feature",
      "geometry": {
        "type": "Point",
        "coordinates": [
          107.67673367925336,
          30.662486937262795
        ]
      },
      "properties": {
        "SRC": "MDYZK",
        "STATUS": "Y",
        "YZ_ID": 780,
        "YZ_LABEL": "LONGXIYI Chongqing (龙溪驿)",
        "YZNM_PY": "LONGXIYI",
        "YZNM_CH": "龙溪驿",
        "YZNM_FT": "龍溪驛",
        "CHGIS_ID": null,
        "NOTE": null,
        "10CNTY_CH": "梁平县",
        "10CNTY_EN": "Liangping",
        "10PREF_CH": "重庆市（辖县）",
        "10PREF_EN": "Chongqing (Counties)",
        "10PROV_CH": "重庆市",
        "10PROV_EN": "Chongqing",
        "GBCODE": 500228,
        "YZ_LAT": 107.676734,
        "YZ_LONG": 30.662487,
        "_layer_id": "ming_courier_stations",
        "_layer_title": "명대 역참 지점",
        "_source_file": "Ming_Stations_2016.shp",
        "_source_crs": "EPSG:4326"
      }
    },
    {
      "type": "Feature",
      "geometry": {
        "type": "Point",
        "coordinates": [
          107.204842,
          30.738197000000017
        ]
      },
      "properties": {
        "SRC": "MDYZK",
        "STATUS": "Y",
        "YZ_ID": 781,
        "YZ_LABEL": "TAIPINGYI Sichuan (太平驿)",
        "YZNM_PY": "TAIPINGYI",
        "YZNM_CH": "太平驿",
        "YZNM_FT": "太平驛",
        "CHGIS_ID": "1251",
        "NOTE": null,
        "10CNTY_CH": "大竹县",
        "10CNTY_EN": "Dazhu",
        "10PREF_CH": "达州市",
        "10PREF_EN": "Dazhou",
        "10PROV_CH": "四川省",
        "10PROV_EN": "Sichuan",
        "GBCODE": 511724,
        "YZ_LAT": 107.204842,
        "YZ_LONG": 30.738197,
        "_layer_id": "ming_courier_stations",
        "_layer_title": "명대 역참 지점",
        "_source_file": "Ming_Stations_2016.shp",
        "_source_crs": "EPSG:4326"
      }
    },
    {
      "type": "Feature",
      "geometry": {
        "type": "Point",
        "coordinates": [
          106.96224199999999,
          30.84432600000001
        ]
      },
      "properties": {
        "SRC": "MDYZK",
        "STATUS": "Y",
        "YZ_ID": 782,
        "YZ_LABEL": "QUXIAN Sichuan (渠县)",
        "YZNM_PY": "QUXIAN",
        "YZNM_CH": "渠县",
        "YZNM_FT": "渠縣",
        "CHGIS_ID": "1249",
        "NOTE": null,
        "10CNTY_CH": "渠县",
        "10CNTY_EN": "Qu",
        "10PREF_CH": "达州市",
        "10PREF_EN": "Dazhou",
        "10PROV_CH": "四川省",
        "10PROV_EN": "Sichuan",
        "GBCODE": 511725,
        "YZ_LAT": 106.962242,
        "YZ_LONG": 30.844326,
        "_layer_id": "ming_courier_stations",
        "_layer_title": "명대 역참 지점",
        "_source_file": "Ming_Stations_2016.shp",
        "_source_crs": "EPSG:4326"
      }
    },
    {
      "type": "Feature",
      "geometry": {
        "type": "Point",
        "coordinates": [
          106.63175199999999,
          30.474428000000014
        ]
      },
      "properties": {
        "SRC": "MDYZK",
        "STATUS": "Y",
        "YZ_ID": 783,
        "YZ_LABEL": "GUANG'ANZHOU Sichuan (广安州)",
        "YZNM_PY": "GUANG'ANZHOU",
        "YZNM_CH": "广安州",
        "YZNM_FT": "廣安州",
        "CHGIS_ID": "1247",
        "NOTE": null,
        "10CNTY_CH": "广安区",
        "10CNTY_EN": "Guangan",
        "10PREF_CH": "广安市",
        "10PREF_EN": "Guangan",
        "10PROV_CH": "四川省",
        "10PROV_EN": "Sichuan",
        "GBCODE": 511602,
        "YZ_LAT": 106.631752,
        "YZ_LONG": 30.474428,
        "_layer_id": "ming_courier_stations",
        "_layer_title": "명대 역참 지점",
        "_source_file": "Ming_Stations_2016.shp",
        "_source_crs": "EPSG:4326"
      }
    },
    {
      "type": "Feature",
      "geometry": {
        "type": "Point",
        "coordinates": [
          106.55000305175781,
          30.250000000000014
        ]
      },
      "properties": {
        "SRC": "MDYZK",
        "STATUS": "Y",
        "YZ_ID": 784,
        "YZ_LABEL": "PANLONGYI Chongqing (盘龙驿)",
        "YZNM_PY": "PANLONGYI",
        "YZNM_CH": "盘龙驿",
        "YZNM_FT": "盤龍驛",
        "CHGIS_ID": null,
        "NOTE": null,
        "10CNTY_CH": "合川区",
        "10CNTY_EN": "Hechuan",
        "10PREF_CH": "重庆市（辖区）",
        "10PREF_EN": "Chongqing (Districts)",
        "10PROV_CH": "重庆市",
        "10PROV_EN": "Chongqing",
        "GBCODE": 500117,
        "YZ_LAT": 106.550003,
        "YZ_LONG": 30.25,
        "_layer_id": "ming_courier_stations",
        "_layer_title": "명대 역참 지점",
        "_source_file": "Ming_Stations_2016.shp",
        "_source_crs": "EPSG:4326"
      }
    },
    {
      "type": "Feature",
      "geometry": {
        "type": "Point",
        "coordinates": [
          106.50128199969166,
          29.79192699976733
        ]
      },
      "properties": {
        "SRC": "MDYZK",
        "STATUS": "Y",
        "YZ_ID": 785,
        "YZ_LABEL": "TUTUOYI Chongqing (土陀驿)",
        "YZNM_PY": "TUTUOYI",
        "YZNM_CH": "土陀驿",
        "YZNM_FT": "土陀驛",
        "CHGIS_ID": "165832",
        "NOTE": null,
        "10CNTY_CH": "北碚区",
        "10CNTY_EN": "Beibei",
        "10PREF_CH": "重庆市（辖区）",
        "10PREF_EN": "Chongqing (Districts)",
        "10PROV_CH": "重庆市",
        "10PROV_EN": "Chongqing",
        "GBCODE": 500109,
        "YZ_LAT": 106.501282,
        "YZ_LONG": 29.791927,
        "_layer_id": "ming_courier_stations",
        "_layer_title": "명대 역참 지점",
        "_source_file": "Ming_Stations_2016.shp",
        "_source_crs": "EPSG:4326"
      }
    },
    {
      "type": "Feature",
      "geometry": {
        "type": "Point",
        "coordinates": [
          108.709946,
          34.33905400000001
        ]
      },
      "properties": {
        "SRC": "MDYZK",
        "STATUS": "Y",
        "YZ_ID": 786,
        "YZ_LABEL": "WEISHUIYI Shaanxi (渭水驿)",
        "YZNM_PY": "WEISHUIYI",
        "YZNM_CH": "渭水驿",
        "YZNM_FT": "渭水驛",
        "CHGIS_ID": "931",
        "NOTE": null,
        "10CNTY_CH": "渭城区",
        "10CNTY_EN": "Weicheng",
        "10PREF_CH": "咸阳市",
        "10PREF_EN": "Xianyang",
        "10PROV_CH": "陕西省",
        "10PROV_EN": "Shaanxi",
        "GBCODE": 610404,
        "YZ_LAT": 108.709946,
        "YZ_LONG": 34.339054,
        "_layer_id": "ming_courier_stations",
        "_layer_title": "명대 역참 지점",
        "_source_file": "Ming_Stations_2016.shp",
        "_source_crs": "EPSG:4326"
      }
    },
    {
      "type": "Feature",
      "geometry": {
        "type": "Point",
        "coordinates": [
          107.385918,
          34.52251800000001
        ]
      },
      "properties": {
        "SRC": "MDYZK",
        "STATUS": "Y",
        "YZ_ID": 787,
        "YZ_LABEL": "QIYANGYI Shaanxi (岐阳驿)",
        "YZNM_PY": "QIYANGYI",
        "YZNM_CH": "岐阳驿",
        "YZNM_FT": "岐陽驛",
        "CHGIS_ID": "951",
        "NOTE": null,
        "10CNTY_CH": "凤翔县",
        "10CNTY_EN": "Fengxiang",
        "10PREF_CH": "宝鸡市",
        "10PREF_EN": "Baoji",
        "10PROV_CH": "陕西省",
        "10PROV_EN": "Shaanxi",
        "GBCODE": 610322,
        "YZ_LAT": 107.385918,
        "YZ_LONG": 34.522518,
        "_layer_id": "ming_courier_stations",
        "_layer_title": "명대 역참 지점",
        "_source_file": "Ming_Stations_2016.shp",
        "_source_crs": "EPSG:4326"
      }
    },
    {
      "type": "Feature",
      "geometry": {
        "type": "Point",
        "coordinates": [
          106.85295899999997,
          34.891407000000015
        ]
      },
      "properties": {
        "SRC": "MDYZK",
        "STATUS": "Y",
        "YZ_ID": 788,
        "YZ_LABEL": "LONGZHOUYI Shaanxi (陇州驿)",
        "YZNM_PY": "LONGZHOUYI",
        "YZNM_CH": "陇州驿",
        "YZNM_FT": "隴州驛",
        "CHGIS_ID": "981",
        "NOTE": null,
        "10CNTY_CH": "陇县",
        "10CNTY_EN": "Long",
        "10PREF_CH": "宝鸡市",
        "10PREF_EN": "Baoji",
        "10PROV_CH": "陕西省",
        "10PROV_EN": "Shaanxi",
        "GBCODE": 610327,
        "YZ_LAT": 106.852959,
        "YZ_LONG": 34.891407,
        "_layer_id": "ming_courier_stations",
        "_layer_title": "명대 역참 지점",
        "_source_file": "Ming_Stations_2016.shp",
        "_source_crs": "EPSG:4326"
      }
    },
    {
      "type": "Feature",
      "geometry": {
        "type": "Point",
        "coordinates": [
          106.13658099999999,
          34.746304000000016
        ]
      },
      "properties": {
        "SRC": "MDYZK",
        "STATUS": "N",
        "YZ_ID": 789,
        "YZ_LABEL": "QINGSHUIYI Gansu (清水)",
        "YZNM_PY": "QINGSHUIYI",
        "YZNM_CH": "清水",
        "YZNM_FT": "清水",
        "CHGIS_ID": "262",
        "NOTE": null,
        "10CNTY_CH": "清水县",
        "10CNTY_EN": "Qingshui",
        "10PREF_CH": "天水市",
        "10PREF_EN": "Tianshui",
        "10PROV_CH": "甘肃省",
        "10PROV_EN": "Gansu",
        "GBCODE": 620521,
        "YZ_LAT": 106.136581,
        "YZ_LONG": 34.746304,
        "_layer_id": "ming_courier_stations",
        "_layer_title": "명대 역참 지점",
        "_source_file": "Ming_Stations_2016.shp",
        "_source_crs": "EPSG:4326"
      }
    },
    {
      "type": "Feature",
      "geometry": {
        "type": "Point",
        "coordinates": [
          105.3767549993916,
          34.637744998578306
        ]
      },
      "properties": {
        "SRC": "MDYZK",
        "STATUS": "N",
        "YZ_ID": 790,
        "YZ_LABEL": "QINZHOU Gansu (秦州)",
        "YZNM_PY": "QINZHOU",
        "YZNM_CH": "秦州",
        "YZNM_FT": "秦州",
        "CHGIS_ID": "16780",
        "NOTE": null,
        "10CNTY_CH": "秦州区",
        "10CNTY_EN": "Qincheng",
        "10PREF_CH": "天水市",
        "10PREF_EN": "Tianshui",
        "10PROV_CH": "甘肃省",
        "10PROV_EN": "Gansu",
        "GBCODE": 620502,
        "YZ_LAT": 105.376755,
        "YZ_LONG": 34.637745,
        "_layer_id": "ming_courier_stations",
        "_layer_title": "명대 역참 지점",
        "_source_file": "Ming_Stations_2016.shp",
        "_source_crs": "EPSG:4326"
      }
    },
    {
      "type": "Feature",
      "geometry": {
        "type": "Point",
        "coordinates": [
          104.88529199999998,
          34.72001600000002
        ]
      },
      "properties": {
        "SRC": "MDYZK",
        "STATUS": "N",
        "YZ_ID": 791,
        "YZ_LABEL": "NINGYUANYI Gansu (宁远)",
        "YZNM_PY": "NINGYUANYI",
        "YZNM_CH": "宁远",
        "YZNM_FT": "寧遠",
        "CHGIS_ID": "256",
        "NOTE": null,
        "10CNTY_CH": "武山县",
        "10CNTY_EN": "Wushan",
        "10PREF_CH": "天水市",
        "10PREF_EN": "Tianshui",
        "10PROV_CH": "甘肃省",
        "10PROV_EN": "Gansu",
        "GBCODE": 620524,
        "YZ_LAT": 104.885292,
        "YZ_LONG": 34.720016,
        "_layer_id": "ming_courier_stations",
        "_layer_title": "명대 역참 지점",
        "_source_file": "Ming_Stations_2016.shp",
        "_source_crs": "EPSG:4326"
      }
    },
    {
      "type": "Feature",
      "geometry": {
        "type": "Point",
        "coordinates": [
          104.63560499999998,
          35.007137000000014
        ]
      },
      "properties": {
        "SRC": "MDYZK",
        "STATUS": "N",
        "YZ_ID": 792,
        "YZ_LABEL": "TONG’ANYI Gansu (通安驿)",
        "YZNM_PY": "TONG’ANYI",
        "YZNM_CH": "通安驿",
        "YZNM_FT": "通安驛",
        "CHGIS_ID": "239",
        "NOTE": null,
        "10CNTY_CH": "陇西县",
        "10CNTY_EN": "Longxi",
        "10PREF_CH": "定西市",
        "10PREF_EN": "Dingxi",
        "10PROV_CH": "甘肃省",
        "10PROV_EN": "Gansu",
        "GBCODE": 621122,
        "YZ_LAT": 104.635605,
        "YZ_LONG": 35.007137,
        "_layer_id": "ming_courier_stations",
        "_layer_title": "명대 역참 지점",
        "_source_file": "Ming_Stations_2016.shp",
        "_source_crs": "EPSG:4326"
      }
    },
    {
      "type": "Feature",
      "geometry": {
        "type": "Point",
        "coordinates": [
          106.94606200000005,
          34.23448600000007
        ]
      },
      "properties": {
        "SRC": "MDYZK",
        "STATUS": "Y",
        "YZ_ID": 793,
        "YZ_LABEL": "DONGHEQIAOYI Shaanxi (东河桥驿)",
        "YZNM_PY": "DONGHEQIAOYI",
        "YZNM_CH": "东河桥驿",
        "YZNM_FT": "東河橋驛",
        "CHGIS_ID": "133144",
        "NOTE": null,
        "10CNTY_CH": "凤县",
        "10CNTY_EN": "Feng",
        "10PREF_CH": "宝鸡市",
        "10PREF_EN": "Baoji",
        "10PROV_CH": "陕西省",
        "10PROV_EN": "Shaanxi",
        "GBCODE": 610330,
        "YZ_LAT": 106.946062,
        "YZ_LONG": 34.234486,
        "_layer_id": "ming_courier_stations",
        "_layer_title": "명대 역참 지점",
        "_source_file": "Ming_Stations_2016.shp",
        "_source_crs": "EPSG:4326"
      }
    },
    {
      "type": "Feature",
      "geometry": {
        "type": "Point",
        "coordinates": [
          106.51278699976316,
          33.91831199965241
        ]
      },
      "properties": {
        "SRC": "MDYZK",
        "STATUS": "Y",
        "YZ_ID": 794,
        "YZ_LABEL": "SONGLINYI Shaanxi (松林驿)",
        "YZNM_PY": "SONGLINYI",
        "YZNM_CH": "松林驿",
        "YZNM_FT": "松林驛",
        "CHGIS_ID": "133215",
        "NOTE": null,
        "10CNTY_CH": "凤县",
        "10CNTY_EN": "Feng",
        "10PREF_CH": "宝鸡市",
        "10PREF_EN": "Baoji",
        "10PROV_CH": "陕西省",
        "10PROV_EN": "Shaanxi",
        "GBCODE": 610330,
        "YZ_LAT": 106.512787,
        "YZ_LONG": 33.918312,
        "_layer_id": "ming_courier_stations",
        "_layer_title": "명대 역참 지점",
        "_source_file": "Ming_Stations_2016.shp",
        "_source_crs": "EPSG:4326"
      }
    },
    {
      "type": "Feature",
      "geometry": {
        "type": "Point",
        "coordinates": [
          104.93819400000007,
          33.064072000000074
        ]
      },
      "properties": {
        "SRC": "MDYZK",
        "STATUS": "Y",
        "YZ_ID": 795,
        "YZ_LABEL": "LINHONGGUANYI Gansu (临红关驿)",
        "YZNM_PY": "LINHONGGUANYI",
        "YZNM_CH": "临红关驿",
        "YZNM_FT": "臨紅關驛",
        "CHGIS_ID": "16801",
        "NOTE": null,
        "10CNTY_CH": "文县",
        "10CNTY_EN": "Wen",
        "10PREF_CH": "陇南市",
        "10PREF_EN": "Longnan",
        "10PROV_CH": "甘肃省",
        "10PROV_EN": "Gansu",
        "GBCODE": 621222,
        "YZ_LAT": 104.938194,
        "YZ_LONG": 33.064072,
        "_layer_id": "ming_courier_stations",
        "_layer_title": "명대 역참 지점",
        "_source_file": "Ming_Stations_2016.shp",
        "_source_crs": "EPSG:4326"
      }
    },
    {
      "type": "Feature",
      "geometry": {
        "type": "Point",
        "coordinates": [
          105.4120559992692,
          33.557288998754174
        ]
      },
      "properties": {
        "SRC": "MDYZK",
        "STATUS": "Y",
        "YZ_ID": 796,
        "YZ_LABEL": "PINGLUOYI Gansu (平落驿)",
        "YZNM_PY": "PINGLUOYI",
        "YZNM_CH": "平落驿",
        "YZNM_FT": "平落驛",
        "CHGIS_ID": "16800",
        "NOTE": null,
        "10CNTY_CH": "康县",
        "10CNTY_EN": "Kang",
        "10PREF_CH": "陇南市",
        "10PREF_EN": "Longnan",
        "10PROV_CH": "甘肃省",
        "10PROV_EN": "Gansu",
        "GBCODE": 621224,
        "YZ_LAT": 105.412056,
        "YZ_LONG": 33.557289,
        "_layer_id": "ming_courier_stations",
        "_layer_title": "명대 역참 지점",
        "_source_file": "Ming_Stations_2016.shp",
        "_source_crs": "EPSG:4326"
      }
    },
    {
      "type": "Feature",
      "geometry": {
        "type": "Point",
        "coordinates": [
          106.08667,
          33.77755400000002
        ]
      },
      "properties": {
        "SRC": "MDYZK",
        "STATUS": "Y",
        "YZ_ID": 797,
        "YZ_LABEL": "HUISHANYI Gansu (徽山驿)",
        "YZNM_PY": "HUISHANYI",
        "YZNM_CH": "徽山驿",
        "YZNM_FT": "徽山驛",
        "CHGIS_ID": "265",
        "NOTE": null,
        "10CNTY_CH": "徽县",
        "10CNTY_EN": "Hui",
        "10PREF_CH": "陇南市",
        "10PREF_EN": "Longnan",
        "10PROV_CH": "甘肃省",
        "10PROV_EN": "Gansu",
        "GBCODE": 621227,
        "YZ_LAT": 106.08667,
        "YZ_LONG": 33.777554,
        "_layer_id": "ming_courier_stations",
        "_layer_title": "명대 역참 지점",
        "_source_file": "Ming_Stations_2016.shp",
        "_source_crs": "EPSG:4326"
      }
    },
    {
      "type": "Feature",
      "geometry": {
        "type": "Point",
        "coordinates": [
          106.298553,
          33.909630000000014
        ]
      },
      "properties": {
        "SRC": "MDYZK",
        "STATUS": "Y",
        "YZ_ID": 798,
        "YZ_LABEL": "HUANGHUAYI Gansu (黄花驿)",
        "YZNM_PY": "HUANGHUAYI",
        "YZNM_CH": "黄花驿",
        "YZNM_FT": "黃花驛",
        "CHGIS_ID": "264",
        "NOTE": null,
        "10CNTY_CH": "两当县",
        "10CNTY_EN": "Liangdang",
        "10PREF_CH": "陇南市",
        "10PREF_EN": "Longnan",
        "10PROV_CH": "甘肃省",
        "10PROV_EN": "Gansu",
        "GBCODE": 621228,
        "YZ_LAT": 106.298553,
        "YZ_LONG": 33.90963,
        "_layer_id": "ming_courier_stations",
        "_layer_title": "명대 역참 지점",
        "_source_file": "Ming_Stations_2016.shp",
        "_source_crs": "EPSG:4326"
      }
    },
    {
      "type": "Feature",
      "geometry": {
        "type": "Point",
        "coordinates": [
          104.49847400000004,
          33.692791000000064
        ]
      },
      "properties": {
        "SRC": "MDYZK",
        "STATUS": "N",
        "YZ_ID": 799,
        "YZ_LABEL": "SHAZEIQIAOYI Gansu (杀贼桥驿)",
        "YZNM_PY": "SHAZEIQIAOYI",
        "YZNM_CH": "杀贼桥驿",
        "YZNM_FT": "殺賊橋驛",
        "CHGIS_ID": "151757",
        "NOTE": null,
        "10CNTY_CH": "宕昌县",
        "10CNTY_EN": "Dang",
        "10PREF_CH": "陇南市",
        "10PREF_EN": "Longnan",
        "10PROV_CH": "甘肃省",
        "10PROV_EN": "Gansu",
        "GBCODE": 621223,
        "YZ_LAT": 104.498474,
        "YZ_LONG": 33.692791,
        "_layer_id": "ming_courier_stations",
        "_layer_title": "명대 역참 지점",
        "_source_file": "Ming_Stations_2016.shp",
        "_source_crs": "EPSG:4326"
      }
    },
    {
      "type": "Feature",
      "geometry": {
        "type": "Point",
        "coordinates": [
          104.91335799901198,
          33.394629997961005
        ]
      },
      "properties": {
        "SRC": "MDYZK",
        "STATUS": "Y",
        "YZ_ID": 800,
        "YZ_LABEL": "JIEZHOU Gansu (阶州)",
        "YZNM_PY": "JIEZHOU",
        "YZNM_CH": "阶州",
        "YZNM_FT": "階州",
        "CHGIS_ID": "70915",
        "NOTE": null,
        "10CNTY_CH": "武都区",
        "10CNTY_EN": "Wudu",
        "10PREF_CH": "陇南市",
        "10PREF_EN": "Longnan",
        "10PROV_CH": "甘肃省",
        "10PROV_EN": "Gansu",
        "GBCODE": 621202,
        "YZ_LAT": 104.913358,
        "YZ_LONG": 33.39463,
        "_layer_id": "ming_courier_stations",
        "_layer_title": "명대 역참 지점",
        "_source_file": "Ming_Stations_2016.shp",
        "_source_crs": "EPSG:4326"
      }
    },
    {
      "type": "Feature",
      "geometry": {
        "type": "Point",
        "coordinates": [
          104.39568300000008,
          34.05089200000004
        ]
      },
      "properties": {
        "SRC": "MDYZK",
        "STATUS": "Y",
        "YZ_ID": 801,
        "YZ_LABEL": "DANGCHANGYI Gansu (宕昌驿)",
        "YZNM_PY": "DANGCHANGYI",
        "YZNM_CH": "宕昌驿",
        "YZNM_FT": "宕昌驛",
        "CHGIS_ID": "16793",
        "NOTE": null,
        "10CNTY_CH": "宕昌县",
        "10CNTY_EN": "Dang",
        "10PREF_CH": "陇南市",
        "10PREF_EN": "Longnan",
        "10PROV_CH": "甘肃省",
        "10PROV_EN": "Gansu",
        "GBCODE": 621223,
        "YZ_LAT": 104.395683,
        "YZ_LONG": 34.050892,
        "_layer_id": "ming_courier_stations",
        "_layer_title": "명대 역참 지점",
        "_source_file": "Ming_Stations_2016.shp",
        "_source_crs": "EPSG:4326"
      }
    },
    {
      "type": "Feature",
      "geometry": {
        "type": "Point",
        "coordinates": [
          104.03025099999999,
          34.43645500000002
        ]
      },
      "properties": {
        "SRC": "MDYZK",
        "STATUS": "Y",
        "YZ_ID": 802,
        "YZ_LABEL": "MINSHANYI Gansu (岷山驿)",
        "YZNM_PY": "MINSHANYI",
        "YZNM_CH": "岷山驿",
        "YZNM_FT": "岷山驛",
        "CHGIS_ID": "257",
        "NOTE": null,
        "10CNTY_CH": "岷县",
        "10CNTY_EN": "Min",
        "10PREF_CH": "定西市",
        "10PREF_EN": "Dingxi",
        "10PROV_CH": "甘肃省",
        "10PROV_EN": "Gansu",
        "GBCODE": 621126,
        "YZ_LAT": 104.030251,
        "YZ_LONG": 34.436455,
        "_layer_id": "ming_courier_stations",
        "_layer_title": "명대 역참 지점",
        "_source_file": "Ming_Stations_2016.shp",
        "_source_crs": "EPSG:4326"
      }
    },
    {
      "type": "Feature",
      "geometry": {
        "type": "Point",
        "coordinates": [
          104.14895500004427,
          34.70191499542216
        ]
      },
      "properties": {
        "SRC": "MDYZK",
        "STATUS": "Y",
        "YZ_ID": 803,
        "YZ_LABEL": "JIUDIANYI Gansu (酒店子驿)",
        "YZNM_PY": "JIUDIANYI",
        "YZNM_CH": "酒店子驿",
        "YZNM_FT": "酒店子驛",
        "CHGIS_ID": "151271",
        "NOTE": null,
        "10CNTY_CH": "漳县",
        "10CNTY_EN": "Zhang",
        "10PREF_CH": "定西市",
        "10PREF_EN": "Dingxi",
        "10PROV_CH": "甘肃省",
        "10PROV_EN": "Gansu",
        "GBCODE": 621125,
        "YZ_LAT": 104.148955,
        "YZ_LONG": 34.701915,
        "_layer_id": "ming_courier_stations",
        "_layer_title": "명대 역참 지점",
        "_source_file": "Ming_Stations_2016.shp",
        "_source_crs": "EPSG:4326"
      }
    },
    {
      "type": "Feature",
      "geometry": {
        "type": "Point",
        "coordinates": [
          104.32869700000003,
          34.87930700000005
        ]
      },
      "properties": {
        "SRC": "MDYZK",
        "STATUS": "Y",
        "YZ_ID": 804,
        "YZ_LABEL": "SANCHAYI Gansu (三岔驿)",
        "YZNM_PY": "SANCHAYI",
        "YZNM_CH": "三岔驿",
        "YZNM_FT": "三岔驛",
        "CHGIS_ID": "151174",
        "NOTE": null,
        "10CNTY_CH": "漳县",
        "10CNTY_EN": "Zhang",
        "10PREF_CH": "定西市",
        "10PREF_EN": "Dingxi",
        "10PROV_CH": "甘肃省",
        "10PROV_EN": "Gansu",
        "GBCODE": 621125,
        "YZ_LAT": 104.328697,
        "YZ_LONG": 34.879307,
        "_layer_id": "ming_courier_stations",
        "_layer_title": "명대 역참 지점",
        "_source_file": "Ming_Stations_2016.shp",
        "_source_crs": "EPSG:4326"
      }
    },
    {
      "type": "Feature",
      "geometry": {
        "type": "Point",
        "coordinates": [
          104.47213800000007,
          34.85063600000007
        ]
      },
      "properties": {
        "SRC": "MDYZK",
        "STATUS": "L",
        "YZ_ID": 805,
        "YZ_LABEL": "ZHUODANYI Gansu (桌旦驿)",
        "YZNM_PY": "ZHUODANYI",
        "YZNM_CH": "桌旦驿",
        "YZNM_FT": "桌旦驛",
        "CHGIS_ID": "255",
        "NOTE": null,
        "10CNTY_CH": "漳县",
        "10CNTY_EN": "Zhang",
        "10PREF_CH": "定西市",
        "10PREF_EN": "Dingxi",
        "10PROV_CH": "甘肃省",
        "10PROV_EN": "Gansu",
        "GBCODE": 621125,
        "YZ_LAT": 104.472138,
        "YZ_LONG": 34.850636,
        "_layer_id": "ming_courier_stations",
        "_layer_title": "명대 역참 지점",
        "_source_file": "Ming_Stations_2016.shp",
        "_source_crs": "EPSG:4326"
      }
    },
    {
      "type": "Feature",
      "geometry": {
        "type": "Point",
        "coordinates": [
          105.43491800000002,
          35.702480000000044
        ]
      },
      "properties": {
        "SRC": "MDYZK",
        "STATUS": "Y",
        "YZ_ID": 806,
        "YZ_LABEL": "QINGJIAYI Gansu (青家驿)",
        "YZNM_PY": "QINGJIAYI",
        "YZNM_CH": "青家驿",
        "YZNM_FT": "青家驛",
        "CHGIS_ID": "151310",
        "NOTE": null,
        "10CNTY_CH": "会宁县",
        "10CNTY_EN": "Huining",
        "10PREF_CH": "白银市",
        "10PREF_EN": "Baiyin",
        "10PROV_CH": "甘肃省",
        "10PROV_EN": "Gansu",
        "GBCODE": 620422,
        "YZ_LAT": 105.434918,
        "YZ_LONG": 35.70248,
        "_layer_id": "ming_courier_stations",
        "_layer_title": "명대 역참 지점",
        "_source_file": "Ming_Stations_2016.shp",
        "_source_crs": "EPSG:4326"
      }
    },
    {
      "type": "Feature",
      "geometry": {
        "type": "Point",
        "coordinates": [
          104.84650400000004,
          35.65800900000006
        ]
      },
      "properties": {
        "SRC": "MDYZK",
        "STATUS": "Y",
        "YZ_ID": 807,
        "YZ_LABEL": "XIGONGYI Gansu (西巩驿)",
        "YZNM_PY": "XIGONGYI",
        "YZNM_CH": "西巩驿",
        "YZNM_FT": "西鞏驛",
        "CHGIS_ID": "151222",
        "NOTE": null,
        "10CNTY_CH": "安定区",
        "10CNTY_EN": "Anding",
        "10PREF_CH": "定西市",
        "10PREF_EN": "Dingxi",
        "10PROV_CH": "甘肃省",
        "10PROV_EN": "Gansu",
        "GBCODE": 621102,
        "YZ_LAT": 104.846504,
        "YZ_LONG": 35.658009,
        "_layer_id": "ming_courier_stations",
        "_layer_title": "명대 역참 지점",
        "_source_file": "Ming_Stations_2016.shp",
        "_source_crs": "EPSG:4326"
      }
    },
    {
      "type": "Feature",
      "geometry": {
        "type": "Point",
        "coordinates": [
          104.67753600000003,
          35.30016700000005
        ]
      },
      "properties": {
        "SRC": "MDYZK",
        "STATUS": "Y",
        "YZ_ID": 808,
        "YZ_LABEL": "TONG'ANYI Gansu (通安驿)",
        "YZNM_PY": "TONG'ANYI",
        "YZNM_CH": "通安驿",
        "YZNM_FT": "通安驛",
        "CHGIS_ID": "151150",
        "NOTE": null,
        "10CNTY_CH": "陇西县",
        "10CNTY_EN": "Longxi",
        "10PREF_CH": "定西市",
        "10PREF_EN": "Dingxi",
        "10PROV_CH": "甘肃省",
        "10PROV_EN": "Gansu",
        "GBCODE": 621122,
        "YZ_LAT": 104.677536,
        "YZ_LONG": 35.300167,
        "_layer_id": "ming_courier_stations",
        "_layer_title": "명대 역참 지점",
        "_source_file": "Ming_Stations_2016.shp",
        "_source_crs": "EPSG:4326"
      }
    },
    {
      "type": "Feature",
      "geometry": {
        "type": "Point",
        "coordinates": [
          106.92734500000002,
          33.61923600000002
        ]
      },
      "properties": {
        "SRC": "MDYZK",
        "STATUS": "Y",
        "YZ_ID": 809,
        "YZ_LABEL": "MADAOYI Shaanxi (马道驿)",
        "YZNM_PY": "MADAOYI",
        "YZNM_CH": "马道驿",
        "YZNM_FT": "馬道驛",
        "CHGIS_ID": "959",
        "NOTE": null,
        "10CNTY_CH": "留坝县",
        "10CNTY_EN": "Liuba",
        "10PREF_CH": "汉中市",
        "10PREF_EN": "Hanzhong",
        "10PROV_CH": "陕西省",
        "10PROV_EN": "Shaanxi",
        "GBCODE": 610729,
        "YZ_LAT": 106.927345,
        "YZ_LONG": 33.619236,
        "_layer_id": "ming_courier_stations",
        "_layer_title": "명대 역참 지점",
        "_source_file": "Ming_Stations_2016.shp",
        "_source_crs": "EPSG:4326"
      }
    },
    {
      "type": "Feature",
      "geometry": {
        "type": "Point",
        "coordinates": [
          106.621712,
          33.15100500000001
        ]
      },
      "properties": {
        "SRC": "MDYZK",
        "STATUS": "Y",
        "YZ_ID": 810,
        "YZ_LABEL": "SHUNZHENGYI Shaanxi (顺政驿)",
        "YZNM_PY": "SHUNZHENGYI",
        "YZNM_CH": "顺政驿",
        "YZNM_FT": "順政驛",
        "CHGIS_ID": "1728",
        "NOTE": null,
        "10CNTY_CH": "勉县",
        "10CNTY_EN": "Mian",
        "10PREF_CH": "汉中市",
        "10PREF_EN": "Hanzhong",
        "10PROV_CH": "陕西省",
        "10PROV_EN": "Shaanxi",
        "GBCODE": 610725,
        "YZ_LAT": 106.621712,
        "YZ_LONG": 33.151005,
        "_layer_id": "ming_courier_stations",
        "_layer_title": "명대 역참 지점",
        "_source_file": "Ming_Stations_2016.shp",
        "_source_crs": "EPSG:4326"
      }
    },
    {
      "type": "Feature",
      "geometry": {
        "type": "Point",
        "coordinates": [
          106.38165000000002,
          33.074981000000044
        ]
      },
      "properties": {
        "SRC": "MDYZK",
        "STATUS": "Y",
        "YZ_ID": 811,
        "YZ_LABEL": "JINNIUYI Shaanxi (金牛驿)",
        "YZNM_PY": "JINNIUYI",
        "YZNM_CH": "金牛驿",
        "YZNM_FT": "金牛驛",
        "CHGIS_ID": "132142",
        "NOTE": null,
        "10CNTY_CH": "勉县",
        "10CNTY_EN": "Mian",
        "10PREF_CH": "汉中市",
        "10PREF_EN": "Hanzhong",
        "10PROV_CH": "陕西省",
        "10PROV_EN": "Shaanxi",
        "GBCODE": 610725,
        "YZ_LAT": 106.38165,
        "YZ_LONG": 33.074981,
        "_layer_id": "ming_courier_stations",
        "_layer_title": "명대 역참 지점",
        "_source_file": "Ming_Stations_2016.shp",
        "_source_crs": "EPSG:4326"
      }
    },
    {
      "type": "Feature",
      "geometry": {
        "type": "Point",
        "coordinates": [
          106.291878,
          33.043064000000015
        ]
      },
      "properties": {
        "SRC": "MDYZK",
        "STATUS": "Y",
        "YZ_ID": 812,
        "YZ_LABEL": "YANGPINGYI Shaanxi (阳平驿)",
        "YZNM_PY": "YANGPINGYI",
        "YZNM_CH": "阳平驿",
        "YZNM_FT": "陽平驛",
        "CHGIS_ID": "20030",
        "NOTE": null,
        "10CNTY_CH": "宁强县",
        "10CNTY_EN": "Ningqiang",
        "10PREF_CH": "汉中市",
        "10PREF_EN": "Hanzhong",
        "10PROV_CH": "陕西省",
        "10PROV_EN": "Shaanxi",
        "GBCODE": 610726,
        "YZ_LAT": 106.291878,
        "YZ_LONG": 33.043064,
        "_layer_id": "ming_courier_stations",
        "_layer_title": "명대 역참 지점",
        "_source_file": "Ming_Stations_2016.shp",
        "_source_crs": "EPSG:4326"
      }
    },
    {
      "type": "Feature",
      "geometry": {
        "type": "Point",
        "coordinates": [
          106.25530936596915,
          32.81933296628023
        ]
      },
      "properties": {
        "SRC": "MDYZK",
        "STATUS": "Y",
        "YZ_ID": 813,
        "YZ_LABEL": "HUANGBAYI Shaanxi (黄坝驿)",
        "YZNM_PY": "HUANGBAYI",
        "YZNM_CH": "黄坝驿",
        "YZNM_FT": "黃壩驛",
        "CHGIS_ID": "972",
        "NOTE": null,
        "10CNTY_CH": "宁强县",
        "10CNTY_EN": "Ningqiang",
        "10PREF_CH": "汉中市",
        "10PREF_EN": "Hanzhong",
        "10PROV_CH": "陕西省",
        "10PROV_EN": "Shaanxi",
        "GBCODE": 610726,
        "YZ_LAT": 106.255309,
        "YZ_LONG": 32.819333,
        "_layer_id": "ming_courier_stations",
        "_layer_title": "명대 역참 지점",
        "_source_file": "Ming_Stations_2016.shp",
        "_source_crs": "EPSG:4326"
      }
    },
    {
      "type": "Feature",
      "geometry": {
        "type": "Point",
        "coordinates": [
          105.96722099950372,
          32.67053699938542
        ]
      },
      "properties": {
        "SRC": "MDYZK",
        "STATUS": "Y",
        "YZ_ID": 814,
        "YZ_LABEL": "SHENXUANYI Sichuan (神宣驿)",
        "YZNM_PY": "SHENXUANYI",
        "YZNM_CH": "神宣驿",
        "YZNM_FT": "神宣驛",
        "CHGIS_ID": "163577",
        "NOTE": null,
        "10CNTY_CH": "朝天区",
        "10CNTY_EN": "Chaotian",
        "10PREF_CH": "广元市",
        "10PREF_EN": "Guangyuan",
        "10PROV_CH": "四川省",
        "10PROV_EN": "Sichuan",
        "GBCODE": 510812,
        "YZ_LAT": 105.967221,
        "YZ_LONG": 32.670537,
        "_layer_id": "ming_courier_stations",
        "_layer_title": "명대 역참 지점",
        "_source_file": "Ming_Stations_2016.shp",
        "_source_crs": "EPSG:4326"
      }
    },
    {
      "type": "Feature",
      "geometry": {
        "type": "Point",
        "coordinates": [
          105.89238000000002,
          32.629005000000014
        ]
      },
      "properties": {
        "SRC": "MDYZK",
        "STATUS": "Y",
        "YZ_ID": 815,
        "YZ_LABEL": "CHAOTIANYI Sichuan (朝天驿)",
        "YZNM_PY": "CHAOTIANYI",
        "YZNM_CH": "朝天驿",
        "YZNM_FT": "朝天驛",
        "CHGIS_ID": "163571",
        "NOTE": null,
        "10CNTY_CH": "朝天区",
        "10CNTY_EN": "Chaotian",
        "10PREF_CH": "广元市",
        "10PREF_EN": "Guangyuan",
        "10PROV_CH": "四川省",
        "10PROV_EN": "Sichuan",
        "GBCODE": 510812,
        "YZ_LAT": 105.89238,
        "YZ_LONG": 32.629005,
        "_layer_id": "ming_courier_stations",
        "_layer_title": "명대 역참 지점",
        "_source_file": "Ming_Stations_2016.shp",
        "_source_crs": "EPSG:4326"
      }
    },
    {
      "type": "Feature",
      "geometry": {
        "type": "Point",
        "coordinates": [
          105.85260800000002,
          32.54852700000004
        ]
      },
      "properties": {
        "SRC": "MDYZK",
        "STATUS": "Y",
        "YZ_ID": 816,
        "YZ_LABEL": "SHAHEYI Sichuan (沙河驿)",
        "YZNM_PY": "SHAHEYI",
        "YZNM_CH": "沙河驿",
        "YZNM_FT": "沙河驛",
        "CHGIS_ID": "163572",
        "NOTE": null,
        "10CNTY_CH": "朝天区",
        "10CNTY_EN": "Chaotian",
        "10PREF_CH": "广元市",
        "10PREF_EN": "Guangyuan",
        "10PROV_CH": "四川省",
        "10PROV_EN": "Sichuan",
        "GBCODE": 510812,
        "YZ_LAT": 105.852608,
        "YZ_LONG": 32.548527,
        "_layer_id": "ming_courier_stations",
        "_layer_title": "명대 역참 지점",
        "_source_file": "Ming_Stations_2016.shp",
        "_source_crs": "EPSG:4326"
      }
    },
    {
      "type": "Feature",
      "geometry": {
        "type": "Point",
        "coordinates": [
          105.878792,
          32.09310000000006
        ]
      },
      "properties": {
        "SRC": "MDYZK",
        "STATUS": "Y",
        "YZ_ID": 817,
        "YZ_LABEL": "BAILINYI Sichuan (柏林驿)",
        "YZNM_PY": "BAILINYI",
        "YZNM_CH": "柏林驿",
        "YZNM_FT": "柏林驛",
        "CHGIS_ID": "163589",
        "NOTE": null,
        "10CNTY_CH": "元坝区",
        "10CNTY_EN": "Yuanba",
        "10PREF_CH": "广元市",
        "10PREF_EN": "Guangyuan",
        "10PROV_CH": "四川省",
        "10PROV_EN": "Sichuan",
        "GBCODE": 510811,
        "YZ_LAT": 105.878792,
        "YZ_LONG": 32.0931,
        "_layer_id": "ming_courier_stations",
        "_layer_title": "명대 역참 지점",
        "_source_file": "Ming_Stations_2016.shp",
        "_source_crs": "EPSG:4326"
      }
    },
    {
      "type": "Feature",
      "geometry": {
        "type": "Point",
        "coordinates": [
          105.85006648168026,
          32.318442768353094
        ]
      },
      "properties": {
        "SRC": "MDYZK",
        "STATUS": "Y",
        "YZ_ID": 818,
        "YZ_LABEL": "LONGTANYI Sichuan (龙潭驿)",
        "YZNM_PY": "LONGTANYI",
        "YZNM_CH": "龙潭驿",
        "YZNM_FT": "龍潭驛",
        "CHGIS_ID": "163588",
        "NOTE": null,
        "10CNTY_CH": "利州区",
        "10CNTY_EN": "Shizhong",
        "10PREF_CH": "广元市",
        "10PREF_EN": "Guangyuan",
        "10PROV_CH": "四川省",
        "10PROV_EN": "Sichuan",
        "GBCODE": 510802,
        "YZ_LAT": 105.850066,
        "YZ_LONG": 32.318443,
        "_layer_id": "ming_courier_stations",
        "_layer_title": "명대 역참 지점",
        "_source_file": "Ming_Stations_2016.shp",
        "_source_crs": "EPSG:4326"
      }
    },
    {
      "type": "Feature",
      "geometry": {
        "type": "Point",
        "coordinates": [
          105.71903500000008,
          31.373318000000047
        ]
      },
      "properties": {
        "SRC": "MDYZK",
        "STATUS": "Y",
        "YZ_ID": 819,
        "YZ_LABEL": "LIUBIANYI Sichuan (柳边驿)",
        "YZNM_PY": "LIUBIANYI",
        "YZNM_CH": "柳边驿",
        "YZNM_FT": "柳邊驛",
        "CHGIS_ID": "163561",
        "NOTE": null,
        "10CNTY_CH": "南部县",
        "10CNTY_EN": "Nanbu",
        "10PREF_CH": "南充市",
        "10PREF_EN": "Nanchong",
        "10PROV_CH": "四川省",
        "10PROV_EN": "Sichuan",
        "GBCODE": 511321,
        "YZ_LAT": 105.719035,
        "YZ_LONG": 31.373318,
        "_layer_id": "ming_courier_stations",
        "_layer_title": "명대 역참 지점",
        "_source_file": "Ming_Stations_2016.shp",
        "_source_crs": "EPSG:4326"
      }
    },
    {
      "type": "Feature",
      "geometry": {
        "type": "Point",
        "coordinates": [
          105.5423715305151,
          31.31459359332376
        ]
      },
      "properties": {
        "SRC": "MDYZK",
        "STATUS": "N",
        "YZ_ID": 820,
        "YZ_LABEL": "FUCUNYI Sichuan (富村驿)",
        "YZNM_PY": "FUCUNYI",
        "YZNM_CH": "富村驿",
        "YZNM_FT": "富村驛",
        "CHGIS_ID": "165975",
        "NOTE": null,
        "10CNTY_CH": "盐亭县",
        "10CNTY_EN": "Yanting",
        "10PREF_CH": "绵阳市",
        "10PREF_EN": "Mianyang",
        "10PROV_CH": "四川省",
        "10PROV_EN": "Sichuan",
        "GBCODE": 510723,
        "YZ_LAT": 105.542372,
        "YZ_LONG": 31.314594,
        "_layer_id": "ming_courier_stations",
        "_layer_title": "명대 역참 지점",
        "_source_file": "Ming_Stations_2016.shp",
        "_source_crs": "EPSG:4326"
      }
    },
    {
      "type": "Feature",
      "geometry": {
        "type": "Point",
        "coordinates": [
          105.37611400000002,
          31.229305000000014
        ]
      },
      "properties": {
        "SRC": "MDYZK",
        "STATUS": "Y",
        "YZ_ID": 821,
        "YZ_LABEL": "YUNXIYI Sichuan (云谿驿)",
        "YZNM_PY": "YUNXIYI",
        "YZNM_CH": "云谿驿",
        "YZNM_FT": "雲谿驛",
        "CHGIS_ID": "1203",
        "NOTE": null,
        "10CNTY_CH": "盐亭县",
        "10CNTY_EN": "Yanting",
        "10PREF_CH": "绵阳市",
        "10PREF_EN": "Mianyang",
        "10PROV_CH": "四川省",
        "10PROV_EN": "Sichuan",
        "GBCODE": 510723,
        "YZ_LAT": 105.376114,
        "YZ_LONG": 31.229305,
        "_layer_id": "ming_courier_stations",
        "_layer_title": "명대 역참 지점",
        "_source_file": "Ming_Stations_2016.shp",
        "_source_crs": "EPSG:4326"
      }
    },
    {
      "type": "Feature",
      "geometry": {
        "type": "Point",
        "coordinates": [
          105.24311100000004,
          31.14602700000006
        ]
      },
      "properties": {
        "SRC": "MDYZK",
        "STATUS": "Y",
        "YZ_ID": 822,
        "YZ_LABEL": "QIULINYI Sichuan (秋林驿)",
        "YZNM_PY": "QIULINYI",
        "YZNM_CH": "秋林驿",
        "YZNM_FT": "秋林驛",
        "CHGIS_ID": "21617",
        "NOTE": null,
        "10CNTY_CH": "三台县",
        "10CNTY_EN": "Santai",
        "10PREF_CH": "绵阳市",
        "10PREF_EN": "Mianyang",
        "10PROV_CH": "四川省",
        "10PROV_EN": "Sichuan",
        "GBCODE": 510722,
        "YZ_LAT": 105.243111,
        "YZ_LONG": 31.146027,
        "_layer_id": "ming_courier_stations",
        "_layer_title": "명대 역참 지점",
        "_source_file": "Ming_Stations_2016.shp",
        "_source_crs": "EPSG:4326"
      }
    },
    {
      "type": "Feature",
      "geometry": {
        "type": "Point",
        "coordinates": [
          104.77801500000002,
          32.04074900000007
        ]
      },
      "properties": {
        "SRC": "MDYZK",
        "STATUS": "Y",
        "YZ_ID": 823,
        "YZ_LABEL": "XIPINGYI Sichuan (西平驿)",
        "YZNM_PY": "XIPINGYI",
        "YZNM_CH": "西平驿",
        "YZNM_FT": "西平驛",
        "CHGIS_ID": "163883",
        "NOTE": null,
        "10CNTY_CH": "平武县",
        "10CNTY_EN": "Pingwu",
        "10PREF_CH": "绵阳市",
        "10PREF_EN": "Mianyang",
        "10PROV_CH": "四川省",
        "10PROV_EN": "Sichuan",
        "GBCODE": 510727,
        "YZ_LAT": 104.778015,
        "YZ_LONG": 32.040749,
        "_layer_id": "ming_courier_stations",
        "_layer_title": "명대 역참 지점",
        "_source_file": "Ming_Stations_2016.shp",
        "_source_crs": "EPSG:4326"
      }
    },
    {
      "type": "Feature",
      "geometry": {
        "type": "Point",
        "coordinates": [
          104.77239504751347,
          32.28007148165188
        ]
      },
      "properties": {
        "SRC": "MDYZK",
        "STATUS": "Y",
        "YZ_ID": 824,
        "YZ_LABEL": "XIAOXIYI Sichuan (小谿驿)",
        "YZNM_PY": "XIAOXIYI",
        "YZNM_CH": "小谿驿",
        "YZNM_FT": "小谿驛",
        "CHGIS_ID": "163890",
        "NOTE": null,
        "10CNTY_CH": "平武县",
        "10CNTY_EN": "Pingwu",
        "10PREF_CH": "绵阳市",
        "10PREF_EN": "Mianyang",
        "10PROV_CH": "四川省",
        "10PROV_EN": "Sichuan",
        "GBCODE": 510727,
        "YZ_LAT": 104.772395,
        "YZ_LONG": 32.280071,
        "_layer_id": "ming_courier_stations",
        "_layer_title": "명대 역참 지점",
        "_source_file": "Ming_Stations_2016.shp",
        "_source_crs": "EPSG:4326"
      }
    },
    {
      "type": "Feature",
      "geometry": {
        "type": "Point",
        "coordinates": [
          104.63375800000007,
          32.385517000000064
        ]
      },
      "properties": {
        "SRC": "MDYZK",
        "STATUS": "Y",
        "YZ_ID": 825,
        "YZ_LABEL": "GUCHENGYI Sichuan (古城驿)",
        "YZNM_PY": "GUCHENGYI",
        "YZNM_CH": "古城驿",
        "YZNM_FT": "古城驛",
        "CHGIS_ID": "163880",
        "NOTE": null,
        "10CNTY_CH": "平武县",
        "10CNTY_EN": "Pingwu",
        "10PREF_CH": "绵阳市",
        "10PREF_EN": "Mianyang",
        "10PROV_CH": "四川省",
        "10PROV_EN": "Sichuan",
        "GBCODE": 510727,
        "YZ_LAT": 104.633758,
        "YZ_LONG": 32.385517,
        "_layer_id": "ming_courier_stations",
        "_layer_title": "명대 역참 지점",
        "_source_file": "Ming_Stations_2016.shp",
        "_source_crs": "EPSG:4326"
      }
    },
    {
      "type": "Feature",
      "geometry": {
        "type": "Point",
        "coordinates": [
          104.22058100000005,
          32.49864200000008
        ]
      },
      "properties": {
        "SRC": "MDYZK",
        "STATUS": "N",
        "YZ_ID": 827,
        "YZ_LABEL": "SHUIJINYI Sichuan (水进驿)",
        "YZNM_PY": "SHUIJINYI",
        "YZNM_CH": "水进驿",
        "YZNM_FT": "水進驛",
        "CHGIS_ID": null,
        "NOTE": null,
        "10CNTY_CH": "平武县",
        "10CNTY_EN": "Pingwu",
        "10PREF_CH": "绵阳市",
        "10PREF_EN": "Mianyang",
        "10PROV_CH": "四川省",
        "10PROV_EN": "Sichuan",
        "GBCODE": 510727,
        "YZ_LAT": 104.220581,
        "YZ_LONG": 32.498642,
        "_layer_id": "ming_courier_stations",
        "_layer_title": "명대 역참 지점",
        "_source_file": "Ming_Stations_2016.shp",
        "_source_crs": "EPSG:4326"
      }
    },
    {
      "type": "Feature",
      "geometry": {
        "type": "Point",
        "coordinates": [
          104.15339661315821,
          32.59697399146598
        ]
      },
      "properties": {
        "SRC": "MDYZK",
        "STATUS": "Y",
        "YZ_ID": 828,
        "YZ_LABEL": "XIAOHEYI Sichuan (小河驿)",
        "YZNM_PY": "XIAOHEYI",
        "YZNM_CH": "小河驿",
        "YZNM_FT": "小河驛",
        "CHGIS_ID": "163987",
        "NOTE": null,
        "10CNTY_CH": "松潘县",
        "10CNTY_EN": "Songpan",
        "10PREF_CH": "阿坝藏族羌族自治州",
        "10PREF_EN": "Abacangzuqiangzu",
        "10PROV_CH": "四川省",
        "10PROV_EN": "Sichuan",
        "GBCODE": 513224,
        "YZ_LAT": 104.153397,
        "YZ_LONG": 32.596974,
        "_layer_id": "ming_courier_stations",
        "_layer_title": "명대 역참 지점",
        "_source_file": "Ming_Stations_2016.shp",
        "_source_crs": "EPSG:4326"
      }
    },
    {
      "type": "Feature",
      "geometry": {
        "type": "Point",
        "coordinates": [
          103.89971716059738,
          32.79005224147062
        ]
      },
      "properties": {
        "SRC": "MDYZK",
        "STATUS": "Y",
        "YZ_ID": 829,
        "YZ_LABEL": "SANSHEYI Sichuan (三舍驿)",
        "YZNM_PY": "SANSHEYI",
        "YZNM_CH": "三舍驿",
        "YZNM_FT": "三舍驛",
        "CHGIS_ID": "35770",
        "NOTE": null,
        "10CNTY_CH": "松潘县",
        "10CNTY_EN": "Songpan",
        "10PREF_CH": "阿坝藏族羌族自治州",
        "10PREF_EN": "Abacangzuqiangzu",
        "10PROV_CH": "四川省",
        "10PROV_EN": "Sichuan",
        "GBCODE": 513224,
        "YZ_LAT": 103.899717,
        "YZ_LONG": 32.790052,
        "_layer_id": "ming_courier_stations",
        "_layer_title": "명대 역참 지점",
        "_source_file": "Ming_Stations_2016.shp",
        "_source_crs": "EPSG:4326"
      }
    },
    {
      "type": "Feature",
      "geometry": {
        "type": "Point",
        "coordinates": [
          104.87599400000005,
          31.077287000000073
        ]
      },
      "properties": {
        "SRC": "MDYZK",
        "STATUS": "Y",
        "YZ_ID": 830,
        "YZ_LABEL": "JIANNINGYI Sichuan (建宁驿)",
        "YZNM_PY": "JIANNINGYI",
        "YZNM_CH": "建宁驿",
        "YZNM_FT": "建寧驛",
        "CHGIS_ID": "164006",
        "NOTE": null,
        "10CNTY_CH": "三台县",
        "10CNTY_EN": "Santai",
        "10PREF_CH": "绵阳市",
        "10PREF_EN": "Mianyang",
        "10PROV_CH": "四川省",
        "10PROV_EN": "Sichuan",
        "GBCODE": 510722,
        "YZ_LAT": 104.875994,
        "YZ_LONG": 31.077287,
        "_layer_id": "ming_courier_stations",
        "_layer_title": "명대 역참 지점",
        "_source_file": "Ming_Stations_2016.shp",
        "_source_crs": "EPSG:4326"
      }
    },
    {
      "type": "Feature",
      "geometry": {
        "type": "Point",
        "coordinates": [
          104.49977900000006,
          30.998730000000027
        ]
      },
      "properties": {
        "SRC": "MDYZK",
        "STATUS": "Y",
        "YZ_ID": 831,
        "YZ_LABEL": "GUDIANYI Sichuan (古店驿)",
        "YZNM_PY": "GUDIANYI",
        "YZNM_CH": "古店驿",
        "YZNM_FT": "古店驛",
        "CHGIS_ID": "164063",
        "NOTE": null,
        "10CNTY_CH": "中江县",
        "10CNTY_EN": "Zhongjiang",
        "10PREF_CH": "德阳市",
        "10PREF_EN": "Deyang",
        "10PROV_CH": "四川省",
        "10PROV_EN": "Sichuan",
        "GBCODE": 510623,
        "YZ_LAT": 104.499779,
        "YZ_LONG": 30.99873,
        "_layer_id": "ming_courier_stations",
        "_layer_title": "명대 역참 지점",
        "_source_file": "Ming_Stations_2016.shp",
        "_source_crs": "EPSG:4326"
      }
    },
    {
      "type": "Feature",
      "geometry": {
        "type": "Point",
        "coordinates": [
          103.49946349076627,
          31.14636994659342
        ]
      },
      "properties": {
        "SRC": "MDYZK",
        "STATUS": "Y",
        "YZ_ID": 832,
        "YZ_LABEL": "TAIPINGYI Sichuan (太平驿)",
        "YZNM_PY": "TAIPINGYI",
        "YZNM_CH": "太平驿",
        "YZNM_FT": "太平驛",
        "CHGIS_ID": "165918",
        "NOTE": null,
        "10CNTY_CH": "汶川县",
        "10CNTY_EN": "Wenchuan",
        "10PREF_CH": "阿坝藏族羌族自治州",
        "10PREF_EN": "Abacangzuqiangzu",
        "10PROV_CH": "四川省",
        "10PROV_EN": "Sichuan",
        "GBCODE": 513221,
        "YZ_LAT": 103.499463,
        "YZ_LONG": 31.14637,
        "_layer_id": "ming_courier_stations",
        "_layer_title": "명대 역참 지점",
        "_source_file": "Ming_Stations_2016.shp",
        "_source_crs": "EPSG:4326"
      }
    },
    {
      "type": "Feature",
      "geometry": {
        "type": "Point",
        "coordinates": [
          103.76979800000004,
          32.23401600000006
        ]
      },
      "properties": {
        "SRC": "MDYZK",
        "STATUS": "Y",
        "YZ_ID": 833,
        "YZ_LABEL": "ZHENPINGYI Sichuan (镇平驿)",
        "YZNM_PY": "ZHENPINGYI",
        "YZNM_CH": "镇平驿",
        "YZNM_FT": "鎮平驛",
        "CHGIS_ID": "163963",
        "NOTE": null,
        "10CNTY_CH": "松潘县",
        "10CNTY_EN": "Songpan",
        "10PREF_CH": "阿坝藏族羌族自治州",
        "10PREF_EN": "Abacangzuqiangzu",
        "10PROV_CH": "四川省",
        "10PROV_EN": "Sichuan",
        "GBCODE": 513224,
        "YZ_LAT": 103.769798,
        "YZ_LONG": 32.234016,
        "_layer_id": "ming_courier_stations",
        "_layer_title": "명대 역참 지점",
        "_source_file": "Ming_Stations_2016.shp",
        "_source_crs": "EPSG:4326"
      }
    },
    {
      "type": "Feature",
      "geometry": {
        "type": "Point",
        "coordinates": [
          103.68100000000004,
          32.04317500000008
        ]
      },
      "properties": {
        "SRC": "MDYZK",
        "STATUS": "Y",
        "YZ_ID": 834,
        "YZ_LABEL": "LAIDAYI Sichuan (来达驿)",
        "YZNM_PY": "LAIDAYI",
        "YZNM_CH": "来达驿",
        "YZNM_FT": "來達驛",
        "CHGIS_ID": "166107",
        "NOTE": null,
        "10CNTY_CH": "茂县",
        "10CNTY_EN": "Mao",
        "10PREF_CH": "阿坝藏族羌族自治州",
        "10PREF_EN": "Abacangzuqiangzu",
        "10PROV_CH": "四川省",
        "10PROV_EN": "Sichuan",
        "GBCODE": 513223,
        "YZ_LAT": 103.681,
        "YZ_LONG": 32.043175,
        "_layer_id": "ming_courier_stations",
        "_layer_title": "명대 역참 지점",
        "_source_file": "Ming_Stations_2016.shp",
        "_source_crs": "EPSG:4326"
      }
    },
    {
      "type": "Feature",
      "geometry": {
        "type": "Point",
        "coordinates": [
          103.78058400000002,
          31.78489200000008
        ]
      },
      "properties": {
        "SRC": "MDYZK",
        "STATUS": "Y",
        "YZ_ID": 835,
        "YZ_LABEL": "CHANGNINGYI Sichuan (长宁驿)",
        "YZNM_PY": "CHANGNINGYI",
        "YZNM_CH": "长宁驿",
        "YZNM_FT": "長寧驛",
        "CHGIS_ID": "165904",
        "NOTE": null,
        "10CNTY_CH": "茂县",
        "10CNTY_EN": "Mao",
        "10PREF_CH": "阿坝藏族羌族自治州",
        "10PREF_EN": "Abacangzuqiangzu",
        "10PROV_CH": "四川省",
        "10PROV_EN": "Sichuan",
        "GBCODE": 513223,
        "YZ_LAT": 103.780584,
        "YZ_LONG": 31.784892,
        "_layer_id": "ming_courier_stations",
        "_layer_title": "명대 역참 지점",
        "_source_file": "Ming_Stations_2016.shp",
        "_source_crs": "EPSG:4326"
      }
    },
    {
      "type": "Feature",
      "geometry": {
        "type": "Point",
        "coordinates": [
          103.62669400000001,
          32.567978000000046
        ]
      },
      "properties": {
        "SRC": "MDYZK",
        "STATUS": "Y",
        "YZ_ID": 836,
        "YZ_LABEL": "GUIHUAYI Sichuan (归化驿)",
        "YZNM_PY": "GUIHUAYI",
        "YZNM_CH": "归化驿",
        "YZNM_FT": "歸化驛",
        "CHGIS_ID": "163988",
        "NOTE": null,
        "10CNTY_CH": "松潘县",
        "10CNTY_EN": "Songpan",
        "10PREF_CH": "阿坝藏族羌族自治州",
        "10PREF_EN": "Abacangzuqiangzu",
        "10PROV_CH": "四川省",
        "10PROV_EN": "Sichuan",
        "GBCODE": 513224,
        "YZ_LAT": 103.626694,
        "YZ_LONG": 32.567978,
        "_layer_id": "ming_courier_stations",
        "_layer_title": "명대 역참 지점",
        "_source_file": "Ming_Stations_2016.shp",
        "_source_crs": "EPSG:4326"
      }
    },
    {
      "type": "Feature",
      "geometry": {
        "type": "Point",
        "coordinates": [
          104.06666564941408,
          30.50000000000001
        ]
      },
      "properties": {
        "SRC": "MDYZK",
        "STATUS": "Y",
        "YZ_ID": 837,
        "YZ_LABEL": "MUMAYI Sichuan (木马驿)",
        "YZNM_PY": "MUMAYI",
        "YZNM_CH": "木马驿",
        "YZNM_FT": "木馬驛",
        "CHGIS_ID": "165096",
        "NOTE": null,
        "10CNTY_CH": "双流县",
        "10CNTY_EN": "Shuangliu",
        "10PREF_CH": "成都市",
        "10PREF_EN": "Chengdu",
        "10PROV_CH": "四川省",
        "10PROV_EN": "Sichuan",
        "GBCODE": 510122,
        "YZ_LAT": 104.066666,
        "YZ_LONG": 30.5,
        "_layer_id": "ming_courier_stations",
        "_layer_title": "명대 역참 지점",
        "_source_file": "Ming_Stations_2016.shp",
        "_source_crs": "EPSG:4326"
      }
    },
    {
      "type": "Feature",
      "geometry": {
        "type": "Point",
        "coordinates": [
          103.25719399807534,
          30.190762993817007
        ]
      },
      "properties": {
        "SRC": "MDYZK",
        "STATUS": "Y",
        "YZ_ID": 838,
        "YZ_LABEL": "BAIZHANGYI Sichuan (百丈驿)",
        "YZNM_PY": "BAIZHANGYI",
        "YZNM_CH": "百丈驿",
        "YZNM_FT": "百丈驛",
        "CHGIS_ID": "167088",
        "NOTE": null,
        "10CNTY_CH": "名山县",
        "10CNTY_EN": "Mingshan",
        "10PREF_CH": "雅安市",
        "10PREF_EN": "Yaan",
        "10PROV_CH": "四川省",
        "10PROV_EN": "Sichuan",
        "GBCODE": 511821,
        "YZ_LAT": 103.257194,
        "YZ_LONG": 30.190763,
        "_layer_id": "ming_courier_stations",
        "_layer_title": "명대 역참 지점",
        "_source_file": "Ming_Stations_2016.shp",
        "_source_crs": "EPSG:4326"
      }
    },
    {
      "type": "Feature",
      "geometry": {
        "type": "Point",
        "coordinates": [
          102.18288500000006,
          28.13118300000008
        ]
      },
      "properties": {
        "SRC": "MDYZK",
        "STATUS": "Y",
        "YZ_ID": 839,
        "YZ_LABEL": "XILONGYI Sichuan (谿龙驿)",
        "YZNM_PY": "XILONGYI",
        "YZNM_CH": "谿龙驿",
        "YZNM_FT": "谿龍驛",
        "CHGIS_ID": "166361",
        "NOTE": null,
        "10CNTY_CH": "西昌市",
        "10CNTY_EN": "Xichang",
        "10PREF_CH": "凉山彝族自治州",
        "10PREF_EN": "Liangshanyizu",
        "10PROV_CH": "四川省",
        "10PROV_EN": "Sichuan",
        "GBCODE": 513401,
        "YZ_LAT": 102.182885,
        "YZ_LONG": 28.131183,
        "_layer_id": "ming_courier_stations",
        "_layer_title": "명대 역참 지점",
        "_source_file": "Ming_Stations_2016.shp",
        "_source_crs": "EPSG:4326"
      }
    },
    {
      "type": "Feature",
      "geometry": {
        "type": "Point",
        "coordinates": [
          102.20759900000007,
          27.72061200000008
        ]
      },
      "properties": {
        "SRC": "MDYZK",
        "STATUS": "Y",
        "YZ_ID": 840,
        "YZ_LABEL": "LUMAYI Sichuan (禄马驿)",
        "YZNM_PY": "LUMAYI",
        "YZNM_CH": "禄马驿",
        "YZNM_FT": "祿馬驛",
        "CHGIS_ID": "166365",
        "NOTE": null,
        "10CNTY_CH": "西昌市",
        "10CNTY_EN": "Xichang",
        "10PREF_CH": "凉山彝族自治州",
        "10PREF_EN": "Liangshanyizu",
        "10PROV_CH": "四川省",
        "10PROV_EN": "Sichuan",
        "GBCODE": 513401,
        "YZ_LAT": 102.207599,
        "YZ_LONG": 27.720612,
        "_layer_id": "ming_courier_stations",
        "_layer_title": "명대 역참 지점",
        "_source_file": "Ming_Stations_2016.shp",
        "_source_crs": "EPSG:4326"
      }
    },
    {
      "type": "Feature",
      "geometry": {
        "type": "Point",
        "coordinates": [
          104.43057299753768,
          28.63781199799157
        ]
      },
      "properties": {
        "SRC": "MDYZK",
        "STATUS": "Y",
        "YZ_ID": 841,
        "YZ_LABEL": "LUODONGYI Sichuan (罗东驿)",
        "YZNM_PY": "LUODONGYI",
        "YZNM_CH": "罗东驿",
        "YZNM_FT": "羅東驛",
        "CHGIS_ID": "164251",
        "NOTE": null,
        "10CNTY_CH": "宜宾县",
        "10CNTY_EN": "Yibin",
        "10PREF_CH": "宜宾市",
        "10PREF_EN": "Yibin",
        "10PROV_CH": "四川省",
        "10PROV_EN": "Sichuan",
        "GBCODE": 511521,
        "YZ_LAT": 104.430573,
        "YZ_LONG": 28.637812,
        "_layer_id": "ming_courier_stations",
        "_layer_title": "명대 역참 지점",
        "_source_file": "Ming_Stations_2016.shp",
        "_source_crs": "EPSG:4326"
      }
    },
    {
      "type": "Feature",
      "geometry": {
        "type": "Point",
        "coordinates": [
          104.1613135170609,
          28.65673071147441
        ]
      },
      "properties": {
        "SRC": "MDYZK",
        "STATUS": "Y",
        "YZ_ID": 842,
        "YZ_LABEL": "NIXIYI Sichuan (泥溪驿)",
        "YZNM_PY": "NIXIYI",
        "YZNM_CH": "泥溪驿",
        "YZNM_FT": "泥溪驛",
        "CHGIS_ID": "1294",
        "NOTE": null,
        "10CNTY_CH": "屏山县",
        "10CNTY_EN": "Pingshan",
        "10PREF_CH": "宜宾市",
        "10PREF_EN": "Yibin",
        "10PROV_CH": "四川省",
        "10PROV_EN": "Sichuan",
        "GBCODE": 511529,
        "YZ_LAT": 104.161314,
        "YZ_LONG": 28.656731,
        "_layer_id": "ming_courier_stations",
        "_layer_title": "명대 역참 지점",
        "_source_file": "Ming_Stations_2016.shp",
        "_source_crs": "EPSG:4326"
      }
    },
    {
      "type": "Feature",
      "geometry": {
        "type": "Point",
        "coordinates": [
          103.90624399683551,
          28.741229996790707
        ]
      },
      "properties": {
        "SRC": "MDYZK",
        "STATUS": "Y",
        "YZ_ID": 843,
        "YZ_LABEL": "MANYISI Sichuan (曼彝司)",
        "YZNM_PY": "MANYISI",
        "YZNM_CH": "曼彝司",
        "YZNM_FT": "曼彝司",
        "CHGIS_ID": "164453",
        "NOTE": null,
        "10CNTY_CH": "屏山县",
        "10CNTY_EN": "Pingshan",
        "10PREF_CH": "宜宾市",
        "10PREF_EN": "Yibin",
        "10PROV_CH": "四川省",
        "10PROV_EN": "Sichuan",
        "GBCODE": 511529,
        "YZ_LAT": 103.906244,
        "YZ_LONG": 28.74123,
        "_layer_id": "ming_courier_stations",
        "_layer_title": "명대 역참 지점",
        "_source_file": "Ming_Stations_2016.shp",
        "_source_crs": "EPSG:4326"
      }
    },
    {
      "type": "Feature",
      "geometry": {
        "type": "Point",
        "coordinates": [
          105.35043800000007,
          28.58092900000003
        ]
      },
      "properties": {
        "SRC": "MDYZK",
        "STATUS": "Y",
        "YZ_ID": 844,
        "YZ_LABEL": "TONGYOUYI Sichuan (通邮驿)",
        "YZNM_PY": "TONGYOUYI",
        "YZNM_CH": "通邮驿",
        "YZNM_FT": "通郵驛",
        "CHGIS_ID": "164595",
        "NOTE": null,
        "10CNTY_CH": "纳溪区",
        "10CNTY_EN": "Naxi",
        "10PREF_CH": "泸州市",
        "10PREF_EN": "Luzhou",
        "10PROV_CH": "四川省",
        "10PROV_EN": "Sichuan",
        "GBCODE": 510503,
        "YZ_LAT": 105.350438,
        "YZ_LONG": 28.580929,
        "_layer_id": "ming_courier_stations",
        "_layer_title": "명대 역참 지점",
        "_source_file": "Ming_Stations_2016.shp",
        "_source_crs": "EPSG:4326"
      }
    },
    {
      "type": "Feature",
      "geometry": {
        "type": "Point",
        "coordinates": [
          105.32832300000007,
          28.459982000000032
        ]
      },
      "properties": {
        "SRC": "MDYZK",
        "STATUS": "Y",
        "YZ_ID": 845,
        "YZ_LABEL": "JIANGMENYI Sichuan (江门驿)",
        "YZNM_PY": "JIANGMENYI",
        "YZNM_CH": "江门驿",
        "YZNM_FT": "江門驛",
        "CHGIS_ID": "164485",
        "NOTE": null,
        "10CNTY_CH": "叙永县",
        "10CNTY_EN": "Xuyong",
        "10PREF_CH": "泸州市",
        "10PREF_EN": "Luzhou",
        "10PROV_CH": "四川省",
        "10PROV_EN": "Sichuan",
        "GBCODE": 510524,
        "YZ_LAT": 105.328323,
        "YZ_LONG": 28.459982,
        "_layer_id": "ming_courier_stations",
        "_layer_title": "명대 역참 지점",
        "_source_file": "Ming_Stations_2016.shp",
        "_source_crs": "EPSG:4326"
      }
    },
    {
      "type": "Feature",
      "geometry": {
        "type": "Point",
        "coordinates": [
          105.36888099882286,
          28.38429099922813
        ]
      },
      "properties": {
        "SRC": "MDYZK",
        "STATUS": "Y",
        "YZ_ID": 846,
        "YZ_LABEL": "YONG'ANYI Sichuan (永安驿)",
        "YZNM_PY": "YONG'ANYI",
        "YZNM_CH": "永安驿",
        "YZNM_FT": "永安驛",
        "CHGIS_ID": "164487",
        "NOTE": null,
        "10CNTY_CH": "叙永县",
        "10CNTY_EN": "Xuyong",
        "10PREF_CH": "泸州市",
        "10PREF_EN": "Luzhou",
        "10PROV_CH": "四川省",
        "10PROV_EN": "Sichuan",
        "GBCODE": 510524,
        "YZ_LAT": 105.368881,
        "YZ_LONG": 28.384291,
        "_layer_id": "ming_courier_stations",
        "_layer_title": "명대 역참 지점",
        "_source_file": "Ming_Stations_2016.shp",
        "_source_crs": "EPSG:4326"
      }
    },
    {
      "type": "Feature",
      "geometry": {
        "type": "Point",
        "coordinates": [
          105.58026900000004,
          27.72926500000006
        ]
      },
      "properties": {
        "SRC": "MDYZK",
        "STATUS": "N",
        "YZ_ID": 847,
        "YZ_LABEL": "CHISHUIWEI Sichuan (赤水驿)",
        "YZNM_PY": "CHISHUIWEI",
        "YZNM_CH": "赤水驿",
        "YZNM_FT": "赤水驛",
        "CHGIS_ID": "164507",
        "NOTE": null,
        "10CNTY_CH": "叙永县",
        "10CNTY_EN": "Xuyong",
        "10PREF_CH": "泸州市",
        "10PREF_EN": "Luzhou",
        "10PROV_CH": "四川省",
        "10PROV_EN": "Sichuan",
        "GBCODE": 510524,
        "YZ_LAT": 105.580269,
        "YZ_LONG": 27.729265,
        "_layer_id": "ming_courier_stations",
        "_layer_title": "명대 역참 지점",
        "_source_file": "Ming_Stations_2016.shp",
        "_source_crs": "EPSG:4326"
      }
    },
    {
      "type": "Feature",
      "geometry": {
        "type": "Point",
        "coordinates": [
          105.59485599904914,
          27.84762399943331
        ]
      },
      "properties": {
        "SRC": "MDYZK",
        "STATUS": "Y",
        "YZ_ID": 848,
        "YZ_LABEL": "MONIYI Sichuan (摩泥驿)",
        "YZNM_PY": "MONIYI",
        "YZNM_CH": "摩泥驿",
        "YZNM_FT": "摩泥驛",
        "CHGIS_ID": "164508",
        "NOTE": null,
        "10CNTY_CH": "叙永县",
        "10CNTY_EN": "Xuyong",
        "10PREF_CH": "泸州市",
        "10PREF_EN": "Luzhou",
        "10PROV_CH": "四川省",
        "10PROV_EN": "Sichuan",
        "GBCODE": 510524,
        "YZ_LAT": 105.594856,
        "YZ_LONG": 27.847624,
        "_layer_id": "ming_courier_stations",
        "_layer_title": "명대 역참 지점",
        "_source_file": "Ming_Stations_2016.shp",
        "_source_crs": "EPSG:4326"
      }
    },
    {
      "type": "Feature",
      "geometry": {
        "type": "Point",
        "coordinates": [
          105.55802199901363,
          27.927678999404048
        ]
      },
      "properties": {
        "SRC": "MDYZK",
        "STATUS": "Y",
        "YZ_ID": 849,
        "YZ_LABEL": "PUSHIYI Sichuan (普市驿)",
        "YZNM_PY": "PUSHIYI",
        "YZNM_CH": "普市驿",
        "YZNM_FT": "普市驛",
        "CHGIS_ID": "164509",
        "NOTE": null,
        "10CNTY_CH": "叙永县",
        "10CNTY_EN": "Xuyong",
        "10PREF_CH": "泸州市",
        "10PREF_EN": "Luzhou",
        "10PROV_CH": "四川省",
        "10PROV_EN": "Sichuan",
        "GBCODE": 510524,
        "YZ_LAT": 105.558022,
        "YZ_LONG": 27.927679,
        "_layer_id": "ming_courier_stations",
        "_layer_title": "명대 역참 지점",
        "_source_file": "Ming_Stations_2016.shp",
        "_source_crs": "EPSG:4326"
      }
    },
    {
      "type": "Feature",
      "geometry": {
        "type": "Point",
        "coordinates": [
          105.46938080385232,
          28.064636055821328
        ]
      },
      "properties": {
        "SRC": "MDYZK",
        "STATUS": "Y",
        "YZ_ID": 850,
        "YZ_LABEL": "YONG'ANYI Sichuan (永安驿)",
        "YZNM_PY": "YONG'ANYI",
        "YZNM_CH": "永安驿",
        "YZNM_FT": "永安驛",
        "CHGIS_ID": null,
        "NOTE": null,
        "10CNTY_CH": "叙永县",
        "10CNTY_EN": "Xuyong",
        "10PREF_CH": "泸州市",
        "10PREF_EN": "Luzhou",
        "10PROV_CH": "四川省",
        "10PROV_EN": "Sichuan",
        "GBCODE": 510524,
        "YZ_LAT": 105.469381,
        "YZ_LONG": 28.064636,
        "_layer_id": "ming_courier_stations",
        "_layer_title": "명대 역참 지점",
        "_source_file": "Ming_Stations_2016.shp",
        "_source_crs": "EPSG:4326"
      }
    },
    {
      "type": "Feature",
      "geometry": {
        "type": "Point",
        "coordinates": [
          105.284004,
          27.308081000000012
        ]
      },
      "properties": {
        "SRC": "MDYZK",
        "STATUS": "N",
        "YZ_ID": 851,
        "YZ_LABEL": "BIJIEYI Guizhou (毕节驿)",
        "YZNM_PY": "BIJIEYI",
        "YZNM_CH": "毕节驿",
        "YZNM_FT": "畢節驛",
        "CHGIS_ID": "466",
        "NOTE": null,
        "10CNTY_CH": "毕节市",
        "10CNTY_EN": "Bijie",
        "10PREF_CH": "毕节地区",
        "10PREF_EN": "Bijie",
        "10PROV_CH": "贵州省",
        "10PROV_EN": "Guizhou",
        "GBCODE": 522401,
        "YZ_LAT": 105.284004,
        "YZ_LONG": 27.308081,
        "_layer_id": "ming_courier_stations",
        "_layer_title": "명대 역참 지점",
        "_source_file": "Ming_Stations_2016.shp",
        "_source_crs": "EPSG:4326"
      }
    },
    {
      "type": "Feature",
      "geometry": {
        "type": "Point",
        "coordinates": [
          104.98667899828051,
          27.194784998993256
        ]
      },
      "properties": {
        "SRC": "MDYZK",
        "STATUS": "Y",
        "YZ_ID": 852,
        "YZ_LABEL": "ZHOUNIYI Guizhou (周尼驿)",
        "YZNM_PY": "ZHOUNIYI",
        "YZNM_CH": "周尼驿",
        "YZNM_FT": "周尼驛",
        "CHGIS_ID": "162386",
        "NOTE": null,
        "10CNTY_CH": "毕节市",
        "10CNTY_EN": "Bijie",
        "10PREF_CH": "毕节地区",
        "10PREF_EN": "Bijie",
        "10PROV_CH": "贵州省",
        "10PROV_EN": "Guizhou",
        "GBCODE": 522401,
        "YZ_LAT": 104.986679,
        "YZ_LONG": 27.194785,
        "_layer_id": "ming_courier_stations",
        "_layer_title": "명대 역참 지점",
        "_source_file": "Ming_Stations_2016.shp",
        "_source_crs": "EPSG:4326"
      }
    },
    {
      "type": "Feature",
      "geometry": {
        "type": "Point",
        "coordinates": [
          104.72207700000006,
          27.127472000000076
        ]
      },
      "properties": {
        "SRC": "PA_1903",
        "STATUS": "B",
        "YZ_ID": 853,
        "YZ_LABEL": "HEIZHANGYI Guizhou (赫章驿)",
        "YZNM_PY": "HEIZHANGYI",
        "YZNM_CH": "赫章驿",
        "YZNM_FT": "赫章驛",
        "CHGIS_ID": "162326",
        "NOTE": null,
        "10CNTY_CH": "赫章县",
        "10CNTY_EN": "Hezhang",
        "10PREF_CH": "毕节地区",
        "10PREF_EN": "Bijie",
        "10PROV_CH": "贵州省",
        "10PROV_EN": "Guizhou",
        "GBCODE": 522428,
        "YZ_LAT": 104.722077,
        "YZ_LONG": 27.127472,
        "_layer_id": "ming_courier_stations",
        "_layer_title": "명대 역참 지점",
        "_source_file": "Ming_Stations_2016.shp",
        "_source_crs": "EPSG:4326"
      }
    },
    {
      "type": "Feature",
      "geometry": {
        "type": "Point",
        "coordinates": [
          104.50622800000008,
          27.03904200000006
        ]
      },
      "properties": {
        "SRC": "MDYZK",
        "STATUS": "L",
        "YZ_ID": 854,
        "YZ_LABEL": "WADIANYI Guizhou (瓦甸驿)",
        "YZNM_PY": "WADIANYI",
        "YZNM_CH": "瓦甸驿",
        "YZNM_FT": "瓦甸驛",
        "CHGIS_ID": "162330",
        "NOTE": null,
        "10CNTY_CH": "赫章县",
        "10CNTY_EN": "Hezhang",
        "10PREF_CH": "毕节地区",
        "10PREF_EN": "Bijie",
        "10PROV_CH": "贵州省",
        "10PROV_EN": "Guizhou",
        "GBCODE": 522428,
        "YZ_LAT": 104.506228,
        "YZ_LONG": 27.039042,
        "_layer_id": "ming_courier_stations",
        "_layer_title": "명대 역참 지점",
        "_source_file": "Ming_Stations_2016.shp",
        "_source_crs": "EPSG:4326"
      }
    },
    {
      "type": "Feature",
      "geometry": {
        "type": "Point",
        "coordinates": [
          104.28983300000002,
          26.860271000000015
        ]
      },
      "properties": {
        "SRC": "MDYZK",
        "STATUS": "L",
        "YZ_ID": 855,
        "YZ_LABEL": "ZAICHENGYI Guizhou (在城驿)",
        "YZNM_PY": "ZAICHENGYI",
        "YZNM_CH": "在城驿",
        "YZNM_FT": "在城驛",
        "CHGIS_ID": "482",
        "NOTE": null,
        "10CNTY_CH": "威宁彝族回族苗族自治县",
        "10CNTY_EN": "Xianningyizuhuizumiaozuzizhi",
        "10PREF_CH": "毕节地区",
        "10PREF_EN": "Bijie",
        "10PROV_CH": "贵州省",
        "10PROV_EN": "Guizhou",
        "GBCODE": 522427,
        "YZ_LAT": 104.289833,
        "YZ_LONG": 26.860271,
        "_layer_id": "ming_courier_stations",
        "_layer_title": "명대 역참 지점",
        "_source_file": "Ming_Stations_2016.shp",
        "_source_crs": "EPSG:4326"
      }
    },
    {
      "type": "Feature",
      "geometry": {
        "type": "Point",
        "coordinates": [
          104.01370199652717,
          26.74797399761389
        ]
      },
      "properties": {
        "SRC": "MDYZK",
        "STATUS": "L",
        "YZ_ID": 856,
        "YZ_LABEL": "WUSAYI Guizhou (乌撒驿)",
        "YZNM_PY": "WUSAYI",
        "YZNM_CH": "乌撒驿",
        "YZNM_FT": "烏撒驛",
        "CHGIS_ID": "162307",
        "NOTE": null,
        "10CNTY_CH": "威宁彝族回族苗族自治县",
        "10CNTY_EN": "Xianningyizuhuizumiaozuzizhi",
        "10PREF_CH": "毕节地区",
        "10PREF_EN": "Bijie",
        "10PROV_CH": "贵州省",
        "10PROV_EN": "Guizhou",
        "GBCODE": 522427,
        "YZ_LAT": 104.013702,
        "YZ_LONG": 26.747974,
        "_layer_id": "ming_courier_stations",
        "_layer_title": "명대 역참 지점",
        "_source_file": "Ming_Stations_2016.shp",
        "_source_crs": "EPSG:4326"
      }
    },
    {
      "type": "Feature",
      "geometry": {
        "type": "Point",
        "coordinates": [
          103.88333129882812,
          26.533332824707042
        ]
      },
      "properties": {
        "SRC": "MDYZK",
        "STATUS": "L",
        "YZ_ID": 857,
        "YZ_LABEL": "PUDEGUIYI Guizhou (普德归驿)",
        "YZNM_PY": "PUDEGUIYI",
        "YZNM_CH": "普德归驿",
        "YZNM_FT": "普德歸驛",
        "CHGIS_ID": null,
        "NOTE": null,
        "10CNTY_CH": "威宁彝族回族苗族自治县",
        "10CNTY_EN": "Xianningyizuhuizumiaozuzizhi",
        "10PREF_CH": "毕节地区",
        "10PREF_EN": "Bijie",
        "10PROV_CH": "贵州省",
        "10PROV_EN": "Guizhou",
        "GBCODE": 522427,
        "YZ_LAT": 103.883331,
        "YZ_LONG": 26.533333,
        "_layer_id": "ming_courier_stations",
        "_layer_title": "명대 역참 지점",
        "_source_file": "Ming_Stations_2016.shp",
        "_source_crs": "EPSG:4326"
      }
    },
    {
      "type": "Feature",
      "geometry": {
        "type": "Point",
        "coordinates": [
          104.69255799999999,
          30.035488000000015
        ]
      },
      "properties": {
        "SRC": "MDYZK",
        "STATUS": "Y",
        "YZ_ID": 858,
        "YZ_LABEL": "NANJINYI Sichuan (南津驿)",
        "YZNM_PY": "NANJINYI",
        "YZNM_CH": "南津驿",
        "YZNM_FT": "南津驛",
        "CHGIS_ID": "21393",
        "NOTE": null,
        "10CNTY_CH": "雁江区",
        "10CNTY_EN": "Yanjiang",
        "10PREF_CH": "资阳市",
        "10PREF_EN": "Ziyang",
        "10PROV_CH": "四川省",
        "10PROV_EN": "Sichuan",
        "GBCODE": 512002,
        "YZ_LAT": 104.692558,
        "YZ_LONG": 30.035488,
        "_layer_id": "ming_courier_stations",
        "_layer_title": "명대 역참 지점",
        "_source_file": "Ming_Stations_2016.shp",
        "_source_crs": "EPSG:4326"
      }
    },
    {
      "type": "Feature",
      "geometry": {
        "type": "Point",
        "coordinates": [
          106.13114200000007,
          29.05812300000003
        ]
      },
      "properties": {
        "SRC": "MDYZK",
        "STATUS": "Y",
        "YZ_ID": 859,
        "YZ_LABEL": "BAISHAZHENYI Chongqing (白沙镇驿)",
        "YZNM_PY": "BAISHAZHENYI",
        "YZNM_CH": "白沙镇驿",
        "YZNM_FT": "白沙鎮驛",
        "CHGIS_ID": "165430",
        "NOTE": null,
        "10CNTY_CH": "江津区",
        "10CNTY_EN": "Jiangjin",
        "10PREF_CH": "重庆市（辖区）",
        "10PREF_EN": "Chongqing (Districts)",
        "10PROV_CH": "重庆市",
        "10PROV_EN": "Chongqing",
        "GBCODE": 500116,
        "YZ_LAT": 106.131142,
        "YZ_LONG": 29.058123,
        "_layer_id": "ming_courier_stations",
        "_layer_title": "명대 역참 지점",
        "_source_file": "Ming_Stations_2016.shp",
        "_source_crs": "EPSG:4326"
      }
    },
    {
      "type": "Feature",
      "geometry": {
        "type": "Point",
        "coordinates": [
          105.89594300000003,
          28.920595000000052
        ]
      },
      "properties": {
        "SRC": "MDYZK",
        "STATUS": "Y",
        "YZ_ID": 860,
        "YZ_LABEL": "NIUNAOYI Chongqing (牛脑驿)",
        "YZNM_PY": "NIUNAOYI",
        "YZNM_CH": "牛脑驿",
        "YZNM_FT": "牛腦驛",
        "CHGIS_ID": "165427",
        "NOTE": null,
        "10CNTY_CH": "江津区",
        "10CNTY_EN": "Jiangjin",
        "10PREF_CH": "重庆市（辖区）",
        "10PREF_EN": "Chongqing (Districts)",
        "10PROV_CH": "重庆市",
        "10PROV_EN": "Chongqing",
        "GBCODE": 500116,
        "YZ_LAT": 105.895943,
        "YZ_LONG": 28.920595,
        "_layer_id": "ming_courier_stations",
        "_layer_title": "명대 역참 지점",
        "_source_file": "Ming_Stations_2016.shp",
        "_source_crs": "EPSG:4326"
      }
    },
    {
      "type": "Feature",
      "geometry": {
        "type": "Point",
        "coordinates": [
          105.94998899937454,
          29.04895999956974
        ]
      },
      "properties": {
        "SRC": "MDYZK",
        "STATUS": "Y",
        "YZ_ID": 861,
        "YZ_LABEL": "LISHIYI Chongqing (立市驿)",
        "YZNM_PY": "LISHIYI",
        "YZNM_CH": "立市驿",
        "YZNM_FT": "立市驛",
        "CHGIS_ID": "165425",
        "NOTE": null,
        "10CNTY_CH": "江津区",
        "10CNTY_EN": "Jiangjin",
        "10PREF_CH": "重庆市（辖区）",
        "10PREF_EN": "Chongqing (Districts)",
        "10PROV_CH": "重庆市",
        "10PROV_EN": "Chongqing",
        "GBCODE": 500116,
        "YZ_LAT": 105.949989,
        "YZ_LONG": 29.04896,
        "_layer_id": "ming_courier_stations",
        "_layer_title": "명대 역참 지점",
        "_source_file": "Ming_Stations_2016.shp",
        "_source_crs": "EPSG:4326"
      }
    },
    {
      "type": "Feature",
      "geometry": {
        "type": "Point",
        "coordinates": [
          106.25295999999999,
          29.281507000000015
        ]
      },
      "properties": {
        "SRC": "MDYZK",
        "STATUS": "Y",
        "YZ_ID": 862,
        "YZ_LABEL": "JIANGJINYI Chongqing (江津驿)",
        "YZNM_PY": "JIANGJINYI",
        "YZNM_CH": "江津驿",
        "YZNM_FT": "江津驛",
        "CHGIS_ID": "1274",
        "NOTE": null,
        "10CNTY_CH": "江津区",
        "10CNTY_EN": "Jiangjin",
        "10PREF_CH": "重庆市（辖区）",
        "10PREF_EN": "Chongqing (Districts)",
        "10PROV_CH": "重庆市",
        "10PROV_EN": "Chongqing",
        "GBCODE": 500116,
        "YZ_LAT": 106.25296,
        "YZ_LONG": 29.281507,
        "_layer_id": "ming_courier_stations",
        "_layer_title": "명대 역참 지점",
        "_source_file": "Ming_Stations_2016.shp",
        "_source_crs": "EPSG:4326"
      }
    },
    {
      "type": "Feature",
      "geometry": {
        "type": "Point",
        "coordinates": [
          116.04112199999999,
          29.45348600000002
        ]
      },
      "properties": {
        "SRC": "MDYZK",
        "STATUS": "Y",
        "YZ_ID": 863,
        "YZ_LABEL": "KUANGLUYI Jiangxi (匡庐驿)",
        "YZNM_PY": "KUANGLUYI",
        "YZNM_CH": "匡庐驿",
        "YZNM_FT": "匡廬驛",
        "CHGIS_ID": "785",
        "NOTE": null,
        "10CNTY_CH": "星子县",
        "10CNTY_EN": "Xingzi",
        "10PREF_CH": "九江市",
        "10PREF_EN": "Jiujiang",
        "10PROV_CH": "江西省",
        "10PROV_EN": "Jiangxi",
        "GBCODE": 360427,
        "YZ_LAT": 116.041122,
        "YZ_LONG": 29.453486,
        "_layer_id": "ming_courier_stations",
        "_layer_title": "명대 역참 지점",
        "_source_file": "Ming_Stations_2016.shp",
        "_source_crs": "EPSG:4326"
      }
    },
    {
      "type": "Feature",
      "geometry": {
        "type": "Point",
        "coordinates": [
          115.994408,
          29.176830000000013
        ]
      },
      "properties": {
        "SRC": "MDYZK",
        "STATUS": "Y",
        "YZ_ID": 864,
        "YZ_LABEL": "WUCHENGYI Jiangxi (吴城驿)",
        "YZNM_PY": "WUCHENGYI",
        "YZNM_CH": "吴城驿",
        "YZNM_FT": "吳城驛",
        "CHGIS_ID": "19164",
        "NOTE": null,
        "10CNTY_CH": "永修县",
        "10CNTY_EN": "Yongxiu",
        "10PREF_CH": "九江市",
        "10PREF_EN": "Jiujiang",
        "10PROV_CH": "江西省",
        "10PROV_EN": "Jiangxi",
        "GBCODE": 360425,
        "YZ_LAT": 115.994408,
        "YZ_LONG": 29.17683,
        "_layer_id": "ming_courier_stations",
        "_layer_title": "명대 역참 지점",
        "_source_file": "Ming_Stations_2016.shp",
        "_source_crs": "EPSG:4326"
      }
    },
    {
      "type": "Feature",
      "geometry": {
        "type": "Point",
        "coordinates": [
          115.97885900057933,
          28.856439999613553
        ]
      },
      "properties": {
        "SRC": "MDYZK",
        "STATUS": "Y",
        "YZ_ID": 865,
        "YZ_LABEL": "QIAOSHEYI Jiangxi (樵舍驿)",
        "YZNM_PY": "QIAOSHEYI",
        "YZNM_CH": "樵舍驿",
        "YZNM_FT": "樵舍驛",
        "CHGIS_ID": "19231",
        "NOTE": null,
        "10CNTY_CH": "新建县",
        "10CNTY_EN": "Xinjian",
        "10PREF_CH": "南昌市",
        "10PREF_EN": "Nanchang",
        "10PROV_CH": "江西省",
        "10PROV_EN": "Jiangxi",
        "GBCODE": 360122,
        "YZ_LAT": 115.978859,
        "YZ_LONG": 28.85644,
        "_layer_id": "ming_courier_stations",
        "_layer_title": "명대 역참 지점",
        "_source_file": "Ming_Stations_2016.shp",
        "_source_crs": "EPSG:4326"
      }
    },
    {
      "type": "Feature",
      "geometry": {
        "type": "Point",
        "coordinates": [
          115.83668900000004,
          28.41128900000001
        ]
      },
      "properties": {
        "SRC": "MDYZK",
        "STATUS": "Y",
        "YZ_ID": 866,
        "YZ_LABEL": "SHICHAYI Jiangxi (市汊驿)",
        "YZNM_PY": "SHICHAYI",
        "YZNM_CH": "市汊驿",
        "YZNM_FT": "市汊驛",
        "CHGIS_ID": "19222",
        "NOTE": null,
        "10CNTY_CH": "南昌县",
        "10CNTY_EN": "Nanchang",
        "10PREF_CH": "南昌市",
        "10PREF_EN": "Nanchang",
        "10PROV_CH": "江西省",
        "10PROV_EN": "Jiangxi",
        "GBCODE": 360121,
        "YZ_LAT": 115.836689,
        "YZ_LONG": 28.411289,
        "_layer_id": "ming_courier_stations",
        "_layer_title": "명대 역참 지점",
        "_source_file": "Ming_Stations_2016.shp",
        "_source_crs": "EPSG:4326"
      }
    },
    {
      "type": "Feature",
      "geometry": {
        "type": "Point",
        "coordinates": [
          115.78578199999998,
          28.19775400000002
        ]
      },
      "properties": {
        "SRC": "MDYZK",
        "STATUS": "Y",
        "YZ_ID": 867,
        "YZ_LABEL": "JIANJIANGYI Jiangxi (剑江驿)",
        "YZNM_PY": "JIANJIANGYI",
        "YZNM_CH": "剑江驿",
        "YZNM_FT": "劍江驛",
        "CHGIS_ID": "791",
        "NOTE": null,
        "10CNTY_CH": "丰城市",
        "10CNTY_EN": "Fengcheng",
        "10PREF_CH": "宜春市",
        "10PREF_EN": "Yichun",
        "10PROV_CH": "江西省",
        "10PROV_EN": "Jiangxi",
        "GBCODE": 360981,
        "YZ_LAT": 115.785782,
        "YZ_LONG": 28.197754,
        "_layer_id": "ming_courier_stations",
        "_layer_title": "명대 역참 지점",
        "_source_file": "Ming_Stations_2016.shp",
        "_source_crs": "EPSG:4326"
      }
    },
    {
      "type": "Feature",
      "geometry": {
        "type": "Point",
        "coordinates": [
          114.67571999999998,
          27.81605200000001
        ]
      },
      "properties": {
        "SRC": "MDYZK",
        "STATUS": "Y",
        "YZ_ID": 868,
        "YZ_LABEL": "FENYI Jiangxi (分宜)",
        "YZNM_PY": "FENYI",
        "YZNM_CH": "分宜",
        "YZNM_FT": "分宜",
        "CHGIS_ID": "815",
        "NOTE": null,
        "10CNTY_CH": "分宜县",
        "10CNTY_EN": "Fenyi",
        "10PREF_CH": "新余市",
        "10PREF_EN": "Xinyu",
        "10PROV_CH": "江西省",
        "10PROV_EN": "Jiangxi",
        "GBCODE": 360521,
        "YZ_LAT": 114.67572,
        "YZ_LONG": 27.816052,
        "_layer_id": "ming_courier_stations",
        "_layer_title": "명대 역참 지점",
        "_source_file": "Ming_Stations_2016.shp",
        "_source_crs": "EPSG:4326"
      }
    },
    {
      "type": "Feature",
      "geometry": {
        "type": "Point",
        "coordinates": [
          114.8186930001169,
          27.746655999932184
        ]
      },
      "properties": {
        "SRC": "MDYZK",
        "STATUS": "Y",
        "YZ_ID": 869,
        "YZ_LABEL": "ANRENYI Jiangxi (安仁驿)",
        "YZNM_PY": "ANRENYI",
        "YZNM_CH": "安仁驿",
        "YZNM_FT": "安仁驛",
        "CHGIS_ID": "141139",
        "NOTE": null,
        "10CNTY_CH": "渝水区",
        "10CNTY_EN": "Yushui",
        "10PREF_CH": "新余市",
        "10PREF_EN": "Xinyu",
        "10PROV_CH": "江西省",
        "10PROV_EN": "Jiangxi",
        "GBCODE": 360502,
        "YZ_LAT": 114.818693,
        "YZ_LONG": 27.746656,
        "_layer_id": "ming_courier_stations",
        "_layer_title": "명대 역참 지점",
        "_source_file": "Ming_Stations_2016.shp",
        "_source_crs": "EPSG:4326"
      }
    },
    {
      "type": "Feature",
      "geometry": {
        "type": "Point",
        "coordinates": [
          114.93114,
          27.80408000000001
        ]
      },
      "properties": {
        "SRC": "MDYZK",
        "STATUS": "Y",
        "YZ_ID": 870,
        "YZ_LABEL": "LUOXIYI Jiangxi (罗溪驿)",
        "YZNM_PY": "LUOXIYI",
        "YZNM_CH": "罗溪驿",
        "YZNM_FT": "羅溪驛",
        "CHGIS_ID": "818",
        "NOTE": null,
        "10CNTY_CH": "渝水区",
        "10CNTY_EN": "Yushui",
        "10PREF_CH": "新余市",
        "10PREF_EN": "Xinyu",
        "10PROV_CH": "江西省",
        "10PROV_EN": "Jiangxi",
        "GBCODE": 360502,
        "YZ_LAT": 114.93114,
        "YZ_LONG": 27.80408,
        "_layer_id": "ming_courier_stations",
        "_layer_title": "명대 역참 지점",
        "_source_file": "Ming_Stations_2016.shp",
        "_source_crs": "EPSG:4326"
      }
    },
    {
      "type": "Feature",
      "geometry": {
        "type": "Point",
        "coordinates": [
          114.375885,
          27.79426600000001
        ]
      },
      "properties": {
        "SRC": "MDYZK",
        "STATUS": "N",
        "YZ_ID": 871,
        "YZ_LABEL": "YUANZHOUFU Jiangxi (袁州府)",
        "YZNM_PY": "YUANZHOUFU",
        "YZNM_CH": "袁州府",
        "YZNM_FT": "袁州府",
        "CHGIS_ID": "816",
        "NOTE": null,
        "10CNTY_CH": "袁州区",
        "10CNTY_EN": "Yuanzhou",
        "10PREF_CH": "宜春市",
        "10PREF_EN": "Yichun",
        "10PROV_CH": "江西省",
        "10PROV_EN": "Jiangxi",
        "GBCODE": 360902,
        "YZ_LAT": 114.375885,
        "YZ_LONG": 27.794266,
        "_layer_id": "ming_courier_stations",
        "_layer_title": "명대 역참 지점",
        "_source_file": "Ming_Stations_2016.shp",
        "_source_crs": "EPSG:4326"
      }
    },
    {
      "type": "Feature",
      "geometry": {
        "type": "Point",
        "coordinates": [
          114.43177800005958,
          27.841371999964075
        ]
      },
      "properties": {
        "SRC": "MDYZK",
        "STATUS": "N",
        "YZ_ID": 872,
        "YZ_LABEL": "XIUJIANGYI Jiangxi (秀江驿)",
        "YZNM_PY": "XIUJIANGYI",
        "YZNM_CH": "秀江驿",
        "YZNM_FT": "秀江驛",
        "CHGIS_ID": "140904",
        "NOTE": null,
        "10CNTY_CH": "袁州区",
        "10CNTY_EN": "Yuanzhou",
        "10PREF_CH": "宜春市",
        "10PREF_EN": "Yichun",
        "10PROV_CH": "江西省",
        "10PROV_EN": "Jiangxi",
        "GBCODE": 360902,
        "YZ_LAT": 114.431778,
        "YZ_LONG": 27.841372,
        "_layer_id": "ming_courier_stations",
        "_layer_title": "명대 역참 지점",
        "_source_file": "Ming_Stations_2016.shp",
        "_source_crs": "EPSG:4326"
      }
    },
    {
      "type": "Feature",
      "geometry": {
        "type": "Point",
        "coordinates": [
          115.09389700000008,
          27.327516000000067
        ]
      },
      "properties": {
        "SRC": "MDYZK",
        "STATUS": "Y",
        "YZ_ID": 873,
        "YZ_LABEL": "BAISHAYI Jiangxi (白沙驿)",
        "YZNM_PY": "BAISHAYI",
        "YZNM_CH": "白沙驿",
        "YZNM_FT": "白沙驛",
        "CHGIS_ID": "141227",
        "NOTE": null,
        "10CNTY_CH": "吉水县",
        "10CNTY_EN": "Jishui",
        "10PREF_CH": "吉安市",
        "10PREF_EN": "Jian",
        "10PROV_CH": "江西省",
        "10PROV_EN": "Jiangxi",
        "GBCODE": 360822,
        "YZ_LAT": 115.093897,
        "YZ_LONG": 27.327516,
        "_layer_id": "ming_courier_stations",
        "_layer_title": "명대 역참 지점",
        "_source_file": "Ming_Stations_2016.shp",
        "_source_crs": "EPSG:4326"
      }
    },
    {
      "type": "Feature",
      "geometry": {
        "type": "Point",
        "coordinates": [
          114.90591200000004,
          26.322424000000073
        ]
      },
      "properties": {
        "SRC": "MDYZK",
        "STATUS": "Y",
        "YZ_ID": 874,
        "YZ_LABEL": "ZAOKOUYI Jiangxi (皂口驿)",
        "YZNM_PY": "ZAOKOUYI",
        "YZNM_CH": "皂口驿",
        "YZNM_FT": "皂口驛",
        "CHGIS_ID": "141358",
        "NOTE": null,
        "10CNTY_CH": "万安县",
        "10CNTY_EN": "Wanan",
        "10PREF_CH": "吉安市",
        "10PREF_EN": "Jian",
        "10PROV_CH": "江西省",
        "10PROV_EN": "Jiangxi",
        "GBCODE": 360828,
        "YZ_LAT": 114.905912,
        "YZ_LONG": 26.322424,
        "_layer_id": "ming_courier_stations",
        "_layer_title": "명대 역참 지점",
        "_source_file": "Ming_Stations_2016.shp",
        "_source_crs": "EPSG:4326"
      }
    },
    {
      "type": "Feature",
      "geometry": {
        "type": "Point",
        "coordinates": [
          114.90549500000007,
          26.129812000000076
        ]
      },
      "properties": {
        "SRC": "MDYZK",
        "STATUS": "Y",
        "YZ_ID": 875,
        "YZ_LABEL": "YOUZHENYI Jiangxi (攸镇驿)",
        "YZNM_PY": "YOUZHENYI",
        "YZNM_CH": "攸镇驿",
        "YZNM_FT": "攸鎮驛",
        "CHGIS_ID": "142153",
        "NOTE": null,
        "10CNTY_CH": "赣县",
        "10CNTY_EN": "Ganxian",
        "10PREF_CH": "赣州市",
        "10PREF_EN": "Ganzhou",
        "10PROV_CH": "江西省",
        "10PROV_EN": "Jiangxi",
        "GBCODE": 360721,
        "YZ_LAT": 114.905495,
        "YZ_LONG": 26.129812,
        "_layer_id": "ming_courier_stations",
        "_layer_title": "명대 역참 지점",
        "_source_file": "Ming_Stations_2016.shp",
        "_source_crs": "EPSG:4326"
      }
    },
    {
      "type": "Feature",
      "geometry": {
        "type": "Point",
        "coordinates": [
          114.55017800007417,
          25.48534599996773
        ]
      },
      "properties": {
        "SRC": "MDYZK",
        "STATUS": "Y",
        "YZ_ID": 876,
        "YZ_LABEL": "XIAOXIYI Jiangxi (小溪驿)",
        "YZNM_PY": "XIAOXIYI",
        "YZNM_CH": "小溪驿",
        "YZNM_FT": "小溪驛",
        "CHGIS_ID": "19372",
        "NOTE": null,
        "10CNTY_CH": "大余县",
        "10CNTY_EN": "Dayu",
        "10PREF_CH": "赣州市",
        "10PREF_EN": "Ganzhou",
        "10PROV_CH": "江西省",
        "10PROV_EN": "Jiangxi",
        "GBCODE": 360723,
        "YZ_LAT": 114.550178,
        "YZ_LONG": 25.485346,
        "_layer_id": "ming_courier_stations",
        "_layer_title": "명대 역참 지점",
        "_source_file": "Ming_Stations_2016.shp",
        "_source_crs": "EPSG:4326"
      }
    },
    {
      "type": "Feature",
      "geometry": {
        "type": "Point",
        "coordinates": [
          116.00349200000005,
          28.526974000000056
        ]
      },
      "properties": {
        "SRC": "MDYZK",
        "STATUS": "Y",
        "YZ_ID": 877,
        "YZ_LABEL": "WUYANGYI Jiangxi (武阳驿)",
        "YZNM_PY": "WUYANGYI",
        "YZNM_CH": "武阳驿",
        "YZNM_FT": "武陽驛",
        "CHGIS_ID": "140394",
        "NOTE": null,
        "10CNTY_CH": "南昌县",
        "10CNTY_EN": "Nanchang",
        "10PREF_CH": "南昌市",
        "10PREF_EN": "Nanchang",
        "10PROV_CH": "江西省",
        "10PROV_EN": "Jiangxi",
        "GBCODE": 360121,
        "YZ_LAT": 116.003492,
        "YZ_LONG": 28.526974,
        "_layer_id": "ming_courier_stations",
        "_layer_title": "명대 역참 지점",
        "_source_file": "Ming_Stations_2016.shp",
        "_source_crs": "EPSG:4326"
      }
    },
    {
      "type": "Feature",
      "geometry": {
        "type": "Point",
        "coordinates": [
          116.35134100089624,
          27.98478099945823
        ]
      },
      "properties": {
        "SRC": "MDYZK",
        "STATUS": "N",
        "YZ_ID": 878,
        "YZ_LABEL": "KONGJIADUYI Jiangxi (孔家渡驿)",
        "YZNM_PY": "KONGJIADUYI",
        "YZNM_CH": "孔家渡驿",
        "YZNM_FT": "孔家渡驛",
        "CHGIS_ID": "800",
        "NOTE": null,
        "10CNTY_CH": "临川区",
        "10CNTY_EN": "Linchuan",
        "10PREF_CH": "抚州市",
        "10PREF_EN": "Fuzhou",
        "10PROV_CH": "江西省",
        "10PROV_EN": "Jiangxi",
        "GBCODE": 361002,
        "YZ_LAT": 116.351341,
        "YZ_LONG": 27.984781,
        "_layer_id": "ming_courier_stations",
        "_layer_title": "명대 역참 지점",
        "_source_file": "Ming_Stations_2016.shp",
        "_source_crs": "EPSG:4326"
      }
    },
    {
      "type": "Feature",
      "geometry": {
        "type": "Point",
        "coordinates": [
          116.62744899999998,
          27.55971700000001
        ]
      },
      "properties": {
        "SRC": "MDYZK",
        "STATUS": "Y",
        "YZ_ID": 879,
        "YZ_LABEL": "GANJIANGYI Jiangxi (旰江驿)",
        "YZNM_PY": "GANJIANGYI",
        "YZNM_CH": "旰江驿",
        "YZNM_FT": "旰江驛",
        "CHGIS_ID": "825",
        "NOTE": null,
        "10CNTY_CH": "南城县",
        "10CNTY_EN": "Nancheng",
        "10PREF_CH": "抚州市",
        "10PREF_EN": "Fuzhou",
        "10PROV_CH": "江西省",
        "10PROV_EN": "Jiangxi",
        "GBCODE": 361021,
        "YZ_LAT": 116.627449,
        "YZ_LONG": 27.559717,
        "_layer_id": "ming_courier_stations",
        "_layer_title": "명대 역참 지점",
        "_source_file": "Ming_Stations_2016.shp",
        "_source_crs": "EPSG:4326"
      }
    },
    {
      "type": "Feature",
      "geometry": {
        "type": "Point",
        "coordinates": [
          117.11883900000008,
          27.683653000000056
        ]
      },
      "properties": {
        "SRC": "MDYZK",
        "STATUS": "N",
        "YZ_ID": 880,
        "YZ_LABEL": "SHANGUANYI Fujian (杉关驿)",
        "YZNM_PY": "SHANGUANYI",
        "YZNM_CH": "杉关驿",
        "YZNM_FT": "杉關驛",
        "CHGIS_ID": "137550",
        "NOTE": null,
        "10CNTY_CH": "光泽县",
        "10CNTY_EN": "Guangze",
        "10PREF_CH": "南平市",
        "10PREF_EN": "Nanping",
        "10PROV_CH": "福建省",
        "10PROV_EN": "Fujian",
        "GBCODE": 350723,
        "YZ_LAT": 117.118839,
        "YZ_LONG": 27.683653,
        "_layer_id": "ming_courier_stations",
        "_layer_title": "명대 역참 지점",
        "_source_file": "Ming_Stations_2016.shp",
        "_source_crs": "EPSG:4326"
      }
    },
    {
      "type": "Feature",
      "geometry": {
        "type": "Point",
        "coordinates": [
          117.33325200000003,
          27.539524000000014
        ]
      },
      "properties": {
        "SRC": "MDYZK",
        "STATUS": "Y",
        "YZ_ID": 881,
        "YZ_LABEL": "HANGCHUANYI Fujian (杭川驿)",
        "YZNM_PY": "HANGCHUANYI",
        "YZNM_CH": "杭川驿",
        "YZNM_FT": "杭川驛",
        "CHGIS_ID": "40273",
        "NOTE": null,
        "10CNTY_CH": "光泽县",
        "10CNTY_EN": "Guangze",
        "10PREF_CH": "南平市",
        "10PREF_EN": "Nanping",
        "10PROV_CH": "福建省",
        "10PROV_EN": "Fujian",
        "GBCODE": 350723,
        "YZ_LAT": 117.333252,
        "YZ_LONG": 27.539524,
        "_layer_id": "ming_courier_stations",
        "_layer_title": "명대 역참 지점",
        "_source_file": "Ming_Stations_2016.shp",
        "_source_crs": "EPSG:4326"
      }
    },
    {
      "type": "Feature",
      "geometry": {
        "type": "Point",
        "coordinates": [
          117.48339800000002,
          27.337692000000015
        ]
      },
      "properties": {
        "SRC": "MDYZK",
        "STATUS": "Y",
        "YZ_ID": 882,
        "YZ_LABEL": "QIAOCHUANYI Fujian (樵川驿)",
        "YZNM_PY": "QIAOCHUANYI",
        "YZNM_CH": "樵川驿",
        "YZNM_FT": "樵川驛",
        "CHGIS_ID": "40272",
        "NOTE": null,
        "10CNTY_CH": "邵武市",
        "10CNTY_EN": "Shaowu",
        "10PREF_CH": "南平市",
        "10PREF_EN": "Nanping",
        "10PROV_CH": "福建省",
        "10PROV_EN": "Fujian",
        "GBCODE": 350781,
        "YZ_LAT": 117.483398,
        "YZ_LONG": 27.337692,
        "_layer_id": "ming_courier_stations",
        "_layer_title": "명대 역참 지점",
        "_source_file": "Ming_Stations_2016.shp",
        "_source_crs": "EPSG:4326"
      }
    },
    {
      "type": "Feature",
      "geometry": {
        "type": "Point",
        "coordinates": [
          117.642815,
          27.146669000000013
        ]
      },
      "properties": {
        "SRC": "MDYZK",
        "STATUS": "Y",
        "YZ_ID": 883,
        "YZ_LABEL": "NAKOUYI Fujian (拏口驿)",
        "YZNM_PY": "NAKOUYI",
        "YZNM_CH": "拏口驿",
        "YZNM_FT": "拏口驛",
        "CHGIS_ID": "16063",
        "NOTE": null,
        "10CNTY_CH": "邵武市",
        "10CNTY_EN": "Shaowu",
        "10PREF_CH": "南平市",
        "10PREF_EN": "Nanping",
        "10PROV_CH": "福建省",
        "10PROV_EN": "Fujian",
        "GBCODE": 350781,
        "YZ_LAT": 117.642815,
        "YZ_LONG": 27.146669,
        "_layer_id": "ming_courier_stations",
        "_layer_title": "명대 역참 지점",
        "_source_file": "Ming_Stations_2016.shp",
        "_source_crs": "EPSG:4326"
      }
    },
    {
      "type": "Feature",
      "geometry": {
        "type": "Point",
        "coordinates": [
          117.96530099999998,
          26.637531000000006
        ]
      },
      "properties": {
        "SRC": "MDYZK",
        "STATUS": "N",
        "YZ_ID": 884,
        "YZ_LABEL": "WANGTAIYI Fujian (王台驿)",
        "YZNM_PY": "WANGTAIYI",
        "YZNM_CH": "王台驿",
        "YZNM_FT": "王台驛",
        "CHGIS_ID": "16118",
        "NOTE": null,
        "10CNTY_CH": "延平区",
        "10CNTY_EN": "Yanping",
        "10PREF_CH": "南平市",
        "10PREF_EN": "Nanping",
        "10PROV_CH": "福建省",
        "10PROV_EN": "Fujian",
        "GBCODE": 350702,
        "YZ_LAT": 117.965301,
        "YZ_LONG": 26.637531,
        "_layer_id": "ming_courier_stations",
        "_layer_title": "명대 역참 지점",
        "_source_file": "Ming_Stations_2016.shp",
        "_source_crs": "EPSG:4326"
      }
    },
    {
      "type": "Feature",
      "geometry": {
        "type": "Point",
        "coordinates": [
          117.80600263571137,
          26.796715734537642
        ]
      },
      "properties": {
        "SRC": "MDYZK",
        "STATUS": "Y",
        "YZ_ID": 885,
        "YZ_LABEL": "SHUANGFENGYI Fujian (双峰驿)",
        "YZNM_PY": "SHUANGFENGYI",
        "YZNM_CH": "双峰驿",
        "YZNM_FT": "雙峰驛",
        "CHGIS_ID": "40309",
        "NOTE": null,
        "10CNTY_CH": "顺昌县",
        "10CNTY_EN": "Shunchang",
        "10PREF_CH": "南平市",
        "10PREF_EN": "Nanping",
        "10PROV_CH": "福建省",
        "10PROV_EN": "Fujian",
        "GBCODE": 350721,
        "YZ_LAT": 117.806003,
        "YZ_LONG": 26.796716,
        "_layer_id": "ming_courier_stations",
        "_layer_title": "명대 역참 지점",
        "_source_file": "Ming_Stations_2016.shp",
        "_source_crs": "EPSG:4326"
      }
    },
    {
      "type": "Feature",
      "geometry": {
        "type": "Point",
        "coordinates": [
          117.77143704275363,
          26.932633688803833
        ]
      },
      "properties": {
        "SRC": "MDYZK",
        "STATUS": "Y",
        "YZ_ID": 886,
        "YZ_LABEL": "FUTUNYI Fujian (富屯驿)",
        "YZNM_PY": "FUTUNYI",
        "YZNM_CH": "富屯驿",
        "YZNM_FT": "富屯驛",
        "CHGIS_ID": "16109",
        "NOTE": null,
        "10CNTY_CH": "顺昌县",
        "10CNTY_EN": "Shunchang",
        "10PREF_CH": "南平市",
        "10PREF_EN": "Nanping",
        "10PROV_CH": "福建省",
        "10PROV_EN": "Fujian",
        "GBCODE": 350721,
        "YZ_LAT": 117.771437,
        "YZ_LONG": 26.932634,
        "_layer_id": "ming_courier_stations",
        "_layer_title": "명대 역참 지점",
        "_source_file": "Ming_Stations_2016.shp",
        "_source_crs": "EPSG:4326"
      }
    },
    {
      "type": "Feature",
      "geometry": {
        "type": "Point",
        "coordinates": [
          118.40935400000001,
          26.514273000000006
        ]
      },
      "properties": {
        "SRC": "MDYZK",
        "STATUS": "Y",
        "YZ_ID": 887,
        "YZ_LABEL": "CHAYANGYI Fujian (茶洋驿)",
        "YZNM_PY": "CHAYANGYI",
        "YZNM_CH": "茶洋驿",
        "YZNM_FT": "茶洋驛",
        "CHGIS_ID": "16125",
        "NOTE": null,
        "10CNTY_CH": "延平区",
        "10CNTY_EN": "Yanping",
        "10PREF_CH": "南平市",
        "10PREF_EN": "Nanping",
        "10PROV_CH": "福建省",
        "10PROV_EN": "Fujian",
        "GBCODE": 350702,
        "YZ_LAT": 118.409354,
        "YZ_LONG": 26.514273,
        "_layer_id": "ming_courier_stations",
        "_layer_title": "명대 역참 지점",
        "_source_file": "Ming_Stations_2016.shp",
        "_source_crs": "EPSG:4326"
      }
    },
    {
      "type": "Feature",
      "geometry": {
        "type": "Point",
        "coordinates": [
          118.7612893785389,
          26.359175954609515
        ]
      },
      "properties": {
        "SRC": "MDYZK",
        "STATUS": "Y",
        "YZ_ID": 888,
        "YZ_LABEL": "SHUIKOUYI Fujian (水口驿)",
        "YZNM_PY": "SHUIKOUYI",
        "YZNM_CH": "水口驿",
        "YZNM_FT": "水口驛",
        "CHGIS_ID": "16133",
        "NOTE": null,
        "10CNTY_CH": "古田县",
        "10CNTY_EN": "Gutian",
        "10PREF_CH": "宁德市",
        "10PREF_EN": "Ningde",
        "10PROV_CH": "福建省",
        "10PROV_EN": "Fujian",
        "GBCODE": 350922,
        "YZ_LAT": 118.761289,
        "YZ_LONG": 26.359176,
        "_layer_id": "ming_courier_stations",
        "_layer_title": "명대 역참 지점",
        "_source_file": "Ming_Stations_2016.shp",
        "_source_crs": "EPSG:4326"
      }
    },
    {
      "type": "Feature",
      "geometry": {
        "type": "Point",
        "coordinates": [
          119.335979004575,
          25.87664299366456
        ]
      },
      "properties": {
        "SRC": "MDYZK",
        "STATUS": "Y",
        "YZ_ID": 889,
        "YZ_LABEL": "DATIANYI Fujian (大田驿)",
        "YZNM_PY": "DATIANYI",
        "YZNM_CH": "大田驿",
        "YZNM_FT": "大田驛",
        "CHGIS_ID": "137014",
        "NOTE": null,
        "10CNTY_CH": "闽侯县",
        "10CNTY_EN": "Minhou",
        "10PREF_CH": "福州市",
        "10PREF_EN": "Fuzhou",
        "10PROV_CH": "福建省",
        "10PROV_EN": "Fujian",
        "GBCODE": 350121,
        "YZ_LAT": 119.335979,
        "YZ_LONG": 25.876643,
        "_layer_id": "ming_courier_stations",
        "_layer_title": "명대 역참 지점",
        "_source_file": "Ming_Stations_2016.shp",
        "_source_crs": "EPSG:4326"
      }
    },
    {
      "type": "Feature",
      "geometry": {
        "type": "Point",
        "coordinates": [
          119.38143899999999,
          25.72791700000001
        ]
      },
      "properties": {
        "SRC": "MDYZK",
        "STATUS": "Y",
        "YZ_ID": 890,
        "YZ_LABEL": "FUQINGYI Fujian (福清)",
        "YZNM_PY": "FUQINGYI",
        "YZNM_CH": "福清",
        "YZNM_FT": "福清",
        "CHGIS_ID": "40198",
        "NOTE": null,
        "10CNTY_CH": "福清市",
        "10CNTY_EN": "Fuqing",
        "10PREF_CH": "福州市",
        "10PREF_EN": "Fuzhou",
        "10PROV_CH": "福建省",
        "10PROV_EN": "Fujian",
        "GBCODE": 350181,
        "YZ_LAT": 119.381439,
        "YZ_LONG": 25.727917,
        "_layer_id": "ming_courier_stations",
        "_layer_title": "명대 역참 지점",
        "_source_file": "Ming_Stations_2016.shp",
        "_source_crs": "EPSG:4326"
      }
    },
    {
      "type": "Feature",
      "geometry": {
        "type": "Point",
        "coordinates": [
          119.3099980047225,
          25.70228999387503
        ]
      },
      "properties": {
        "SRC": "MDYZK",
        "STATUS": "Y",
        "YZ_ID": 891,
        "YZ_LABEL": "HONGLUYI Fujian (宏路驿)",
        "YZNM_PY": "HONGLUYI",
        "YZNM_CH": "宏路驿",
        "YZNM_FT": "宏路驛",
        "CHGIS_ID": "16090",
        "NOTE": null,
        "10CNTY_CH": "福清市",
        "10CNTY_EN": "Fuqing",
        "10PREF_CH": "福州市",
        "10PREF_EN": "Fuzhou",
        "10PROV_CH": "福建省",
        "10PROV_EN": "Fujian",
        "GBCODE": 350181,
        "YZ_LAT": 119.309998,
        "YZ_LONG": 25.70229,
        "_layer_id": "ming_courier_stations",
        "_layer_title": "명대 역참 지점",
        "_source_file": "Ming_Stations_2016.shp",
        "_source_crs": "EPSG:4326"
      }
    },
    {
      "type": "Feature",
      "geometry": {
        "type": "Point",
        "coordinates": [
          119.19478600497732,
          25.483251994472113
        ]
      },
      "properties": {
        "SRC": "MDYZK",
        "STATUS": "Y",
        "YZ_ID": 892,
        "YZ_LABEL": "SUANLINGYI Fujian (蒜岭驿)",
        "YZNM_PY": "SUANLINGYI",
        "YZNM_CH": "蒜岭驿",
        "YZNM_FT": "蒜嶺驛",
        "CHGIS_ID": "16210",
        "NOTE": null,
        "10CNTY_CH": "涵江区",
        "10CNTY_EN": "Hanjiang",
        "10PREF_CH": "莆田市",
        "10PREF_EN": "Putian",
        "10PROV_CH": "福建省",
        "10PROV_EN": "Fujian",
        "GBCODE": 350303,
        "YZ_LAT": 119.194786,
        "YZ_LONG": 25.483252,
        "_layer_id": "ming_courier_stations",
        "_layer_title": "명대 역참 지점",
        "_source_file": "Ming_Stations_2016.shp",
        "_source_crs": "EPSG:4326"
      }
    },
    {
      "type": "Feature",
      "geometry": {
        "type": "Point",
        "coordinates": [
          119.01110099999998,
          25.433954000000018
        ]
      },
      "properties": {
        "SRC": "MDYZK",
        "STATUS": "Y",
        "YZ_ID": 893,
        "YZ_LABEL": "PUYANGYI Fujian (莆阳驿)",
        "YZNM_PY": "PUYANGYI",
        "YZNM_CH": "莆阳驿",
        "YZNM_FT": "莆陽驛",
        "CHGIS_ID": "40298",
        "NOTE": null,
        "10CNTY_CH": "城厢区",
        "10CNTY_EN": "Chengxiang",
        "10PREF_CH": "莆田市",
        "10PREF_EN": "Putian",
        "10PROV_CH": "福建省",
        "10PROV_EN": "Fujian",
        "GBCODE": 350302,
        "YZ_LAT": 119.011101,
        "YZ_LONG": 25.433954,
        "_layer_id": "ming_courier_stations",
        "_layer_title": "명대 역참 지점",
        "_source_file": "Ming_Stations_2016.shp",
        "_source_crs": "EPSG:4326"
      }
    },
    {
      "type": "Feature",
      "geometry": {
        "type": "Point",
        "coordinates": [
          118.80281800000003,
          25.02207800000001
        ]
      },
      "properties": {
        "SRC": "MDYZK",
        "STATUS": "Y",
        "YZ_ID": 894,
        "YZ_LABEL": "JINTIANYI Fujian (锦田驿)",
        "YZNM_PY": "JINTIANYI",
        "YZNM_CH": "锦田驿",
        "YZNM_FT": "錦田驛",
        "CHGIS_ID": "40258",
        "NOTE": null,
        "10CNTY_CH": "惠安县",
        "10CNTY_EN": "Huian",
        "10PREF_CH": "泉州市",
        "10PREF_EN": "Quanzhou",
        "10PROV_CH": "福建省",
        "10PROV_EN": "Fujian",
        "GBCODE": 350521,
        "YZ_LAT": 118.802818,
        "YZ_LONG": 25.022078,
        "_layer_id": "ming_courier_stations",
        "_layer_title": "명대 역참 지점",
        "_source_file": "Ming_Stations_2016.shp",
        "_source_crs": "EPSG:4326"
      }
    },
    {
      "type": "Feature",
      "geometry": {
        "type": "Point",
        "coordinates": [
          118.84442099999998,
          25.24142300000001
        ]
      },
      "properties": {
        "SRC": "MDYZK",
        "STATUS": "Y",
        "YZ_ID": 895,
        "YZ_LABEL": "FENGTINGYI Fujian (枫亭驿)",
        "YZNM_PY": "FENGTINGYI",
        "YZNM_CH": "枫亭驿",
        "YZNM_FT": "楓亭驛",
        "CHGIS_ID": "16203",
        "NOTE": null,
        "10CNTY_CH": "仙游县",
        "10CNTY_EN": "Xianyou",
        "10PREF_CH": "莆田市",
        "10PREF_EN": "Putian",
        "10PROV_CH": "福建省",
        "10PROV_EN": "Fujian",
        "GBCODE": 350322,
        "YZ_LAT": 118.844421,
        "YZ_LONG": 25.241423,
        "_layer_id": "ming_courier_stations",
        "_layer_title": "명대 역참 지점",
        "_source_file": "Ming_Stations_2016.shp",
        "_source_crs": "EPSG:4326"
      }
    },
    {
      "type": "Feature",
      "geometry": {
        "type": "Point",
        "coordinates": [
          118.58990500000003,
          24.909641000000015
        ]
      },
      "properties": {
        "SRC": "MDYZK",
        "STATUS": "Y",
        "YZ_ID": 896,
        "YZ_LABEL": "JIN'ANYI Fujian (晋安驿)",
        "YZNM_PY": "JIN'ANYI",
        "YZNM_CH": "晋安驿",
        "YZNM_FT": "晉安驛",
        "CHGIS_ID": "40257",
        "NOTE": null,
        "10CNTY_CH": "丰泽区",
        "10CNTY_EN": "Fengze",
        "10PREF_CH": "泉州市",
        "10PREF_EN": "Quanzhou",
        "10PROV_CH": "福建省",
        "10PROV_EN": "Fujian",
        "GBCODE": 350503,
        "YZ_LAT": 118.589905,
        "YZ_LONG": 24.909641,
        "_layer_id": "ming_courier_stations",
        "_layer_title": "명대 역참 지점",
        "_source_file": "Ming_Stations_2016.shp",
        "_source_crs": "EPSG:4326"
      }
    },
    {
      "type": "Feature",
      "geometry": {
        "type": "Point",
        "coordinates": [
          118.41775000000007,
          24.746709000000077
        ]
      },
      "properties": {
        "SRC": "MDYZK",
        "STATUS": "Y",
        "YZ_ID": 897,
        "YZ_LABEL": "KANGDIANYI Fujian (康店驿)",
        "YZNM_PY": "KANGDIANYI",
        "YZNM_CH": "康店驿",
        "YZNM_FT": "康店驛",
        "CHGIS_ID": "137661",
        "NOTE": null,
        "10CNTY_CH": "南安市",
        "10CNTY_EN": "Nanan",
        "10PREF_CH": "泉州市",
        "10PREF_EN": "Quanzhou",
        "10PROV_CH": "福建省",
        "10PROV_EN": "Fujian",
        "GBCODE": 350583,
        "YZ_LAT": 118.41775,
        "YZ_LONG": 24.746709,
        "_layer_id": "ming_courier_stations",
        "_layer_title": "명대 역참 지점",
        "_source_file": "Ming_Stations_2016.shp",
        "_source_crs": "EPSG:4326"
      }
    },
    {
      "type": "Feature",
      "geometry": {
        "type": "Point",
        "coordinates": [
          118.1445004017453,
          24.736698394419207
        ]
      },
      "properties": {
        "SRC": "MDYZK",
        "STATUS": "Y",
        "YZ_ID": 898,
        "YZ_LABEL": "DALUNYI Fujian (大轮驿)",
        "YZNM_PY": "DALUNYI",
        "YZNM_CH": "大轮驿",
        "YZNM_FT": "大輪驛",
        "CHGIS_ID": "40260",
        "NOTE": null,
        "10CNTY_CH": "同安区",
        "10CNTY_EN": "Tongan",
        "10PREF_CH": "厦门市",
        "10PREF_EN": "Xiamen",
        "10PROV_CH": "福建省",
        "10PROV_EN": "Fujian",
        "GBCODE": 350212,
        "YZ_LAT": 118.1445,
        "YZ_LONG": 24.736698,
        "_layer_id": "ming_courier_stations",
        "_layer_title": "명대 역참 지점",
        "_source_file": "Ming_Stations_2016.shp",
        "_source_crs": "EPSG:4326"
      }
    },
    {
      "type": "Feature",
      "geometry": {
        "type": "Point",
        "coordinates": [
          117.96395500000006,
          24.593819000000067
        ]
      },
      "properties": {
        "SRC": "MDYZK",
        "STATUS": "Y",
        "YZ_ID": 899,
        "YZ_LABEL": "SHENQINGYI Fujian (深青驿)",
        "YZNM_PY": "SHENQINGYI",
        "YZNM_CH": "深青驿",
        "YZNM_FT": "深青驛",
        "CHGIS_ID": "137530",
        "NOTE": null,
        "10CNTY_CH": "集美区",
        "10CNTY_EN": "Jimei",
        "10PREF_CH": "厦门市",
        "10PREF_EN": "Xiamen",
        "10PROV_CH": "福建省",
        "10PROV_EN": "Fujian",
        "GBCODE": 350211,
        "YZ_LAT": 117.963955,
        "YZ_LONG": 24.593819,
        "_layer_id": "ming_courier_stations",
        "_layer_title": "명대 역참 지점",
        "_source_file": "Ming_Stations_2016.shp",
        "_source_crs": "EPSG:4326"
      }
    },
    {
      "type": "Feature",
      "geometry": {
        "type": "Point",
        "coordinates": [
          117.89989181034595,
          24.524450472699144
        ]
      },
      "properties": {
        "SRC": "MDYZK",
        "STATUS": "Y",
        "YZ_ID": 900,
        "YZ_LABEL": "JIANGDONGYI Fujian (江东驿)",
        "YZNM_PY": "JIANGDONGYI",
        "YZNM_CH": "江东驿",
        "YZNM_FT": "江東驛",
        "CHGIS_ID": "137523",
        "NOTE": null,
        "10CNTY_CH": "龙海市",
        "10CNTY_EN": "Longhai",
        "10PREF_CH": "漳州市",
        "10PREF_EN": "Zhangzhou",
        "10PROV_CH": "福建省",
        "10PROV_EN": "Fujian",
        "GBCODE": 350681,
        "YZ_LAT": 117.899892,
        "YZ_LONG": 24.52445,
        "_layer_id": "ming_courier_stations",
        "_layer_title": "명대 역참 지점",
        "_source_file": "Ming_Stations_2016.shp",
        "_source_crs": "EPSG:4326"
      }
    },
    {
      "type": "Feature",
      "geometry": {
        "type": "Point",
        "coordinates": [
          117.65305299999997,
          24.511744000000007
        ]
      },
      "properties": {
        "SRC": "MDYZK",
        "STATUS": "Y",
        "YZ_ID": 901,
        "YZ_LABEL": "DANXIAYI Fujian (丹霞驿)",
        "YZNM_PY": "DANXIAYI",
        "YZNM_CH": "丹霞驿",
        "YZNM_FT": "丹霞驛",
        "CHGIS_ID": "40328",
        "NOTE": null,
        "10CNTY_CH": "芗城区",
        "10CNTY_EN": "Xiangcheng",
        "10PREF_CH": "漳州市",
        "10PREF_EN": "Zhangzhou",
        "10PROV_CH": "福建省",
        "10PROV_EN": "Fujian",
        "GBCODE": 350602,
        "YZ_LAT": 117.653053,
        "YZ_LONG": 24.511744,
        "_layer_id": "ming_courier_stations",
        "_layer_title": "명대 역참 지점",
        "_source_file": "Ming_Stations_2016.shp",
        "_source_crs": "EPSG:4326"
      }
    },
    {
      "type": "Feature",
      "geometry": {
        "type": "Point",
        "coordinates": [
          117.67427400000008,
          24.26870900000006
        ]
      },
      "properties": {
        "SRC": "MDYZK",
        "STATUS": "N",
        "YZ_ID": 902,
        "YZ_LABEL": "GANTANGYI Fujian (甘棠驿)",
        "YZNM_PY": "GANTANGYI",
        "YZNM_CH": "甘棠驿",
        "YZNM_FT": "甘棠驛",
        "CHGIS_ID": "138430",
        "NOTE": null,
        "10CNTY_CH": "漳浦县",
        "10CNTY_EN": "Zhangpu",
        "10PREF_CH": "漳州市",
        "10PREF_EN": "Zhangzhou",
        "10PROV_CH": "福建省",
        "10PROV_EN": "Fujian",
        "GBCODE": 350623,
        "YZ_LAT": 117.674274,
        "YZ_LONG": 24.268709,
        "_layer_id": "ming_courier_stations",
        "_layer_title": "명대 역참 지점",
        "_source_file": "Ming_Stations_2016.shp",
        "_source_crs": "EPSG:4326"
      }
    },
    {
      "type": "Feature",
      "geometry": {
        "type": "Point",
        "coordinates": [
          117.61069741385263,
          24.11707802187139
        ]
      },
      "properties": {
        "SRC": "MDYZK",
        "STATUS": "Y",
        "YZ_ID": 903,
        "YZ_LABEL": "LINZHANGYI Fujian (临漳驿)",
        "YZNM_PY": "LINZHANGYI",
        "YZNM_CH": "临漳驿",
        "YZNM_FT": "臨漳驛",
        "CHGIS_ID": "40331",
        "NOTE": null,
        "10CNTY_CH": "漳浦县",
        "10CNTY_EN": "Zhangpu",
        "10PREF_CH": "漳州市",
        "10PREF_EN": "Zhangzhou",
        "10PROV_CH": "福建省",
        "10PROV_EN": "Fujian",
        "GBCODE": 350623,
        "YZ_LAT": 117.610697,
        "YZ_LONG": 24.117078,
        "_layer_id": "ming_courier_stations",
        "_layer_title": "명대 역참 지점",
        "_source_file": "Ming_Stations_2016.shp",
        "_source_crs": "EPSG:4326"
      }
    },
    {
      "type": "Feature",
      "geometry": {
        "type": "Point",
        "coordinates": [
          117.32830799999998,
          23.95955100000001
        ]
      },
      "properties": {
        "SRC": "MDYZK",
        "STATUS": "Y",
        "YZ_ID": 904,
        "YZ_LABEL": "YUNXIAOYI Fujian (云霄驿)",
        "YZNM_PY": "YUNXIAOYI",
        "YZNM_CH": "云霄驿",
        "YZNM_FT": "雲霄驛",
        "CHGIS_ID": "40343",
        "NOTE": null,
        "10CNTY_CH": "云霄县",
        "10CNTY_EN": "Yunxiao",
        "10PREF_CH": "漳州市",
        "10PREF_EN": "Zhangzhou",
        "10PROV_CH": "福建省",
        "10PROV_EN": "Fujian",
        "GBCODE": 350622,
        "YZ_LAT": 117.328308,
        "YZ_LONG": 23.959551,
        "_layer_id": "ming_courier_stations",
        "_layer_title": "명대 역참 지점",
        "_source_file": "Ming_Stations_2016.shp",
        "_source_crs": "EPSG:4326"
      }
    },
    {
      "type": "Feature",
      "geometry": {
        "type": "Point",
        "coordinates": [
          117.17467282004039,
          23.704756408506572
        ]
      },
      "properties": {
        "SRC": "MDYZK",
        "STATUS": "Y",
        "YZ_ID": 905,
        "YZ_LABEL": "NANZHAOYI Fujian (南诏驿)",
        "YZNM_PY": "NANZHAOYI",
        "YZNM_CH": "南诏驿",
        "YZNM_FT": "南詔驛",
        "CHGIS_ID": "40342",
        "NOTE": null,
        "10CNTY_CH": "诏安县",
        "10CNTY_EN": "Zhaoan",
        "10PREF_CH": "漳州市",
        "10PREF_EN": "Zhangzhou",
        "10PROV_CH": "福建省",
        "10PROV_EN": "Fujian",
        "GBCODE": 350624,
        "YZ_LAT": 117.174673,
        "YZ_LONG": 23.704756,
        "_layer_id": "ming_courier_stations",
        "_layer_title": "명대 역참 지점",
        "_source_file": "Ming_Stations_2016.shp",
        "_source_crs": "EPSG:4326"
      }
    },
    {
      "type": "Feature",
      "geometry": {
        "type": "Point",
        "coordinates": [
          117.50569199999998,
          24.57299400000002
        ]
      },
      "properties": {
        "SRC": "MDYZK",
        "STATUS": "Y",
        "YZ_ID": 906,
        "YZ_LABEL": "NANJINGYI Fujian (南靖)",
        "YZNM_PY": "NANJINGYI",
        "YZNM_CH": "南靖",
        "YZNM_FT": "南靖",
        "CHGIS_ID": "40338",
        "NOTE": null,
        "10CNTY_CH": "南靖县",
        "10CNTY_EN": "Nanjing",
        "10PREF_CH": "漳州市",
        "10PREF_EN": "Zhangzhou",
        "10PROV_CH": "福建省",
        "10PROV_EN": "Fujian",
        "GBCODE": 350627,
        "YZ_LAT": 117.505692,
        "YZ_LONG": 24.572994,
        "_layer_id": "ming_courier_stations",
        "_layer_title": "명대 역참 지점",
        "_source_file": "Ming_Stations_2016.shp",
        "_source_crs": "EPSG:4326"
      }
    },
    {
      "type": "Feature",
      "geometry": {
        "type": "Point",
        "coordinates": [
          117.29586000000008,
          24.778765000000085
        ]
      },
      "properties": {
        "SRC": "MDYZK",
        "STATUS": "Y",
        "YZ_ID": 907,
        "YZ_LABEL": "PINGNANYI Fujian (平南驿)",
        "YZNM_PY": "PINGNANYI",
        "YZNM_CH": "平南驿",
        "YZNM_FT": "平南驛",
        "CHGIS_ID": "138395",
        "NOTE": null,
        "10CNTY_CH": "南靖县",
        "10CNTY_EN": "Nanjing",
        "10PREF_CH": "漳州市",
        "10PREF_EN": "Zhangzhou",
        "10PROV_CH": "福建省",
        "10PROV_EN": "Fujian",
        "GBCODE": 350627,
        "YZ_LAT": 117.29586,
        "YZ_LONG": 24.778765,
        "_layer_id": "ming_courier_stations",
        "_layer_title": "명대 역참 지점",
        "_source_file": "Ming_Stations_2016.shp",
        "_source_crs": "EPSG:4326"
      }
    },
    {
      "type": "Feature",
      "geometry": {
        "type": "Point",
        "coordinates": [
          117.11512907098091,
          24.881440699286163
        ]
      },
      "properties": {
        "SRC": "MDYZK",
        "STATUS": "Y",
        "YZ_ID": 908,
        "YZ_LABEL": "SHIZHONGYI Fujian (适中驿)",
        "YZNM_PY": "SHIZHONGYI",
        "YZNM_CH": "适中驿",
        "YZNM_FT": "適中驛",
        "CHGIS_ID": "137398",
        "NOTE": null,
        "10CNTY_CH": "新罗区",
        "10CNTY_EN": "Xinluo",
        "10PREF_CH": "龙岩市",
        "10PREF_EN": "Longyan",
        "10PROV_CH": "福建省",
        "10PROV_EN": "Fujian",
        "GBCODE": 350802,
        "YZ_LAT": 117.115129,
        "YZ_LONG": 24.881441,
        "_layer_id": "ming_courier_stations",
        "_layer_title": "명대 역참 지점",
        "_source_file": "Ming_Stations_2016.shp",
        "_source_crs": "EPSG:4326"
      }
    },
    {
      "type": "Feature",
      "geometry": {
        "type": "Point",
        "coordinates": [
          118.25579100000004,
          26.768646000000057
        ]
      },
      "properties": {
        "SRC": "MDYZK",
        "STATUS": "Y",
        "YZ_ID": 909,
        "YZ_LABEL": "DAHENGYI Fujian (大横驿)",
        "YZNM_PY": "DAHENGYI",
        "YZNM_CH": "大横驿",
        "YZNM_FT": "大橫驛",
        "CHGIS_ID": "16127",
        "NOTE": null,
        "10CNTY_CH": "延平区",
        "10CNTY_EN": "Yanping",
        "10PREF_CH": "南平市",
        "10PREF_EN": "Nanping",
        "10PROV_CH": "福建省",
        "10PROV_EN": "Fujian",
        "GBCODE": 350702,
        "YZ_LAT": 118.255791,
        "YZ_LONG": 26.768646,
        "_layer_id": "ming_courier_stations",
        "_layer_title": "명대 역참 지점",
        "_source_file": "Ming_Stations_2016.shp",
        "_source_crs": "EPSG:4326"
      }
    },
    {
      "type": "Feature",
      "geometry": {
        "type": "Point",
        "coordinates": [
          118.29058300000005,
          26.91059300000007
        ]
      },
      "properties": {
        "SRC": "MDYZK",
        "STATUS": "Y",
        "YZ_ID": 910,
        "YZ_LABEL": "TAIPINGYI Fujian (太平驿)",
        "YZNM_PY": "TAIPINGYI",
        "YZNM_CH": "太平驿",
        "YZNM_FT": "太平驛",
        "CHGIS_ID": "16078",
        "NOTE": null,
        "10CNTY_CH": "建瓯市",
        "10CNTY_EN": "Jianou",
        "10PREF_CH": "南平市",
        "10PREF_EN": "Nanping",
        "10PROV_CH": "福建省",
        "10PROV_EN": "Fujian",
        "GBCODE": 350783,
        "YZ_LAT": 118.290583,
        "YZ_LONG": 26.910593,
        "_layer_id": "ming_courier_stations",
        "_layer_title": "명대 역참 지점",
        "_source_file": "Ming_Stations_2016.shp",
        "_source_crs": "EPSG:4326"
      }
    },
    {
      "type": "Feature",
      "geometry": {
        "type": "Point",
        "coordinates": [
          118.2216290038127,
          27.167745996958136
        ]
      },
      "properties": {
        "SRC": "MDYZK",
        "STATUS": "Y",
        "YZ_ID": 911,
        "YZ_LABEL": "YEFANGYI Fujian (叶坊驿)",
        "YZNM_PY": "YEFANGYI",
        "YZNM_CH": "叶坊驿",
        "YZNM_FT": "葉坊驛",
        "CHGIS_ID": "16076",
        "NOTE": null,
        "10CNTY_CH": "建瓯市",
        "10CNTY_EN": "Jianou",
        "10PREF_CH": "南平市",
        "10PREF_EN": "Nanping",
        "10PROV_CH": "福建省",
        "10PROV_EN": "Fujian",
        "GBCODE": 350783,
        "YZ_LAT": 118.221629,
        "YZ_LONG": 27.167746,
        "_layer_id": "ming_courier_stations",
        "_layer_title": "명대 역참 지점",
        "_source_file": "Ming_Stations_2016.shp",
        "_source_crs": "EPSG:4326"
      }
    },
    {
      "type": "Feature",
      "geometry": {
        "type": "Point",
        "coordinates": [
          118.06626900000003,
          27.503511000000067
        ]
      },
      "properties": {
        "SRC": "MDYZK",
        "STATUS": "Y",
        "YZ_ID": 912,
        "YZ_LABEL": "XINGTIANYI Fujian (兴田驿)",
        "YZNM_PY": "XINGTIANYI",
        "YZNM_CH": "兴田驿",
        "YZNM_FT": "興田驛",
        "CHGIS_ID": "137210",
        "NOTE": null,
        "10CNTY_CH": "武夷山市",
        "10CNTY_EN": "Wuyishan",
        "10PREF_CH": "南平市",
        "10PREF_EN": "Nanping",
        "10PROV_CH": "福建省",
        "10PROV_EN": "Fujian",
        "GBCODE": 350782,
        "YZ_LAT": 118.066269,
        "YZ_LONG": 27.503511,
        "_layer_id": "ming_courier_stations",
        "_layer_title": "명대 역참 지점",
        "_source_file": "Ming_Stations_2016.shp",
        "_source_crs": "EPSG:4326"
      }
    },
    {
      "type": "Feature",
      "geometry": {
        "type": "Point",
        "coordinates": [
          118.02677900000002,
          27.756025000000015
        ]
      },
      "properties": {
        "SRC": "MDYZK",
        "STATUS": "Y",
        "YZ_ID": 913,
        "YZ_LABEL": "CHANGPINGYI Fujian (长平驿)",
        "YZNM_PY": "CHANGPINGYI",
        "YZNM_CH": "长平驿",
        "YZNM_FT": "長平驛",
        "CHGIS_ID": "40235",
        "NOTE": null,
        "10CNTY_CH": "武夷山市",
        "10CNTY_EN": "Wuyishan",
        "10PREF_CH": "南平市",
        "10PREF_EN": "Nanping",
        "10PROV_CH": "福建省",
        "10PROV_EN": "Fujian",
        "GBCODE": 350782,
        "YZ_LAT": 118.026779,
        "YZ_LONG": 27.756025,
        "_layer_id": "ming_courier_stations",
        "_layer_title": "명대 역참 지점",
        "_source_file": "Ming_Stations_2016.shp",
        "_source_crs": "EPSG:4326"
      }
    },
    {
      "type": "Feature",
      "geometry": {
        "type": "Point",
        "coordinates": [
          117.8938290000001,
          27.870272000000064
        ]
      },
      "properties": {
        "SRC": "MDYZK",
        "STATUS": "Y",
        "YZ_ID": 914,
        "YZ_LABEL": "DA'ANYI Fujian (大安驿)",
        "YZNM_PY": "DA'ANYI",
        "YZNM_CH": "大安驿",
        "YZNM_FT": "大安驛",
        "CHGIS_ID": "16059",
        "NOTE": null,
        "10CNTY_CH": "武夷山市",
        "10CNTY_EN": "Wuyishan",
        "10PREF_CH": "南平市",
        "10PREF_EN": "Nanping",
        "10PROV_CH": "福建省",
        "10PROV_EN": "Fujian",
        "GBCODE": 350782,
        "YZ_LAT": 117.893829,
        "YZ_LONG": 27.870272,
        "_layer_id": "ming_courier_stations",
        "_layer_title": "명대 역참 지점",
        "_source_file": "Ming_Stations_2016.shp",
        "_source_crs": "EPSG:4326"
      }
    },
    {
      "type": "Feature",
      "geometry": {
        "type": "Point",
        "coordinates": [
          117.800003051758,
          28.000000000000018
        ]
      },
      "properties": {
        "SRC": "MDYZK",
        "STATUS": "Y",
        "YZ_ID": 915,
        "YZ_LABEL": "CHEPANYI Jiangxi (车盘驿)",
        "YZNM_PY": "CHEPANYI",
        "YZNM_CH": "车盘驿",
        "YZNM_FT": "車盤驛",
        "CHGIS_ID": null,
        "NOTE": null,
        "10CNTY_CH": "铅山县",
        "10CNTY_EN": "Qianshan",
        "10PREF_CH": "上饶市",
        "10PREF_EN": "Shangrao",
        "10PROV_CH": "江西省",
        "10PROV_EN": "Jiangxi",
        "GBCODE": 361124,
        "YZ_LAT": 117.800003,
        "YZ_LONG": 28.0,
        "_layer_id": "ming_courier_stations",
        "_layer_title": "명대 역참 지점",
        "_source_file": "Ming_Stations_2016.shp",
        "_source_crs": "EPSG:4326"
      }
    },
    {
      "type": "Feature",
      "geometry": {
        "type": "Point",
        "coordinates": [
          117.77659,
          28.20845000000001
        ]
      },
      "properties": {
        "SRC": "MDYZK",
        "STATUS": "Y",
        "YZ_ID": 916,
        "YZ_LABEL": "EHUYI Jiangxi (鹅湖驿)",
        "YZNM_PY": "EHUYI",
        "YZNM_CH": "鹅湖驿",
        "YZNM_FT": "鵝湖驛",
        "CHGIS_ID": "810",
        "NOTE": null,
        "10CNTY_CH": "铅山县",
        "10CNTY_EN": "Qianshan",
        "10PREF_CH": "上饶市",
        "10PREF_EN": "Shangrao",
        "10PROV_CH": "江西省",
        "10PROV_EN": "Jiangxi",
        "GBCODE": 361124,
        "YZ_LAT": 117.77659,
        "YZ_LONG": 28.20845,
        "_layer_id": "ming_courier_stations",
        "_layer_title": "명대 역참 지점",
        "_source_file": "Ming_Stations_2016.shp",
        "_source_crs": "EPSG:4326"
      }
    },
    {
      "type": "Feature",
      "geometry": {
        "type": "Point",
        "coordinates": [
          117.96505278479113,
          28.44791727320824
        ]
      },
      "properties": {
        "SRC": "MDYZK",
        "STATUS": "Y",
        "YZ_ID": 917,
        "YZ_LABEL": "GEYANGYI Jiangxi (葛阳驿)",
        "YZNM_PY": "GEYANGYI",
        "YZNM_CH": "葛阳驿",
        "YZNM_FT": "葛陽驛",
        "CHGIS_ID": "805",
        "NOTE": null,
        "10CNTY_CH": "信州区",
        "10CNTY_EN": "Xinzhou",
        "10PREF_CH": "上饶市",
        "10PREF_EN": "Shangrao",
        "10PROV_CH": "江西省",
        "10PROV_EN": "Jiangxi",
        "GBCODE": 361102,
        "YZ_LAT": 117.965053,
        "YZ_LONG": 28.447917,
        "_layer_id": "ming_courier_stations",
        "_layer_title": "명대 역참 지점",
        "_source_file": "Ming_Stations_2016.shp",
        "_source_crs": "EPSG:4326"
      }
    },
    {
      "type": "Feature",
      "geometry": {
        "type": "Point",
        "coordinates": [
          118.24018099999998,
          28.67960200000002
        ]
      },
      "properties": {
        "SRC": "MDYZK",
        "STATUS": "Y",
        "YZ_ID": 918,
        "YZ_LABEL": "HUAIYUYI Jiangxi (怀玉驿)",
        "YZNM_PY": "HUAIYUYI",
        "YZNM_CH": "怀玉驿",
        "YZNM_FT": "懷玉驛",
        "CHGIS_ID": "812",
        "NOTE": null,
        "10CNTY_CH": "玉山县",
        "10CNTY_EN": "Yushan",
        "10PREF_CH": "上饶市",
        "10PREF_EN": "Shangrao",
        "10PROV_CH": "江西省",
        "10PROV_EN": "Jiangxi",
        "GBCODE": 361123,
        "YZ_LAT": 118.240181,
        "YZ_LONG": 28.679602,
        "_layer_id": "ming_courier_stations",
        "_layer_title": "명대 역참 지점",
        "_source_file": "Ming_Stations_2016.shp",
        "_source_crs": "EPSG:4326"
      }
    },
    {
      "type": "Feature",
      "geometry": {
        "type": "Point",
        "coordinates": [
          118.50266300000003,
          28.903732000000012
        ]
      },
      "properties": {
        "SRC": "MDYZK",
        "STATUS": "Y",
        "YZ_ID": 919,
        "YZ_LABEL": "CHANGSHANYI Zhejiang (常山驿)",
        "YZNM_PY": "CHANGSHANYI",
        "YZNM_CH": "常山驿",
        "YZNM_FT": "常山驛",
        "CHGIS_ID": "40629",
        "NOTE": null,
        "10CNTY_CH": "常山县",
        "10CNTY_EN": "Changshan",
        "10PREF_CH": "衢州市",
        "10PREF_EN": "Quzhou",
        "10PROV_CH": "浙江省",
        "10PROV_EN": "Zhejiang",
        "GBCODE": 330822,
        "YZ_LAT": 118.502663,
        "YZ_LONG": 28.903732,
        "_layer_id": "ming_courier_stations",
        "_layer_title": "명대 역참 지점",
        "_source_file": "Ming_Stations_2016.shp",
        "_source_crs": "EPSG:4326"
      }
    },
    {
      "type": "Feature",
      "geometry": {
        "type": "Point",
        "coordinates": [
          118.34401500000001,
          28.81247700000006
        ]
      },
      "properties": {
        "SRC": "MDYZK",
        "STATUS": "Y",
        "YZ_ID": 920,
        "YZ_LABEL": "CAOPINGYI Jiangxi (草平驿)",
        "YZNM_PY": "CAOPINGYI",
        "YZNM_CH": "草平驿",
        "YZNM_FT": "草平驛",
        "CHGIS_ID": "141710",
        "NOTE": null,
        "10CNTY_CH": "玉山县",
        "10CNTY_EN": "Yushan",
        "10PREF_CH": "上饶市",
        "10PREF_EN": "Shangrao",
        "10PROV_CH": "江西省",
        "10PROV_EN": "Jiangxi",
        "GBCODE": 361123,
        "YZ_LAT": 118.344015,
        "YZ_LONG": 28.812477,
        "_layer_id": "ming_courier_stations",
        "_layer_title": "명대 역참 지점",
        "_source_file": "Ming_Stations_2016.shp",
        "_source_crs": "EPSG:4326"
      }
    },
    {
      "type": "Feature",
      "geometry": {
        "type": "Point",
        "coordinates": [
          119.64991799999999,
          29.104712000000013
        ]
      },
      "properties": {
        "SRC": "MDYZK",
        "STATUS": "Y",
        "YZ_ID": 921,
        "YZ_LABEL": "SHUANGXIYI Zhejiang (双溪驿)",
        "YZNM_PY": "SHUANGXIYI",
        "YZNM_CH": "双溪驿",
        "YZNM_FT": "雙溪驛",
        "CHGIS_ID": "40708",
        "NOTE": null,
        "10CNTY_CH": "婺城区",
        "10CNTY_EN": "Wucheng",
        "10PREF_CH": "金华市",
        "10PREF_EN": "Jinhua",
        "10PROV_CH": "浙江省",
        "10PROV_EN": "Zhejiang",
        "GBCODE": 330702,
        "YZ_LAT": 119.649918,
        "YZ_LONG": 29.104712,
        "_layer_id": "ming_courier_stations",
        "_layer_title": "명대 역참 지점",
        "_source_file": "Ming_Stations_2016.shp",
        "_source_crs": "EPSG:4326"
      }
    },
    {
      "type": "Feature",
      "geometry": {
        "type": "Point",
        "coordinates": [
          120.058441,
          28.64839200000002
        ]
      },
      "properties": {
        "SRC": "MDYZK",
        "STATUS": "Y",
        "YZ_ID": 922,
        "YZ_LABEL": "DANFENGYI Zhejiang (丹峰驿)",
        "YZNM_PY": "DANFENGYI",
        "YZNM_CH": "丹峰驿",
        "YZNM_FT": "丹峰驛",
        "CHGIS_ID": "40597",
        "NOTE": null,
        "10CNTY_CH": "缙云县",
        "10CNTY_EN": "Jinyun",
        "10PREF_CH": "丽水市",
        "10PREF_EN": "Lishui",
        "10PROV_CH": "浙江省",
        "10PROV_EN": "Zhejiang",
        "GBCODE": 331122,
        "YZ_LAT": 120.058441,
        "YZ_LONG": 28.648392,
        "_layer_id": "ming_courier_stations",
        "_layer_title": "명대 역참 지점",
        "_source_file": "Ming_Stations_2016.shp",
        "_source_crs": "EPSG:4326"
      }
    },
    {
      "type": "Feature",
      "geometry": {
        "type": "Point",
        "coordinates": [
          120.02525299999999,
          28.897268000000015
        ]
      },
      "properties": {
        "SRC": "MDYZK",
        "STATUS": "Y",
        "YZ_ID": 923,
        "YZ_LABEL": "HUAXIYI Zhejiang (华溪驿)",
        "YZNM_PY": "HUAXIYI",
        "YZNM_CH": "华溪驿",
        "YZNM_FT": "華溪驛",
        "CHGIS_ID": "40727",
        "NOTE": null,
        "10CNTY_CH": "永康市",
        "10CNTY_EN": "Yongkang",
        "10PREF_CH": "金华市",
        "10PREF_EN": "Jinhua",
        "10PROV_CH": "浙江省",
        "10PROV_EN": "Zhejiang",
        "GBCODE": 330784,
        "YZ_LAT": 120.025253,
        "YZ_LONG": 28.897268,
        "_layer_id": "ming_courier_stations",
        "_layer_title": "명대 역참 지점",
        "_source_file": "Ming_Stations_2016.shp",
        "_source_crs": "EPSG:4326"
      }
    },
    {
      "type": "Feature",
      "geometry": {
        "type": "Point",
        "coordinates": [
          119.91300900000002,
          28.44873200000001
        ]
      },
      "properties": {
        "SRC": "MDYZK",
        "STATUS": "N",
        "YZ_ID": 924,
        "YZ_LABEL": "KUOCANGYI Zhejiang (括苍驿)",
        "YZNM_PY": "KUOCANGYI",
        "YZNM_CH": "括苍驿",
        "YZNM_FT": "括蒼驛",
        "CHGIS_ID": "40602",
        "NOTE": null,
        "10CNTY_CH": "莲都区",
        "10CNTY_EN": "Liandu",
        "10PREF_CH": "丽水市",
        "10PREF_EN": "Lishui",
        "10PROV_CH": "浙江省",
        "10PROV_EN": "Zhejiang",
        "GBCODE": 331102,
        "YZ_LAT": 119.913009,
        "YZ_LONG": 28.448732,
        "_layer_id": "ming_courier_stations",
        "_layer_title": "명대 역참 지점",
        "_source_file": "Ming_Stations_2016.shp",
        "_source_crs": "EPSG:4326"
      }
    },
    {
      "type": "Feature",
      "geometry": {
        "type": "Point",
        "coordinates": [
          120.288155,
          28.143875000000016
        ]
      },
      "properties": {
        "SRC": "MDYZK",
        "STATUS": "Y",
        "YZ_ID": 925,
        "YZ_LABEL": "ZHITIANYI Zhejiang (芝田驿)",
        "YZNM_PY": "ZHITIANYI",
        "YZNM_CH": "芝田驿",
        "YZNM_FT": "芝田驛",
        "CHGIS_ID": "40607",
        "NOTE": null,
        "10CNTY_CH": "青田县",
        "10CNTY_EN": "Qingtian",
        "10PREF_CH": "丽水市",
        "10PREF_EN": "Lishui",
        "10PROV_CH": "浙江省",
        "10PROV_EN": "Zhejiang",
        "GBCODE": 331121,
        "YZ_LAT": 120.288155,
        "YZ_LONG": 28.143875,
        "_layer_id": "ming_courier_stations",
        "_layer_title": "명대 역참 지점",
        "_source_file": "Ming_Stations_2016.shp",
        "_source_crs": "EPSG:4326"
      }
    },
    {
      "type": "Feature",
      "geometry": {
        "type": "Point",
        "coordinates": [
          120.65322099999999,
          28.018291000000016
        ]
      },
      "properties": {
        "SRC": "MDYZK",
        "STATUS": "Y",
        "YZ_ID": 926,
        "YZ_LABEL": "XIANGPUYI Zhejiang (象浦驿)",
        "YZNM_PY": "XIANGPUYI",
        "YZNM_CH": "象浦驿",
        "YZNM_FT": "象浦驛",
        "CHGIS_ID": "40701",
        "NOTE": null,
        "10CNTY_CH": "鹿城区",
        "10CNTY_EN": "Lucheng",
        "10PREF_CH": "温州市",
        "10PREF_EN": "Wenzhou",
        "10PROV_CH": "浙江省",
        "10PROV_EN": "Zhejiang",
        "GBCODE": 330302,
        "YZ_LAT": 120.653221,
        "YZ_LONG": 28.018291,
        "_layer_id": "ming_courier_stations",
        "_layer_title": "명대 역참 지점",
        "_source_file": "Ming_Stations_2016.shp",
        "_source_crs": "EPSG:4326"
      }
    },
    {
      "type": "Feature",
      "geometry": {
        "type": "Point",
        "coordinates": [
          120.95768699999999,
          28.130676000000012
        ]
      },
      "properties": {
        "SRC": "MDYZK",
        "STATUS": "Y",
        "YZ_ID": 927,
        "YZ_LABEL": "YAO'AOLINGYI Zhejiang (窑奥岭驿)",
        "YZNM_PY": "YAO'AOLINGYI",
        "YZNM_CH": "窑奥岭驿",
        "YZNM_FT": "窯奧嶺驛",
        "CHGIS_ID": "40680",
        "NOTE": null,
        "10CNTY_CH": "乐清市",
        "10CNTY_EN": "Leqing",
        "10PREF_CH": "温州市",
        "10PREF_EN": "Wenzhou",
        "10PROV_CH": "浙江省",
        "10PROV_EN": "Zhejiang",
        "GBCODE": 330382,
        "YZ_LAT": 120.957687,
        "YZ_LONG": 28.130676,
        "_layer_id": "ming_courier_stations",
        "_layer_title": "명대 역참 지점",
        "_source_file": "Ming_Stations_2016.shp",
        "_source_crs": "EPSG:4326"
      }
    },
    {
      "type": "Feature",
      "geometry": {
        "type": "Point",
        "coordinates": [
          121.10144800000012,
          28.268312000000044
        ]
      },
      "properties": {
        "SRC": "MDYZK",
        "STATUS": "Y",
        "YZ_ID": 928,
        "YZ_LABEL": "XIGAOYI Zhejiang (西皋驿)",
        "YZNM_PY": "XIGAOYI",
        "YZNM_CH": "西皋驿",
        "YZNM_FT": "西皋驛",
        "CHGIS_ID": "125562",
        "NOTE": null,
        "10CNTY_CH": "乐清市",
        "10CNTY_EN": "Leqing",
        "10PREF_CH": "温州市",
        "10PREF_EN": "Wenzhou",
        "10PROV_CH": "浙江省",
        "10PROV_EN": "Zhejiang",
        "GBCODE": 330382,
        "YZ_LAT": 121.101448,
        "YZ_LONG": 28.268312,
        "_layer_id": "ming_courier_stations",
        "_layer_title": "명대 역참 지점",
        "_source_file": "Ming_Stations_2016.shp",
        "_source_crs": "EPSG:4326"
      }
    },
    {
      "type": "Feature",
      "geometry": {
        "type": "Point",
        "coordinates": [
          121.14601100000002,
          28.412464000000064
        ]
      },
      "properties": {
        "SRC": "MDYZK",
        "STATUS": "Y",
        "YZ_ID": 929,
        "YZ_LABEL": "GUANTOUYI Zhejiang (馆头驿)",
        "YZNM_PY": "GUANTOUYI",
        "YZNM_CH": "馆头驿",
        "YZNM_FT": "館頭驛",
        "CHGIS_ID": "22765",
        "NOTE": null,
        "10CNTY_CH": "乐清市",
        "10CNTY_EN": "Leqing",
        "10PREF_CH": "温州市",
        "10PREF_EN": "Wenzhou",
        "10PROV_CH": "浙江省",
        "10PROV_EN": "Zhejiang",
        "GBCODE": 330382,
        "YZ_LAT": 121.146011,
        "YZ_LONG": 28.412464,
        "_layer_id": "ming_courier_stations",
        "_layer_title": "명대 역참 지점",
        "_source_file": "Ming_Stations_2016.shp",
        "_source_crs": "EPSG:4326"
      }
    },
    {
      "type": "Feature",
      "geometry": {
        "type": "Point",
        "coordinates": [
          121.2508619407672,
          28.54427497549101
        ]
      },
      "properties": {
        "SRC": "MDYZK",
        "STATUS": "Y",
        "YZ_ID": 930,
        "YZ_LABEL": "LINGDIANYI Zhejiang (岭店驿)",
        "YZNM_PY": "LINGDIANYI",
        "YZNM_CH": "岭店驿",
        "YZNM_FT": "嶺店驛",
        "CHGIS_ID": "139992",
        "NOTE": null,
        "10CNTY_CH": "黄岩区",
        "10CNTY_EN": "Huangyan",
        "10PREF_CH": "台州市",
        "10PREF_EN": "Taizhou",
        "10PROV_CH": "浙江省",
        "10PROV_EN": "Zhejiang",
        "GBCODE": 331003,
        "YZ_LAT": 121.250862,
        "YZ_LONG": 28.544275,
        "_layer_id": "ming_courier_stations",
        "_layer_title": "명대 역참 지점",
        "_source_file": "Ming_Stations_2016.shp",
        "_source_crs": "EPSG:4326"
      }
    },
    {
      "type": "Feature",
      "geometry": {
        "type": "Point",
        "coordinates": [
          121.258354,
          28.642613000000015
        ]
      },
      "properties": {
        "SRC": "MDYZK",
        "STATUS": "Y",
        "YZ_ID": 931,
        "YZ_LABEL": "HUANGYANYI Zhejiang (黄岩)",
        "YZNM_PY": "HUANGYANYI",
        "YZNM_CH": "黄岩",
        "YZNM_FT": "黃岩",
        "CHGIS_ID": "40653",
        "NOTE": null,
        "10CNTY_CH": "黄岩区",
        "10CNTY_EN": "Huangyan",
        "10PREF_CH": "台州市",
        "10PREF_EN": "Taizhou",
        "10PROV_CH": "浙江省",
        "10PROV_EN": "Zhejiang",
        "GBCODE": 331003,
        "YZ_LAT": 121.258354,
        "YZ_LONG": 28.642613,
        "_layer_id": "ming_courier_stations",
        "_layer_title": "명대 역참 지점",
        "_source_file": "Ming_Stations_2016.shp",
        "_source_crs": "EPSG:4326"
      }
    },
    {
      "type": "Feature",
      "geometry": {
        "type": "Point",
        "coordinates": [
          121.12059799999999,
          28.84313200000001
        ]
      },
      "properties": {
        "SRC": "MDYZK",
        "STATUS": "Y",
        "YZ_ID": 932,
        "YZ_LABEL": "CHICHENGYI Zhejiang (赤城驿)",
        "YZNM_PY": "CHICHENGYI",
        "YZNM_CH": "赤城驿",
        "YZNM_FT": "赤城驛",
        "CHGIS_ID": "40657",
        "NOTE": null,
        "10CNTY_CH": "临海市",
        "10CNTY_EN": "Linhai",
        "10PREF_CH": "台州市",
        "10PREF_EN": "Taizhou",
        "10PROV_CH": "浙江省",
        "10PROV_EN": "Zhejiang",
        "GBCODE": 331082,
        "YZ_LAT": 121.120598,
        "YZ_LONG": 28.843132,
        "_layer_id": "ming_courier_stations",
        "_layer_title": "명대 역참 지점",
        "_source_file": "Ming_Stations_2016.shp",
        "_source_crs": "EPSG:4326"
      }
    },
    {
      "type": "Feature",
      "geometry": {
        "type": "Point",
        "coordinates": [
          121.27705400000002,
          29.06490300000008
        ]
      },
      "properties": {
        "SRC": "MDYZK",
        "STATUS": "Y",
        "YZ_ID": 933,
        "YZ_LABEL": "ZHUJIA'AOYI Zhejiang (朱家奥驿)",
        "YZNM_PY": "ZHUJIA'AOYI",
        "YZNM_CH": "朱家奥驿",
        "YZNM_FT": "朱家奧驛",
        "CHGIS_ID": "140078",
        "NOTE": null,
        "10CNTY_CH": "三门县",
        "10CNTY_EN": "Sanmen",
        "10PREF_CH": "台州市",
        "10PREF_EN": "Taizhou",
        "10PROV_CH": "浙江省",
        "10PROV_EN": "Zhejiang",
        "GBCODE": 331022,
        "YZ_LAT": 121.277054,
        "YZ_LONG": 29.064903,
        "_layer_id": "ming_courier_stations",
        "_layer_title": "명대 역참 지점",
        "_source_file": "Ming_Stations_2016.shp",
        "_source_crs": "EPSG:4326"
      }
    },
    {
      "type": "Feature",
      "geometry": {
        "type": "Point",
        "coordinates": [
          121.31554400000005,
          29.160954000000075
        ]
      },
      "properties": {
        "SRC": "MDYZK",
        "STATUS": "Y",
        "YZ_ID": 934,
        "YZ_LABEL": "SANGZHOUYI Zhejiang (桑州驿)",
        "YZNM_PY": "SANGZHOUYI",
        "YZNM_CH": "桑州驿",
        "YZNM_FT": "桑州驛",
        "CHGIS_ID": "22796",
        "NOTE": null,
        "10CNTY_CH": "宁海县",
        "10CNTY_EN": "Ninghai",
        "10PREF_CH": "宁波市",
        "10PREF_EN": "Ningbo",
        "10PROV_CH": "浙江省",
        "10PROV_EN": "Zhejiang",
        "GBCODE": 330226,
        "YZ_LAT": 121.315544,
        "YZ_LONG": 29.160954,
        "_layer_id": "ming_courier_stations",
        "_layer_title": "명대 역참 지점",
        "_source_file": "Ming_Stations_2016.shp",
        "_source_crs": "EPSG:4326"
      }
    },
    {
      "type": "Feature",
      "geometry": {
        "type": "Point",
        "coordinates": [
          121.324591926479,
          29.200447973275804
        ]
      },
      "properties": {
        "SRC": "MDYZK",
        "STATUS": "N",
        "YZ_ID": 935,
        "YZ_LABEL": "BAIQIAOYI Zhejiang (白峤驿)",
        "YZNM_PY": "BAIQIAOYI",
        "YZNM_CH": "白峤驿",
        "YZNM_FT": "白嶠驛",
        "CHGIS_ID": "140070",
        "NOTE": null,
        "10CNTY_CH": "宁海县",
        "10CNTY_EN": "Ninghai",
        "10PREF_CH": "宁波市",
        "10PREF_EN": "Ningbo",
        "10PROV_CH": "浙江省",
        "10PROV_EN": "Zhejiang",
        "GBCODE": 330226,
        "YZ_LAT": 121.324592,
        "YZ_LONG": 29.200448,
        "_layer_id": "ming_courier_stations",
        "_layer_title": "명대 역참 지점",
        "_source_file": "Ming_Stations_2016.shp",
        "_source_crs": "EPSG:4326"
      }
    },
    {
      "type": "Feature",
      "geometry": {
        "type": "Point",
        "coordinates": [
          121.42555191538317,
          29.283616971845777
        ]
      },
      "properties": {
        "SRC": "MDYZK",
        "STATUS": "Y",
        "YZ_ID": 936,
        "YZ_LABEL": "NINGHAIYI Zhejiang (宁海)",
        "YZNM_PY": "NINGHAIYI",
        "YZNM_CH": "宁海",
        "YZNM_FT": "寧海",
        "CHGIS_ID": "40661",
        "NOTE": null,
        "10CNTY_CH": "宁海县",
        "10CNTY_EN": "Ninghai",
        "10PREF_CH": "宁波市",
        "10PREF_EN": "Ningbo",
        "10PROV_CH": "浙江省",
        "10PROV_EN": "Zhejiang",
        "GBCODE": 330226,
        "YZ_LAT": 121.425552,
        "YZ_LONG": 29.283617,
        "_layer_id": "ming_courier_stations",
        "_layer_title": "명대 역참 지점",
        "_source_file": "Ming_Stations_2016.shp",
        "_source_crs": "EPSG:4326"
      }
    },
    {
      "type": "Feature",
      "geometry": {
        "type": "Point",
        "coordinates": [
          121.406906,
          29.65165700000001
        ]
      },
      "properties": {
        "SRC": "MDYZK",
        "STATUS": "Y",
        "YZ_ID": 937,
        "YZ_LABEL": "LIANSHANYI Zhejiang (连山驿)",
        "YZNM_PY": "LIANSHANYI",
        "YZNM_CH": "连山驿",
        "YZNM_FT": "連山驛",
        "CHGIS_ID": "40735",
        "NOTE": null,
        "10CNTY_CH": "奉化市",
        "10CNTY_EN": "Fenghua",
        "10PREF_CH": "宁波市",
        "10PREF_EN": "Ningbo",
        "10PROV_CH": "浙江省",
        "10PROV_EN": "Zhejiang",
        "GBCODE": 330283,
        "YZ_LAT": 121.406906,
        "YZ_LONG": 29.651657,
        "_layer_id": "ming_courier_stations",
        "_layer_title": "명대 역참 지점",
        "_source_file": "Ming_Stations_2016.shp",
        "_source_crs": "EPSG:4326"
      }
    },
    {
      "type": "Feature",
      "geometry": {
        "type": "Point",
        "coordinates": [
          121.54293978908525,
          29.864761657421912
        ]
      },
      "properties": {
        "SRC": "MDYZK",
        "STATUS": "Y",
        "YZ_ID": 938,
        "YZ_LABEL": "SIMINGYI Zhejiang (四明驿)",
        "YZNM_PY": "SIMINGYI",
        "YZNM_CH": "四明驿",
        "YZNM_FT": "四明驛",
        "CHGIS_ID": "40743",
        "NOTE": null,
        "10CNTY_CH": "江北区",
        "10CNTY_EN": "Jiangbei",
        "10PREF_CH": "宁波市",
        "10PREF_EN": "Ningbo",
        "10PROV_CH": "浙江省",
        "10PROV_EN": "Zhejiang",
        "GBCODE": 330205,
        "YZ_LAT": 121.54294,
        "YZ_LONG": 29.864762,
        "_layer_id": "ming_courier_stations",
        "_layer_title": "명대 역참 지점",
        "_source_file": "Ming_Stations_2016.shp",
        "_source_crs": "EPSG:4326"
      }
    },
    {
      "type": "Feature",
      "geometry": {
        "type": "Point",
        "coordinates": [
          121.44419899999997,
          29.979195000000022
        ]
      },
      "properties": {
        "SRC": "MDYZK",
        "STATUS": "Y",
        "YZ_ID": 939,
        "YZ_LABEL": "CHEJIUYI Zhejiang (车厩驿)",
        "YZNM_PY": "CHEJIUYI",
        "YZNM_CH": "车厩驿",
        "YZNM_FT": "車廄驛",
        "CHGIS_ID": "40732",
        "NOTE": null,
        "10CNTY_CH": "江北区",
        "10CNTY_EN": "Jiangbei",
        "10PREF_CH": "宁波市",
        "10PREF_EN": "Ningbo",
        "10PROV_CH": "浙江省",
        "10PROV_EN": "Zhejiang",
        "GBCODE": 330205,
        "YZ_LAT": 121.444199,
        "YZ_LONG": 29.979195,
        "_layer_id": "ming_courier_stations",
        "_layer_title": "명대 역참 지점",
        "_source_file": "Ming_Stations_2016.shp",
        "_source_crs": "EPSG:4326"
      }
    },
    {
      "type": "Feature",
      "geometry": {
        "type": "Point",
        "coordinates": [
          121.15276300000001,
          30.049067000000015
        ]
      },
      "properties": {
        "SRC": "MDYZK",
        "STATUS": "Y",
        "YZ_ID": 940,
        "YZ_LABEL": "YAOJIANGYI Zhejiang (姚江驿)",
        "YZNM_PY": "YAOJIANGYI",
        "YZNM_CH": "姚江驿",
        "YZNM_FT": "姚江驛",
        "CHGIS_ID": "40788",
        "NOTE": null,
        "10CNTY_CH": "余姚市",
        "10CNTY_EN": "Yuyao",
        "10PREF_CH": "宁波市",
        "10PREF_EN": "Ningbo",
        "10PROV_CH": "浙江省",
        "10PROV_EN": "Zhejiang",
        "GBCODE": 330281,
        "YZ_LAT": 121.152763,
        "YZ_LONG": 30.049067,
        "_layer_id": "ming_courier_stations",
        "_layer_title": "명대 역참 지점",
        "_source_file": "Ming_Stations_2016.shp",
        "_source_crs": "EPSG:4326"
      }
    },
    {
      "type": "Feature",
      "geometry": {
        "type": "Point",
        "coordinates": [
          120.973587,
          29.95265400000001
        ]
      },
      "properties": {
        "SRC": "MDYZK",
        "STATUS": "Y",
        "YZ_ID": 941,
        "YZ_LABEL": "DONGGUANYI Zhejiang (东关驿)",
        "YZNM_PY": "DONGGUANYI",
        "YZNM_CH": "东关驿",
        "YZNM_FT": "東關驛",
        "CHGIS_ID": "40774",
        "NOTE": null,
        "10CNTY_CH": "上虞巿",
        "10CNTY_EN": "Shangyu",
        "10PREF_CH": "绍兴市",
        "10PREF_EN": "Shaoxing",
        "10PROV_CH": "浙江省",
        "10PROV_EN": "Zhejiang",
        "GBCODE": 330682,
        "YZ_LAT": 120.973587,
        "YZ_LONG": 29.952654,
        "_layer_id": "ming_courier_stations",
        "_layer_title": "명대 역참 지점",
        "_source_file": "Ming_Stations_2016.shp",
        "_source_crs": "EPSG:4326"
      }
    },
    {
      "type": "Feature",
      "geometry": {
        "type": "Point",
        "coordinates": [
          120.57826199999998,
          30.00451500000002
        ]
      },
      "properties": {
        "SRC": "MDYZK",
        "STATUS": "L",
        "YZ_ID": 942,
        "YZ_LABEL": "PENGLAIYI Zhejiang (蓬莱驿)",
        "YZNM_PY": "PENGLAIYI",
        "YZNM_CH": "蓬莱驿",
        "YZNM_FT": "蓬萊驛",
        "CHGIS_ID": "40762",
        "NOTE": null,
        "10CNTY_CH": "越城区",
        "10CNTY_EN": "Yuecheng",
        "10PREF_CH": "绍兴市",
        "10PREF_EN": "Shaoxing",
        "10PROV_CH": "浙江省",
        "10PROV_EN": "Zhejiang",
        "GBCODE": 330602,
        "YZ_LAT": 120.578262,
        "YZ_LONG": 30.004515,
        "_layer_id": "ming_courier_stations",
        "_layer_title": "명대 역참 지점",
        "_source_file": "Ming_Stations_2016.shp",
        "_source_crs": "EPSG:4326"
      }
    },
    {
      "type": "Feature",
      "geometry": {
        "type": "Point",
        "coordinates": [
          120.22258,
          30.197996000000014
        ]
      },
      "properties": {
        "SRC": "MDYZK",
        "STATUS": "Y",
        "YZ_ID": 943,
        "YZ_LABEL": "XIXINGYI Zhejiang (西兴驿)",
        "YZNM_PY": "XIXINGYI",
        "YZNM_CH": "西兴驿",
        "YZNM_FT": "西興驛",
        "CHGIS_ID": "22856",
        "NOTE": null,
        "10CNTY_CH": "滨江区",
        "10CNTY_EN": "Binjiang",
        "10PREF_CH": "杭州市",
        "10PREF_EN": "Hangzhou",
        "10PROV_CH": "浙江省",
        "10PROV_EN": "Zhejiang",
        "GBCODE": 330108,
        "YZ_LAT": 120.22258,
        "YZ_LONG": 30.197996,
        "_layer_id": "ming_courier_stations",
        "_layer_title": "명대 역참 지점",
        "_source_file": "Ming_Stations_2016.shp",
        "_source_crs": "EPSG:4326"
      }
    },
    {
      "type": "Feature",
      "geometry": {
        "type": "Point",
        "coordinates": [
          116.594063,
          23.260954000000012
        ]
      },
      "properties": {
        "SRC": "MDYZK",
        "STATUS": "Y",
        "YZ_ID": 944,
        "YZ_LABEL": "LINGSHANYI Guangdong (灵山驿)",
        "YZNM_PY": "LINGSHANYI",
        "YZNM_CH": "灵山驿",
        "YZNM_FT": "靈山驛",
        "CHGIS_ID": "301",
        "NOTE": null,
        "10CNTY_CH": "潮阳区",
        "10CNTY_EN": "Chaoyang",
        "10PREF_CH": "汕头市",
        "10PREF_EN": "Shantou",
        "10PROV_CH": "广东省",
        "10PROV_EN": "Guangdong",
        "GBCODE": 440513,
        "YZ_LAT": 116.594063,
        "YZ_LONG": 23.260954,
        "_layer_id": "ming_courier_stations",
        "_layer_title": "명대 역참 지점",
        "_source_file": "Ming_Stations_2016.shp",
        "_source_crs": "EPSG:4326"
      }
    },
    {
      "type": "Feature",
      "geometry": {
        "type": "Point",
        "coordinates": [
          116.50466652780818,
          23.078593803939384
        ]
      },
      "properties": {
        "SRC": "MDYZK",
        "STATUS": "Y",
        "YZ_ID": 945,
        "YZ_LABEL": "WUNINGYI Guangdong (武宁驿)",
        "YZNM_PY": "WUNINGYI",
        "YZNM_CH": "武宁驿",
        "YZNM_FT": "武寧驛",
        "CHGIS_ID": "125929",
        "NOTE": null,
        "10CNTY_CH": "惠来县",
        "10CNTY_EN": "Huilai",
        "10PREF_CH": "揭阳市",
        "10PREF_EN": "Jieyang",
        "10PROV_CH": "广东省",
        "10PROV_EN": "Guangdong",
        "GBCODE": 445224,
        "YZ_LAT": 116.504667,
        "YZ_LONG": 23.078594,
        "_layer_id": "ming_courier_stations",
        "_layer_title": "명대 역참 지점",
        "_source_file": "Ming_Stations_2016.shp",
        "_source_crs": "EPSG:4326"
      }
    },
    {
      "type": "Feature",
      "geometry": {
        "type": "Point",
        "coordinates": [
          116.288513,
          23.03912900000001
        ]
      },
      "properties": {
        "SRC": "MDYZK",
        "STATUS": "Y",
        "YZ_ID": 946,
        "YZ_LABEL": "HUILAI Guangdong (惠来)",
        "YZNM_PY": "HUILAI",
        "YZNM_CH": "惠来",
        "YZNM_FT": "惠來",
        "CHGIS_ID": "304",
        "NOTE": null,
        "10CNTY_CH": "惠来县",
        "10CNTY_EN": "Huilai",
        "10PREF_CH": "揭阳市",
        "10PREF_EN": "Jieyang",
        "10PROV_CH": "广东省",
        "10PROV_EN": "Guangdong",
        "GBCODE": 445224,
        "YZ_LAT": 116.288513,
        "YZ_LONG": 23.039129,
        "_layer_id": "ming_courier_stations",
        "_layer_title": "명대 역참 지점",
        "_source_file": "Ming_Stations_2016.shp",
        "_source_crs": "EPSG:4326"
      }
    },
    {
      "type": "Feature",
      "geometry": {
        "type": "Point",
        "coordinates": [
          116.15901900000006,
          22.996525000000084
        ]
      },
      "properties": {
        "SRC": "MDYZK",
        "STATUS": "Y",
        "YZ_ID": 947,
        "YZ_LABEL": "BEISHANYI Guangdong (北山驿)",
        "YZNM_PY": "BEISHANYI",
        "YZNM_CH": "北山驿",
        "YZNM_FT": "北山驛",
        "CHGIS_ID": "125937",
        "NOTE": null,
        "10CNTY_CH": "惠来县",
        "10CNTY_EN": "Huilai",
        "10PREF_CH": "揭阳市",
        "10PREF_EN": "Jieyang",
        "10PROV_CH": "广东省",
        "10PROV_EN": "Guangdong",
        "GBCODE": 445224,
        "YZ_LAT": 116.159019,
        "YZ_LONG": 22.996525,
        "_layer_id": "ming_courier_stations",
        "_layer_title": "명대 역참 지점",
        "_source_file": "Ming_Stations_2016.shp",
        "_source_crs": "EPSG:4326"
      }
    },
    {
      "type": "Feature",
      "geometry": {
        "type": "Point",
        "coordinates": [
          115.84746530980695,
          22.959136731431176
        ]
      },
      "properties": {
        "SRC": "MDYZK",
        "STATUS": "Y",
        "YZ_ID": 948,
        "YZ_LABEL": "DAPOYI Guangdong (大陂驿)",
        "YZNM_PY": "DAPOYI",
        "YZNM_CH": "大陂驿",
        "YZNM_FT": "大陂驛",
        "CHGIS_ID": null,
        "NOTE": null,
        "10CNTY_CH": "陆丰市",
        "10CNTY_EN": "Lufeng",
        "10PREF_CH": "汕尾市",
        "10PREF_EN": "Shanwei",
        "10PROV_CH": "广东省",
        "10PROV_EN": "Guangdong",
        "GBCODE": 441581,
        "YZ_LAT": 115.847465,
        "YZ_LONG": 22.959137,
        "_layer_id": "ming_courier_stations",
        "_layer_title": "명대 역참 지점",
        "_source_file": "Ming_Stations_2016.shp",
        "_source_crs": "EPSG:4326"
      }
    },
    {
      "type": "Feature",
      "geometry": {
        "type": "Point",
        "coordinates": [
          115.20752000000002,
          22.894600000000036
        ]
      },
      "properties": {
        "SRC": "MDYZK",
        "STATUS": "Y",
        "YZ_ID": 949,
        "YZ_LABEL": "PING'ANYI Guangdong (平安驿)",
        "YZNM_PY": "PING'ANYI",
        "YZNM_CH": "平安驿",
        "YZNM_FT": "平安驛",
        "CHGIS_ID": "126110",
        "NOTE": null,
        "10CNTY_CH": "海丰县",
        "10CNTY_EN": "Haifeng",
        "10PREF_CH": "汕尾市",
        "10PREF_EN": "Shanwei",
        "10PROV_CH": "广东省",
        "10PROV_EN": "Guangdong",
        "GBCODE": 441521,
        "YZ_LAT": 115.20752,
        "YZ_LONG": 22.8946,
        "_layer_id": "ming_courier_stations",
        "_layer_title": "명대 역참 지점",
        "_source_file": "Ming_Stations_2016.shp",
        "_source_crs": "EPSG:4326"
      }
    },
    {
      "type": "Feature",
      "geometry": {
        "type": "Point",
        "coordinates": [
          114.8973754238931,
          22.84036235045212
        ]
      },
      "properties": {
        "SRC": "MDYZK",
        "STATUS": "Y",
        "YZ_ID": 950,
        "YZ_LABEL": "PINGZHENGYI Guangdong (平政驿)",
        "YZNM_PY": "PINGZHENGYI",
        "YZNM_CH": "平政驿",
        "YZNM_FT": "平政驛",
        "CHGIS_ID": "17160",
        "NOTE": null,
        "10CNTY_CH": "惠东县",
        "10CNTY_EN": "Huidong",
        "10PREF_CH": "惠州市",
        "10PREF_EN": "Huizhou",
        "10PROV_CH": "广东省",
        "10PROV_EN": "Guangdong",
        "GBCODE": 441323,
        "YZ_LAT": 114.897375,
        "YZ_LONG": 22.840362,
        "_layer_id": "ming_courier_stations",
        "_layer_title": "명대 역참 지점",
        "_source_file": "Ming_Stations_2016.shp",
        "_source_crs": "EPSG:4326"
      }
    },
    {
      "type": "Feature",
      "geometry": {
        "type": "Point",
        "coordinates": [
          114.71666717529298,
          22.983333587646495
        ]
      },
      "properties": {
        "SRC": "MDYZK",
        "STATUS": "Y",
        "YZ_ID": 951,
        "YZ_LABEL": "PINGSHANYI Guangdong (平山驿)",
        "YZNM_PY": "PINGSHANYI",
        "YZNM_CH": "平山驿",
        "YZNM_FT": "平山驛",
        "CHGIS_ID": "17094",
        "NOTE": null,
        "10CNTY_CH": "惠东县",
        "10CNTY_EN": "Huidong",
        "10PREF_CH": "惠州市",
        "10PREF_EN": "Huizhou",
        "10PROV_CH": "广东省",
        "10PROV_EN": "Guangdong",
        "GBCODE": 441323,
        "YZ_LAT": 114.716667,
        "YZ_LONG": 22.983334,
        "_layer_id": "ming_courier_stations",
        "_layer_title": "명대 역참 지점",
        "_source_file": "Ming_Stations_2016.shp",
        "_source_crs": "EPSG:4326"
      }
    },
    {
      "type": "Feature",
      "geometry": {
        "type": "Point",
        "coordinates": [
          114.86656900000003,
          23.839874000000066
        ]
      },
      "properties": {
        "SRC": "MDYZK",
        "STATUS": "Y",
        "YZ_ID": 952,
        "YZ_LABEL": "YIHEYI Guangdong (义合驿)",
        "YZNM_PY": "YIHEYI",
        "YZNM_CH": "义合驿",
        "YZNM_FT": "義合驛",
        "CHGIS_ID": "126070",
        "NOTE": null,
        "10CNTY_CH": "东源县",
        "10CNTY_EN": "Dongyuan",
        "10PREF_CH": "河源市",
        "10PREF_EN": "Heyuan",
        "10PROV_CH": "广东省",
        "10PROV_EN": "Guangdong",
        "GBCODE": 441625,
        "YZ_LAT": 114.866569,
        "YZ_LONG": 23.839874,
        "_layer_id": "ming_courier_stations",
        "_layer_title": "명대 역참 지점",
        "_source_file": "Ming_Stations_2016.shp",
        "_source_crs": "EPSG:4326"
      }
    },
    {
      "type": "Feature",
      "geometry": {
        "type": "Point",
        "coordinates": [
          114.08813900000006,
          23.066694000000048
        ]
      },
      "properties": {
        "SRC": "MDYZK",
        "STATUS": "Y",
        "YZ_ID": 953,
        "YZ_LABEL": "TIEGANGYI Guangdong (铁冈驿)",
        "YZNM_PY": "TIEGANGYI",
        "YZNM_CH": "铁冈驿",
        "YZNM_FT": "鐵岡驛",
        "CHGIS_ID": "126421",
        "NOTE": null,
        "10CNTY_CH": "东莞市",
        "10CNTY_EN": "Dongguan",
        "10PREF_CH": "东莞市",
        "10PREF_EN": "Dongguan",
        "10PROV_CH": "广东省",
        "10PROV_EN": "Guangdong",
        "GBCODE": 441900,
        "YZ_LAT": 114.088139,
        "YZ_LONG": 23.066694,
        "_layer_id": "ming_courier_stations",
        "_layer_title": "명대 역참 지점",
        "_source_file": "Ming_Stations_2016.shp",
        "_source_crs": "EPSG:4326"
      }
    },
    {
      "type": "Feature",
      "geometry": {
        "type": "Point",
        "coordinates": [
          113.8525981559625,
          23.110490520884625
        ]
      },
      "properties": {
        "SRC": "MDYZK",
        "STATUS": "Y",
        "YZ_ID": 954,
        "YZ_LABEL": "HUANGJIASHANYI Guangdong (黄家山驿)",
        "YZNM_PY": "HUANGJIASHANYI",
        "YZNM_CH": "黄家山驿",
        "YZNM_FT": "黃家山驛",
        "CHGIS_ID": "126414",
        "NOTE": null,
        "10CNTY_CH": "东莞市",
        "10CNTY_EN": "Dongguan",
        "10PREF_CH": "东莞市",
        "10PREF_EN": "Dongguan",
        "10PROV_CH": "广东省",
        "10PROV_EN": "Guangdong",
        "GBCODE": 441900,
        "YZ_LAT": 113.852598,
        "YZ_LONG": 23.110491,
        "_layer_id": "ming_courier_stations",
        "_layer_title": "명대 역참 지점",
        "_source_file": "Ming_Stations_2016.shp",
        "_source_crs": "EPSG:4326"
      }
    },
    {
      "type": "Feature",
      "geometry": {
        "type": "Point",
        "coordinates": [
          114.17503400000008,
          23.085466000000064
        ]
      },
      "properties": {
        "SRC": "MDYZK",
        "STATUS": "Y",
        "YZ_ID": 955,
        "YZ_LABEL": "SUZHOUYI Guangdong (苏州驿)",
        "YZNM_PY": "SUZHOUYI",
        "YZNM_CH": "苏州驿",
        "YZNM_FT": "蘇州驛",
        "CHGIS_ID": "126189",
        "NOTE": null,
        "10CNTY_CH": "惠阳区",
        "10CNTY_EN": "Huiyang",
        "10PREF_CH": "惠州市",
        "10PREF_EN": "Huizhou",
        "10PROV_CH": "广东省",
        "10PROV_EN": "Guangdong",
        "GBCODE": 441303,
        "YZ_LAT": 114.175034,
        "YZ_LONG": 23.085466,
        "_layer_id": "ming_courier_stations",
        "_layer_title": "명대 역참 지점",
        "_source_file": "Ming_Stations_2016.shp",
        "_source_crs": "EPSG:4326"
      }
    },
    {
      "type": "Feature",
      "geometry": {
        "type": "Point",
        "coordinates": [
          113.54061900000012,
          23.09425000000005
        ]
      },
      "properties": {
        "SRC": "MDYZK",
        "STATUS": "Y",
        "YZ_ID": 956,
        "YZ_LABEL": "DONGZHOUYI Guangdong (东州驿)",
        "YZNM_PY": "DONGZHOUYI",
        "YZNM_CH": "东州驿",
        "YZNM_FT": "東州驛",
        "CHGIS_ID": "126371",
        "NOTE": null,
        "10CNTY_CH": "黄埔区",
        "10CNTY_EN": "Huangpu",
        "10PREF_CH": "广州市",
        "10PREF_EN": "Guangzhou",
        "10PROV_CH": "广东省",
        "10PROV_EN": "Guangdong",
        "GBCODE": 440112,
        "YZ_LAT": 113.540619,
        "YZ_LONG": 23.09425,
        "_layer_id": "ming_courier_stations",
        "_layer_title": "명대 역참 지점",
        "_source_file": "Ming_Stations_2016.shp",
        "_source_crs": "EPSG:4326"
      }
    },
    {
      "type": "Feature",
      "geometry": {
        "type": "Point",
        "coordinates": [
          121.25556200000004,
          38.80872000000006
        ]
      },
      "properties": {
        "SRC": "MDYZK",
        "STATUS": "Y",
        "YZ_ID": 957,
        "YZ_LABEL": "LUSHUNKOUYI Liaoning (旅顺口驿)",
        "YZNM_PY": "LUSHUNKOUYI",
        "YZNM_CH": "旅顺口驿",
        "YZNM_FT": "旅順口驛",
        "CHGIS_ID": "21047",
        "NOTE": null,
        "10CNTY_CH": "旅顺口区",
        "10CNTY_EN": "Lvshunkou",
        "10PREF_CH": "大连市",
        "10PREF_EN": "Dalian",
        "10PROV_CH": "辽宁省",
        "10PROV_EN": "Liaoning",
        "GBCODE": 210212,
        "YZ_LAT": 121.255562,
        "YZ_LONG": 38.80872,
        "_layer_id": "ming_courier_stations",
        "_layer_title": "명대 역참 지점",
        "_source_file": "Ming_Stations_2016.shp",
        "_source_crs": "EPSG:4326"
      }
    },
    {
      "type": "Feature",
      "geometry": {
        "type": "Point",
        "coordinates": [
          121.434743,
          38.98242100000002
        ]
      },
      "properties": {
        "SRC": "MDYZK",
        "STATUS": "Y",
        "YZ_ID": 958,
        "YZ_LABEL": "MUCHANGYI Liaoning (木场驿)",
        "YZNM_PY": "MUCHANGYI",
        "YZNM_CH": "木场驿",
        "YZNM_FT": "木場驛",
        "CHGIS_ID": "21049",
        "NOTE": null,
        "10CNTY_CH": "甘井子区",
        "10CNTY_EN": "Ganjingzi",
        "10PREF_CH": "大连市",
        "10PREF_EN": "Dalian",
        "10PROV_CH": "辽宁省",
        "10PROV_EN": "Liaoning",
        "GBCODE": 210211,
        "YZ_LAT": 121.434743,
        "YZ_LONG": 38.982421,
        "_layer_id": "ming_courier_stations",
        "_layer_title": "명대 역참 지점",
        "_source_file": "Ming_Stations_2016.shp",
        "_source_crs": "EPSG:4326"
      }
    },
    {
      "type": "Feature",
      "geometry": {
        "type": "Point",
        "coordinates": [
          121.70105,
          39.09894600000002
        ]
      },
      "properties": {
        "SRC": "MDYZK",
        "STATUS": "Y",
        "YZ_ID": 959,
        "YZ_LABEL": "JINZHOUYI Liaoning (金州驿)",
        "YZNM_PY": "JINZHOUYI",
        "YZNM_CH": "金州驿",
        "YZNM_FT": "金州驛",
        "CHGIS_ID": "123061",
        "NOTE": null,
        "10CNTY_CH": "金州区",
        "10CNTY_EN": "Jinzhou",
        "10PREF_CH": "大连市",
        "10PREF_EN": "Dalian",
        "10PROV_CH": "辽宁省",
        "10PROV_EN": "Liaoning",
        "GBCODE": 210213,
        "YZ_LAT": 121.70105,
        "YZ_LONG": 39.098946,
        "_layer_id": "ming_courier_stations",
        "_layer_title": "명대 역참 지점",
        "_source_file": "Ming_Stations_2016.shp",
        "_source_crs": "EPSG:4326"
      }
    },
    {
      "type": "Feature",
      "geometry": {
        "type": "Point",
        "coordinates": [
          121.8440925205757,
          39.34409292422319
        ]
      },
      "properties": {
        "SRC": "MDYZK",
        "STATUS": "Y",
        "YZ_ID": 960,
        "YZ_LABEL": "SHIHEYI Liaoning (石河驿)",
        "YZNM_PY": "SHIHEYI",
        "YZNM_CH": "石河驿",
        "YZNM_FT": "石河驛",
        "CHGIS_ID": "21954",
        "NOTE": null,
        "10CNTY_CH": "金州区",
        "10CNTY_EN": "Jinzhou",
        "10PREF_CH": "大连市",
        "10PREF_EN": "Dalian",
        "10PROV_CH": "辽宁省",
        "10PROV_EN": "Liaoning",
        "GBCODE": 210213,
        "YZ_LAT": 121.844093,
        "YZ_LONG": 39.344093,
        "_layer_id": "ming_courier_stations",
        "_layer_title": "명대 역참 지점",
        "_source_file": "Ming_Stations_2016.shp",
        "_source_crs": "EPSG:4326"
      }
    },
    {
      "type": "Feature",
      "geometry": {
        "type": "Point",
        "coordinates": [
          121.95646700000009,
          39.390034000000085
        ]
      },
      "properties": {
        "SRC": "MDYZK",
        "STATUS": "N",
        "YZ_ID": 961,
        "YZ_LABEL": "BOLANYI Liaoning (孛兰驿)",
        "YZNM_PY": "BOLANYI",
        "YZNM_CH": "孛兰驿",
        "YZNM_FT": "孛蘭驛",
        "CHGIS_ID": "167793",
        "NOTE": null,
        "10CNTY_CH": "普兰店市",
        "10CNTY_EN": "Pulandian",
        "10PREF_CH": "大连市",
        "10PREF_EN": "Dalian",
        "10PROV_CH": "辽宁省",
        "10PROV_EN": "Liaoning",
        "GBCODE": 210282,
        "YZ_LAT": 121.956467,
        "YZ_LONG": 39.390034,
        "_layer_id": "ming_courier_stations",
        "_layer_title": "명대 역참 지점",
        "_source_file": "Ming_Stations_2016.shp",
        "_source_crs": "EPSG:4326"
      }
    },
    {
      "type": "Feature",
      "geometry": {
        "type": "Point",
        "coordinates": [
          110.11225900000001,
          27.620098000000013
        ]
      },
      "properties": {
        "SRC": "MDYZK",
        "STATUS": "Y",
        "YZ_ID": 962,
        "YZ_LABEL": "HUAIHUAYI Hunan (怀化驿)",
        "YZNM_PY": "HUAIHUAYI",
        "YZNM_CH": "怀化驿",
        "YZNM_FT": "懷化驛",
        "CHGIS_ID": "18785",
        "NOTE": null,
        "10CNTY_CH": "中方县",
        "10CNTY_EN": "Zhongfang",
        "10PREF_CH": "怀化市",
        "10PREF_EN": "Huaihua",
        "10PROV_CH": "湖南省",
        "10PROV_EN": "Hunan",
        "GBCODE": 431221,
        "YZ_LAT": 110.112259,
        "YZ_LONG": 27.620098,
        "_layer_id": "ming_courier_stations",
        "_layer_title": "명대 역참 지점",
        "_source_file": "Ming_Stations_2016.shp",
        "_source_crs": "EPSG:4326"
      }
    },
    {
      "type": "Feature",
      "geometry": {
        "type": "Point",
        "coordinates": [
          110.21451800000004,
          27.88931999999983
        ]
      },
      "properties": {
        "SRC": "MDYZK",
        "STATUS": "Y",
        "YZ_ID": 963,
        "YZ_LABEL": "SHANTANGYI Hunan (山塘驿)",
        "YZNM_PY": "SHANTANGYI",
        "YZNM_CH": "山塘驿",
        "YZNM_FT": "山塘驛",
        "CHGIS_ID": "131165",
        "NOTE": null,
        "10CNTY_CH": "辰溪县",
        "10CNTY_EN": "Chenxi",
        "10PREF_CH": "怀化市",
        "10PREF_EN": "Huaihua",
        "10PROV_CH": "湖南省",
        "10PROV_EN": "Hunan",
        "GBCODE": 431223,
        "YZ_LAT": 110.214518,
        "YZ_LONG": 27.88932,
        "_layer_id": "ming_courier_stations",
        "_layer_title": "명대 역참 지점",
        "_source_file": "Ming_Stations_2016.shp",
        "_source_crs": "EPSG:4326"
      }
    },
    {
      "type": "Feature",
      "geometry": {
        "type": "Point",
        "coordinates": [
          110.30000305175798,
          28.350000381469712
        ]
      },
      "properties": {
        "SRC": "MDYZK",
        "STATUS": "Y",
        "YZ_ID": 964,
        "YZ_LABEL": "JIANGKOUYI Hunan (江口驿)",
        "YZNM_PY": "JIANGKOUYI",
        "YZNM_CH": "江口驿",
        "YZNM_FT": "江口驛",
        "CHGIS_ID": null,
        "NOTE": null,
        "10CNTY_CH": "沅陵县",
        "10CNTY_EN": "Yuanling",
        "10PREF_CH": "怀化市",
        "10PREF_EN": "Huaihua",
        "10PROV_CH": "湖南省",
        "10PROV_EN": "Hunan",
        "GBCODE": 431222,
        "YZ_LAT": 110.300003,
        "YZ_LONG": 28.35,
        "_layer_id": "ming_courier_stations",
        "_layer_title": "명대 역참 지점",
        "_source_file": "Ming_Stations_2016.shp",
        "_source_crs": "EPSG:4326"
      }
    },
    {
      "type": "Feature",
      "geometry": {
        "type": "Point",
        "coordinates": [
          110.39208999999998,
          28.440548000000017
        ]
      },
      "properties": {
        "SRC": "MDYZK",
        "STATUS": "L",
        "YZ_ID": 965,
        "YZ_LABEL": "CHENYANGYI Hunan (辰阳驿)",
        "YZNM_PY": "CHENYANGYI",
        "YZNM_CH": "辰阳驿",
        "YZNM_FT": "辰陽驛",
        "CHGIS_ID": "18734",
        "NOTE": null,
        "10CNTY_CH": "沅陵县",
        "10CNTY_EN": "Yuanling",
        "10PREF_CH": "怀化市",
        "10PREF_EN": "Huaihua",
        "10PROV_CH": "湖南省",
        "10PROV_EN": "Hunan",
        "GBCODE": 431222,
        "YZ_LAT": 110.39209,
        "YZ_LONG": 28.440548,
        "_layer_id": "ming_courier_stations",
        "_layer_title": "명대 역참 지점",
        "_source_file": "Ming_Stations_2016.shp",
        "_source_crs": "EPSG:4326"
      }
    },
    {
      "type": "Feature",
      "geometry": {
        "type": "Point",
        "coordinates": [
          110.18529500000001,
          29.236904000000017
        ]
      },
      "properties": {
        "SRC": "MDYZK",
        "STATUS": "Y",
        "YZ_ID": 966,
        "YZ_LABEL": "MAOGANGSI Hunan (茅冈司)",
        "YZNM_PY": "MAOGANGSI",
        "YZNM_CH": "茅冈司",
        "YZNM_FT": "茅岡司",
        "CHGIS_ID": "18659",
        "NOTE": null,
        "10CNTY_CH": "永定区",
        "10CNTY_EN": "Yongding",
        "10PREF_CH": "张家界市",
        "10PREF_EN": "Zhangjiajie",
        "10PROV_CH": "湖南省",
        "10PROV_EN": "Hunan",
        "GBCODE": 430802,
        "YZ_LAT": 110.185295,
        "YZ_LONG": 29.236904,
        "_layer_id": "ming_courier_stations",
        "_layer_title": "명대 역참 지점",
        "_source_file": "Ming_Stations_2016.shp",
        "_source_crs": "EPSG:4326"
      }
    },
    {
      "type": "Feature",
      "geometry": {
        "type": "Point",
        "coordinates": [
          112.8959580000014,
          29.54165499999851
        ]
      },
      "properties": {
        "SRC": "MDYZK",
        "STATUS": "Y",
        "YZ_ID": 967,
        "YZ_LABEL": "LINJIANGYI Hunan (临江驿)",
        "YZNM_PY": "LINJIANGYI",
        "YZNM_CH": "临江驿",
        "YZNM_FT": "臨江驛",
        "CHGIS_ID": "128541",
        "NOTE": null,
        "10CNTY_CH": "君山区",
        "10CNTY_EN": "Junshan",
        "10PREF_CH": "岳阳市",
        "10PREF_EN": "Yueyang",
        "10PROV_CH": "湖南省",
        "10PROV_EN": "Hunan",
        "GBCODE": 430611,
        "YZ_LAT": 112.895958,
        "YZ_LONG": 29.541655,
        "_layer_id": "ming_courier_stations",
        "_layer_title": "명대 역참 지점",
        "_source_file": "Ming_Stations_2016.shp",
        "_source_crs": "EPSG:4326"
      }
    },
    {
      "type": "Feature",
      "geometry": {
        "type": "Point",
        "coordinates": [
          113.15004000000296,
          29.433778999997106
        ]
      },
      "properties": {
        "SRC": "MDYZK",
        "STATUS": "Y",
        "YZ_ID": 968,
        "YZ_LABEL": "CHENGLINGJIYI Hunan (城陵矶驿)",
        "YZNM_PY": "CHENGLINGJIYI",
        "YZNM_CH": "城陵矶驿",
        "YZNM_FT": "城陵磯驛",
        "CHGIS_ID": "18691",
        "NOTE": null,
        "10CNTY_CH": "岳阳楼区",
        "10CNTY_EN": "Yueyanglou",
        "10PREF_CH": "岳阳市",
        "10PREF_EN": "Yueyang",
        "10PROV_CH": "湖南省",
        "10PROV_EN": "Hunan",
        "GBCODE": 430602,
        "YZ_LAT": 113.15004,
        "YZ_LONG": 29.433779,
        "_layer_id": "ming_courier_stations",
        "_layer_title": "명대 역참 지점",
        "_source_file": "Ming_Stations_2016.shp",
        "_source_crs": "EPSG:4326"
      }
    },
    {
      "type": "Feature",
      "geometry": {
        "type": "Point",
        "coordinates": [
          121.87012800000002,
          39.512340000000016
        ]
      },
      "properties": {
        "SRC": "MDYZK",
        "STATUS": "Y",
        "YZ_ID": 969,
        "YZ_LABEL": "LUANGUYI Liaoning (栾古驿)",
        "YZNM_PY": "LUANGUYI",
        "YZNM_CH": "栾古驿",
        "YZNM_FT": "欒古驛",
        "CHGIS_ID": "21061",
        "NOTE": null,
        "10CNTY_CH": "瓦房店市",
        "10CNTY_EN": "Wafangdian",
        "10PREF_CH": "大连市",
        "10PREF_EN": "Dalian",
        "10PROV_CH": "辽宁省",
        "10PROV_EN": "Liaoning",
        "GBCODE": 210281,
        "YZ_LAT": 121.870128,
        "YZ_LONG": 39.51234,
        "_layer_id": "ming_courier_stations",
        "_layer_title": "명대 역참 지점",
        "_source_file": "Ming_Stations_2016.shp",
        "_source_crs": "EPSG:4326"
      }
    },
    {
      "type": "Feature",
      "geometry": {
        "type": "Point",
        "coordinates": [
          121.711601,
          39.73373800000002
        ]
      },
      "properties": {
        "SRC": "MDYZK",
        "STATUS": "Y",
        "YZ_ID": 970,
        "YZ_LABEL": "FUZHOUYI Liaoning (复州驿)",
        "YZNM_PY": "FUZHOUYI",
        "YZNM_CH": "复州驿",
        "YZNM_FT": "複州驛",
        "CHGIS_ID": "1171",
        "NOTE": null,
        "10CNTY_CH": "瓦房店市",
        "10CNTY_EN": "Wafangdian",
        "10PREF_CH": "大连市",
        "10PREF_EN": "Dalian",
        "10PROV_CH": "辽宁省",
        "10PROV_EN": "Liaoning",
        "GBCODE": 210281,
        "YZ_LAT": 121.711601,
        "YZ_LONG": 39.733738,
        "_layer_id": "ming_courier_stations",
        "_layer_title": "명대 역참 지점",
        "_source_file": "Ming_Stations_2016.shp",
        "_source_crs": "EPSG:4326"
      }
    },
    {
      "type": "Feature",
      "geometry": {
        "type": "Point",
        "coordinates": [
          121.99236241731894,
          40.0423199158061
        ]
      },
      "properties": {
        "SRC": "MDYZK",
        "STATUS": "Y",
        "YZ_ID": 971,
        "YZ_LABEL": "WUSHIZHAIYI Liaoning (五十寨驿)",
        "YZNM_PY": "WUSHIZHAIYI",
        "YZNM_CH": "五十寨驿",
        "YZNM_FT": "五十寨驛",
        "CHGIS_ID": "167773",
        "NOTE": null,
        "10CNTY_CH": "瓦房店市",
        "10CNTY_EN": "Wafangdian",
        "10PREF_CH": "大连市",
        "10PREF_EN": "Dalian",
        "10PROV_CH": "辽宁省",
        "10PROV_EN": "Liaoning",
        "GBCODE": 210281,
        "YZ_LAT": 121.992362,
        "YZ_LONG": 40.04232,
        "_layer_id": "ming_courier_stations",
        "_layer_title": "명대 역참 지점",
        "_source_file": "Ming_Stations_2016.shp",
        "_source_crs": "EPSG:4326"
      }
    },
    {
      "type": "Feature",
      "geometry": {
        "type": "Point",
        "coordinates": [
          122.12763200000009,
          40.17736800000006
        ]
      },
      "properties": {
        "SRC": "MDYZK",
        "STATUS": "Y",
        "YZ_ID": 972,
        "YZ_LABEL": "XIONGYUEYI Liaoning (熊岳驿)",
        "YZNM_PY": "XIONGYUEYI",
        "YZNM_CH": "熊岳驿",
        "YZNM_FT": "熊嶽驛",
        "CHGIS_ID": "167774",
        "NOTE": null,
        "10CNTY_CH": "盖州市",
        "10CNTY_EN": "Gaizhou",
        "10PREF_CH": "营口市",
        "10PREF_EN": "Yingkou",
        "10PROV_CH": "辽宁省",
        "10PROV_EN": "Liaoning",
        "GBCODE": 210881,
        "YZ_LAT": 122.127632,
        "YZ_LONG": 40.177368,
        "_layer_id": "ming_courier_stations",
        "_layer_title": "명대 역참 지점",
        "_source_file": "Ming_Stations_2016.shp",
        "_source_crs": "EPSG:4326"
      }
    },
    {
      "type": "Feature",
      "geometry": {
        "type": "Point",
        "coordinates": [
          122.35946617443899,
          40.397960901449956
        ]
      },
      "properties": {
        "SRC": "MDYZK",
        "STATUS": "Y",
        "YZ_ID": 973,
        "YZ_LABEL": "GAIZHOUYI Liaoning (盖州驿)",
        "YZNM_PY": "GAIZHOUYI",
        "YZNM_CH": "盖州驿",
        "YZNM_FT": "蓋州驛",
        "CHGIS_ID": "1177",
        "NOTE": null,
        "10CNTY_CH": "盖州市",
        "10CNTY_EN": "Gaizhou",
        "10PREF_CH": "营口市",
        "10PREF_EN": "Yingkou",
        "10PROV_CH": "辽宁省",
        "10PROV_EN": "Liaoning",
        "GBCODE": 210881,
        "YZ_LAT": 122.359466,
        "YZ_LONG": 40.397961,
        "_layer_id": "ming_courier_stations",
        "_layer_title": "명대 역참 지점",
        "_source_file": "Ming_Stations_2016.shp",
        "_source_crs": "EPSG:4326"
      }
    },
    {
      "type": "Feature",
      "geometry": {
        "type": "Point",
        "coordinates": [
          122.50091204943868,
          40.663136894869524
        ]
      },
      "properties": {
        "SRC": "MDYZK",
        "STATUS": "N",
        "YZ_ID": 974,
        "YZ_LABEL": "YAOZHOUYI Liaoning (耀州驿)",
        "YZNM_PY": "YAOZHOUYI",
        "YZNM_CH": "耀州驿",
        "YZNM_FT": "耀州驛",
        "CHGIS_ID": "21134",
        "NOTE": null,
        "10CNTY_CH": "大石桥市",
        "10CNTY_EN": "Dashiqiao",
        "10PREF_CH": "营口市",
        "10PREF_EN": "Yingkou",
        "10PROV_CH": "辽宁省",
        "10PROV_EN": "Liaoning",
        "GBCODE": 210882,
        "YZ_LAT": 122.500912,
        "YZ_LONG": 40.663137,
        "_layer_id": "ming_courier_stations",
        "_layer_title": "명대 역참 지점",
        "_source_file": "Ming_Stations_2016.shp",
        "_source_crs": "EPSG:4326"
      }
    },
    {
      "type": "Feature",
      "geometry": {
        "type": "Point",
        "coordinates": [
          122.7503418141722,
          40.84963588509313
        ]
      },
      "properties": {
        "SRC": "MDYZK",
        "STATUS": "Y",
        "YZ_ID": 975,
        "YZ_LABEL": "ZAICHENGYI Liaoning (在城驿)",
        "YZNM_PY": "ZAICHENGYI",
        "YZNM_CH": "在城驿",
        "YZNM_FT": "在城驛",
        "CHGIS_ID": "1179",
        "NOTE": null,
        "10CNTY_CH": "海城市",
        "10CNTY_EN": "Haicheng",
        "10PREF_CH": "鞍山市",
        "10PREF_EN": "Anshan",
        "10PROV_CH": "辽宁省",
        "10PROV_EN": "Liaoning",
        "GBCODE": 210381,
        "YZ_LAT": 122.750342,
        "YZ_LONG": 40.849636,
        "_layer_id": "ming_courier_stations",
        "_layer_title": "명대 역참 지점",
        "_source_file": "Ming_Stations_2016.shp",
        "_source_crs": "EPSG:4326"
      }
    },
    {
      "type": "Feature",
      "geometry": {
        "type": "Point",
        "coordinates": [
          122.942413,
          41.073940000000015
        ]
      },
      "properties": {
        "SRC": "MDYZK",
        "STATUS": "Y",
        "YZ_ID": 976,
        "YZ_LABEL": "ANSHANYI Liaoning (鞍山驿)",
        "YZNM_PY": "ANSHANYI",
        "YZNM_CH": "鞍山驿",
        "YZNM_FT": "鞍山驛",
        "CHGIS_ID": "21139",
        "NOTE": null,
        "10CNTY_CH": "铁西区",
        "10CNTY_EN": "Tiexi",
        "10PREF_CH": "鞍山市",
        "10PREF_EN": "Anshan",
        "10PROV_CH": "辽宁省",
        "10PROV_EN": "Liaoning",
        "GBCODE": 210303,
        "YZ_LAT": 122.942413,
        "YZ_LONG": 41.07394,
        "_layer_id": "ming_courier_stations",
        "_layer_title": "명대 역참 지점",
        "_source_file": "Ming_Stations_2016.shp",
        "_source_crs": "EPSG:4326"
      }
    },
    {
      "type": "Feature",
      "geometry": {
        "type": "Point",
        "coordinates": [
          123.16798400000002,
          41.26585000000002
        ]
      },
      "properties": {
        "SRC": "MDYZK",
        "STATUS": "Y",
        "YZ_ID": 977,
        "YZ_LABEL": "LIAODONGDUSI Liaoning (辽东都司)",
        "YZNM_PY": "LIAODONGDUSI",
        "YZNM_CH": "辽东都司",
        "YZNM_FT": "遼東都司",
        "CHGIS_ID": "1180",
        "NOTE": null,
        "10CNTY_CH": "白塔区",
        "10CNTY_EN": "Baita",
        "10PREF_CH": "辽阳市",
        "10PREF_EN": "Liaoyang",
        "10PROV_CH": "辽宁省",
        "10PROV_EN": "Liaoning",
        "GBCODE": 211002,
        "YZ_LAT": 123.167984,
        "YZ_LONG": 41.26585,
        "_layer_id": "ming_courier_stations",
        "_layer_title": "명대 역참 지점",
        "_source_file": "Ming_Stations_2016.shp",
        "_source_crs": "EPSG:4326"
      }
    },
    {
      "type": "Feature",
      "geometry": {
        "type": "Point",
        "coordinates": [
          123.35186000000003,
          41.51085300000001
        ]
      },
      "properties": {
        "SRC": "MDYZK",
        "STATUS": "Y",
        "YZ_ID": 978,
        "YZ_LABEL": "HUPIYI Liaoning (虎皮驿)",
        "YZNM_PY": "HUPIYI",
        "YZNM_CH": "虎皮驿",
        "YZNM_FT": "虎皮驛",
        "CHGIS_ID": "21152",
        "NOTE": null,
        "10CNTY_CH": "苏家屯区",
        "10CNTY_EN": "Sujiatun",
        "10PREF_CH": "沈阳市",
        "10PREF_EN": "Shenyang",
        "10PROV_CH": "辽宁省",
        "10PROV_EN": "Liaoning",
        "GBCODE": 210111,
        "YZ_LAT": 123.35186,
        "YZ_LONG": 41.510853,
        "_layer_id": "ming_courier_stations",
        "_layer_title": "명대 역참 지점",
        "_source_file": "Ming_Stations_2016.shp",
        "_source_crs": "EPSG:4326"
      }
    },
    {
      "type": "Feature",
      "geometry": {
        "type": "Point",
        "coordinates": [
          123.582886,
          41.947865000000014
        ]
      },
      "properties": {
        "SRC": "MDYZK",
        "STATUS": "Y",
        "YZ_ID": 979,
        "YZ_LABEL": "PUHESUO Liaoning (蒲河所)",
        "YZNM_PY": "PUHESUO",
        "YZNM_CH": "蒲河所",
        "YZNM_FT": "蒲河所",
        "CHGIS_ID": "21169",
        "NOTE": null,
        "10CNTY_CH": "沈北新区",
        "10CNTY_EN": "Xinchengzi",
        "10PREF_CH": "沈阳市",
        "10PREF_EN": "Shenyang",
        "10PROV_CH": "辽宁省",
        "10PROV_EN": "Liaoning",
        "GBCODE": 210113,
        "YZ_LAT": 123.582886,
        "YZ_LONG": 41.947865,
        "_layer_id": "ming_courier_stations",
        "_layer_title": "명대 역참 지점",
        "_source_file": "Ming_Stations_2016.shp",
        "_source_crs": "EPSG:4326"
      }
    },
    {
      "type": "Feature",
      "geometry": {
        "type": "Point",
        "coordinates": [
          123.64957600000002,
          42.09926600000002
        ]
      },
      "properties": {
        "SRC": "MDYZK",
        "STATUS": "Y",
        "YZ_ID": 980,
        "YZ_LABEL": "YILUYI Liaoning (懿路驿)",
        "YZNM_PY": "YILUYI",
        "YZNM_CH": "懿路驿",
        "YZNM_FT": "懿路驛",
        "CHGIS_ID": "21170",
        "NOTE": null,
        "10CNTY_CH": "铁岭县",
        "10CNTY_EN": "Tieling",
        "10PREF_CH": "铁岭市",
        "10PREF_EN": "Tieling",
        "10PROV_CH": "辽宁省",
        "10PROV_EN": "Liaoning",
        "GBCODE": 211221,
        "YZ_LAT": 123.649576,
        "YZ_LONG": 42.099266,
        "_layer_id": "ming_courier_stations",
        "_layer_title": "명대 역참 지점",
        "_source_file": "Ming_Stations_2016.shp",
        "_source_crs": "EPSG:4326"
      }
    },
    {
      "type": "Feature",
      "geometry": {
        "type": "Point",
        "coordinates": [
          123.847854,
          42.295509000000024
        ]
      },
      "properties": {
        "SRC": "MDYZK",
        "STATUS": "N",
        "YZ_ID": 981,
        "YZ_LABEL": "QIZHOUYI Liaoning (器州驿)",
        "YZNM_PY": "QIZHOUYI",
        "YZNM_CH": "器州驿",
        "YZNM_FT": "器州驛",
        "CHGIS_ID": "1183",
        "NOTE": null,
        "10CNTY_CH": "银州区",
        "10CNTY_EN": "Yinzhou",
        "10PREF_CH": "铁岭市",
        "10PREF_EN": "Tieling",
        "10PROV_CH": "辽宁省",
        "10PROV_EN": "Liaoning",
        "GBCODE": 211202,
        "YZ_LAT": 123.847854,
        "YZ_LONG": 42.295509,
        "_layer_id": "ming_courier_stations",
        "_layer_title": "명대 역참 지점",
        "_source_file": "Ming_Stations_2016.shp",
        "_source_crs": "EPSG:4326"
      }
    },
    {
      "type": "Feature",
      "geometry": {
        "type": "Point",
        "coordinates": [
          123.99208100000011,
          42.44029200000006
        ]
      },
      "properties": {
        "SRC": "MDYZK",
        "STATUS": "Y",
        "YZ_ID": 982,
        "YZ_LABEL": "ZHONGGUCHENG Liaoning (中固城)",
        "YZNM_PY": "ZHONGGUCHENG",
        "YZNM_CH": "中固城",
        "YZNM_FT": "中固城",
        "CHGIS_ID": "167648",
        "NOTE": null,
        "10CNTY_CH": "开原市",
        "10CNTY_EN": "Kaiyuan",
        "10PREF_CH": "铁岭市",
        "10PREF_EN": "Tieling",
        "10PROV_CH": "辽宁省",
        "10PROV_EN": "Liaoning",
        "GBCODE": 211282,
        "YZ_LAT": 123.992081,
        "YZ_LONG": 42.440292,
        "_layer_id": "ming_courier_stations",
        "_layer_title": "명대 역참 지점",
        "_source_file": "Ming_Stations_2016.shp",
        "_source_crs": "EPSG:4326"
      }
    },
    {
      "type": "Feature",
      "geometry": {
        "type": "Point",
        "coordinates": [
          124.07673600000001,
          42.60439300000002
        ]
      },
      "properties": {
        "SRC": "MDYZK",
        "STATUS": "Y",
        "YZ_ID": 983,
        "YZ_LABEL": "ANLEZHOUYI Liaoning (安乐州)",
        "YZNM_PY": "ANLEZHOUYI",
        "YZNM_CH": "安乐州",
        "YZNM_FT": "安樂州",
        "CHGIS_ID": "1175",
        "NOTE": null,
        "10CNTY_CH": "开原市",
        "10CNTY_EN": "Kaiyuan",
        "10PREF_CH": "铁岭市",
        "10PREF_EN": "Tieling",
        "10PROV_CH": "辽宁省",
        "10PROV_EN": "Liaoning",
        "GBCODE": 211282,
        "YZ_LAT": 124.076736,
        "YZ_LONG": 42.604393,
        "_layer_id": "ming_courier_stations",
        "_layer_title": "명대 역참 지점",
        "_source_file": "Ming_Stations_2016.shp",
        "_source_crs": "EPSG:4326"
      }
    },
    {
      "type": "Feature",
      "geometry": {
        "type": "Point",
        "coordinates": [
          124.27509065667297,
          42.66937954023945
        ]
      },
      "properties": {
        "SRC": "MDYZK",
        "STATUS": "Y",
        "YZ_ID": 984,
        "YZ_LABEL": "WEIYUANBAO Liaoning (威远堡)",
        "YZNM_PY": "WEIYUANBAO",
        "YZNM_CH": "威远堡",
        "YZNM_FT": "威遠堡",
        "CHGIS_ID": "21107",
        "NOTE": null,
        "10CNTY_CH": "开原市",
        "10CNTY_EN": "Kaiyuan",
        "10PREF_CH": "铁岭市",
        "10PREF_EN": "Tieling",
        "10PROV_CH": "辽宁省",
        "10PROV_EN": "Liaoning",
        "GBCODE": 211282,
        "YZ_LAT": 124.275091,
        "YZ_LONG": 42.66938,
        "_layer_id": "ming_courier_stations",
        "_layer_title": "명대 역참 지점",
        "_source_file": "Ming_Stations_2016.shp",
        "_source_crs": "EPSG:4326"
      }
    },
    {
      "type": "Feature",
      "geometry": {
        "type": "Point",
        "coordinates": [
          122.52367399999999,
          40.94553400000002
        ]
      },
      "properties": {
        "SRC": "MDYZK",
        "STATUS": "Y",
        "YZ_ID": 985,
        "YZ_LABEL": "NIUZHUANGYI Liaoning (牛庄驿)",
        "YZNM_PY": "NIUZHUANGYI",
        "YZNM_CH": "牛庄驿",
        "YZNM_FT": "牛莊驛",
        "CHGIS_ID": "1178",
        "NOTE": null,
        "10CNTY_CH": "海城市",
        "10CNTY_EN": "Haicheng",
        "10PREF_CH": "鞍山市",
        "10PREF_EN": "Anshan",
        "10PROV_CH": "辽宁省",
        "10PROV_EN": "Liaoning",
        "GBCODE": 210381,
        "YZ_LAT": 122.523674,
        "YZ_LONG": 40.945534,
        "_layer_id": "ming_courier_stations",
        "_layer_title": "명대 역참 지점",
        "_source_file": "Ming_Stations_2016.shp",
        "_source_crs": "EPSG:4326"
      }
    },
    {
      "type": "Feature",
      "geometry": {
        "type": "Point",
        "coordinates": [
          122.36406944836142,
          41.02782912727784
        ]
      },
      "properties": {
        "SRC": "MDYZK",
        "STATUS": "Y",
        "YZ_ID": 986,
        "YZ_LABEL": "XININGBAO Liaoning (西宁堡)",
        "YZNM_PY": "XININGBAO",
        "YZNM_CH": "西宁堡",
        "YZNM_FT": "西寧堡",
        "CHGIS_ID": null,
        "NOTE": null,
        "10CNTY_CH": "盘山县",
        "10CNTY_EN": "Panshan",
        "10PREF_CH": "盘锦市",
        "10PREF_EN": "Panjin",
        "10PROV_CH": "辽宁省",
        "10PROV_EN": "Liaoning",
        "GBCODE": 211122,
        "YZ_LAT": 122.364069,
        "YZ_LONG": 41.027829,
        "_layer_id": "ming_courier_stations",
        "_layer_title": "명대 역참 지점",
        "_source_file": "Ming_Stations_2016.shp",
        "_source_crs": "EPSG:4326"
      }
    },
    {
      "type": "Feature",
      "geometry": {
        "type": "Point",
        "coordinates": [
          122.36705799999999,
          41.14558400000002
        ]
      },
      "properties": {
        "SRC": "MDYZK",
        "STATUS": "Y",
        "YZ_ID": 987,
        "YZ_LABEL": "SHALINGYI Liaoning (沙岭驿)",
        "YZNM_PY": "SHALINGYI",
        "YZNM_CH": "沙岭驿",
        "YZNM_FT": "沙嶺驛",
        "CHGIS_ID": "21035",
        "NOTE": null,
        "10CNTY_CH": "盘山县",
        "10CNTY_EN": "Panshan",
        "10PREF_CH": "盘锦市",
        "10PREF_EN": "Panjin",
        "10PROV_CH": "辽宁省",
        "10PROV_EN": "Liaoning",
        "GBCODE": 211122,
        "YZ_LAT": 122.367058,
        "YZ_LONG": 41.145584,
        "_layer_id": "ming_courier_stations",
        "_layer_title": "명대 역참 지점",
        "_source_file": "Ming_Stations_2016.shp",
        "_source_crs": "EPSG:4326"
      }
    },
    {
      "type": "Feature",
      "geometry": {
        "type": "Point",
        "coordinates": [
          122.00507400000001,
          41.47807500000001
        ]
      },
      "properties": {
        "SRC": "MDYZK",
        "STATUS": "Y",
        "YZ_ID": 988,
        "YZ_LABEL": "PANSHANYI Liaoning (盘山驿)",
        "YZNM_PY": "PANSHANYI",
        "YZNM_CH": "盘山驿",
        "YZNM_FT": "盤山驛",
        "CHGIS_ID": "21045",
        "NOTE": null,
        "10CNTY_CH": "北镇市",
        "10CNTY_EN": "Beining",
        "10PREF_CH": "锦州市",
        "10PREF_EN": "Jinzhou",
        "10PROV_CH": "辽宁省",
        "10PROV_EN": "Liaoning",
        "GBCODE": 210782,
        "YZ_LAT": 122.005074,
        "YZ_LONG": 41.478075,
        "_layer_id": "ming_courier_stations",
        "_layer_title": "명대 역참 지점",
        "_source_file": "Ming_Stations_2016.shp",
        "_source_crs": "EPSG:4326"
      }
    },
    {
      "type": "Feature",
      "geometry": {
        "type": "Point",
        "coordinates": [
          122.33701465722804,
          41.24670495752603
        ]
      },
      "properties": {
        "SRC": "MDYZK",
        "STATUS": "Y",
        "YZ_ID": 989,
        "YZ_LABEL": "XIPINGYI Liaoning (西平驿)",
        "YZNM_PY": "XIPINGYI",
        "YZNM_CH": "西平驿",
        "YZNM_FT": "西平驛",
        "CHGIS_ID": "21034",
        "NOTE": null,
        "10CNTY_CH": "台安县",
        "10CNTY_EN": "Taian",
        "10PREF_CH": "鞍山市",
        "10PREF_EN": "Anshan",
        "10PROV_CH": "辽宁省",
        "10PROV_EN": "Liaoning",
        "GBCODE": 210321,
        "YZ_LAT": 122.337015,
        "YZ_LONG": 41.246705,
        "_layer_id": "ming_courier_stations",
        "_layer_title": "명대 역참 지점",
        "_source_file": "Ming_Stations_2016.shp",
        "_source_crs": "EPSG:4326"
      }
    },
    {
      "type": "Feature",
      "geometry": {
        "type": "Point",
        "coordinates": [
          121.78659799999998,
          41.59516500000003
        ]
      },
      "properties": {
        "SRC": "MDYZK",
        "STATUS": "Y",
        "YZ_ID": 990,
        "YZ_LABEL": "BANQIAOYI Liaoning (板桥驿)",
        "YZNM_PY": "BANQIAOYI",
        "YZNM_CH": "板桥驿",
        "YZNM_FT": "板橋驛",
        "CHGIS_ID": "1169",
        "NOTE": null,
        "10CNTY_CH": "北镇市",
        "10CNTY_EN": "Beining",
        "10PREF_CH": "锦州市",
        "10PREF_EN": "Jinzhou",
        "10PROV_CH": "辽宁省",
        "10PROV_EN": "Liaoning",
        "GBCODE": 210782,
        "YZ_LAT": 121.786598,
        "YZ_LONG": 41.595165,
        "_layer_id": "ming_courier_stations",
        "_layer_title": "명대 역참 지점",
        "_source_file": "Ming_Stations_2016.shp",
        "_source_crs": "EPSG:4326"
      }
    },
    {
      "type": "Feature",
      "geometry": {
        "type": "Point",
        "coordinates": [
          121.56389900000002,
          41.55171100000002
        ]
      },
      "properties": {
        "SRC": "MDYZK",
        "STATUS": "N",
        "YZ_ID": 991,
        "YZ_LABEL": "QIANMALINGYI Liaoning (牵马岭驿)",
        "YZNM_PY": "QIANMALINGYI",
        "YZNM_CH": "牵马岭驿",
        "YZNM_FT": "牽馬嶺驛",
        "CHGIS_ID": "21018",
        "NOTE": null,
        "10CNTY_CH": "义县",
        "10CNTY_EN": "Yixian",
        "10PREF_CH": "锦州市",
        "10PREF_EN": "Jinzhou",
        "10PROV_CH": "辽宁省",
        "10PROV_EN": "Liaoning",
        "GBCODE": 210727,
        "YZ_LAT": 121.563899,
        "YZ_LONG": 41.551711,
        "_layer_id": "ming_courier_stations",
        "_layer_title": "명대 역참 지점",
        "_source_file": "Ming_Stations_2016.shp",
        "_source_crs": "EPSG:4326"
      }
    },
    {
      "type": "Feature",
      "geometry": {
        "type": "Point",
        "coordinates": [
          121.24302700000003,
          41.539394000000016
        ]
      },
      "properties": {
        "SRC": "MDYZK",
        "STATUS": "Y",
        "YZ_ID": 992,
        "YZ_LABEL": "YIZHOUYI Liaoning (义州驿)",
        "YZNM_PY": "YIZHOUYI",
        "YZNM_CH": "义州驿",
        "YZNM_FT": "義州驛",
        "CHGIS_ID": "1168",
        "NOTE": null,
        "10CNTY_CH": "义县",
        "10CNTY_EN": "Yixian",
        "10PREF_CH": "锦州市",
        "10PREF_EN": "Jinzhou",
        "10PROV_CH": "辽宁省",
        "10PROV_EN": "Liaoning",
        "GBCODE": 210727,
        "YZ_LAT": 121.243027,
        "YZ_LONG": 41.539394,
        "_layer_id": "ming_courier_stations",
        "_layer_title": "명대 역참 지점",
        "_source_file": "Ming_Stations_2016.shp",
        "_source_crs": "EPSG:4326"
      }
    },
    {
      "type": "Feature",
      "geometry": {
        "type": "Point",
        "coordinates": [
          121.66500091552733,
          41.379165649414084
        ]
      },
      "properties": {
        "SRC": "MDYZK",
        "STATUS": "N",
        "YZ_ID": 993,
        "YZ_LABEL": "LVYANGYI Liaoning (闾阳驿)",
        "YZNM_PY": "LVYANGYI",
        "YZNM_CH": "闾阳驿",
        "YZNM_FT": "閭陽驛",
        "CHGIS_ID": "21017",
        "NOTE": null,
        "10CNTY_CH": "北镇市",
        "10CNTY_EN": "Beining",
        "10PREF_CH": "锦州市",
        "10PREF_EN": "Jinzhou",
        "10PROV_CH": "辽宁省",
        "10PROV_EN": "Liaoning",
        "GBCODE": 210782,
        "YZ_LAT": 121.665001,
        "YZ_LONG": 41.379166,
        "_layer_id": "ming_courier_stations",
        "_layer_title": "명대 역참 지점",
        "_source_file": "Ming_Stations_2016.shp",
        "_source_crs": "EPSG:4326"
      }
    },
    {
      "type": "Feature",
      "geometry": {
        "type": "Point",
        "coordinates": [
          121.5059201254252,
          41.26258635118773
        ]
      },
      "properties": {
        "SRC": "MDYZK",
        "STATUS": "Y",
        "YZ_ID": 994,
        "YZ_LABEL": "SHISANSHANYI Liaoning (十三山驿)",
        "YZNM_PY": "SHISANSHANYI",
        "YZNM_CH": "十三山驿",
        "YZNM_FT": "十三山驛",
        "CHGIS_ID": "21012",
        "NOTE": null,
        "10CNTY_CH": "凌海市",
        "10CNTY_EN": "Linghai",
        "10PREF_CH": "锦州市",
        "10PREF_EN": "Jinzhou",
        "10PROV_CH": "辽宁省",
        "10PROV_EN": "Liaoning",
        "GBCODE": 210781,
        "YZ_LAT": 121.50592,
        "YZ_LONG": 41.262586,
        "_layer_id": "ming_courier_stations",
        "_layer_title": "명대 역참 지점",
        "_source_file": "Ming_Stations_2016.shp",
        "_source_crs": "EPSG:4326"
      }
    },
    {
      "type": "Feature",
      "geometry": {
        "type": "Point",
        "coordinates": [
          121.07874300000006,
          40.94649900000008
        ]
      },
      "properties": {
        "SRC": "MDYZK",
        "STATUS": "L",
        "YZ_ID": 995,
        "YZ_LABEL": "XINGSHANYI Liaoning (杏山驿)",
        "YZNM_PY": "XINGSHANYI",
        "YZNM_CH": "杏山驿",
        "YZNM_FT": "杏山驛",
        "CHGIS_ID": "21002",
        "NOTE": null,
        "10CNTY_CH": "凌海市",
        "10CNTY_EN": "Linghai",
        "10PREF_CH": "锦州市",
        "10PREF_EN": "Jinzhou",
        "10PROV_CH": "辽宁省",
        "10PROV_EN": "Liaoning",
        "GBCODE": 210781,
        "YZ_LAT": 121.078743,
        "YZ_LONG": 40.946499,
        "_layer_id": "ming_courier_stations",
        "_layer_title": "명대 역참 지점",
        "_source_file": "Ming_Stations_2016.shp",
        "_source_crs": "EPSG:4326"
      }
    },
    {
      "type": "Feature",
      "geometry": {
        "type": "Point",
        "coordinates": [
          121.2566300000001,
          41.09718300000004
        ]
      },
      "properties": {
        "SRC": "MDYZK",
        "STATUS": "Y",
        "YZ_ID": 996,
        "YZ_LABEL": "XIAOLINGHEYI Liaoning (小凌河驿)",
        "YZNM_PY": "XIAOLINGHEYI",
        "YZNM_CH": "小凌河驿",
        "YZNM_FT": "小淩河驛",
        "CHGIS_ID": "167909",
        "NOTE": null,
        "10CNTY_CH": "凌海市",
        "10CNTY_EN": "Linghai",
        "10PREF_CH": "锦州市",
        "10PREF_EN": "Jinzhou",
        "10PROV_CH": "辽宁省",
        "10PROV_EN": "Liaoning",
        "GBCODE": 210781,
        "YZ_LAT": 121.25663,
        "YZ_LONG": 41.097183,
        "_layer_id": "ming_courier_stations",
        "_layer_title": "명대 역참 지점",
        "_source_file": "Ming_Stations_2016.shp",
        "_source_crs": "EPSG:4326"
      }
    },
    {
      "type": "Feature",
      "geometry": {
        "type": "Point",
        "coordinates": [
          121.35494164002647,
          41.17137093120304
        ]
      },
      "properties": {
        "SRC": "MDYZK",
        "STATUS": "Y",
        "YZ_ID": 997,
        "YZ_LABEL": "GUANGGNINGZHONGZUOSUOYI Liaoning (广宁中左所)",
        "YZNM_PY": "GUANGGNINGZHONGZUOSUOYI",
        "YZNM_CH": "广宁中左所",
        "YZNM_FT": "廣甯中左所",
        "CHGIS_ID": "21042",
        "NOTE": null,
        "10CNTY_CH": "凌海市",
        "10CNTY_EN": "Linghai",
        "10PREF_CH": "锦州市",
        "10PREF_EN": "Jinzhou",
        "10PROV_CH": "辽宁省",
        "10PROV_EN": "Liaoning",
        "GBCODE": 210781,
        "YZ_LAT": 121.354942,
        "YZ_LONG": 41.171371,
        "_layer_id": "ming_courier_stations",
        "_layer_title": "명대 역참 지점",
        "_source_file": "Ming_Stations_2016.shp",
        "_source_crs": "EPSG:4326"
      }
    },
    {
      "type": "Feature",
      "geometry": {
        "type": "Point",
        "coordinates": [
          119.952042,
          40.091007000000054
        ]
      },
      "properties": {
        "SRC": "MDYZK",
        "STATUS": "Y",
        "YZ_ID": 998,
        "YZ_LABEL": "GUANGNINGZHONGQIANSUOYI Liaoning (广宁中前所)",
        "YZNM_PY": "GUANGNINGZHONGQIANSUOYI",
        "YZNM_CH": "广宁中前所",
        "YZNM_FT": "廣寧中前所",
        "CHGIS_ID": "20972",
        "NOTE": null,
        "10CNTY_CH": "绥中县",
        "10CNTY_EN": "Suizhong",
        "10PREF_CH": "葫芦岛市",
        "10PREF_EN": "Huludao",
        "10PROV_CH": "辽宁省",
        "10PROV_EN": "Liaoning",
        "GBCODE": 211421,
        "YZ_LAT": 119.952042,
        "YZ_LONG": 40.091007,
        "_layer_id": "ming_courier_stations",
        "_layer_title": "명대 역참 지점",
        "_source_file": "Ming_Stations_2016.shp",
        "_source_crs": "EPSG:4326"
      }
    },
    {
      "type": "Feature",
      "geometry": {
        "type": "Point",
        "coordinates": [
          120.00385488124058,
          40.146281732890316
        ]
      },
      "properties": {
        "SRC": "MDYZK",
        "STATUS": "Y",
        "YZ_ID": 999,
        "YZ_LABEL": "GAOLINGYI Liaoning (高岭驿)",
        "YZNM_PY": "GAOLINGYI",
        "YZNM_CH": "高岭驿",
        "YZNM_FT": "高嶺驛",
        "CHGIS_ID": "20973",
        "NOTE": null,
        "10CNTY_CH": "绥中县",
        "10CNTY_EN": "Suizhong",
        "10PREF_CH": "葫芦岛市",
        "10PREF_EN": "Huludao",
        "10PROV_CH": "辽宁省",
        "10PROV_EN": "Liaoning",
        "GBCODE": 211421,
        "YZ_LAT": 120.003855,
        "YZ_LONG": 40.146282,
        "_layer_id": "ming_courier_stations",
        "_layer_title": "명대 역참 지점",
        "_source_file": "Ming_Stations_2016.shp",
        "_source_crs": "EPSG:4326"
      }
    },
    {
      "type": "Feature",
      "geometry": {
        "type": "Point",
        "coordinates": [
          120.0999984741211,
          40.20000076293947
        ]
      },
      "properties": {
        "SRC": "MDYZK",
        "STATUS": "Y",
        "YZ_ID": 1000,
        "YZ_LABEL": "BEIYINZHANGBAO Liaoning (背阴障堡)",
        "YZNM_PY": "BEIYINZHANGBAO",
        "YZNM_CH": "背阴障堡",
        "YZNM_FT": "背陰障堡",
        "CHGIS_ID": "20975",
        "NOTE": null,
        "10CNTY_CH": "绥中县",
        "10CNTY_EN": "Suizhong",
        "10PREF_CH": "葫芦岛市",
        "10PREF_EN": "Huludao",
        "10PROV_CH": "辽宁省",
        "10PROV_EN": "Liaoning",
        "GBCODE": 211421,
        "YZ_LAT": 120.099998,
        "YZ_LONG": 40.200001,
        "_layer_id": "ming_courier_stations",
        "_layer_title": "명대 역참 지점",
        "_source_file": "Ming_Stations_2016.shp",
        "_source_crs": "EPSG:4326"
      }
    },
    {
      "type": "Feature",
      "geometry": {
        "type": "Point",
        "coordinates": [
          120.24735532576828,
          40.273489105092196
        ]
      },
      "properties": {
        "SRC": "MDYZK",
        "STATUS": "Y",
        "YZ_ID": 1001,
        "YZ_LABEL": "SHAHEYI Liaoning (沙河驿)",
        "YZNM_PY": "SHAHEYI",
        "YZNM_CH": "沙河驿",
        "YZNM_FT": "沙河驛",
        "CHGIS_ID": null,
        "NOTE": null,
        "10CNTY_CH": "绥中县",
        "10CNTY_EN": "Suizhong",
        "10PREF_CH": "葫芦岛市",
        "10PREF_EN": "Huludao",
        "10PROV_CH": "辽宁省",
        "10PROV_EN": "Liaoning",
        "GBCODE": 211421,
        "YZ_LAT": 120.247355,
        "YZ_LONG": 40.273489,
        "_layer_id": "ming_courier_stations",
        "_layer_title": "명대 역참 지점",
        "_source_file": "Ming_Stations_2016.shp",
        "_source_crs": "EPSG:4326"
      }
    },
    {
      "type": "Feature",
      "geometry": {
        "type": "Point",
        "coordinates": [
          120.33303087986437,
          40.3282619613104
        ]
      },
      "properties": {
        "SRC": "MDYZK",
        "STATUS": "Y",
        "YZ_ID": 1002,
        "YZ_LABEL": "GUANGNINGZHONGHOUSUO Liaoning (广宁中后所)",
        "YZNM_PY": "GUANGNINGZHONGHOUSUO",
        "YZNM_CH": "广宁中后所",
        "YZNM_FT": "廣寧中後所",
        "CHGIS_ID": "20981",
        "NOTE": null,
        "10CNTY_CH": "绥中县",
        "10CNTY_EN": "Suizhong",
        "10PREF_CH": "葫芦岛市",
        "10PREF_EN": "Huludao",
        "10PROV_CH": "辽宁省",
        "10PROV_EN": "Liaoning",
        "GBCODE": 211421,
        "YZ_LAT": 120.333031,
        "YZ_LONG": 40.328262,
        "_layer_id": "ming_courier_stations",
        "_layer_title": "명대 역참 지점",
        "_source_file": "Ming_Stations_2016.shp",
        "_source_crs": "EPSG:4326"
      }
    },
    {
      "type": "Feature",
      "geometry": {
        "type": "Point",
        "coordinates": [
          120.44715886344116,
          40.40240595857404
        ]
      },
      "properties": {
        "SRC": "MDYZK",
        "STATUS": "Y",
        "YZ_ID": 1003,
        "YZ_LABEL": "DONGGUANYI Liaoning (东关驿)",
        "YZNM_PY": "DONGGUANYI",
        "YZNM_CH": "东关驿",
        "YZNM_FT": "東關驛",
        "CHGIS_ID": "167898",
        "NOTE": null,
        "10CNTY_CH": "兴城市",
        "10CNTY_EN": "Xingcheng",
        "10PREF_CH": "葫芦岛市",
        "10PREF_EN": "Huludao",
        "10PROV_CH": "辽宁省",
        "10PROV_EN": "Liaoning",
        "GBCODE": 211481,
        "YZ_LAT": 120.447159,
        "YZ_LONG": 40.402406,
        "_layer_id": "ming_courier_stations",
        "_layer_title": "명대 역참 지점",
        "_source_file": "Ming_Stations_2016.shp",
        "_source_crs": "EPSG:4326"
      }
    },
    {
      "type": "Feature",
      "geometry": {
        "type": "Point",
        "coordinates": [
          120.99158500000011,
          40.895901000000045
        ]
      },
      "properties": {
        "SRC": "MDYZK",
        "STATUS": "Y",
        "YZ_ID": 1004,
        "YZ_LABEL": "NINGYUANZHONGZUOSUO Liaoning (宁远中左所)",
        "YZNM_PY": "NINGYUANZHONGZUOSUO",
        "YZNM_CH": "宁远中左所",
        "YZNM_FT": "甯遠中左所",
        "CHGIS_ID": "167906",
        "NOTE": null,
        "10CNTY_CH": "连山区",
        "10CNTY_EN": "Lianshan",
        "10PREF_CH": "葫芦岛市",
        "10PREF_EN": "Huludao",
        "10PROV_CH": "辽宁省",
        "10PROV_EN": "Liaoning",
        "GBCODE": 211402,
        "YZ_LAT": 120.991585,
        "YZ_LONG": 40.895901,
        "_layer_id": "ming_courier_stations",
        "_layer_title": "명대 역참 지점",
        "_source_file": "Ming_Stations_2016.shp",
        "_source_crs": "EPSG:4326"
      }
    },
    {
      "type": "Feature",
      "geometry": {
        "type": "Point",
        "coordinates": [
          120.84893778704273,
          40.75600094756899
        ]
      },
      "properties": {
        "SRC": "MDYZK",
        "STATUS": "Y",
        "YZ_ID": 1005,
        "YZ_LABEL": "LIANSHANYI Liaoning (连山驿)",
        "YZNM_PY": "LIANSHANYI",
        "YZNM_CH": "连山驿",
        "YZNM_FT": "連山驛",
        "CHGIS_ID": "20994",
        "NOTE": null,
        "10CNTY_CH": "龙港区",
        "10CNTY_EN": "Longgang",
        "10PREF_CH": "葫芦岛市",
        "10PREF_EN": "Huludao",
        "10PROV_CH": "辽宁省",
        "10PROV_EN": "Liaoning",
        "GBCODE": 211403,
        "YZ_LAT": 120.848938,
        "YZ_LONG": 40.756001,
        "_layer_id": "ming_courier_stations",
        "_layer_title": "명대 역참 지점",
        "_source_file": "Ming_Stations_2016.shp",
        "_source_crs": "EPSG:4326"
      }
    },
    {
      "type": "Feature",
      "geometry": {
        "type": "Point",
        "coordinates": [
          120.5709827557532,
          40.47993451404985
        ]
      },
      "properties": {
        "SRC": "MDYZK",
        "STATUS": "Y",
        "YZ_ID": 1006,
        "YZ_LABEL": "CAOZHUANGYI Liaoning (曹庄驿)",
        "YZNM_PY": "CAOZHUANGYI",
        "YZNM_CH": "曹庄驿",
        "YZNM_FT": "曹莊驛",
        "CHGIS_ID": "20986",
        "NOTE": null,
        "10CNTY_CH": "兴城市",
        "10CNTY_EN": "Xingcheng",
        "10PREF_CH": "葫芦岛市",
        "10PREF_EN": "Huludao",
        "10PROV_CH": "辽宁省",
        "10PROV_EN": "Liaoning",
        "GBCODE": 211481,
        "YZ_LAT": 120.570983,
        "YZ_LONG": 40.479935,
        "_layer_id": "ming_courier_stations",
        "_layer_title": "명대 역참 지점",
        "_source_file": "Ming_Stations_2016.shp",
        "_source_crs": "EPSG:4326"
      }
    },
    {
      "type": "Feature",
      "geometry": {
        "type": "Point",
        "coordinates": [
          120.49999999999999,
          40.43333435058596
        ]
      },
      "properties": {
        "SRC": "MDYZK",
        "STATUS": "N",
        "YZ_ID": 1007,
        "YZ_LABEL": "NINGYUANZHONGYOUSUO Liaoning (宁远中右所)",
        "YZNM_PY": "NINGYUANZHONGYOUSUO",
        "YZNM_CH": "宁远中右所",
        "YZNM_FT": "寧遠中右所",
        "CHGIS_ID": null,
        "NOTE": null,
        "10CNTY_CH": "兴城市",
        "10CNTY_EN": "Xingcheng",
        "10PREF_CH": "葫芦岛市",
        "10PREF_EN": "Huludao",
        "10PROV_CH": "辽宁省",
        "10PROV_EN": "Liaoning",
        "GBCODE": 211481,
        "YZ_LAT": 120.5,
        "YZ_LONG": 40.433334,
        "_layer_id": "ming_courier_stations",
        "_layer_title": "명대 역참 지점",
        "_source_file": "Ming_Stations_2016.shp",
        "_source_crs": "EPSG:4326"
      }
    },
    {
      "type": "Feature",
      "geometry": {
        "type": "Point",
        "coordinates": [
          120.70343781833832,
          40.619227951790585
        ]
      },
      "properties": {
        "SRC": "MDYZK",
        "STATUS": "Y",
        "YZ_ID": 1008,
        "YZ_LABEL": "NINGYUANWEI Liaoning (宁远卫)",
        "YZNM_PY": "NINGYUANWEI",
        "YZNM_CH": "宁远卫",
        "YZNM_FT": "甯遠衛",
        "CHGIS_ID": "1167",
        "NOTE": null,
        "10CNTY_CH": "兴城市",
        "10CNTY_EN": "Xingcheng",
        "10PREF_CH": "葫芦岛市",
        "10PREF_EN": "Huludao",
        "10PROV_CH": "辽宁省",
        "10PROV_EN": "Liaoning",
        "GBCODE": 211481,
        "YZ_LAT": 120.703438,
        "YZ_LONG": 40.619228,
        "_layer_id": "ming_courier_stations",
        "_layer_title": "명대 역참 지점",
        "_source_file": "Ming_Stations_2016.shp",
        "_source_crs": "EPSG:4326"
      }
    },
    {
      "type": "Feature",
      "geometry": {
        "type": "Point",
        "coordinates": [
          109.62574799999999,
          26.319410000000012
        ]
      },
      "properties": {
        "SRC": "MDYZK",
        "STATUS": "L",
        "YZ_ID": 1009,
        "YZ_LABEL": "TONGDAO Hunan (通道)",
        "YZNM_PY": "TONGDAO",
        "YZNM_CH": "通道",
        "YZNM_FT": "通道",
        "CHGIS_ID": "722",
        "NOTE": null,
        "10CNTY_CH": "通道侗族自治县",
        "10CNTY_EN": "Tongdaodongzuzizhixian",
        "10PREF_CH": "怀化市",
        "10PREF_EN": "Huaihua",
        "10PROV_CH": "湖南省",
        "10PROV_EN": "Hunan",
        "GBCODE": 431230,
        "YZ_LAT": 109.625748,
        "YZ_LONG": 26.31941,
        "_layer_id": "ming_courier_stations",
        "_layer_title": "명대 역참 지점",
        "_source_file": "Ming_Stations_2016.shp",
        "_source_crs": "EPSG:4326"
      }
    },
    {
      "type": "Feature",
      "geometry": {
        "type": "Point",
        "coordinates": [
          114.68877410888672,
          39.3540153503418
        ]
      },
      "properties": {
        "SRC": "PA_1903",
        "STATUS": "L",
        "YZ_ID": 1010,
        "YZ_LABEL": "BANBIDIAN Hebei (半壁店)",
        "YZNM_PY": "BANBIDIAN",
        "YZNM_CH": "半壁店",
        "YZNM_FT": "半壁店",
        "CHGIS_ID": "134830",
        "NOTE": "dist from Gaobeidian",
        "10CNTY_CH": "涞源县",
        "10CNTY_EN": "Laiyuan",
        "10PREF_CH": "保定市",
        "10PREF_EN": "Baoding",
        "10PROV_CH": "河北省",
        "10PROV_EN": "Hebei",
        "GBCODE": 130630,
        "YZ_LAT": 114.688774,
        "YZ_LONG": 39.354015,
        "_layer_id": "ming_courier_stations",
        "_layer_title": "명대 역참 지점",
        "_source_file": "Ming_Stations_2016.shp",
        "_source_crs": "EPSG:4326"
      }
    },
    {
      "type": "Feature",
      "geometry": {
        "type": "Point",
        "coordinates": [
          107.78897099996348,
          30.666654999966074
        ]
      },
      "properties": {
        "SRC": "MDYZK",
        "STATUS": "L",
        "YZ_ID": 1011,
        "YZ_LABEL": "LIANGSHANYI Chongqing (梁山驿)",
        "YZNM_PY": "LIANGSHANYI",
        "YZNM_CH": "梁山驛",
        "YZNM_FT": "梁山驿",
        "CHGIS_ID": "1252",
        "NOTE": null,
        "10CNTY_CH": "梁平县",
        "10CNTY_EN": "Liangping",
        "10PREF_CH": "重庆市（辖县）",
        "10PREF_EN": "Chongqing (Counties)",
        "10PROV_CH": "重庆市",
        "10PROV_EN": "Chongqing",
        "GBCODE": 500228,
        "YZ_LAT": 107.788971,
        "YZ_LONG": 30.666655,
        "_layer_id": "ming_courier_stations",
        "_layer_title": "명대 역참 지점",
        "_source_file": "Ming_Stations_2016.shp",
        "_source_crs": "EPSG:4326"
      }
    },
    {
      "type": "Feature",
      "geometry": {
        "type": "Point",
        "coordinates": [
          108.29745499998786,
          30.594996999987817
        ]
      },
      "properties": {
        "SRC": "MDYZK",
        "STATUS": "L",
        "YZ_ID": 1012,
        "YZ_LABEL": "NANGTUYI Chongqing (灢途驿)",
        "YZNM_PY": "NANGTUYI",
        "YZNM_CH": "灢途驿",
        "YZNM_FT": "灢途驛",
        "CHGIS_ID": "21435",
        "NOTE": null,
        "10CNTY_CH": "万州区",
        "10CNTY_EN": "Wanzhou",
        "10PREF_CH": "重庆市（辖区）",
        "10PREF_EN": "Chongqing (Districts)",
        "10PROV_CH": "重庆市",
        "10PROV_EN": "Chongqing",
        "GBCODE": 500101,
        "YZ_LAT": 108.297455,
        "YZ_LONG": 30.594997,
        "_layer_id": "ming_courier_stations",
        "_layer_title": "명대 역참 지점",
        "_source_file": "Ming_Stations_2016.shp",
        "_source_crs": "EPSG:4326"
      }
    },
    {
      "type": "Feature",
      "geometry": {
        "type": "Point",
        "coordinates": [
          108.20223999998481,
          30.423717999985442
        ]
      },
      "properties": {
        "SRC": "MDYZK",
        "STATUS": "L",
        "YZ_ID": 1013,
        "YZ_LABEL": "CAOXIYI  Chongqing (曹谿驿)",
        "YZNM_PY": "CAOXIYI",
        "YZNM_CH": "曹谿驛",
        "YZNM_FT": "曹谿驿",
        "CHGIS_ID": "163008",
        "NOTE": null,
        "10CNTY_CH": "忠县",
        "10CNTY_EN": "Zhongxian",
        "10PREF_CH": "重庆市（辖县）",
        "10PREF_EN": "Chongqing (Counties)",
        "10PROV_CH": "重庆市",
        "10PROV_EN": "Chongqing",
        "GBCODE": 500233,
        "YZ_LAT": 108.20224,
        "YZ_LONG": 30.423718,
        "_layer_id": "ming_courier_stations",
        "_layer_title": "명대 역참 지점",
        "_source_file": "Ming_Stations_2016.shp",
        "_source_crs": "EPSG:4326"
      }
    },
    {
      "type": "Feature",
      "geometry": {
        "type": "Point",
        "coordinates": [
          108.0315779999777,
          30.298577999979656
        ]
      },
      "properties": {
        "SRC": "MDYZK",
        "STATUS": "L",
        "YZ_ID": 1014,
        "YZ_LABEL": "YUNGENYI Chongqing (云根驿)",
        "YZNM_PY": "YUNGENYI",
        "YZNM_CH": "云根驿",
        "YZNM_FT": "雲根驛",
        "CHGIS_ID": "96603",
        "NOTE": null,
        "10CNTY_CH": "忠县",
        "10CNTY_EN": "Zhongxian",
        "10PREF_CH": "重庆市（辖县）",
        "10PREF_EN": "Chongqing (Counties)",
        "10PROV_CH": "重庆市",
        "10PROV_EN": "Chongqing",
        "GBCODE": 500233,
        "YZ_LAT": 108.031578,
        "YZ_LONG": 30.298578,
        "_layer_id": "ming_courier_stations",
        "_layer_title": "명대 역참 지점",
        "_source_file": "Ming_Stations_2016.shp",
        "_source_crs": "EPSG:4326"
      }
    },
    {
      "type": "Feature",
      "geometry": {
        "type": "Point",
        "coordinates": [
          107.46962699993173,
          29.9080559999452
        ]
      },
      "properties": {
        "SRC": "MDYZK",
        "STATUS": "L",
        "YZ_ID": 1017,
        "YZ_LABEL": "DONGQINGYI Chongqing (东青驿_",
        "YZNM_PY": "DONGQINGYI",
        "YZNM_CH": "东青驿",
        "YZNM_FT": "東青驛",
        "CHGIS_ID": "1281",
        "NOTE": null,
        "10CNTY_CH": "涪陵区",
        "10CNTY_EN": "Fuling",
        "10PREF_CH": "重庆市（辖区）",
        "10PREF_EN": "Chongqing (Districts)",
        "10PROV_CH": "重庆市",
        "10PROV_EN": "Chongqing",
        "GBCODE": 500102,
        "YZ_LAT": 107.469627,
        "YZ_LONG": 29.908056,
        "_layer_id": "ming_courier_stations",
        "_layer_title": "명대 역참 지점",
        "_source_file": "Ming_Stations_2016.shp",
        "_source_crs": "EPSG:4326"
      }
    },
    {
      "type": "Feature",
      "geometry": {
        "type": "Point",
        "coordinates": [
          107.39096099992102,
          29.702775999938865
        ]
      },
      "properties": {
        "SRC": "MDYZK",
        "STATUS": "L",
        "YZ_ID": 1018,
        "YZ_LABEL": "FULINGYI Chongqing (涪陵驿)",
        "YZNM_PY": "FULINGYI",
        "YZNM_CH": "涪陵驿",
        "YZNM_FT": "涪陵驛",
        "CHGIS_ID": "1282",
        "NOTE": null,
        "10CNTY_CH": "涪陵区",
        "10CNTY_EN": "Fuling",
        "10PREF_CH": "重庆市（辖区）",
        "10PREF_EN": "Chongqing (Districts)",
        "10PROV_CH": "重庆市",
        "10PROV_EN": "Chongqing",
        "GBCODE": 500102,
        "YZ_LAT": 107.390961,
        "YZ_LONG": 29.702776,
        "_layer_id": "ming_courier_stations",
        "_layer_title": "명대 역참 지점",
        "_source_file": "Ming_Stations_2016.shp",
        "_source_crs": "EPSG:4326"
      }
    },
    {
      "type": "Feature",
      "geometry": {
        "type": "Point",
        "coordinates": [
          107.88336199996928,
          30.137612999973268
        ]
      },
      "properties": {
        "SRC": "MDYZK",
        "STATUS": "L",
        "YZ_ID": 1015,
        "YZ_LABEL": "HUALINYI Chongqing (花林驿)",
        "YZNM_PY": "HUALINYI",
        "YZNM_CH": "花林驿",
        "YZNM_FT": "花林驛",
        "CHGIS_ID": "21419",
        "NOTE": null,
        "10CNTY_CH": "忠县",
        "10CNTY_EN": "Zhongxian",
        "10PREF_CH": "重庆市（辖县）",
        "10PREF_EN": "Chongqing (Counties)",
        "10PROV_CH": "重庆市",
        "10PROV_EN": "Chongqing",
        "GBCODE": 500233,
        "YZ_LAT": 107.883362,
        "YZ_LONG": 30.137613,
        "_layer_id": "ming_courier_stations",
        "_layer_title": "명대 역참 지점",
        "_source_file": "Ming_Stations_2016.shp",
        "_source_crs": "EPSG:4326"
      }
    },
    {
      "type": "Feature",
      "geometry": {
        "type": "Point",
        "coordinates": [
          107.71456099995676,
          29.887395999964447
        ]
      },
      "properties": {
        "SRC": "MDYZK",
        "STATUS": "L",
        "YZ_ID": 1016,
        "YZ_LABEL": "FENGLINGYI Chongqing (酆陵驿)",
        "YZNM_PY": "FENLINGYI",
        "YZNM_CH": "酆陵驿",
        "YZNM_FT": "酆陵驛",
        "CHGIS_ID": "12270",
        "NOTE": null,
        "10CNTY_CH": "丰都县",
        "10CNTY_EN": "Fengdu",
        "10PREF_CH": "重庆市（辖县）",
        "10PREF_EN": "Chongqing (Counties)",
        "10PROV_CH": "重庆市",
        "10PROV_EN": "Chongqing",
        "GBCODE": 500230,
        "YZ_LAT": 107.714561,
        "YZ_LONG": 29.887396,
        "_layer_id": "ming_courier_stations",
        "_layer_title": "명대 역참 지점",
        "_source_file": "Ming_Stations_2016.shp",
        "_source_crs": "EPSG:4326"
      }
    },
    {
      "type": "Feature",
      "geometry": {
        "type": "Point",
        "coordinates": [
          107.1939929998896,
          29.66137699991634
        ]
      },
      "properties": {
        "SRC": "MDYZK",
        "STATUS": "L",
        "YZ_ID": 1019,
        "YZ_LABEL": "LINSHIYI Chongqing (蔺市驿)",
        "YZNM_PY": "LINSHIYI",
        "YZNM_CH": "蔺市驿",
        "YZNM_FT": "藺市驛",
        "CHGIS_ID": "165786",
        "NOTE": null,
        "10CNTY_CH": "涪陵区",
        "10CNTY_EN": "Fuling",
        "10PREF_CH": "重庆市（辖区）",
        "10PREF_EN": "Chongqing (Districts)",
        "10PROV_CH": "重庆市",
        "10PROV_EN": "Chongqing",
        "GBCODE": 500102,
        "YZ_LAT": 107.193993,
        "YZ_LONG": 29.661377,
        "_layer_id": "ming_courier_stations",
        "_layer_title": "명대 역참 지점",
        "_source_file": "Ming_Stations_2016.shp",
        "_source_crs": "EPSG:4326"
      }
    },
    {
      "type": "Feature",
      "geometry": {
        "type": "Point",
        "coordinates": [
          106.8842559998204,
          29.68166099986564
        ]
      },
      "properties": {
        "SRC": "MDYZK",
        "STATUS": "L",
        "YZ_ID": 1021,
        "YZ_LABEL": "LONGXIYI Chongqing (龙溪驿)",
        "YZNM_PY": "LONGXIYI",
        "YZNM_CH": "龙溪驿",
        "YZNM_FT": "龍溪驛",
        "CHGIS_ID": "165853",
        "NOTE": null,
        "10CNTY_CH": "渝北区",
        "10CNTY_EN": "Yubei",
        "10PREF_CH": "重庆市（辖区）",
        "10PREF_EN": "Chongqing (Districts)",
        "10PROV_CH": "重庆市",
        "10PROV_EN": "Chongqing",
        "GBCODE": 500112,
        "YZ_LAT": 106.884256,
        "YZ_LONG": 29.681661,
        "_layer_id": "ming_courier_stations",
        "_layer_title": "명대 역참 지점",
        "_source_file": "Ming_Stations_2016.shp",
        "_source_crs": "EPSG:4326"
      }
    },
    {
      "type": "Feature",
      "geometry": {
        "type": "Point",
        "coordinates": [
          107.06114999986379,
          29.83363699989501
        ]
      },
      "properties": {
        "SRC": "MDYZK",
        "STATUS": "L",
        "YZ_ID": 1020,
        "YZ_LABEL": "CHANGSHOUYI Chongqing (长寿驿)",
        "YZNM_PY": "CHANGSHOUYI",
        "YZNM_CH": "长寿驿",
        "YZNM_FT": "長壽驛",
        "CHGIS_ID": "1279",
        "NOTE": null,
        "10CNTY_CH": "长寿区",
        "10CNTY_EN": "Changshou",
        "10PREF_CH": "重庆市（辖区）",
        "10PREF_EN": "Chongqing (Districts)",
        "10PROV_CH": "重庆市",
        "10PROV_EN": "Chongqing",
        "GBCODE": 500115,
        "YZ_LAT": 107.06115,
        "YZ_LONG": 29.833637,
        "_layer_id": "ming_courier_stations",
        "_layer_title": "명대 역참 지점",
        "_source_file": "Ming_Stations_2016.shp",
        "_source_crs": "EPSG:4326"
      }
    },
    {
      "type": "Feature",
      "geometry": {
        "type": "Point",
        "coordinates": [
          106.84062999980769,
          29.570592999858576
        ]
      },
      "properties": {
        "SRC": "MDYZK",
        "STATUS": "L",
        "YZ_ID": 1022,
        "YZ_LABEL": "MUDONGYI Chongqing (木洞驿)",
        "YZNM_PY": "MUDONGYI",
        "YZNM_CH": "木洞驿",
        "YZNM_FT": "木洞驛",
        "CHGIS_ID": "165372",
        "NOTE": null,
        "10CNTY_CH": "巴南区",
        "10CNTY_EN": "Banan",
        "10PREF_CH": "重庆市（辖区）",
        "10PREF_EN": "Chongqing (Districts)",
        "10PROV_CH": "重庆市",
        "10PROV_EN": "Chongqing",
        "GBCODE": 500113,
        "YZ_LAT": 106.84063,
        "YZ_LONG": 29.570593,
        "_layer_id": "ming_courier_stations",
        "_layer_title": "명대 역참 지점",
        "_source_file": "Ming_Stations_2016.shp",
        "_source_crs": "EPSG:4326"
      }
    },
    {
      "type": "Feature",
      "geometry": {
        "type": "Point",
        "coordinates": [
          104.55953063511136,
          32.40292337232066
        ]
      },
      "properties": {
        "SRC": "MDYZK",
        "STATUS": "L",
        "YZ_ID": 826,
        "YZ_LABEL": "HANZIYI Sichuan (汉子驿)",
        "YZNM_PY": "HANZIYI",
        "YZNM_CH": "汉子驿",
        "YZNM_FT": "漢子驛",
        "CHGIS_ID": null,
        "NOTE": null,
        "10CNTY_CH": "平武县",
        "10CNTY_EN": "Pingwu",
        "10PREF_CH": "绵阳市",
        "10PREF_EN": "Mianyang",
        "10PROV_CH": "四川省",
        "10PROV_EN": "Sichuan",
        "GBCODE": 510727,
        "YZ_LAT": 104.559531,
        "YZ_LONG": 32.402923,
        "_layer_id": "ming_courier_stations",
        "_layer_title": "명대 역참 지점",
        "_source_file": "Ming_Stations_2016.shp",
        "_source_crs": "EPSG:4326"
      }
    }
  ]
}