{
  "type": "FeatureCollection",
  "features": [
    {
      "type": "Feature",
      "geometry": {
        "type": "LineString",
        "coordinates": [
          [
            116.36800384521484,
            39.931427001953125
          ],
          [
            116.65880584716797,
            39.905921936035156
          ]
        ]
      },
      "properties": {
        "MAJ_MINOR": 2,
        "SOURCE": null,
        "_layer_id": "ming_courier_routes",
        "_layer_title": "명대 역참 노선",
        "_source_file": "Ming_Routes_2016.shp",
        "_source_crs": "EPSG:4326"
      }
    },
    {
      "type": "Feature",
      "geometry": {
        "type": "LineString",
        "coordinates": [
          [
            116.65880584716797,
            39.905921936035156
          ],
          [
            117.07611846923828,
            39.9827880859375
          ]
        ]
      },
      "properties": {
        "MAJ_MINOR": 2,
        "SOURCE": null,
        "_layer_id": "ming_courier_routes",
        "_layer_title": "명대 역참 노선",
        "_source_file": "Ming_Routes_2016.shp",
        "_source_crs": "EPSG:4326"
      }
    },
    {
      "type": "Feature",
      "geometry": {
        "type": "LineString",
        "coordinates": [
          [
            117.07611846923828,
            39.9827880859375
          ],
          [
            117.40181732177734,
            40.04386520385742
          ]
        ]
      },
      "properties": {
        "MAJ_MINOR": 2,
        "SOURCE": null,
        "_layer_id": "ming_courier_routes",
        "_layer_title": "명대 역참 노선",
        "_source_file": "Ming_Routes_2016.shp",
        "_source_crs": "EPSG:4326"
      }
    },
    {
      "type": "Feature",
      "geometry": {
        "type": "LineString",
        "coordinates": [
          [
            117.40181732177746,
            40.043865203857536
          ],
          [
            117.69675399999994,
            40.112427000000025
          ]
        ]
      },
      "properties": {
        "MAJ_MINOR": 2,
        "SOURCE": "MDYZK",
        "_layer_id": "ming_courier_routes",
        "_layer_title": "명대 역참 노선",
        "_source_file": "Ming_Routes_2016.shp",
        "_source_crs": "EPSG:4326"
      }
    },
    {
      "type": "Feature",
      "geometry": {
        "type": "LineString",
        "coordinates": [
          [
            117.75477600097656,
            39.883670806884766
          ],
          [
            118.13489532470703,
            39.82760238647461
          ]
        ]
      },
      "properties": {
        "MAJ_MINOR": 2,
        "SOURCE": null,
        "_layer_id": "ming_courier_routes",
        "_layer_title": "명대 역참 노선",
        "_source_file": "Ming_Routes_2016.shp",
        "_source_crs": "EPSG:4326"
      }
    },
    {
      "type": "Feature",
      "geometry": {
        "type": "LineString",
        "coordinates": [
          [
            118.13489532470703,
            39.82760238647455
          ],
          [
            118.46919200000002,
            39.866401999999994
          ]
        ]
      },
      "properties": {
        "MAJ_MINOR": 2,
        "SOURCE": "MDYZK",
        "_layer_id": "ming_courier_routes",
        "_layer_title": "명대 역참 노선",
        "_source_file": "Ming_Routes_2016.shp",
        "_source_crs": "EPSG:4326"
      }
    },
    {
      "type": "Feature",
      "geometry": {
        "type": "LineString",
        "coordinates": [
          [
            118.46919200000002,
            39.866401999999994
          ],
          [
            118.86199951171875,
            39.876998901367244
          ]
        ]
      },
      "properties": {
        "MAJ_MINOR": 2,
        "SOURCE": "MDYZK",
        "_layer_id": "ming_courier_routes",
        "_layer_title": "명대 역참 노선",
        "_source_file": "Ming_Routes_2016.shp",
        "_source_crs": "EPSG:4326"
      }
    },
    {
      "type": "Feature",
      "geometry": {
        "type": "LineString",
        "coordinates": [
          [
            118.86199951171875,
            39.87699890136719
          ],
          [
            119.15826297090915,
            39.88223498194715
          ]
        ]
      },
      "properties": {
        "MAJ_MINOR": 2,
        "SOURCE": "MDYZK",
        "_layer_id": "ming_courier_routes",
        "_layer_title": "명대 역참 노선",
        "_source_file": "Ming_Routes_2016.shp",
        "_source_crs": "EPSG:4326"
      }
    },
    {
      "type": "Feature",
      "geometry": {
        "type": "LineString",
        "coordinates": [
          [
            119.1582629709092,
            39.88223498194715
          ],
          [
            119.77024100000017,
            40.01019299999996
          ]
        ]
      },
      "properties": {
        "MAJ_MINOR": 2,
        "SOURCE": "MDYZK",
        "_layer_id": "ming_courier_routes",
        "_layer_title": "명대 역참 노선",
        "_source_file": "Ming_Routes_2016.shp",
        "_source_crs": "EPSG:4326"
      }
    },
    {
      "type": "Feature",
      "geometry": {
        "type": "LineString",
        "coordinates": [
          [
            116.36800384521496,
            39.93142700195324
          ],
          [
            116.28398900000002,
            39.84944900000011
          ]
        ]
      },
      "properties": {
        "MAJ_MINOR": 1,
        "SOURCE": null,
        "_layer_id": "ming_courier_routes",
        "_layer_title": "명대 역참 노선",
        "_source_file": "Ming_Routes_2016.shp",
        "_source_crs": "EPSG:4326"
      }
    },
    {
      "type": "Feature",
      "geometry": {
        "type": "LineString",
        "coordinates": [
          [
            116.13558197021484,
            39.74125289916992
          ],
          [
            115.96814727783203,
            39.487220764160156
          ]
        ]
      },
      "properties": {
        "MAJ_MINOR": 1,
        "SOURCE": null,
        "_layer_id": "ming_courier_routes",
        "_layer_title": "명대 역참 노선",
        "_source_file": "Ming_Routes_2016.shp",
        "_source_crs": "EPSG:4326"
      }
    },
    {
      "type": "Feature",
      "geometry": {
        "type": "LineString",
        "coordinates": [
          [
            115.7741928100586,
            39.26959228515625
          ],
          [
            115.65738677978516,
            39.01943588256836
          ]
        ]
      },
      "properties": {
        "MAJ_MINOR": 1,
        "SOURCE": null,
        "_layer_id": "ming_courier_routes",
        "_layer_title": "명대 역참 노선",
        "_source_file": "Ming_Routes_2016.shp",
        "_source_crs": "EPSG:4326"
      }
    },
    {
      "type": "Feature",
      "geometry": {
        "type": "LineString",
        "coordinates": [
          [
            115.65738677978527,
            39.01943588256847
          ],
          [
            115.55066700000009,
            38.95052300000009
          ]
        ]
      },
      "properties": {
        "MAJ_MINOR": 1,
        "SOURCE": "1903 atlas",
        "_layer_id": "ming_courier_routes",
        "_layer_title": "명대 역참 노선",
        "_source_file": "Ming_Routes_2016.shp",
        "_source_crs": "EPSG:4326"
      }
    },
    {
      "type": "Feature",
      "geometry": {
        "type": "LineString",
        "coordinates": [
          [
            116.00833100000011,
            39.11051600000002
          ],
          [
            116.09270477294922,
            38.97587966918951
          ]
        ]
      },
      "properties": {
        "MAJ_MINOR": 1,
        "SOURCE": "1903 atlas",
        "_layer_id": "ming_courier_routes",
        "_layer_title": "명대 역참 노선",
        "_source_file": "Ming_Routes_2016.shp",
        "_source_crs": "EPSG:4326"
      }
    },
    {
      "type": "Feature",
      "geometry": {
        "type": "LineString",
        "coordinates": [
          [
            116.09270477294922,
            38.97587966918951
          ],
          [
            116.10706300000015,
            38.860367
          ]
        ]
      },
      "properties": {
        "MAJ_MINOR": 1,
        "SOURCE": "1903 atlas",
        "_layer_id": "ming_courier_routes",
        "_layer_title": "명대 역참 노선",
        "_source_file": "Ming_Routes_2016.shp",
        "_source_crs": "EPSG:4326"
      }
    },
    {
      "type": "Feature",
      "geometry": {
        "type": "LineString",
        "coordinates": [
          [
            116.07120800000018,
            38.56557000000009
          ],
          [
            116.08553314208996,
            38.43569946289074
          ]
        ]
      },
      "properties": {
        "MAJ_MINOR": 1,
        "SOURCE": "1903 atlas",
        "_layer_id": "ming_courier_routes",
        "_layer_title": "명대 역참 노선",
        "_source_file": "Ming_Routes_2016.shp",
        "_source_crs": "EPSG:4326"
      }
    },
    {
      "type": "Feature",
      "geometry": {
        "type": "LineString",
        "coordinates": [
          [
            116.08553314208984,
            38.435699462890625
          ],
          [
            116.11489868164062,
            38.190696716308594
          ]
        ]
      },
      "properties": {
        "MAJ_MINOR": 1,
        "SOURCE": null,
        "_layer_id": "ming_courier_routes",
        "_layer_title": "명대 역참 노선",
        "_source_file": "Ming_Routes_2016.shp",
        "_source_crs": "EPSG:4326"
      }
    },
    {
      "type": "Feature",
      "geometry": {
        "type": "LineString",
        "coordinates": [
          [
            116.11489868164062,
            38.190696716308594
          ],
          [
            116.28511810302734,
            38.01704406738281
          ]
        ]
      },
      "properties": {
        "MAJ_MINOR": 1,
        "SOURCE": "1903 atlas",
        "_layer_id": "ming_courier_routes",
        "_layer_title": "명대 역참 노선",
        "_source_file": "Ming_Routes_2016.shp",
        "_source_crs": "EPSG:4326"
      }
    },
    {
      "type": "Feature",
      "geometry": {
        "type": "LineString",
        "coordinates": [
          [
            116.28511810302734,
            38.017044067382926
          ],
          [
            116.27286800017293,
            37.948887998747104
          ]
        ]
      },
      "properties": {
        "MAJ_MINOR": 1,
        "SOURCE": "1903 atlas",
        "_layer_id": "ming_courier_routes",
        "_layer_title": "명대 역참 노선",
        "_source_file": "Ming_Routes_2016.shp",
        "_source_crs": "EPSG:4326"
      }
    },
    {
      "type": "Feature",
      "geometry": {
        "type": "LineString",
        "coordinates": [
          [
            116.14470672607422,
            37.86817932128906
          ],
          [
            116.25810241699219,
            37.68800735473633
          ]
        ]
      },
      "properties": {
        "MAJ_MINOR": 1,
        "SOURCE": null,
        "_layer_id": "ming_courier_routes",
        "_layer_title": "명대 역참 노선",
        "_source_file": "Ming_Routes_2016.shp",
        "_source_crs": "EPSG:4326"
      }
    },
    {
      "type": "Feature",
      "geometry": {
        "type": "LineString",
        "coordinates": [
          [
            116.25810241699219,
            37.68800735473633
          ],
          [
            116.28741455078125,
            37.45164489746094
          ]
        ]
      },
      "properties": {
        "MAJ_MINOR": 1,
        "SOURCE": "MDYZK",
        "_layer_id": "ming_courier_routes",
        "_layer_title": "명대 역참 노선",
        "_source_file": "Ming_Routes_2016.shp",
        "_source_crs": "EPSG:4326"
      }
    },
    {
      "type": "Feature",
      "geometry": {
        "type": "LineString",
        "coordinates": [
          [
            116.28741455078125,
            37.45164489746094
          ],
          [
            116.42906951904297,
            37.15773391723633
          ]
        ]
      },
      "properties": {
        "MAJ_MINOR": 1,
        "SOURCE": "MDYZK",
        "_layer_id": "ming_courier_routes",
        "_layer_title": "명대 역참 노선",
        "_source_file": "Ming_Routes_2016.shp",
        "_source_crs": "EPSG:4326"
      }
    },
    {
      "type": "Feature",
      "geometry": {
        "type": "LineString",
        "coordinates": [
          [
            116.42906951904297,
            37.15773391723633
          ],
          [
            116.65238952636719,
            36.94535827636719
          ]
        ]
      },
      "properties": {
        "MAJ_MINOR": 1,
        "SOURCE": "MDYZK",
        "_layer_id": "ming_courier_routes",
        "_layer_title": "명대 역참 노선",
        "_source_file": "Ming_Routes_2016.shp",
        "_source_crs": "EPSG:4326"
      }
    },
    {
      "type": "Feature",
      "geometry": {
        "type": "LineString",
        "coordinates": [
          [
            116.78063201904297,
            36.70107650756836
          ],
          [
            117.0014877319336,
            36.65013122558594
          ]
        ]
      },
      "properties": {
        "MAJ_MINOR": 1,
        "SOURCE": "MDYZK",
        "_layer_id": "ming_courier_routes",
        "_layer_title": "명대 역참 노선",
        "_source_file": "Ming_Routes_2016.shp",
        "_source_crs": "EPSG:4326"
      }
    },
    {
      "type": "Feature",
      "geometry": {
        "type": "LineString",
        "coordinates": [
          [
            115.1334228515625,
            38.705265045166016
          ],
          [
            114.97504425048828,
            38.52006149291992
          ]
        ]
      },
      "properties": {
        "MAJ_MINOR": 1,
        "SOURCE": null,
        "_layer_id": "ming_courier_routes",
        "_layer_title": "명대 역참 노선",
        "_source_file": "Ming_Routes_2016.shp",
        "_source_crs": "EPSG:4326"
      }
    },
    {
      "type": "Feature",
      "geometry": {
        "type": "LineString",
        "coordinates": [
          [
            114.97504425048828,
            38.52006149291992
          ],
          [
            114.78760528564453,
            38.395042419433594
          ]
        ]
      },
      "properties": {
        "MAJ_MINOR": 1,
        "SOURCE": null,
        "_layer_id": "ming_courier_routes",
        "_layer_title": "명대 역참 노선",
        "_source_file": "Ming_Routes_2016.shp",
        "_source_crs": "EPSG:4326"
      }
    },
    {
      "type": "Feature",
      "geometry": {
        "type": "LineString",
        "coordinates": [
          [
            114.78760528564464,
            38.39504241943371
          ],
          [
            114.5636444091798,
            38.1401100158692
          ]
        ]
      },
      "properties": {
        "MAJ_MINOR": 1,
        "SOURCE": "1903 atlas",
        "_layer_id": "ming_courier_routes",
        "_layer_title": "명대 역참 노선",
        "_source_file": "Ming_Routes_2016.shp",
        "_source_crs": "EPSG:4326"
      }
    },
    {
      "type": "Feature",
      "geometry": {
        "type": "LineString",
        "coordinates": [
          [
            114.65269470214844,
            37.885780334472656
          ],
          [
            114.77217864990234,
            37.752925872802734
          ]
        ]
      },
      "properties": {
        "MAJ_MINOR": 1,
        "SOURCE": "MDYZK",
        "_layer_id": "ming_courier_routes",
        "_layer_title": "명대 역참 노선",
        "_source_file": "Ming_Routes_2016.shp",
        "_source_crs": "EPSG:4326"
      }
    },
    {
      "type": "Feature",
      "geometry": {
        "type": "LineString",
        "coordinates": [
          [
            114.68058013916027,
            37.49468994140625
          ],
          [
            114.5118637084961,
            37.29500198364269
          ]
        ]
      },
      "properties": {
        "MAJ_MINOR": 1,
        "SOURCE": "MDYZK",
        "_layer_id": "ming_courier_routes",
        "_layer_title": "명대 역참 노선",
        "_source_file": "Ming_Routes_2016.shp",
        "_source_crs": "EPSG:4326"
      }
    },
    {
      "type": "Feature",
      "geometry": {
        "type": "LineString",
        "coordinates": [
          [
            114.5118637084961,
            37.29500198364258
          ],
          [
            114.4942626953125,
            37.06635665893555
          ]
        ]
      },
      "properties": {
        "MAJ_MINOR": 1,
        "SOURCE": null,
        "_layer_id": "ming_courier_routes",
        "_layer_title": "명대 역참 노선",
        "_source_file": "Ming_Routes_2016.shp",
        "_source_crs": "EPSG:4326"
      }
    },
    {
      "type": "Feature",
      "geometry": {
        "type": "LineString",
        "coordinates": [
          [
            114.49426269531261,
            37.06635665893555
          ],
          [
            114.49961900000005,
            36.936829000000046
          ]
        ]
      },
      "properties": {
        "MAJ_MINOR": 1,
        "SOURCE": "1903 atlas",
        "_layer_id": "ming_courier_routes",
        "_layer_title": "명대 역참 노선",
        "_source_file": "Ming_Routes_2016.shp",
        "_source_crs": "EPSG:4326"
      }
    },
    {
      "type": "Feature",
      "geometry": {
        "type": "LineString",
        "coordinates": [
          [
            114.42361450195312,
            36.47360992431652
          ],
          [
            114.37424468994163,
            36.359043121338004
          ]
        ]
      },
      "properties": {
        "MAJ_MINOR": 1,
        "SOURCE": null,
        "_layer_id": "ming_courier_routes",
        "_layer_title": "명대 역참 노선",
        "_source_file": "Ming_Routes_2016.shp",
        "_source_crs": "EPSG:4326"
      }
    },
    {
      "type": "Feature",
      "geometry": {
        "type": "LineString",
        "coordinates": [
          [
            114.3742446899414,
            36.35904312133789
          ],
          [
            114.34549713134766,
            36.09834289550781
          ]
        ]
      },
      "properties": {
        "MAJ_MINOR": 1,
        "SOURCE": null,
        "_layer_id": "ming_courier_routes",
        "_layer_title": "명대 역참 노선",
        "_source_file": "Ming_Routes_2016.shp",
        "_source_crs": "EPSG:4326"
      }
    },
    {
      "type": "Feature",
      "geometry": {
        "type": "LineString",
        "coordinates": [
          [
            114.34549713134766,
            36.09834289550781
          ],
          [
            114.35269165039062,
            35.92551803588867
          ]
        ]
      },
      "properties": {
        "MAJ_MINOR": 1,
        "SOURCE": null,
        "_layer_id": "ming_courier_routes",
        "_layer_title": "명대 역참 노선",
        "_source_file": "Ming_Routes_2016.shp",
        "_source_crs": "EPSG:4326"
      }
    },
    {
      "type": "Feature",
      "geometry": {
        "type": "LineString",
        "coordinates": [
          [
            114.35269165039062,
            35.92551803588867
          ],
          [
            114.19436645507812,
            35.606449127197266
          ]
        ]
      },
      "properties": {
        "MAJ_MINOR": 1,
        "SOURCE": null,
        "_layer_id": "ming_courier_routes",
        "_layer_title": "명대 역참 노선",
        "_source_file": "Ming_Routes_2016.shp",
        "_source_crs": "EPSG:4326"
      }
    },
    {
      "type": "Feature",
      "geometry": {
        "type": "LineString",
        "coordinates": [
          [
            114.19436645507812,
            35.606449127197266
          ],
          [
            114.07026672363281,
            35.41038513183594
          ]
        ]
      },
      "properties": {
        "MAJ_MINOR": 1,
        "SOURCE": null,
        "_layer_id": "ming_courier_routes",
        "_layer_title": "명대 역참 노선",
        "_source_file": "Ming_Routes_2016.shp",
        "_source_crs": "EPSG:4326"
      }
    },
    {
      "type": "Feature",
      "geometry": {
        "type": "LineString",
        "coordinates": [
          [
            114.07026672363281,
            35.41038513183594
          ],
          [
            114.19468688964844,
            35.14276123046875
          ]
        ]
      },
      "properties": {
        "MAJ_MINOR": 1,
        "SOURCE": "MDYZK",
        "_layer_id": "ming_courier_routes",
        "_layer_title": "명대 역참 노선",
        "_source_file": "Ming_Routes_2016.shp",
        "_source_crs": "EPSG:4326"
      }
    },
    {
      "type": "Feature",
      "geometry": {
        "type": "LineString",
        "coordinates": [
          [
            114.56364440917969,
            38.14011001586914
          ],
          [
            114.30772399902344,
            38.08311080932617
          ]
        ]
      },
      "properties": {
        "MAJ_MINOR": 2,
        "SOURCE": "MDYZK",
        "_layer_id": "ming_courier_routes",
        "_layer_title": "명대 역참 노선",
        "_source_file": "Ming_Routes_2016.shp",
        "_source_crs": "EPSG:4326"
      }
    },
    {
      "type": "Feature",
      "geometry": {
        "type": "LineString",
        "coordinates": [
          [
            114.30772399902344,
            38.08311080932617
          ],
          [
            114.01778411865234,
            38.006160736083984
          ]
        ]
      },
      "properties": {
        "MAJ_MINOR": 2,
        "SOURCE": "MDYZK",
        "_layer_id": "ming_courier_routes",
        "_layer_title": "명대 역참 노선",
        "_source_file": "Ming_Routes_2016.shp",
        "_source_crs": "EPSG:4326"
      }
    },
    {
      "type": "Feature",
      "geometry": {
        "type": "LineString",
        "coordinates": [
          [
            114.01778411865246,
            38.00616073608404
          ],
          [
            113.80500030517578,
            37.81944274902355
          ]
        ]
      },
      "properties": {
        "MAJ_MINOR": 2,
        "SOURCE": "MDYZK",
        "_layer_id": "ming_courier_routes",
        "_layer_title": "명대 역참 노선",
        "_source_file": "Ming_Routes_2016.shp",
        "_source_crs": "EPSG:4326"
      }
    },
    {
      "type": "Feature",
      "geometry": {
        "type": "LineString",
        "coordinates": [
          [
            113.80500030517578,
            37.81944274902355
          ],
          [
            113.62226867675781,
            37.80203628540039
          ]
        ]
      },
      "properties": {
        "MAJ_MINOR": 2,
        "SOURCE": "MDYZK",
        "_layer_id": "ming_courier_routes",
        "_layer_title": "명대 역참 노선",
        "_source_file": "Ming_Routes_2016.shp",
        "_source_crs": "EPSG:4326"
      }
    },
    {
      "type": "Feature",
      "geometry": {
        "type": "LineString",
        "coordinates": [
          [
            113.62226867675781,
            37.80203628540039
          ],
          [
            113.27430000000015,
            37.8696020000001
          ]
        ]
      },
      "properties": {
        "MAJ_MINOR": 2,
        "SOURCE": "MDYZK",
        "_layer_id": "ming_courier_routes",
        "_layer_title": "명대 역참 노선",
        "_source_file": "Ming_Routes_2016.shp",
        "_source_crs": "EPSG:4326"
      }
    },
    {
      "type": "Feature",
      "geometry": {
        "type": "LineString",
        "coordinates": [
          [
            113.27430000000015,
            37.8696020000001
          ],
          [
            113.16870880126953,
            37.88678359985357
          ]
        ]
      },
      "properties": {
        "MAJ_MINOR": 2,
        "SOURCE": "MDYZK",
        "_layer_id": "ming_courier_routes",
        "_layer_title": "명대 역참 노선",
        "_source_file": "Ming_Routes_2016.shp",
        "_source_crs": "EPSG:4326"
      }
    },
    {
      "type": "Feature",
      "geometry": {
        "type": "LineString",
        "coordinates": [
          [
            113.16870880126953,
            37.886783599853516
          ],
          [
            112.69779968261719,
            37.767860412597656
          ]
        ]
      },
      "properties": {
        "MAJ_MINOR": 2,
        "SOURCE": "MDYZK",
        "_layer_id": "ming_courier_routes",
        "_layer_title": "명대 역참 노선",
        "_source_file": "Ming_Routes_2016.shp",
        "_source_crs": "EPSG:4326"
      }
    },
    {
      "type": "Feature",
      "geometry": {
        "type": "LineString",
        "coordinates": [
          [
            112.69779968261719,
            37.76786041259771
          ],
          [
            112.478928,
            37.727588999999966
          ]
        ]
      },
      "properties": {
        "MAJ_MINOR": 2,
        "SOURCE": "MDYZK",
        "_layer_id": "ming_courier_routes",
        "_layer_title": "명대 역참 노선",
        "_source_file": "Ming_Routes_2016.shp",
        "_source_crs": "EPSG:4326"
      }
    },
    {
      "type": "Feature",
      "geometry": {
        "type": "LineString",
        "coordinates": [
          [
            115.96814727783203,
            39.48722076416027
          ],
          [
            115.70780199999994,
            39.39174300000001
          ]
        ]
      },
      "properties": {
        "MAJ_MINOR": 1,
        "SOURCE": "1903 atlas",
        "_layer_id": "ming_courier_routes",
        "_layer_title": "명대 역참 노선",
        "_source_file": "Ming_Routes_2016.shp",
        "_source_crs": "EPSG:4326"
      }
    },
    {
      "type": "Feature",
      "geometry": {
        "type": "LineString",
        "coordinates": [
          [
            115.40012399999998,
            39.383537000000075
          ],
          [
            114.68877410888683,
            39.35401535034174
          ]
        ]
      },
      "properties": {
        "MAJ_MINOR": 1,
        "SOURCE": "1903 atlas",
        "_layer_id": "ming_courier_routes",
        "_layer_title": "명대 역참 노선",
        "_source_file": "Ming_Routes_2016.shp",
        "_source_crs": "EPSG:4326"
      }
    },
    {
      "type": "Feature",
      "geometry": {
        "type": "LineString",
        "coordinates": [
          [
            114.68877410888672,
            39.3540153503418
          ],
          [
            114.22921752929688,
            39.437744140625
          ]
        ]
      },
      "properties": {
        "MAJ_MINOR": 1,
        "SOURCE": "MDYZK",
        "_layer_id": "ming_courier_routes",
        "_layer_title": "명대 역참 노선",
        "_source_file": "Ming_Routes_2016.shp",
        "_source_crs": "EPSG:4326"
      }
    },
    {
      "type": "Feature",
      "geometry": {
        "type": "LineString",
        "coordinates": [
          [
            114.22921752929688,
            39.43774414062506
          ],
          [
            113.91641200000004,
            39.430939000000194
          ]
        ]
      },
      "properties": {
        "MAJ_MINOR": 1,
        "SOURCE": "MDYZK",
        "_layer_id": "ming_courier_routes",
        "_layer_title": "명대 역참 노선",
        "_source_file": "Ming_Routes_2016.shp",
        "_source_crs": "EPSG:4326"
      }
    },
    {
      "type": "Feature",
      "geometry": {
        "type": "LineString",
        "coordinates": [
          [
            113.54460900000004,
            39.27515000000011
          ],
          [
            113.27200317382824,
            39.189998626708984
          ]
        ]
      },
      "properties": {
        "MAJ_MINOR": 1,
        "SOURCE": "MDYZK",
        "_layer_id": "ming_courier_routes",
        "_layer_title": "명대 역참 노선",
        "_source_file": "Ming_Routes_2016.shp",
        "_source_crs": "EPSG:4326"
      }
    },
    {
      "type": "Feature",
      "geometry": {
        "type": "LineString",
        "coordinates": [
          [
            113.27200317382812,
            39.189998626708984
          ],
          [
            112.94904327392578,
            39.06039047241211
          ]
        ]
      },
      "properties": {
        "MAJ_MINOR": 1,
        "SOURCE": "MDYZK",
        "_layer_id": "ming_courier_routes",
        "_layer_title": "명대 역참 노선",
        "_source_file": "Ming_Routes_2016.shp",
        "_source_crs": "EPSG:4326"
      }
    },
    {
      "type": "Feature",
      "geometry": {
        "type": "LineString",
        "coordinates": [
          [
            112.94904327392578,
            39.06039047241211
          ],
          [
            112.71209716796875,
            38.726600646972656
          ]
        ]
      },
      "properties": {
        "MAJ_MINOR": 1,
        "SOURCE": "MDYZK",
        "_layer_id": "ming_courier_routes",
        "_layer_title": "명대 역참 노선",
        "_source_file": "Ming_Routes_2016.shp",
        "_source_crs": "EPSG:4326"
      }
    },
    {
      "type": "Feature",
      "geometry": {
        "type": "LineString",
        "coordinates": [
          [
            112.73120100000006,
            38.39856300000014
          ],
          [
            112.478928,
            37.727588999999966
          ]
        ]
      },
      "properties": {
        "MAJ_MINOR": 1,
        "SOURCE": "MDYZK",
        "_layer_id": "ming_courier_routes",
        "_layer_title": "명대 역참 노선",
        "_source_file": "Ming_Routes_2016.shp",
        "_source_crs": "EPSG:4326"
      }
    },
    {
      "type": "Feature",
      "geometry": {
        "type": "LineString",
        "coordinates": [
          [
            116.25810241699219,
            37.68800735473633
          ],
          [
            116.28741455078125,
            37.45164489746094
          ]
        ]
      },
      "properties": {
        "MAJ_MINOR": 1,
        "SOURCE": "MDYZK",
        "_layer_id": "ming_courier_routes",
        "_layer_title": "명대 역참 노선",
        "_source_file": "Ming_Routes_2016.shp",
        "_source_crs": "EPSG:4326"
      }
    },
    {
      "type": "Feature",
      "geometry": {
        "type": "LineString",
        "coordinates": [
          [
            116.28741455078125,
            37.45164489746094
          ],
          [
            116.27578735351562,
            37.151123046875
          ]
        ]
      },
      "properties": {
        "MAJ_MINOR": 1,
        "SOURCE": "MDYZK",
        "_layer_id": "ming_courier_routes",
        "_layer_title": "명대 역참 노선",
        "_source_file": "Ming_Routes_2016.shp",
        "_source_crs": "EPSG:4326"
      }
    },
    {
      "type": "Feature",
      "geometry": {
        "type": "LineString",
        "coordinates": [
          [
            116.27578735351562,
            37.151123046875
          ],
          [
            116.23100280761719,
            36.86162185668945
          ]
        ]
      },
      "properties": {
        "MAJ_MINOR": 1,
        "SOURCE": "MDYZK",
        "_layer_id": "ming_courier_routes",
        "_layer_title": "명대 역참 노선",
        "_source_file": "Ming_Routes_2016.shp",
        "_source_crs": "EPSG:4326"
      }
    },
    {
      "type": "Feature",
      "geometry": {
        "type": "LineString",
        "coordinates": [
          [
            116.23100280761719,
            36.86162185668945
          ],
          [
            116.25022888183594,
            36.58661651611328
          ]
        ]
      },
      "properties": {
        "MAJ_MINOR": 1,
        "SOURCE": "MDYZK",
        "_layer_id": "ming_courier_routes",
        "_layer_title": "명대 역참 노선",
        "_source_file": "Ming_Routes_2016.shp",
        "_source_crs": "EPSG:4326"
      }
    },
    {
      "type": "Feature",
      "geometry": {
        "type": "LineString",
        "coordinates": [
          [
            116.25022888183594,
            36.58661651611334
          ],
          [
            116.23942499999998,
            36.32958600000006
          ]
        ]
      },
      "properties": {
        "MAJ_MINOR": 1,
        "SOURCE": "MDYZK",
        "_layer_id": "ming_courier_routes",
        "_layer_title": "명대 역참 노선",
        "_source_file": "Ming_Routes_2016.shp",
        "_source_crs": "EPSG:4326"
      }
    },
    {
      "type": "Feature",
      "geometry": {
        "type": "LineString",
        "coordinates": [
          [
            116.23666400000002,
            36.1210210000001
          ],
          [
            116.29917144775402,
            35.910343170166016
          ]
        ]
      },
      "properties": {
        "MAJ_MINOR": 1,
        "SOURCE": "MDYZK",
        "_layer_id": "ming_courier_routes",
        "_layer_title": "명대 역참 노선",
        "_source_file": "Ming_Routes_2016.shp",
        "_source_crs": "EPSG:4326"
      }
    },
    {
      "type": "Feature",
      "geometry": {
        "type": "LineString",
        "coordinates": [
          [
            116.2991714477539,
            35.910343170166016
          ],
          [
            116.48555755615234,
            35.729854583740234
          ]
        ]
      },
      "properties": {
        "MAJ_MINOR": 1,
        "SOURCE": "MDYZK",
        "_layer_id": "ming_courier_routes",
        "_layer_title": "명대 역참 노선",
        "_source_file": "Ming_Routes_2016.shp",
        "_source_crs": "EPSG:4326"
      }
    },
    {
      "type": "Feature",
      "geometry": {
        "type": "LineString",
        "coordinates": [
          [
            116.66960900000004,
            35.6504020000001
          ],
          [
            116.82369995117199,
            35.556697845458984
          ]
        ]
      },
      "properties": {
        "MAJ_MINOR": 1,
        "SOURCE": "MDYZK",
        "_layer_id": "ming_courier_routes",
        "_layer_title": "명대 역참 노선",
        "_source_file": "Ming_Routes_2016.shp",
        "_source_crs": "EPSG:4326"
      }
    },
    {
      "type": "Feature",
      "geometry": {
        "type": "LineString",
        "coordinates": [
          [
            116.82369995117188,
            35.556697845458984
          ],
          [
            116.96843719482422,
            35.4038200378418
          ]
        ]
      },
      "properties": {
        "MAJ_MINOR": 1,
        "SOURCE": null,
        "_layer_id": "ming_courier_routes",
        "_layer_title": "명대 역참 노선",
        "_source_file": "Ming_Routes_2016.shp",
        "_source_crs": "EPSG:4326"
      }
    },
    {
      "type": "Feature",
      "geometry": {
        "type": "LineString",
        "coordinates": [
          [
            116.96843719482422,
            35.4038200378418
          ],
          [
            117.15816497802734,
            35.086090087890625
          ]
        ]
      },
      "properties": {
        "MAJ_MINOR": 1,
        "SOURCE": "MDYZ1K",
        "_layer_id": "ming_courier_routes",
        "_layer_title": "명대 역참 노선",
        "_source_file": "Ming_Routes_2016.shp",
        "_source_crs": "EPSG:4326"
      }
    },
    {
      "type": "Feature",
      "geometry": {
        "type": "LineString",
        "coordinates": [
          [
            117.15816497802734,
            35.086090087890625
          ],
          [
            117.18768310546875,
            34.26963424682617
          ]
        ]
      },
      "properties": {
        "MAJ_MINOR": 1,
        "SOURCE": null,
        "_layer_id": "ming_courier_routes",
        "_layer_title": "명대 역참 노선",
        "_source_file": "Ming_Routes_2016.shp",
        "_source_crs": "EPSG:4326"
      }
    },
    {
      "type": "Feature",
      "geometry": {
        "type": "LineString",
        "coordinates": [
          [
            117.18768310546875,
            34.26963424682617
          ],
          [
            116.97139739990234,
            33.64236831665039
          ]
        ]
      },
      "properties": {
        "MAJ_MINOR": 1,
        "SOURCE": null,
        "_layer_id": "ming_courier_routes",
        "_layer_title": "명대 역참 노선",
        "_source_file": "Ming_Routes_2016.shp",
        "_source_crs": "EPSG:4326"
      }
    },
    {
      "type": "Feature",
      "geometry": {
        "type": "LineString",
        "coordinates": [
          [
            116.97139739990234,
            33.64236831665045
          ],
          [
            117.31170700000018,
            33.31457500000016
          ]
        ]
      },
      "properties": {
        "MAJ_MINOR": 1,
        "SOURCE": "MDYZK",
        "_layer_id": "ming_courier_routes",
        "_layer_title": "명대 역참 노선",
        "_source_file": "Ming_Routes_2016.shp",
        "_source_crs": "EPSG:4326"
      }
    },
    {
      "type": "Feature",
      "geometry": {
        "type": "LineString",
        "coordinates": [
          [
            117.31170700000018,
            33.31457500000016
          ],
          [
            117.46258600114832,
            33.10597199716977
          ]
        ]
      },
      "properties": {
        "MAJ_MINOR": 1,
        "SOURCE": "MDYZK",
        "_layer_id": "ming_courier_routes",
        "_layer_title": "명대 역참 노선",
        "_source_file": "Ming_Routes_2016.shp",
        "_source_crs": "EPSG:4326"
      }
    },
    {
      "type": "Feature",
      "geometry": {
        "type": "LineString",
        "coordinates": [
          [
            117.46258600114832,
            33.10597199716977
          ],
          [
            117.53774599999997,
            32.865348000000154
          ]
        ]
      },
      "properties": {
        "MAJ_MINOR": 1,
        "SOURCE": null,
        "_layer_id": "ming_courier_routes",
        "_layer_title": "명대 역참 노선",
        "_source_file": "Ming_Routes_2016.shp",
        "_source_crs": "EPSG:4326"
      }
    },
    {
      "type": "Feature",
      "geometry": {
        "type": "LineString",
        "coordinates": [
          [
            117.64022100120971,
            32.90163399674121
          ],
          [
            117.94866900124325,
            32.51898599589381
          ]
        ]
      },
      "properties": {
        "MAJ_MINOR": 1,
        "SOURCE": "MDYZK",
        "_layer_id": "ming_courier_routes",
        "_layer_title": "명대 역참 노선",
        "_source_file": "Ming_Routes_2016.shp",
        "_source_crs": "EPSG:4326"
      }
    },
    {
      "type": "Feature",
      "geometry": {
        "type": "LineString",
        "coordinates": [
          [
            117.94866900124325,
            32.51898599589381
          ],
          [
            118.30416107177734,
            32.316993713378906
          ]
        ]
      },
      "properties": {
        "MAJ_MINOR": 1,
        "SOURCE": "MDYZK",
        "_layer_id": "ming_courier_routes",
        "_layer_title": "명대 역참 노선",
        "_source_file": "Ming_Routes_2016.shp",
        "_source_crs": "EPSG:4326"
      }
    },
    {
      "type": "Feature",
      "geometry": {
        "type": "LineString",
        "coordinates": [
          [
            118.30416107177734,
            32.316993713378906
          ],
          [
            118.61759948730469,
            32.06486892700195
          ]
        ]
      },
      "properties": {
        "MAJ_MINOR": 1,
        "SOURCE": null,
        "_layer_id": "ming_courier_routes",
        "_layer_title": "명대 역참 노선",
        "_source_file": "Ming_Routes_2016.shp",
        "_source_crs": "EPSG:4326"
      }
    },
    {
      "type": "Feature",
      "geometry": {
        "type": "LineString",
        "coordinates": [
          [
            118.61759948730469,
            32.06486892700195
          ],
          [
            118.76898956298828,
            32.05256271362305
          ]
        ]
      },
      "properties": {
        "MAJ_MINOR": 1,
        "SOURCE": null,
        "_layer_id": "ming_courier_routes",
        "_layer_title": "명대 역참 노선",
        "_source_file": "Ming_Routes_2016.shp",
        "_source_crs": "EPSG:4326"
      }
    },
    {
      "type": "Feature",
      "geometry": {
        "type": "LineString",
        "coordinates": [
          [
            117.53774599999997,
            32.865348000000154
          ],
          [
            117.67568969726574,
            32.530246734619254
          ]
        ]
      },
      "properties": {
        "MAJ_MINOR": 1,
        "SOURCE": "MDYZK",
        "_layer_id": "ming_courier_routes",
        "_layer_title": "명대 역참 노선",
        "_source_file": "Ming_Routes_2016.shp",
        "_source_crs": "EPSG:4326"
      }
    },
    {
      "type": "Feature",
      "geometry": {
        "type": "LineString",
        "coordinates": [
          [
            117.57138100154327,
            32.065066997163875
          ],
          [
            117.27645874023449,
            31.86445617675787
          ]
        ]
      },
      "properties": {
        "MAJ_MINOR": 1,
        "SOURCE": "MDYZK",
        "_layer_id": "ming_courier_routes",
        "_layer_title": "명대 역참 노선",
        "_source_file": "Ming_Routes_2016.shp",
        "_source_crs": "EPSG:4326"
      }
    },
    {
      "type": "Feature",
      "geometry": {
        "type": "LineString",
        "coordinates": [
          [
            116.97504500000002,
            31.502898000000073
          ],
          [
            116.93853759765636,
            31.456447601318303
          ]
        ]
      },
      "properties": {
        "MAJ_MINOR": 1,
        "SOURCE": "MDYZK",
        "_layer_id": "ming_courier_routes",
        "_layer_title": "명대 역참 노선",
        "_source_file": "Ming_Routes_2016.shp",
        "_source_crs": "EPSG:4326"
      }
    },
    {
      "type": "Feature",
      "geometry": {
        "type": "LineString",
        "coordinates": [
          [
            116.93853759765636,
            31.456447601318303
          ],
          [
            117.02015000000006,
            31.340373000000113
          ]
        ]
      },
      "properties": {
        "MAJ_MINOR": 1,
        "SOURCE": "MDYZK",
        "_layer_id": "ming_courier_routes",
        "_layer_title": "명대 역참 노선",
        "_source_file": "Ming_Routes_2016.shp",
        "_source_crs": "EPSG:4326"
      }
    },
    {
      "type": "Feature",
      "geometry": {
        "type": "LineString",
        "coordinates": [
          [
            116.65238952636719,
            36.94535827636719
          ],
          [
            116.78063201904297,
            36.70107650756836
          ]
        ]
      },
      "properties": {
        "MAJ_MINOR": 1,
        "SOURCE": "MDYZK",
        "_layer_id": "ming_courier_routes",
        "_layer_title": "명대 역참 노선",
        "_source_file": "Ming_Routes_2016.shp",
        "_source_crs": "EPSG:4326"
      }
    },
    {
      "type": "Feature",
      "geometry": {
        "type": "LineString",
        "coordinates": [
          [
            119.43718719482422,
            32.39126968383789
          ],
          [
            119.44429016113281,
            32.20648956298828
          ]
        ]
      },
      "properties": {
        "MAJ_MINOR": 1,
        "SOURCE": null,
        "_layer_id": "ming_courier_routes",
        "_layer_title": "명대 역참 노선",
        "_source_file": "Ming_Routes_2016.shp",
        "_source_crs": "EPSG:4326"
      }
    },
    {
      "type": "Feature",
      "geometry": {
        "type": "LineString",
        "coordinates": [
          [
            119.44429016113281,
            32.20648956298828
          ],
          [
            119.56985473632812,
            31.99580192565918
          ]
        ]
      },
      "properties": {
        "MAJ_MINOR": 1,
        "SOURCE": "MDYZK",
        "_layer_id": "ming_courier_routes",
        "_layer_title": "명대 역참 노선",
        "_source_file": "Ming_Routes_2016.shp",
        "_source_crs": "EPSG:4326"
      }
    },
    {
      "type": "Feature",
      "geometry": {
        "type": "LineString",
        "coordinates": [
          [
            119.56985473632812,
            31.99580192565918
          ],
          [
            119.95230102539062,
            31.78278350830078
          ]
        ]
      },
      "properties": {
        "MAJ_MINOR": 1,
        "SOURCE": "MDYZK",
        "_layer_id": "ming_courier_routes",
        "_layer_title": "명대 역참 노선",
        "_source_file": "Ming_Routes_2016.shp",
        "_source_crs": "EPSG:4326"
      }
    },
    {
      "type": "Feature",
      "geometry": {
        "type": "LineString",
        "coordinates": [
          [
            119.95230102539062,
            31.78278350830078
          ],
          [
            120.29766845703125,
            31.574613571166992
          ]
        ]
      },
      "properties": {
        "MAJ_MINOR": 1,
        "SOURCE": "MDYZK",
        "_layer_id": "ming_courier_routes",
        "_layer_title": "명대 역참 노선",
        "_source_file": "Ming_Routes_2016.shp",
        "_source_crs": "EPSG:4326"
      }
    },
    {
      "type": "Feature",
      "geometry": {
        "type": "LineString",
        "coordinates": [
          [
            120.29766845703125,
            31.574613571166992
          ],
          [
            120.61862182617188,
            31.31270980834961
          ]
        ]
      },
      "properties": {
        "MAJ_MINOR": 1,
        "SOURCE": "MDYZK",
        "_layer_id": "ming_courier_routes",
        "_layer_title": "명대 역참 노선",
        "_source_file": "Ming_Routes_2016.shp",
        "_source_crs": "EPSG:4326"
      }
    },
    {
      "type": "Feature",
      "geometry": {
        "type": "LineString",
        "coordinates": [
          [
            120.61862182617188,
            31.31270980834961
          ],
          [
            120.63081295844317,
            30.984025977903702
          ]
        ]
      },
      "properties": {
        "MAJ_MINOR": 1,
        "SOURCE": "MDYZK",
        "_layer_id": "ming_courier_routes",
        "_layer_title": "명대 역참 노선",
        "_source_file": "Ming_Routes_2016.shp",
        "_source_crs": "EPSG:4326"
      }
    },
    {
      "type": "Feature",
      "geometry": {
        "type": "LineString",
        "coordinates": [
          [
            120.63081295844317,
            30.984025977903702
          ],
          [
            120.75320434570312,
            30.76746940612793
          ]
        ]
      },
      "properties": {
        "MAJ_MINOR": 1,
        "SOURCE": "MDYZK",
        "_layer_id": "ming_courier_routes",
        "_layer_title": "명대 역참 노선",
        "_source_file": "Ming_Routes_2016.shp",
        "_source_crs": "EPSG:4326"
      }
    },
    {
      "type": "Feature",
      "geometry": {
        "type": "LineString",
        "coordinates": [
          [
            120.75320434570312,
            30.76746940612793
          ],
          [
            120.41873931884766,
            30.530447006225586
          ]
        ]
      },
      "properties": {
        "MAJ_MINOR": 1,
        "SOURCE": null,
        "_layer_id": "ming_courier_routes",
        "_layer_title": "명대 역참 노선",
        "_source_file": "Ming_Routes_2016.shp",
        "_source_crs": "EPSG:4326"
      }
    },
    {
      "type": "Feature",
      "geometry": {
        "type": "LineString",
        "coordinates": [
          [
            120.41873931884766,
            30.530447006225586
          ],
          [
            120.29733297799793,
            30.431537982476726
          ]
        ]
      },
      "properties": {
        "MAJ_MINOR": 1,
        "SOURCE": null,
        "_layer_id": "ming_courier_routes",
        "_layer_title": "명대 역참 노선",
        "_source_file": "Ming_Routes_2016.shp",
        "_source_crs": "EPSG:4326"
      }
    },
    {
      "type": "Feature",
      "geometry": {
        "type": "LineString",
        "coordinates": [
          [
            120.29733297799793,
            30.431537982476726
          ],
          [
            120.16862487792969,
            30.294124603271484
          ]
        ]
      },
      "properties": {
        "MAJ_MINOR": 1,
        "SOURCE": null,
        "_layer_id": "ming_courier_routes",
        "_layer_title": "명대 역참 노선",
        "_source_file": "Ming_Routes_2016.shp",
        "_source_crs": "EPSG:4326"
      }
    },
    {
      "type": "Feature",
      "geometry": {
        "type": "LineString",
        "coordinates": [
          [
            120.16862487792969,
            30.294124603271484
          ],
          [
            119.94775390625,
            30.053434371948242
          ]
        ]
      },
      "properties": {
        "MAJ_MINOR": 1,
        "SOURCE": null,
        "_layer_id": "ming_courier_routes",
        "_layer_title": "명대 역참 노선",
        "_source_file": "Ming_Routes_2016.shp",
        "_source_crs": "EPSG:4326"
      }
    },
    {
      "type": "Feature",
      "geometry": {
        "type": "LineString",
        "coordinates": [
          [
            119.94775390625,
            30.053434371948242
          ],
          [
            119.6649398803711,
            29.802457809448242
          ]
        ]
      },
      "properties": {
        "MAJ_MINOR": 1,
        "SOURCE": null,
        "_layer_id": "ming_courier_routes",
        "_layer_title": "명대 역참 노선",
        "_source_file": "Ming_Routes_2016.shp",
        "_source_crs": "EPSG:4326"
      }
    },
    {
      "type": "Feature",
      "geometry": {
        "type": "LineString",
        "coordinates": [
          [
            119.6649398803711,
            29.802457809448242
          ],
          [
            119.49885559082031,
            29.54448127746582
          ]
        ]
      },
      "properties": {
        "MAJ_MINOR": 1,
        "SOURCE": null,
        "_layer_id": "ming_courier_routes",
        "_layer_title": "명대 역참 노선",
        "_source_file": "Ming_Routes_2016.shp",
        "_source_crs": "EPSG:4326"
      }
    },
    {
      "type": "Feature",
      "geometry": {
        "type": "LineString",
        "coordinates": [
          [
            119.49885559082031,
            29.54448127746582
          ],
          [
            119.47885131835938,
            29.204452514648438
          ]
        ]
      },
      "properties": {
        "MAJ_MINOR": 1,
        "SOURCE": null,
        "_layer_id": "ming_courier_routes",
        "_layer_title": "명대 역참 노선",
        "_source_file": "Ming_Routes_2016.shp",
        "_source_crs": "EPSG:4326"
      }
    },
    {
      "type": "Feature",
      "geometry": {
        "type": "LineString",
        "coordinates": [
          [
            119.47885131835938,
            29.204452514648438
          ],
          [
            119.17237854003906,
            29.034788131713867
          ]
        ]
      },
      "properties": {
        "MAJ_MINOR": 1,
        "SOURCE": null,
        "_layer_id": "ming_courier_routes",
        "_layer_title": "명대 역참 노선",
        "_source_file": "Ming_Routes_2016.shp",
        "_source_crs": "EPSG:4326"
      }
    },
    {
      "type": "Feature",
      "geometry": {
        "type": "LineString",
        "coordinates": [
          [
            119.17237854003906,
            29.034788131713867
          ],
          [
            118.86764526367188,
            28.95682144165039
          ]
        ]
      },
      "properties": {
        "MAJ_MINOR": 1,
        "SOURCE": null,
        "_layer_id": "ming_courier_routes",
        "_layer_title": "명대 역참 노선",
        "_source_file": "Ming_Routes_2016.shp",
        "_source_crs": "EPSG:4326"
      }
    },
    {
      "type": "Feature",
      "geometry": {
        "type": "LineString",
        "coordinates": [
          [
            118.86764526367199,
            28.956821441650504
          ],
          [
            118.5026630000001,
            28.90373199999999
          ]
        ]
      },
      "properties": {
        "MAJ_MINOR": 1,
        "SOURCE": null,
        "_layer_id": "ming_courier_routes",
        "_layer_title": "명대 역참 노선",
        "_source_file": "Ming_Routes_2016.shp",
        "_source_crs": "EPSG:4326"
      }
    },
    {
      "type": "Feature",
      "geometry": {
        "type": "LineString",
        "coordinates": [
          [
            118.5026630000001,
            28.90373199999999
          ],
          [
            118.34401500000013,
            28.812477000000115
          ]
        ]
      },
      "properties": {
        "MAJ_MINOR": 1,
        "SOURCE": null,
        "_layer_id": "ming_courier_routes",
        "_layer_title": "명대 역참 노선",
        "_source_file": "Ming_Routes_2016.shp",
        "_source_crs": "EPSG:4326"
      }
    },
    {
      "type": "Feature",
      "geometry": {
        "type": "LineString",
        "coordinates": [
          [
            118.22162900381267,
            27.167745996958143
          ],
          [
            118.32378387451183,
            27.038864135742244
          ]
        ]
      },
      "properties": {
        "MAJ_MINOR": 1,
        "SOURCE": null,
        "_layer_id": "ming_courier_routes",
        "_layer_title": "명대 역참 노선",
        "_source_file": "Ming_Routes_2016.shp",
        "_source_crs": "EPSG:4326"
      }
    },
    {
      "type": "Feature",
      "geometry": {
        "type": "LineString",
        "coordinates": [
          [
            118.32378387451183,
            27.038864135742244
          ],
          [
            118.29058300000008,
            26.910593000000176
          ]
        ]
      },
      "properties": {
        "MAJ_MINOR": 1,
        "SOURCE": null,
        "_layer_id": "ming_courier_routes",
        "_layer_title": "명대 역참 노선",
        "_source_file": "Ming_Routes_2016.shp",
        "_source_crs": "EPSG:4326"
      }
    },
    {
      "type": "Feature",
      "geometry": {
        "type": "LineString",
        "coordinates": [
          [
            118.16918182373047,
            26.642173767089957
          ],
          [
            118.40935400000012,
            26.51427300000006
          ]
        ]
      },
      "properties": {
        "MAJ_MINOR": 1,
        "SOURCE": null,
        "_layer_id": "ming_courier_routes",
        "_layer_title": "명대 역참 노선",
        "_source_file": "Ming_Routes_2016.shp",
        "_source_crs": "EPSG:4326"
      }
    },
    {
      "type": "Feature",
      "geometry": {
        "type": "LineString",
        "coordinates": [
          [
            118.67510223388672,
            26.428909301757926
          ],
          [
            118.761289378539,
            26.359175954609498
          ]
        ]
      },
      "properties": {
        "MAJ_MINOR": 1,
        "SOURCE": null,
        "_layer_id": "ming_courier_routes",
        "_layer_title": "명대 역참 노선",
        "_source_file": "Ming_Routes_2016.shp",
        "_source_crs": "EPSG:4326"
      }
    },
    {
      "type": "Feature",
      "geometry": {
        "type": "LineString",
        "coordinates": [
          [
            119.08115400477016,
            26.20901699457139
          ],
          [
            119.32157897949219,
            26.07395362854004
          ]
        ]
      },
      "properties": {
        "MAJ_MINOR": 1,
        "SOURCE": null,
        "_layer_id": "ming_courier_routes",
        "_layer_title": "명대 역참 노선",
        "_source_file": "Ming_Routes_2016.shp",
        "_source_crs": "EPSG:4326"
      }
    },
    {
      "type": "Feature",
      "geometry": {
        "type": "LineString",
        "coordinates": [
          [
            116.93860626220703,
            31.052280426025334
          ],
          [
            116.79015700000014,
            30.922533000000044
          ]
        ]
      },
      "properties": {
        "MAJ_MINOR": 1,
        "SOURCE": "MDYZK",
        "_layer_id": "ming_courier_routes",
        "_layer_title": "명대 역참 노선",
        "_source_file": "Ming_Routes_2016.shp",
        "_source_crs": "EPSG:4326"
      }
    },
    {
      "type": "Feature",
      "geometry": {
        "type": "LineString",
        "coordinates": [
          [
            116.56719970703125,
            30.63034629821783
          ],
          [
            116.3959730008467,
            30.52466999924749
          ]
        ]
      },
      "properties": {
        "MAJ_MINOR": 1,
        "SOURCE": "MDYZK",
        "_layer_id": "ming_courier_routes",
        "_layer_title": "명대 역참 노선",
        "_source_file": "Ming_Routes_2016.shp",
        "_source_crs": "EPSG:4326"
      }
    },
    {
      "type": "Feature",
      "geometry": {
        "type": "LineString",
        "coordinates": [
          [
            116.26507568359375,
            30.420059204101676
          ],
          [
            116.21666717529297,
            30.366666793823242
          ]
        ]
      },
      "properties": {
        "MAJ_MINOR": 1,
        "SOURCE": "MDYZK",
        "_layer_id": "ming_courier_routes",
        "_layer_title": "명대 역참 노선",
        "_source_file": "Ming_Routes_2016.shp",
        "_source_crs": "EPSG:4326"
      }
    },
    {
      "type": "Feature",
      "geometry": {
        "type": "LineString",
        "coordinates": [
          [
            116.11419677734375,
            30.151212692260742
          ],
          [
            115.9349365234375,
            30.079200744628906
          ]
        ]
      },
      "properties": {
        "MAJ_MINOR": 1,
        "SOURCE": "MDYZK",
        "_layer_id": "ming_courier_routes",
        "_layer_title": "명대 역참 노선",
        "_source_file": "Ming_Routes_2016.shp",
        "_source_crs": "EPSG:4326"
      }
    },
    {
      "type": "Feature",
      "geometry": {
        "type": "LineString",
        "coordinates": [
          [
            115.9349365234375,
            30.079200744628906
          ],
          [
            115.98567962646484,
            29.72236442565918
          ]
        ]
      },
      "properties": {
        "MAJ_MINOR": 1,
        "SOURCE": null,
        "_layer_id": "ming_courier_routes",
        "_layer_title": "명대 역참 노선",
        "_source_file": "Ming_Routes_2016.shp",
        "_source_crs": "EPSG:4326"
      }
    },
    {
      "type": "Feature",
      "geometry": {
        "type": "LineString",
        "coordinates": [
          [
            115.98567962646484,
            29.72236442565918
          ],
          [
            116.04112199999997,
            29.453486000000055
          ]
        ]
      },
      "properties": {
        "MAJ_MINOR": 1,
        "SOURCE": null,
        "_layer_id": "ming_courier_routes",
        "_layer_title": "명대 역참 노선",
        "_source_file": "Ming_Routes_2016.shp",
        "_source_crs": "EPSG:4326"
      }
    },
    {
      "type": "Feature",
      "geometry": {
        "type": "LineString",
        "coordinates": [
          [
            115.74502563476562,
            29.330564498901367
          ],
          [
            115.7618179321289,
            29.087831497192383
          ]
        ]
      },
      "properties": {
        "MAJ_MINOR": 1,
        "SOURCE": null,
        "_layer_id": "ming_courier_routes",
        "_layer_title": "명대 역참 노선",
        "_source_file": "Ming_Routes_2016.shp",
        "_source_crs": "EPSG:4326"
      }
    },
    {
      "type": "Feature",
      "geometry": {
        "type": "LineString",
        "coordinates": [
          [
            115.7618179321289,
            29.087831497192383
          ],
          [
            115.89772033691406,
            28.674896240234375
          ]
        ]
      },
      "properties": {
        "MAJ_MINOR": 1,
        "SOURCE": null,
        "_layer_id": "ming_courier_routes",
        "_layer_title": "명대 역참 노선",
        "_source_file": "Ming_Routes_2016.shp",
        "_source_crs": "EPSG:4326"
      }
    },
    {
      "type": "Feature",
      "geometry": {
        "type": "LineString",
        "coordinates": [
          [
            115.89772033691406,
            28.674896240234375
          ],
          [
            115.83668899999998,
            28.411289000000124
          ]
        ]
      },
      "properties": {
        "MAJ_MINOR": 1,
        "SOURCE": null,
        "_layer_id": "ming_courier_routes",
        "_layer_title": "명대 역참 노선",
        "_source_file": "Ming_Routes_2016.shp",
        "_source_crs": "EPSG:4326"
      }
    },
    {
      "type": "Feature",
      "geometry": {
        "type": "LineString",
        "coordinates": [
          [
            115.78578200000004,
            28.197754000000145
          ],
          [
            115.39898681640625,
            28.015569686889705
          ]
        ]
      },
      "properties": {
        "MAJ_MINOR": 1,
        "SOURCE": null,
        "_layer_id": "ming_courier_routes",
        "_layer_title": "명대 역참 노선",
        "_source_file": "Ming_Routes_2016.shp",
        "_source_crs": "EPSG:4326"
      }
    },
    {
      "type": "Feature",
      "geometry": {
        "type": "LineString",
        "coordinates": [
          [
            115.39898681640625,
            28.01556968688965
          ],
          [
            115.3833999633789,
            27.75988006591797
          ]
        ]
      },
      "properties": {
        "MAJ_MINOR": 1,
        "SOURCE": null,
        "_layer_id": "ming_courier_routes",
        "_layer_title": "명대 역참 노선",
        "_source_file": "Ming_Routes_2016.shp",
        "_source_crs": "EPSG:4326"
      }
    },
    {
      "type": "Feature",
      "geometry": {
        "type": "LineString",
        "coordinates": [
          [
            115.3833999633789,
            27.75988006591797
          ],
          [
            115.14727783203125,
            27.55368995666504
          ]
        ]
      },
      "properties": {
        "MAJ_MINOR": 1,
        "SOURCE": null,
        "_layer_id": "ming_courier_routes",
        "_layer_title": "명대 역참 노선",
        "_source_file": "Ming_Routes_2016.shp",
        "_source_crs": "EPSG:4326"
      }
    },
    {
      "type": "Feature",
      "geometry": {
        "type": "LineString",
        "coordinates": [
          [
            115.0938970000002,
            27.32751600000006
          ],
          [
            115.1322479248048,
            27.214366912841797
          ]
        ]
      },
      "properties": {
        "MAJ_MINOR": 1,
        "SOURCE": null,
        "_layer_id": "ming_courier_routes",
        "_layer_title": "명대 역참 노선",
        "_source_file": "Ming_Routes_2016.shp",
        "_source_crs": "EPSG:4326"
      }
    },
    {
      "type": "Feature",
      "geometry": {
        "type": "LineString",
        "coordinates": [
          [
            115.13224792480469,
            27.214366912841797
          ],
          [
            114.97127532958984,
            27.103239059448242
          ]
        ]
      },
      "properties": {
        "MAJ_MINOR": 1,
        "SOURCE": null,
        "_layer_id": "ming_courier_routes",
        "_layer_title": "명대 역참 노선",
        "_source_file": "Ming_Routes_2016.shp",
        "_source_crs": "EPSG:4326"
      }
    },
    {
      "type": "Feature",
      "geometry": {
        "type": "LineString",
        "coordinates": [
          [
            114.97127532958984,
            27.103239059448242
          ],
          [
            114.8948745727539,
            26.792102813720703
          ]
        ]
      },
      "properties": {
        "MAJ_MINOR": 1,
        "SOURCE": null,
        "_layer_id": "ming_courier_routes",
        "_layer_title": "명대 역참 노선",
        "_source_file": "Ming_Routes_2016.shp",
        "_source_crs": "EPSG:4326"
      }
    },
    {
      "type": "Feature",
      "geometry": {
        "type": "LineString",
        "coordinates": [
          [
            114.8948745727539,
            26.792102813720703
          ],
          [
            114.77967834472656,
            26.461769104003906
          ]
        ]
      },
      "properties": {
        "MAJ_MINOR": 1,
        "SOURCE": null,
        "_layer_id": "ming_courier_routes",
        "_layer_title": "명대 역참 노선",
        "_source_file": "Ming_Routes_2016.shp",
        "_source_crs": "EPSG:4326"
      }
    },
    {
      "type": "Feature",
      "geometry": {
        "type": "LineString",
        "coordinates": [
          [
            114.9054950000002,
            26.129812000000072
          ],
          [
            114.93247985839844,
            25.847000122070426
          ]
        ]
      },
      "properties": {
        "MAJ_MINOR": 1,
        "SOURCE": null,
        "_layer_id": "ming_courier_routes",
        "_layer_title": "명대 역참 노선",
        "_source_file": "Ming_Routes_2016.shp",
        "_source_crs": "EPSG:4326"
      }
    },
    {
      "type": "Feature",
      "geometry": {
        "type": "LineString",
        "coordinates": [
          [
            114.93247985839844,
            25.847000122070312
          ],
          [
            114.74516296386719,
            25.658571243286133
          ]
        ]
      },
      "properties": {
        "MAJ_MINOR": 1,
        "SOURCE": null,
        "_layer_id": "ming_courier_routes",
        "_layer_title": "명대 역참 노선",
        "_source_file": "Ming_Routes_2016.shp",
        "_source_crs": "EPSG:4326"
      }
    },
    {
      "type": "Feature",
      "geometry": {
        "type": "LineString",
        "coordinates": [
          [
            114.74516296386719,
            25.658571243286246
          ],
          [
            114.55017800007417,
            25.485345999967716
          ]
        ]
      },
      "properties": {
        "MAJ_MINOR": 1,
        "SOURCE": null,
        "_layer_id": "ming_courier_routes",
        "_layer_title": "명대 역참 노선",
        "_source_file": "Ming_Routes_2016.shp",
        "_source_crs": "EPSG:4326"
      }
    },
    {
      "type": "Feature",
      "geometry": {
        "type": "LineString",
        "coordinates": [
          [
            114.35057067871094,
            25.399953842163086
          ],
          [
            114.30208587646484,
            25.11884307861328
          ]
        ]
      },
      "properties": {
        "MAJ_MINOR": 1,
        "SOURCE": "1903 atlas",
        "_layer_id": "ming_courier_routes",
        "_layer_title": "명대 역참 노선",
        "_source_file": "Ming_Routes_2016.shp",
        "_source_crs": "EPSG:4326"
      }
    },
    {
      "type": "Feature",
      "geometry": {
        "type": "LineString",
        "coordinates": [
          [
            114.30208587646484,
            25.11884307861328
          ],
          [
            114.06314799999996,
            24.945763
          ]
        ]
      },
      "properties": {
        "MAJ_MINOR": 1,
        "SOURCE": "1903 atlas",
        "_layer_id": "ming_courier_routes",
        "_layer_title": "명대 역참 노선",
        "_source_file": "Ming_Routes_2016.shp",
        "_source_crs": "EPSG:4326"
      }
    },
    {
      "type": "Feature",
      "geometry": {
        "type": "LineString",
        "coordinates": [
          [
            113.4020767211914,
            24.172937393188477
          ],
          [
            113.02213287353516,
            23.720727920532227
          ]
        ]
      },
      "properties": {
        "MAJ_MINOR": 1,
        "SOURCE": "1903 atlas",
        "_layer_id": "ming_courier_routes",
        "_layer_title": "명대 역참 노선",
        "_source_file": "Ming_Routes_2016.shp",
        "_source_crs": "EPSG:4326"
      }
    },
    {
      "type": "Feature",
      "geometry": {
        "type": "LineString",
        "coordinates": [
          [
            113.02213287353516,
            23.720727920532227
          ],
          [
            112.88607025146484,
            23.165868759155273
          ]
        ]
      },
      "properties": {
        "MAJ_MINOR": 1,
        "SOURCE": null,
        "_layer_id": "ming_courier_routes",
        "_layer_title": "명대 역참 노선",
        "_source_file": "Ming_Routes_2016.shp",
        "_source_crs": "EPSG:4326"
      }
    },
    {
      "type": "Feature",
      "geometry": {
        "type": "LineString",
        "coordinates": [
          [
            112.88607025146484,
            23.165868759155273
          ],
          [
            113.25606536865234,
            23.134624481201172
          ]
        ]
      },
      "properties": {
        "MAJ_MINOR": 1,
        "SOURCE": null,
        "_layer_id": "ming_courier_routes",
        "_layer_title": "명대 역참 노선",
        "_source_file": "Ming_Routes_2016.shp",
        "_source_crs": "EPSG:4326"
      }
    },
    {
      "type": "Feature",
      "geometry": {
        "type": "LineString",
        "coordinates": [
          [
            114.07026672363281,
            35.41038513183594
          ],
          [
            113.86824798583984,
            35.309940338134766
          ]
        ]
      },
      "properties": {
        "MAJ_MINOR": 1,
        "SOURCE": null,
        "_layer_id": "ming_courier_routes",
        "_layer_title": "명대 역참 노선",
        "_source_file": "Ming_Routes_2016.shp",
        "_source_crs": "EPSG:4326"
      }
    },
    {
      "type": "Feature",
      "geometry": {
        "type": "LineString",
        "coordinates": [
          [
            113.53441600000008,
            34.87436300000013
          ],
          [
            113.64131164550793,
            34.75807571411133
          ]
        ]
      },
      "properties": {
        "MAJ_MINOR": 1,
        "SOURCE": "1903 atlas",
        "_layer_id": "ming_courier_routes",
        "_layer_title": "명대 역참 노선",
        "_source_file": "Ming_Routes_2016.shp",
        "_source_crs": "EPSG:4326"
      }
    },
    {
      "type": "Feature",
      "geometry": {
        "type": "LineString",
        "coordinates": [
          [
            113.64131164550781,
            34.75807571411133
          ],
          [
            113.71908569335938,
            34.39732360839844
          ]
        ]
      },
      "properties": {
        "MAJ_MINOR": 1,
        "SOURCE": "MDYZK",
        "_layer_id": "ming_courier_routes",
        "_layer_title": "명대 역참 노선",
        "_source_file": "Ming_Routes_2016.shp",
        "_source_crs": "EPSG:4326"
      }
    },
    {
      "type": "Feature",
      "geometry": {
        "type": "LineString",
        "coordinates": [
          [
            113.96063995361328,
            33.8086051940918
          ],
          [
            113.9656982421875,
            33.582210540771484
          ]
        ]
      },
      "properties": {
        "MAJ_MINOR": 1,
        "SOURCE": "MDYZK",
        "_layer_id": "ming_courier_routes",
        "_layer_title": "명대 역참 노선",
        "_source_file": "Ming_Routes_2016.shp",
        "_source_crs": "EPSG:4326"
      }
    },
    {
      "type": "Feature",
      "geometry": {
        "type": "LineString",
        "coordinates": [
          [
            113.9656982421875,
            33.582210540771484
          ],
          [
            114.01553344726562,
            33.38905715942383
          ]
        ]
      },
      "properties": {
        "MAJ_MINOR": 1,
        "SOURCE": "MDYZK",
        "_layer_id": "ming_courier_routes",
        "_layer_title": "명대 역참 노선",
        "_source_file": "Ming_Routes_2016.shp",
        "_source_crs": "EPSG:4326"
      }
    },
    {
      "type": "Feature",
      "geometry": {
        "type": "LineString",
        "coordinates": [
          [
            114.01553344726574,
            33.389057159423885
          ],
          [
            114.25935300000003,
            33.267239000000075
          ]
        ]
      },
      "properties": {
        "MAJ_MINOR": 1,
        "SOURCE": "MDYZK",
        "_layer_id": "ming_courier_routes",
        "_layer_title": "명대 역참 노선",
        "_source_file": "Ming_Routes_2016.shp",
        "_source_crs": "EPSG:4326"
      }
    },
    {
      "type": "Feature",
      "geometry": {
        "type": "LineString",
        "coordinates": [
          [
            114.25935300000003,
            33.267239000000075
          ],
          [
            114.34424850371624,
            33.00481606072282
          ]
        ]
      },
      "properties": {
        "MAJ_MINOR": 1,
        "SOURCE": "MDYZK",
        "_layer_id": "ming_courier_routes",
        "_layer_title": "명대 역참 노선",
        "_source_file": "Ming_Routes_2016.shp",
        "_source_crs": "EPSG:4326"
      }
    },
    {
      "type": "Feature",
      "geometry": {
        "type": "LineString",
        "coordinates": [
          [
            114.34424850371624,
            33.00481606072282
          ],
          [
            114.38121000000001,
            32.609119000000135
          ]
        ]
      },
      "properties": {
        "MAJ_MINOR": 2,
        "SOURCE": "MDYZK",
        "_layer_id": "ming_courier_routes",
        "_layer_title": "명대 역참 노선",
        "_source_file": "Ming_Routes_2016.shp",
        "_source_crs": "EPSG:4326"
      }
    },
    {
      "type": "Feature",
      "geometry": {
        "type": "LineString",
        "coordinates": [
          [
            113.68689727783203,
            31.252609252929688
          ],
          [
            113.7332992553711,
            31.020029067993164
          ]
        ]
      },
      "properties": {
        "MAJ_MINOR": 2,
        "SOURCE": "MDYZK",
        "_layer_id": "ming_courier_routes",
        "_layer_title": "명대 역참 노선",
        "_source_file": "Ming_Routes_2016.shp",
        "_source_crs": "EPSG:4326"
      }
    },
    {
      "type": "Feature",
      "geometry": {
        "type": "LineString",
        "coordinates": [
          [
            113.7332992553711,
            31.020029067993164
          ],
          [
            113.81085200000007,
            30.764212000000043
          ]
        ]
      },
      "properties": {
        "MAJ_MINOR": 2,
        "SOURCE": "MDYZK",
        "_layer_id": "ming_courier_routes",
        "_layer_title": "명대 역참 노선",
        "_source_file": "Ming_Routes_2016.shp",
        "_source_crs": "EPSG:4326"
      }
    },
    {
      "type": "Feature",
      "geometry": {
        "type": "LineString",
        "coordinates": [
          [
            113.81085200000007,
            30.764212000000043
          ],
          [
            114.02563499999997,
            30.580984
          ]
        ]
      },
      "properties": {
        "MAJ_MINOR": 1,
        "SOURCE": "MDYZK",
        "_layer_id": "ming_courier_routes",
        "_layer_title": "명대 역참 노선",
        "_source_file": "Ming_Routes_2016.shp",
        "_source_crs": "EPSG:4326"
      }
    },
    {
      "type": "Feature",
      "geometry": {
        "type": "LineString",
        "coordinates": [
          [
            114.02563499999997,
            30.580984
          ],
          [
            114.26192474365246,
            30.54437446594244
          ]
        ]
      },
      "properties": {
        "MAJ_MINOR": 1,
        "SOURCE": "MDYZK",
        "_layer_id": "ming_courier_routes",
        "_layer_title": "명대 역참 노선",
        "_source_file": "Ming_Routes_2016.shp",
        "_source_crs": "EPSG:4326"
      }
    },
    {
      "type": "Feature",
      "geometry": {
        "type": "LineString",
        "coordinates": [
          [
            114.26192474365234,
            30.544374465942383
          ],
          [
            114.3191909790039,
            30.541385650634766
          ]
        ]
      },
      "properties": {
        "MAJ_MINOR": 1,
        "SOURCE": "MDYZK",
        "_layer_id": "ming_courier_routes",
        "_layer_title": "명대 역참 노선",
        "_source_file": "Ming_Routes_2016.shp",
        "_source_crs": "EPSG:4326"
      }
    },
    {
      "type": "Feature",
      "geometry": {
        "type": "LineString",
        "coordinates": [
          [
            114.31919097900402,
            30.541385650634822
          ],
          [
            114.40242799999999,
            30.353405000000123
          ]
        ]
      },
      "properties": {
        "MAJ_MINOR": 1,
        "SOURCE": "MDYZK",
        "_layer_id": "ming_courier_routes",
        "_layer_title": "명대 역참 노선",
        "_source_file": "Ming_Routes_2016.shp",
        "_source_crs": "EPSG:4326"
      }
    },
    {
      "type": "Feature",
      "geometry": {
        "type": "LineString",
        "coordinates": [
          [
            114.08427400000005,
            29.807217000000094
          ],
          [
            113.8746109008789,
            29.70835304260254
          ]
        ]
      },
      "properties": {
        "MAJ_MINOR": 1,
        "SOURCE": "MDYZK",
        "_layer_id": "ming_courier_routes",
        "_layer_title": "명대 역참 노선",
        "_source_file": "Ming_Routes_2016.shp",
        "_source_crs": "EPSG:4326"
      }
    },
    {
      "type": "Feature",
      "geometry": {
        "type": "LineString",
        "coordinates": [
          [
            113.2928695678711,
            29.58813858032238
          ],
          [
            113.2631530000042,
            29.47304899999623
          ]
        ]
      },
      "properties": {
        "MAJ_MINOR": 2,
        "SOURCE": null,
        "_layer_id": "ming_courier_routes",
        "_layer_title": "명대 역참 노선",
        "_source_file": "Ming_Routes_2016.shp",
        "_source_crs": "EPSG:4326"
      }
    },
    {
      "type": "Feature",
      "geometry": {
        "type": "LineString",
        "coordinates": [
          [
            112.97813415527344,
            28.198198318481445
          ],
          [
            112.91126251220703,
            27.872697830200195
          ]
        ]
      },
      "properties": {
        "MAJ_MINOR": 1,
        "SOURCE": "MDYZK",
        "_layer_id": "ming_courier_routes",
        "_layer_title": "명대 역참 노선",
        "_source_file": "Ming_Routes_2016.shp",
        "_source_crs": "EPSG:4326"
      }
    },
    {
      "type": "Feature",
      "geometry": {
        "type": "LineString",
        "coordinates": [
          [
            112.88561459881646,
            27.38251119971619
          ],
          [
            112.85241699218761,
            27.245645523071346
          ]
        ]
      },
      "properties": {
        "MAJ_MINOR": 1,
        "SOURCE": "MDYZK",
        "_layer_id": "ming_courier_routes",
        "_layer_title": "명대 역참 노선",
        "_source_file": "Ming_Routes_2016.shp",
        "_source_crs": "EPSG:4326"
      }
    },
    {
      "type": "Feature",
      "geometry": {
        "type": "LineString",
        "coordinates": [
          [
            112.8524169921875,
            27.24564552307129
          ],
          [
            112.59703826904297,
            26.9016170501709
          ]
        ]
      },
      "properties": {
        "MAJ_MINOR": 1,
        "SOURCE": "MDYZK",
        "_layer_id": "ming_courier_routes",
        "_layer_title": "명대 역참 노선",
        "_source_file": "Ming_Routes_2016.shp",
        "_source_crs": "EPSG:4326"
      }
    },
    {
      "type": "Feature",
      "geometry": {
        "type": "LineString",
        "coordinates": [
          [
            112.22751100000005,
            26.792783000000156
          ],
          [
            111.85589599609375,
            26.59169197082514
          ]
        ]
      },
      "properties": {
        "MAJ_MINOR": 1,
        "SOURCE": "MDYZK",
        "_layer_id": "ming_courier_routes",
        "_layer_title": "명대 역참 노선",
        "_source_file": "Ming_Routes_2016.shp",
        "_source_crs": "EPSG:4326"
      }
    },
    {
      "type": "Feature",
      "geometry": {
        "type": "LineString",
        "coordinates": [
          [
            111.58422800000005,
            26.443543000000034
          ],
          [
            111.61256408691412,
            26.210338592529297
          ]
        ]
      },
      "properties": {
        "MAJ_MINOR": 1,
        "SOURCE": null,
        "_layer_id": "ming_courier_routes",
        "_layer_title": "명대 역참 노선",
        "_source_file": "Ming_Routes_2016.shp",
        "_source_crs": "EPSG:4326"
      }
    },
    {
      "type": "Feature",
      "geometry": {
        "type": "LineString",
        "coordinates": [
          [
            111.61256408691406,
            26.210338592529297
          ],
          [
            111.06500244140625,
            25.931814193725586
          ]
        ]
      },
      "properties": {
        "MAJ_MINOR": 1,
        "SOURCE": null,
        "_layer_id": "ming_courier_routes",
        "_layer_title": "명대 역참 노선",
        "_source_file": "Ming_Routes_2016.shp",
        "_source_crs": "EPSG:4326"
      }
    },
    {
      "type": "Feature",
      "geometry": {
        "type": "LineString",
        "coordinates": [
          [
            111.06500244140625,
            25.931814193725586
          ],
          [
            110.6658706665039,
            25.61313247680664
          ]
        ]
      },
      "properties": {
        "MAJ_MINOR": 1,
        "SOURCE": null,
        "_layer_id": "ming_courier_routes",
        "_layer_title": "명대 역참 노선",
        "_source_file": "Ming_Routes_2016.shp",
        "_source_crs": "EPSG:4326"
      }
    },
    {
      "type": "Feature",
      "geometry": {
        "type": "LineString",
        "coordinates": [
          [
            110.6658706665039,
            25.61313247680664
          ],
          [
            110.3836898803711,
            25.46320343017578
          ]
        ]
      },
      "properties": {
        "MAJ_MINOR": 1,
        "SOURCE": null,
        "_layer_id": "ming_courier_routes",
        "_layer_title": "명대 역참 노선",
        "_source_file": "Ming_Routes_2016.shp",
        "_source_crs": "EPSG:4326"
      }
    },
    {
      "type": "Feature",
      "geometry": {
        "type": "LineString",
        "coordinates": [
          [
            110.3836898803711,
            25.46320343017578
          ],
          [
            110.28626251220703,
            25.280059814453125
          ]
        ]
      },
      "properties": {
        "MAJ_MINOR": 1,
        "SOURCE": null,
        "_layer_id": "ming_courier_routes",
        "_layer_title": "명대 역참 노선",
        "_source_file": "Ming_Routes_2016.shp",
        "_source_crs": "EPSG:4326"
      }
    },
    {
      "type": "Feature",
      "geometry": {
        "type": "LineString",
        "coordinates": [
          [
            113.71908569335938,
            34.39732360839844
          ],
          [
            113.46705627441406,
            34.16249084472656
          ]
        ]
      },
      "properties": {
        "MAJ_MINOR": 1,
        "SOURCE": "MDYZK",
        "_layer_id": "ming_courier_routes",
        "_layer_title": "명대 역참 노선",
        "_source_file": "Ming_Routes_2016.shp",
        "_source_crs": "EPSG:4326"
      }
    },
    {
      "type": "Feature",
      "geometry": {
        "type": "LineString",
        "coordinates": [
          [
            113.46705627441406,
            34.16249084472656
          ],
          [
            113.47236633300781,
            33.85369110107422
          ]
        ]
      },
      "properties": {
        "MAJ_MINOR": 1,
        "SOURCE": "MDYZK",
        "_layer_id": "ming_courier_routes",
        "_layer_title": "명대 역참 노선",
        "_source_file": "Ming_Routes_2016.shp",
        "_source_crs": "EPSG:4326"
      }
    },
    {
      "type": "Feature",
      "geometry": {
        "type": "LineString",
        "coordinates": [
          [
            113.47236633300781,
            33.85369110107422
          ],
          [
            113.34552764892578,
            33.6233024597168
          ]
        ]
      },
      "properties": {
        "MAJ_MINOR": 1,
        "SOURCE": "MDYZK",
        "_layer_id": "ming_courier_routes",
        "_layer_title": "명대 역참 노선",
        "_source_file": "Ming_Routes_2016.shp",
        "_source_crs": "EPSG:4326"
      }
    },
    {
      "type": "Feature",
      "geometry": {
        "type": "LineString",
        "coordinates": [
          [
            113.34552764892578,
            33.6233024597168
          ],
          [
            112.99250793457031,
            33.26007843017578
          ]
        ]
      },
      "properties": {
        "MAJ_MINOR": 1,
        "SOURCE": null,
        "_layer_id": "ming_courier_routes",
        "_layer_title": "명대 역참 노선",
        "_source_file": "Ming_Routes_2016.shp",
        "_source_crs": "EPSG:4326"
      }
    },
    {
      "type": "Feature",
      "geometry": {
        "type": "LineString",
        "coordinates": [
          [
            112.99250793457031,
            33.26007843017578
          ],
          [
            112.71179962158203,
            33.16429138183594
          ]
        ]
      },
      "properties": {
        "MAJ_MINOR": 1,
        "SOURCE": "MDYZK",
        "_layer_id": "ming_courier_routes",
        "_layer_title": "명대 역참 노선",
        "_source_file": "Ming_Routes_2016.shp",
        "_source_crs": "EPSG:4326"
      }
    },
    {
      "type": "Feature",
      "geometry": {
        "type": "LineString",
        "coordinates": [
          [
            112.51099999999997,
            32.75500000000005
          ],
          [
            112.35842895507824,
            32.524871826171875
          ]
        ]
      },
      "properties": {
        "MAJ_MINOR": 1,
        "SOURCE": "MDYZK",
        "_layer_id": "ming_courier_routes",
        "_layer_title": "명대 역참 노선",
        "_source_file": "Ming_Routes_2016.shp",
        "_source_crs": "EPSG:4326"
      }
    },
    {
      "type": "Feature",
      "geometry": {
        "type": "LineString",
        "coordinates": [
          [
            112.35842895507824,
            32.524871826171875
          ],
          [
            112.228928,
            32.26555300000001
          ]
        ]
      },
      "properties": {
        "MAJ_MINOR": 1,
        "SOURCE": "MDYZK",
        "_layer_id": "ming_courier_routes",
        "_layer_title": "명대 역참 노선",
        "_source_file": "Ming_Routes_2016.shp",
        "_source_crs": "EPSG:4326"
      }
    },
    {
      "type": "Feature",
      "geometry": {
        "type": "LineString",
        "coordinates": [
          [
            112.15586199999996,
            32.02028300000012
          ],
          [
            112.26013183593761,
            31.710700988769588
          ]
        ]
      },
      "properties": {
        "MAJ_MINOR": 1,
        "SOURCE": null,
        "_layer_id": "ming_courier_routes",
        "_layer_title": "명대 역참 노선",
        "_source_file": "Ming_Routes_2016.shp",
        "_source_crs": "EPSG:4326"
      }
    },
    {
      "type": "Feature",
      "geometry": {
        "type": "LineString",
        "coordinates": [
          [
            112.26013183593761,
            31.710700988769588
          ],
          [
            112.31873300000007,
            31.433531000000073
          ]
        ]
      },
      "properties": {
        "MAJ_MINOR": 1,
        "SOURCE": "MDYZK",
        "_layer_id": "ming_courier_routes",
        "_layer_title": "명대 역참 노선",
        "_source_file": "Ming_Routes_2016.shp",
        "_source_crs": "EPSG:4326"
      }
    },
    {
      "type": "Feature",
      "geometry": {
        "type": "LineString",
        "coordinates": [
          [
            112.18094600000018,
            30.69174600000008
          ],
          [
            112.19077301025402,
            30.35044479370123
          ]
        ]
      },
      "properties": {
        "MAJ_MINOR": 1,
        "SOURCE": null,
        "_layer_id": "ming_courier_routes",
        "_layer_title": "명대 역참 노선",
        "_source_file": "Ming_Routes_2016.shp",
        "_source_crs": "EPSG:4326"
      }
    },
    {
      "type": "Feature",
      "geometry": {
        "type": "LineString",
        "coordinates": [
          [
            112.19077301025402,
            30.35044479370123
          ],
          [
            112.27024034306848,
            30.191920707671418
          ]
        ]
      },
      "properties": {
        "MAJ_MINOR": 1,
        "SOURCE": "MDYZK",
        "_layer_id": "ming_courier_routes",
        "_layer_title": "명대 역참 노선",
        "_source_file": "Ming_Routes_2016.shp",
        "_source_crs": "EPSG:4326"
      }
    },
    {
      "type": "Feature",
      "geometry": {
        "type": "LineString",
        "coordinates": [
          [
            112.0781021118164,
            29.914501190185547
          ],
          [
            111.75698852539062,
            29.640151977539062
          ]
        ]
      },
      "properties": {
        "MAJ_MINOR": 1,
        "SOURCE": null,
        "_layer_id": "ming_courier_routes",
        "_layer_title": "명대 역참 노선",
        "_source_file": "Ming_Routes_2016.shp",
        "_source_crs": "EPSG:4326"
      }
    },
    {
      "type": "Feature",
      "geometry": {
        "type": "LineString",
        "coordinates": [
          [
            111.752823,
            29.21161799999975
          ],
          [
            111.69129943847656,
            29.03480720520031
          ]
        ]
      },
      "properties": {
        "MAJ_MINOR": 1,
        "SOURCE": "MDYZK",
        "_layer_id": "ming_courier_routes",
        "_layer_title": "명대 역참 노선",
        "_source_file": "Ming_Routes_2016.shp",
        "_source_crs": "EPSG:4326"
      }
    },
    {
      "type": "Feature",
      "geometry": {
        "type": "LineString",
        "coordinates": [
          [
            111.69129943847656,
            29.034807205200195
          ],
          [
            111.47776794433594,
            28.90159797668457
          ]
        ]
      },
      "properties": {
        "MAJ_MINOR": 1,
        "SOURCE": null,
        "_layer_id": "ming_courier_routes",
        "_layer_title": "명대 역참 노선",
        "_source_file": "Ming_Routes_2016.shp",
        "_source_crs": "EPSG:4326"
      }
    },
    {
      "type": "Feature",
      "geometry": {
        "type": "LineString",
        "coordinates": [
          [
            110.39696502685547,
            28.458190917968693
          ],
          [
            110.39209,
            28.440548000000035
          ]
        ]
      },
      "properties": {
        "MAJ_MINOR": 1,
        "SOURCE": null,
        "_layer_id": "ming_courier_routes",
        "_layer_title": "명대 역참 노선",
        "_source_file": "Ming_Routes_2016.shp",
        "_source_crs": "EPSG:4326"
      }
    },
    {
      "type": "Feature",
      "geometry": {
        "type": "LineString",
        "coordinates": [
          [
            110.21451800000006,
            27.889319999999838
          ],
          [
            110.11225900000011,
            27.62009800000004
          ]
        ]
      },
      "properties": {
        "MAJ_MINOR": 1,
        "SOURCE": null,
        "_layer_id": "ming_courier_routes",
        "_layer_title": "명대 역참 노선",
        "_source_file": "Ming_Routes_2016.shp",
        "_source_crs": "EPSG:4326"
      }
    },
    {
      "type": "Feature",
      "geometry": {
        "type": "LineString",
        "coordinates": [
          [
            109.1985092163086,
            27.381704330444336
          ],
          [
            108.91154479980469,
            27.235931396484375
          ]
        ]
      },
      "properties": {
        "MAJ_MINOR": 1,
        "SOURCE": null,
        "_layer_id": "ming_courier_routes",
        "_layer_title": "명대 역참 노선",
        "_source_file": "Ming_Routes_2016.shp",
        "_source_crs": "EPSG:4326"
      }
    },
    {
      "type": "Feature",
      "geometry": {
        "type": "LineString",
        "coordinates": [
          [
            108.91154479980469,
            27.235931396484375
          ],
          [
            108.73037719726562,
            27.126684188842773
          ]
        ]
      },
      "properties": {
        "MAJ_MINOR": 1,
        "SOURCE": null,
        "_layer_id": "ming_courier_routes",
        "_layer_title": "명대 역참 노선",
        "_source_file": "Ming_Routes_2016.shp",
        "_source_crs": "EPSG:4326"
      }
    },
    {
      "type": "Feature",
      "geometry": {
        "type": "LineString",
        "coordinates": [
          [
            108.73037719726562,
            27.126684188842773
          ],
          [
            108.41844940185547,
            27.054264068603516
          ]
        ]
      },
      "properties": {
        "MAJ_MINOR": 1,
        "SOURCE": null,
        "_layer_id": "ming_courier_routes",
        "_layer_title": "명대 역참 노선",
        "_source_file": "Ming_Routes_2016.shp",
        "_source_crs": "EPSG:4326"
      }
    },
    {
      "type": "Feature",
      "geometry": {
        "type": "LineString",
        "coordinates": [
          [
            108.41844940185547,
            27.054264068603516
          ],
          [
            108.11892700195312,
            27.037273406982422
          ]
        ]
      },
      "properties": {
        "MAJ_MINOR": 1,
        "SOURCE": null,
        "_layer_id": "ming_courier_routes",
        "_layer_title": "명대 역참 노선",
        "_source_file": "Ming_Routes_2016.shp",
        "_source_crs": "EPSG:4326"
      }
    },
    {
      "type": "Feature",
      "geometry": {
        "type": "LineString",
        "coordinates": [
          [
            108.11892700195324,
            27.037273406982536
          ],
          [
            107.78897857666027,
            26.658317565918026
          ]
        ]
      },
      "properties": {
        "MAJ_MINOR": 1,
        "SOURCE": null,
        "_layer_id": "ming_courier_routes",
        "_layer_title": "명대 역참 노선",
        "_source_file": "Ming_Routes_2016.shp",
        "_source_crs": "EPSG:4326"
      }
    },
    {
      "type": "Feature",
      "geometry": {
        "type": "LineString",
        "coordinates": [
          [
            107.78897857666016,
            26.65831756591797
          ],
          [
            107.2396240234375,
            26.58564567565918
          ]
        ]
      },
      "properties": {
        "MAJ_MINOR": 1,
        "SOURCE": null,
        "_layer_id": "ming_courier_routes",
        "_layer_title": "명대 역참 노선",
        "_source_file": "Ming_Routes_2016.shp",
        "_source_crs": "EPSG:4326"
      }
    },
    {
      "type": "Feature",
      "geometry": {
        "type": "LineString",
        "coordinates": [
          [
            107.2396240234375,
            26.58564567565918
          ],
          [
            106.98106384277344,
            26.458335876464844
          ]
        ]
      },
      "properties": {
        "MAJ_MINOR": 1,
        "SOURCE": null,
        "_layer_id": "ming_courier_routes",
        "_layer_title": "명대 역참 노선",
        "_source_file": "Ming_Routes_2016.shp",
        "_source_crs": "EPSG:4326"
      }
    },
    {
      "type": "Feature",
      "geometry": {
        "type": "LineString",
        "coordinates": [
          [
            106.98106384277344,
            26.458335876464844
          ],
          [
            106.70911407470703,
            26.580778121948242
          ]
        ]
      },
      "properties": {
        "MAJ_MINOR": 1,
        "SOURCE": null,
        "_layer_id": "ming_courier_routes",
        "_layer_title": "명대 역참 노선",
        "_source_file": "Ming_Routes_2016.shp",
        "_source_crs": "EPSG:4326"
      }
    },
    {
      "type": "Feature",
      "geometry": {
        "type": "LineString",
        "coordinates": [
          [
            106.70911407470703,
            26.580778121948242
          ],
          [
            106.46762084960938,
            26.556049346923828
          ]
        ]
      },
      "properties": {
        "MAJ_MINOR": 1,
        "SOURCE": null,
        "_layer_id": "ming_courier_routes",
        "_layer_title": "명대 역참 노선",
        "_source_file": "Ming_Routes_2016.shp",
        "_source_crs": "EPSG:4326"
      }
    },
    {
      "type": "Feature",
      "geometry": {
        "type": "LineString",
        "coordinates": [
          [
            106.46762084960938,
            26.556049346923828
          ],
          [
            106.26085662841797,
            26.417787551879883
          ]
        ]
      },
      "properties": {
        "MAJ_MINOR": 1,
        "SOURCE": null,
        "_layer_id": "ming_courier_routes",
        "_layer_title": "명대 역참 노선",
        "_source_file": "Ming_Routes_2016.shp",
        "_source_crs": "EPSG:4326"
      }
    },
    {
      "type": "Feature",
      "geometry": {
        "type": "LineString",
        "coordinates": [
          [
            106.26085662841797,
            26.417787551879883
          ],
          [
            105.92786407470703,
            26.243244171142578
          ]
        ]
      },
      "properties": {
        "MAJ_MINOR": 1,
        "SOURCE": null,
        "_layer_id": "ming_courier_routes",
        "_layer_title": "명대 역참 노선",
        "_source_file": "Ming_Routes_2016.shp",
        "_source_crs": "EPSG:4326"
      }
    },
    {
      "type": "Feature",
      "geometry": {
        "type": "LineString",
        "coordinates": [
          [
            105.92786407470703,
            26.243244171142578
          ],
          [
            105.76355743408203,
            26.054595947265625
          ]
        ]
      },
      "properties": {
        "MAJ_MINOR": 1,
        "SOURCE": null,
        "_layer_id": "ming_courier_routes",
        "_layer_title": "명대 역참 노선",
        "_source_file": "Ming_Routes_2016.shp",
        "_source_crs": "EPSG:4326"
      }
    },
    {
      "type": "Feature",
      "geometry": {
        "type": "LineString",
        "coordinates": [
          [
            105.76355743408203,
            26.054595947265625
          ],
          [
            105.48582458496094,
            25.910207748413086
          ]
        ]
      },
      "properties": {
        "MAJ_MINOR": 1,
        "SOURCE": null,
        "_layer_id": "ming_courier_routes",
        "_layer_title": "명대 역참 노선",
        "_source_file": "Ming_Routes_2016.shp",
        "_source_crs": "EPSG:4326"
      }
    },
    {
      "type": "Feature",
      "geometry": {
        "type": "LineString",
        "coordinates": [
          [
            105.48582458496094,
            25.910207748413086
          ],
          [
            105.21588134765625,
            25.83346939086914
          ]
        ]
      },
      "properties": {
        "MAJ_MINOR": 1,
        "SOURCE": null,
        "_layer_id": "ming_courier_routes",
        "_layer_title": "명대 역참 노선",
        "_source_file": "Ming_Routes_2016.shp",
        "_source_crs": "EPSG:4326"
      }
    },
    {
      "type": "Feature",
      "geometry": {
        "type": "LineString",
        "coordinates": [
          [
            105.21588134765625,
            25.83346939086914
          ],
          [
            104.95207977294922,
            25.788410186767578
          ]
        ]
      },
      "properties": {
        "MAJ_MINOR": 1,
        "SOURCE": null,
        "_layer_id": "ming_courier_routes",
        "_layer_title": "명대 역참 노선",
        "_source_file": "Ming_Routes_2016.shp",
        "_source_crs": "EPSG:4326"
      }
    },
    {
      "type": "Feature",
      "geometry": {
        "type": "LineString",
        "coordinates": [
          [
            104.95207977294922,
            25.788410186767578
          ],
          [
            104.64989471435547,
            25.793142318725586
          ]
        ]
      },
      "properties": {
        "MAJ_MINOR": 1,
        "SOURCE": null,
        "_layer_id": "ming_courier_routes",
        "_layer_title": "명대 역참 노선",
        "_source_file": "Ming_Routes_2016.shp",
        "_source_crs": "EPSG:4326"
      }
    },
    {
      "type": "Feature",
      "geometry": {
        "type": "LineString",
        "coordinates": [
          [
            104.64989471435541,
            25.7931423187257
          ],
          [
            104.01197800000011,
            25.65714500000007
          ]
        ]
      },
      "properties": {
        "MAJ_MINOR": 1,
        "SOURCE": null,
        "_layer_id": "ming_courier_routes",
        "_layer_title": "명대 역참 노선",
        "_source_file": "Ming_Routes_2016.shp",
        "_source_crs": "EPSG:4326"
      }
    },
    {
      "type": "Feature",
      "geometry": {
        "type": "LineString",
        "coordinates": [
          [
            103.7967758178711,
            25.4958438873291
          ],
          [
            103.58020782470703,
            25.428434371948242
          ]
        ]
      },
      "properties": {
        "MAJ_MINOR": 1,
        "SOURCE": null,
        "_layer_id": "ming_courier_routes",
        "_layer_title": "명대 역참 노선",
        "_source_file": "Ming_Routes_2016.shp",
        "_source_crs": "EPSG:4326"
      }
    },
    {
      "type": "Feature",
      "geometry": {
        "type": "LineString",
        "coordinates": [
          [
            103.58020782470703,
            25.428434371948242
          ],
          [
            103.06188999999999,
            25.220108000000018
          ]
        ]
      },
      "properties": {
        "MAJ_MINOR": 1,
        "SOURCE": null,
        "_layer_id": "ming_courier_routes",
        "_layer_title": "명대 역참 노선",
        "_source_file": "Ming_Routes_2016.shp",
        "_source_crs": "EPSG:4326"
      }
    },
    {
      "type": "Feature",
      "geometry": {
        "type": "LineString",
        "coordinates": [
          [
            103.06188999999999,
            25.220108000000018
          ],
          [
            102.7103500366211,
            25.045913696289062
          ]
        ]
      },
      "properties": {
        "MAJ_MINOR": 1,
        "SOURCE": null,
        "_layer_id": "ming_courier_routes",
        "_layer_title": "명대 역참 노선",
        "_source_file": "Ming_Routes_2016.shp",
        "_source_crs": "EPSG:4326"
      }
    },
    {
      "type": "Feature",
      "geometry": {
        "type": "LineString",
        "coordinates": [
          [
            112.50976900000016,
            37.595863999997405
          ],
          [
            112.50899505615234,
            37.55718231201183
          ]
        ]
      },
      "properties": {
        "MAJ_MINOR": 1,
        "SOURCE": "MDYZK",
        "_layer_id": "ming_courier_routes",
        "_layer_title": "명대 역참 노선",
        "_source_file": "Ming_Routes_2016.shp",
        "_source_crs": "EPSG:4326"
      }
    },
    {
      "type": "Feature",
      "geometry": {
        "type": "LineString",
        "coordinates": [
          [
            112.3569490000001,
            37.41525300000018
          ],
          [
            112.31529998779308,
            37.353816986083984
          ]
        ]
      },
      "properties": {
        "MAJ_MINOR": 1,
        "SOURCE": "MDYZK",
        "_layer_id": "ming_courier_routes",
        "_layer_title": "명대 역참 노선",
        "_source_file": "Ming_Routes_2016.shp",
        "_source_crs": "EPSG:4326"
      }
    },
    {
      "type": "Feature",
      "geometry": {
        "type": "LineString",
        "coordinates": [
          [
            112.31529998779297,
            37.353816986083984
          ],
          [
            112.216796875,
            37.28424835205078
          ]
        ]
      },
      "properties": {
        "MAJ_MINOR": 1,
        "SOURCE": "MDYZK",
        "_layer_id": "ming_courier_routes",
        "_layer_title": "명대 역참 노선",
        "_source_file": "Ming_Routes_2016.shp",
        "_source_crs": "EPSG:4326"
      }
    },
    {
      "type": "Feature",
      "geometry": {
        "type": "LineString",
        "coordinates": [
          [
            112.216796875,
            37.284248352050724
          ],
          [
            111.91216300000002,
            37.02647400000012
          ]
        ]
      },
      "properties": {
        "MAJ_MINOR": 1,
        "SOURCE": "MDYZK",
        "_layer_id": "ming_courier_routes",
        "_layer_title": "명대 역참 노선",
        "_source_file": "Ming_Routes_2016.shp",
        "_source_crs": "EPSG:4326"
      }
    },
    {
      "type": "Feature",
      "geometry": {
        "type": "LineString",
        "coordinates": [
          [
            111.91216300000002,
            37.02647400000012
          ],
          [
            111.77621459960943,
            36.84215164184576
          ]
        ]
      },
      "properties": {
        "MAJ_MINOR": 1,
        "SOURCE": "MDYZK",
        "_layer_id": "ming_courier_routes",
        "_layer_title": "명대 역참 노선",
        "_source_file": "Ming_Routes_2016.shp",
        "_source_crs": "EPSG:4326"
      }
    },
    {
      "type": "Feature",
      "geometry": {
        "type": "LineString",
        "coordinates": [
          [
            111.76685300000014,
            36.745735000000025
          ],
          [
            111.72808074951172,
            36.56382369995123
          ]
        ]
      },
      "properties": {
        "MAJ_MINOR": 1,
        "SOURCE": "MDYZK",
        "_layer_id": "ming_courier_routes",
        "_layer_title": "명대 역참 노선",
        "_source_file": "Ming_Routes_2016.shp",
        "_source_crs": "EPSG:4326"
      }
    },
    {
      "type": "Feature",
      "geometry": {
        "type": "LineString",
        "coordinates": [
          [
            111.72808074951172,
            36.56382369995117
          ],
          [
            111.68291473388672,
            36.2593994140625
          ]
        ]
      },
      "properties": {
        "MAJ_MINOR": 1,
        "SOURCE": null,
        "_layer_id": "ming_courier_routes",
        "_layer_title": "명대 역참 노선",
        "_source_file": "Ming_Routes_2016.shp",
        "_source_crs": "EPSG:4326"
      }
    },
    {
      "type": "Feature",
      "geometry": {
        "type": "LineString",
        "coordinates": [
          [
            111.68291473388672,
            36.2593994140625
          ],
          [
            111.51543426513672,
            36.07803726196289
          ]
        ]
      },
      "properties": {
        "MAJ_MINOR": 1,
        "SOURCE": null,
        "_layer_id": "ming_courier_routes",
        "_layer_title": "명대 역참 노선",
        "_source_file": "Ming_Routes_2016.shp",
        "_source_crs": "EPSG:4326"
      }
    },
    {
      "type": "Feature",
      "geometry": {
        "type": "LineString",
        "coordinates": [
          [
            111.51543426513672,
            36.07803726196295
          ],
          [
            111.44947800000011,
            35.79209500000002
          ]
        ]
      },
      "properties": {
        "MAJ_MINOR": 1,
        "SOURCE": "MDYZK",
        "_layer_id": "ming_courier_routes",
        "_layer_title": "명대 역참 노선",
        "_source_file": "Ming_Routes_2016.shp",
        "_source_crs": "EPSG:4326"
      }
    },
    {
      "type": "Feature",
      "geometry": {
        "type": "LineString",
        "coordinates": [
          [
            111.33807400000018,
            35.608864000000096
          ],
          [
            111.21720886230474,
            35.3577232360841
          ]
        ]
      },
      "properties": {
        "MAJ_MINOR": 1,
        "SOURCE": "MDYZK",
        "_layer_id": "ming_courier_routes",
        "_layer_title": "명대 역참 노선",
        "_source_file": "Ming_Routes_2016.shp",
        "_source_crs": "EPSG:4326"
      }
    },
    {
      "type": "Feature",
      "geometry": {
        "type": "LineString",
        "coordinates": [
          [
            111.21720886230474,
            35.3577232360841
          ],
          [
            110.95201194487288,
            35.0663732397762
          ]
        ]
      },
      "properties": {
        "MAJ_MINOR": 1,
        "SOURCE": "MDYZK",
        "_layer_id": "ming_courier_routes",
        "_layer_title": "명대 역참 노선",
        "_source_file": "Ming_Routes_2016.shp",
        "_source_crs": "EPSG:4326"
      }
    },
    {
      "type": "Feature",
      "geometry": {
        "type": "LineString",
        "coordinates": [
          [
            110.95201194487288,
            35.0663732397762
          ],
          [
            110.59600100000006,
            35.056000000000154
          ]
        ]
      },
      "properties": {
        "MAJ_MINOR": 1,
        "SOURCE": "MDYZK",
        "_layer_id": "ming_courier_routes",
        "_layer_title": "명대 역참 노선",
        "_source_file": "Ming_Routes_2016.shp",
        "_source_crs": "EPSG:4326"
      }
    },
    {
      "type": "Feature",
      "geometry": {
        "type": "LineString",
        "coordinates": [
          [
            110.59600100000006,
            35.056000000000154
          ],
          [
            110.33230590820312,
            34.835128784179744
          ]
        ]
      },
      "properties": {
        "MAJ_MINOR": 1,
        "SOURCE": "MDYZK",
        "_layer_id": "ming_courier_routes",
        "_layer_title": "명대 역참 노선",
        "_source_file": "Ming_Routes_2016.shp",
        "_source_crs": "EPSG:4326"
      }
    },
    {
      "type": "Feature",
      "geometry": {
        "type": "LineString",
        "coordinates": [
          [
            110.33230590820312,
            34.83512878417969
          ],
          [
            110.27365112304688,
            34.59880828857422
          ]
        ]
      },
      "properties": {
        "MAJ_MINOR": 1,
        "SOURCE": "MDYZK",
        "_layer_id": "ming_courier_routes",
        "_layer_title": "명대 역참 노선",
        "_source_file": "Ming_Routes_2016.shp",
        "_source_crs": "EPSG:4326"
      }
    },
    {
      "type": "Feature",
      "geometry": {
        "type": "LineString",
        "coordinates": [
          [
            110.27365112304688,
            34.59880828857422
          ],
          [
            110.08936309814453,
            34.56830978393555
          ]
        ]
      },
      "properties": {
        "MAJ_MINOR": 1,
        "SOURCE": null,
        "_layer_id": "ming_courier_routes",
        "_layer_title": "명대 역참 노선",
        "_source_file": "Ming_Routes_2016.shp",
        "_source_crs": "EPSG:4326"
      }
    },
    {
      "type": "Feature",
      "geometry": {
        "type": "LineString",
        "coordinates": [
          [
            110.08936309814453,
            34.56830978393555
          ],
          [
            110.07839965820312,
            34.53443145751953
          ]
        ]
      },
      "properties": {
        "MAJ_MINOR": 1,
        "SOURCE": null,
        "_layer_id": "ming_courier_routes",
        "_layer_title": "명대 역참 노선",
        "_source_file": "Ming_Routes_2016.shp",
        "_source_crs": "EPSG:4326"
      }
    },
    {
      "type": "Feature",
      "geometry": {
        "type": "LineString",
        "coordinates": [
          [
            110.07839965820312,
            34.53443145751953
          ],
          [
            109.50123596191406,
            34.50299835205078
          ]
        ]
      },
      "properties": {
        "MAJ_MINOR": 1,
        "SOURCE": null,
        "_layer_id": "ming_courier_routes",
        "_layer_title": "명대 역참 노선",
        "_source_file": "Ming_Routes_2016.shp",
        "_source_crs": "EPSG:4326"
      }
    },
    {
      "type": "Feature",
      "geometry": {
        "type": "LineString",
        "coordinates": [
          [
            109.50123596191406,
            34.50299835205078
          ],
          [
            109.23829650878906,
            34.43141174316406
          ]
        ]
      },
      "properties": {
        "MAJ_MINOR": 1,
        "SOURCE": null,
        "_layer_id": "ming_courier_routes",
        "_layer_title": "명대 역참 노선",
        "_source_file": "Ming_Routes_2016.shp",
        "_source_crs": "EPSG:4326"
      }
    },
    {
      "type": "Feature",
      "geometry": {
        "type": "LineString",
        "coordinates": [
          [
            109.23829650878906,
            34.43141174316406
          ],
          [
            108.94420623779297,
            34.266605377197266
          ]
        ]
      },
      "properties": {
        "MAJ_MINOR": 1,
        "SOURCE": null,
        "_layer_id": "ming_courier_routes",
        "_layer_title": "명대 역참 노선",
        "_source_file": "Ming_Routes_2016.shp",
        "_source_crs": "EPSG:4326"
      }
    },
    {
      "type": "Feature",
      "geometry": {
        "type": "LineString",
        "coordinates": [
          [
            108.94420623779303,
            34.266605377197266
          ],
          [
            108.70994600000012,
            34.33905400000015
          ]
        ]
      },
      "properties": {
        "MAJ_MINOR": 2,
        "SOURCE": null,
        "_layer_id": "ming_courier_routes",
        "_layer_title": "명대 역참 노선",
        "_source_file": "Ming_Routes_2016.shp",
        "_source_crs": "EPSG:4326"
      }
    },
    {
      "type": "Feature",
      "geometry": {
        "type": "LineString",
        "coordinates": [
          [
            108.527099609375,
            34.42853927612305
          ],
          [
            108.23560333251953,
            34.53030014038086
          ]
        ]
      },
      "properties": {
        "MAJ_MINOR": 2,
        "SOURCE": null,
        "_layer_id": "ming_courier_routes",
        "_layer_title": "명대 역참 노선",
        "_source_file": "Ming_Routes_2016.shp",
        "_source_crs": "EPSG:4326"
      }
    },
    {
      "type": "Feature",
      "geometry": {
        "type": "LineString",
        "coordinates": [
          [
            108.23560333251953,
            34.53030014038086
          ],
          [
            108.0439682006836,
            34.812747955322266
          ]
        ]
      },
      "properties": {
        "MAJ_MINOR": 2,
        "SOURCE": null,
        "_layer_id": "ming_courier_routes",
        "_layer_title": "명대 역참 노선",
        "_source_file": "Ming_Routes_2016.shp",
        "_source_crs": "EPSG:4326"
      }
    },
    {
      "type": "Feature",
      "geometry": {
        "type": "LineString",
        "coordinates": [
          [
            108.0439682006836,
            34.812747955322266
          ],
          [
            108.07798767089844,
            35.03965759277344
          ]
        ]
      },
      "properties": {
        "MAJ_MINOR": 2,
        "SOURCE": null,
        "_layer_id": "ming_courier_routes",
        "_layer_title": "명대 역참 노선",
        "_source_file": "Ming_Routes_2016.shp",
        "_source_crs": "EPSG:4326"
      }
    },
    {
      "type": "Feature",
      "geometry": {
        "type": "LineString",
        "coordinates": [
          [
            108.07798767089844,
            35.03965759277344
          ],
          [
            107.78932189941406,
            35.205440521240234
          ]
        ]
      },
      "properties": {
        "MAJ_MINOR": 2,
        "SOURCE": null,
        "_layer_id": "ming_courier_routes",
        "_layer_title": "명대 역참 노선",
        "_source_file": "Ming_Routes_2016.shp",
        "_source_crs": "EPSG:4326"
      }
    },
    {
      "type": "Feature",
      "geometry": {
        "type": "LineString",
        "coordinates": [
          [
            107.78932189941406,
            35.205440521240234
          ],
          [
            107.36338806152344,
            35.32880783081055
          ]
        ]
      },
      "properties": {
        "MAJ_MINOR": 2,
        "SOURCE": null,
        "_layer_id": "ming_courier_routes",
        "_layer_title": "명대 역참 노선",
        "_source_file": "Ming_Routes_2016.shp",
        "_source_crs": "EPSG:4326"
      }
    },
    {
      "type": "Feature",
      "geometry": {
        "type": "LineString",
        "coordinates": [
          [
            107.3633880615235,
            35.32880783081055
          ],
          [
            106.97579200000007,
            35.429417000000285
          ]
        ]
      },
      "properties": {
        "MAJ_MINOR": 2,
        "SOURCE": null,
        "_layer_id": "ming_courier_routes",
        "_layer_title": "명대 역참 노선",
        "_source_file": "Ming_Routes_2016.shp",
        "_source_crs": "EPSG:4326"
      }
    },
    {
      "type": "Feature",
      "geometry": {
        "type": "LineString",
        "coordinates": [
          [
            106.97579200000007,
            35.429417000000285
          ],
          [
            106.68566131591803,
            35.535846710205305
          ]
        ]
      },
      "properties": {
        "MAJ_MINOR": 2,
        "SOURCE": null,
        "_layer_id": "ming_courier_routes",
        "_layer_title": "명대 역참 노선",
        "_source_file": "Ming_Routes_2016.shp",
        "_source_crs": "EPSG:4326"
      }
    },
    {
      "type": "Feature",
      "geometry": {
        "type": "LineString",
        "coordinates": [
          [
            106.68566131591803,
            35.535846710205305
          ],
          [
            106.31996900000001,
            35.691391000000294
          ]
        ]
      },
      "properties": {
        "MAJ_MINOR": 2,
        "SOURCE": null,
        "_layer_id": "ming_courier_routes",
        "_layer_title": "명대 역참 노선",
        "_source_file": "Ming_Routes_2016.shp",
        "_source_crs": "EPSG:4326"
      }
    },
    {
      "type": "Feature",
      "geometry": {
        "type": "LineString",
        "coordinates": [
          [
            106.31996900000001,
            35.691391000000294
          ],
          [
            106.1222381591798,
            35.61709213256836
          ]
        ]
      },
      "properties": {
        "MAJ_MINOR": 2,
        "SOURCE": null,
        "_layer_id": "ming_courier_routes",
        "_layer_title": "명대 역참 노선",
        "_source_file": "Ming_Routes_2016.shp",
        "_source_crs": "EPSG:4326"
      }
    },
    {
      "type": "Feature",
      "geometry": {
        "type": "LineString",
        "coordinates": [
          [
            106.12223815917969,
            35.61709213256836
          ],
          [
            105.72882080078125,
            35.52409744262695
          ]
        ]
      },
      "properties": {
        "MAJ_MINOR": 2,
        "SOURCE": null,
        "_layer_id": "ming_courier_routes",
        "_layer_title": "명대 역참 노선",
        "_source_file": "Ming_Routes_2016.shp",
        "_source_crs": "EPSG:4326"
      }
    },
    {
      "type": "Feature",
      "geometry": {
        "type": "LineString",
        "coordinates": [
          [
            105.7288208007813,
            35.52409744262695
          ],
          [
            105.4349180000001,
            35.70248000000015
          ]
        ]
      },
      "properties": {
        "MAJ_MINOR": 2,
        "SOURCE": null,
        "_layer_id": "ming_courier_routes",
        "_layer_title": "명대 역참 노선",
        "_source_file": "Ming_Routes_2016.shp",
        "_source_crs": "EPSG:4326"
      }
    },
    {
      "type": "Feature",
      "geometry": {
        "type": "LineString",
        "coordinates": [
          [
            105.05613708496105,
            35.694198608398494
          ],
          [
            104.84650400000015,
            35.658009000000106
          ]
        ]
      },
      "properties": {
        "MAJ_MINOR": 2,
        "SOURCE": null,
        "_layer_id": "ming_courier_routes",
        "_layer_title": "명대 역참 노선",
        "_source_file": "Ming_Routes_2016.shp",
        "_source_crs": "EPSG:4326"
      }
    },
    {
      "type": "Feature",
      "geometry": {
        "type": "LineString",
        "coordinates": [
          [
            104.62030792236328,
            35.57509231567383
          ],
          [
            104.10787200927734,
            35.84682083129883
          ]
        ]
      },
      "properties": {
        "MAJ_MINOR": 2,
        "SOURCE": null,
        "_layer_id": "ming_courier_routes",
        "_layer_title": "명대 역참 노선",
        "_source_file": "Ming_Routes_2016.shp",
        "_source_crs": "EPSG:4326"
      }
    },
    {
      "type": "Feature",
      "geometry": {
        "type": "LineString",
        "coordinates": [
          [
            104.00359300000014,
            35.974228000000494
          ],
          [
            103.84713745117199,
            36.04703140258812
          ]
        ]
      },
      "properties": {
        "MAJ_MINOR": 2,
        "SOURCE": null,
        "_layer_id": "ming_courier_routes",
        "_layer_title": "명대 역참 노선",
        "_source_file": "Ming_Routes_2016.shp",
        "_source_crs": "EPSG:4326"
      }
    },
    {
      "type": "Feature",
      "geometry": {
        "type": "LineString",
        "coordinates": [
          [
            108.70994600000012,
            34.33905400000015
          ],
          [
            108.4826049804688,
            34.29872131347656
          ]
        ]
      },
      "properties": {
        "MAJ_MINOR": 1,
        "SOURCE": null,
        "_layer_id": "ming_courier_routes",
        "_layer_title": "명대 역참 노선",
        "_source_file": "Ming_Routes_2016.shp",
        "_source_crs": "EPSG:4326"
      }
    },
    {
      "type": "Feature",
      "geometry": {
        "type": "LineString",
        "coordinates": [
          [
            108.48260498046875,
            34.29872131347656
          ],
          [
            108.1051025390625,
            34.332054138183594
          ]
        ]
      },
      "properties": {
        "MAJ_MINOR": 1,
        "SOURCE": null,
        "_layer_id": "ming_courier_routes",
        "_layer_title": "명대 역참 노선",
        "_source_file": "Ming_Routes_2016.shp",
        "_source_crs": "EPSG:4326"
      }
    },
    {
      "type": "Feature",
      "geometry": {
        "type": "LineString",
        "coordinates": [
          [
            108.1051025390625,
            34.332054138183594
          ],
          [
            107.86849212646484,
            34.36182403564453
          ]
        ]
      },
      "properties": {
        "MAJ_MINOR": 1,
        "SOURCE": null,
        "_layer_id": "ming_courier_routes",
        "_layer_title": "명대 역참 노선",
        "_source_file": "Ming_Routes_2016.shp",
        "_source_crs": "EPSG:4326"
      }
    },
    {
      "type": "Feature",
      "geometry": {
        "type": "LineString",
        "coordinates": [
          [
            107.86849212646484,
            34.36182403564453
          ],
          [
            107.62709045410156,
            34.43963623046875
          ]
        ]
      },
      "properties": {
        "MAJ_MINOR": 1,
        "SOURCE": null,
        "_layer_id": "ming_courier_routes",
        "_layer_title": "명대 역참 노선",
        "_source_file": "Ming_Routes_2016.shp",
        "_source_crs": "EPSG:4326"
      }
    },
    {
      "type": "Feature",
      "geometry": {
        "type": "LineString",
        "coordinates": [
          [
            107.62709045410156,
            34.43963623046869
          ],
          [
            107.38591800000012,
            34.52251799999999
          ]
        ]
      },
      "properties": {
        "MAJ_MINOR": 1,
        "SOURCE": null,
        "_layer_id": "ming_courier_routes",
        "_layer_title": "명대 역참 노선",
        "_source_file": "Ming_Routes_2016.shp",
        "_source_crs": "EPSG:4326"
      }
    },
    {
      "type": "Feature",
      "geometry": {
        "type": "LineString",
        "coordinates": [
          [
            107.14038848876953,
            34.38187026977545
          ],
          [
            106.9460620000001,
            34.23448600000006
          ]
        ]
      },
      "properties": {
        "MAJ_MINOR": 1,
        "SOURCE": null,
        "_layer_id": "ming_courier_routes",
        "_layer_title": "명대 역참 노선",
        "_source_file": "Ming_Routes_2016.shp",
        "_source_crs": "EPSG:4326"
      }
    },
    {
      "type": "Feature",
      "geometry": {
        "type": "LineString",
        "coordinates": [
          [
            106.92734500000006,
            33.619236
          ],
          [
            106.9692611694336,
            33.20038986206055
          ]
        ]
      },
      "properties": {
        "MAJ_MINOR": 1,
        "SOURCE": null,
        "_layer_id": "ming_courier_routes",
        "_layer_title": "명대 역참 노선",
        "_source_file": "Ming_Routes_2016.shp",
        "_source_crs": "EPSG:4326"
      }
    },
    {
      "type": "Feature",
      "geometry": {
        "type": "LineString",
        "coordinates": [
          [
            106.9692611694336,
            33.20038986206055
          ],
          [
            106.7748031616211,
            33.137901306152344
          ]
        ]
      },
      "properties": {
        "MAJ_MINOR": 1,
        "SOURCE": null,
        "_layer_id": "ming_courier_routes",
        "_layer_title": "명대 역참 노선",
        "_source_file": "Ming_Routes_2016.shp",
        "_source_crs": "EPSG:4326"
      }
    },
    {
      "type": "Feature",
      "geometry": {
        "type": "LineString",
        "coordinates": [
          [
            106.38165000000015,
            33.07498100000004
          ],
          [
            106.29187800000005,
            33.04306400000013
          ]
        ]
      },
      "properties": {
        "MAJ_MINOR": 1,
        "SOURCE": null,
        "_layer_id": "ming_courier_routes",
        "_layer_title": "명대 역참 노선",
        "_source_file": "Ming_Routes_2016.shp",
        "_source_crs": "EPSG:4326"
      }
    },
    {
      "type": "Feature",
      "geometry": {
        "type": "LineString",
        "coordinates": [
          [
            105.85260799999998,
            32.54852700000015
          ],
          [
            105.83299255371105,
            32.44388961791992
          ]
        ]
      },
      "properties": {
        "MAJ_MINOR": 1,
        "SOURCE": null,
        "_layer_id": "ming_courier_routes",
        "_layer_title": "명대 역참 노선",
        "_source_file": "Ming_Routes_2016.shp",
        "_source_crs": "EPSG:4326"
      }
    },
    {
      "type": "Feature",
      "geometry": {
        "type": "LineString",
        "coordinates": [
          [
            104.28306599999996,
            30.98131000000012
          ],
          [
            104.16054534912115,
            30.831390380859432
          ]
        ]
      },
      "properties": {
        "MAJ_MINOR": 1,
        "SOURCE": null,
        "_layer_id": "ming_courier_routes",
        "_layer_title": "명대 역참 노선",
        "_source_file": "Ming_Routes_2016.shp",
        "_source_crs": "EPSG:4326"
      }
    },
    {
      "type": "Feature",
      "geometry": {
        "type": "LineString",
        "coordinates": [
          [
            104.1605453491211,
            30.831390380859375
          ],
          [
            104.07799530029297,
            30.6503849029541
          ]
        ]
      },
      "properties": {
        "MAJ_MINOR": 1,
        "SOURCE": null,
        "_layer_id": "ming_courier_routes",
        "_layer_title": "명대 역참 노선",
        "_source_file": "Ming_Routes_2016.shp",
        "_source_crs": "EPSG:4326"
      }
    },
    {
      "type": "Feature",
      "geometry": {
        "type": "LineString",
        "coordinates": [
          [
            104.01197799999997,
            25.65714500000001
          ],
          [
            103.82211303710938,
            25.609928131103516
          ]
        ]
      },
      "properties": {
        "MAJ_MINOR": 1,
        "SOURCE": null,
        "_layer_id": "ming_courier_routes",
        "_layer_title": "명대 역참 노선",
        "_source_file": "Ming_Routes_2016.shp",
        "_source_crs": "EPSG:4326"
      }
    },
    {
      "type": "Feature",
      "geometry": {
        "type": "LineString",
        "coordinates": [
          [
            103.06188999999999,
            25.220108000000018
          ],
          [
            103.253716,
            25.562204000000015
          ]
        ]
      },
      "properties": {
        "MAJ_MINOR": 2,
        "SOURCE": "1903 atlas",
        "_layer_id": "ming_courier_routes",
        "_layer_title": "명대 역참 노선",
        "_source_file": "Ming_Routes_2016.shp",
        "_source_crs": "EPSG:4326"
      }
    },
    {
      "type": "Feature",
      "geometry": {
        "type": "LineString",
        "coordinates": [
          [
            103.25371551513672,
            25.562204360961914
          ],
          [
            103.29463999999999,
            26.420563000000016
          ]
        ]
      },
      "properties": {
        "MAJ_MINOR": 2,
        "SOURCE": "1903 atlas",
        "_layer_id": "ming_courier_routes",
        "_layer_title": "명대 역참 노선",
        "_source_file": "Ming_Routes_2016.shp",
        "_source_crs": "EPSG:4326"
      }
    },
    {
      "type": "Feature",
      "geometry": {
        "type": "LineString",
        "coordinates": [
          [
            103.88333129882807,
            26.53333282470703
          ],
          [
            104.1064070000001,
            26.21884200000011
          ]
        ]
      },
      "properties": {
        "MAJ_MINOR": 2,
        "SOURCE": "1903 atlas",
        "_layer_id": "ming_courier_routes",
        "_layer_title": "명대 역참 노선",
        "_source_file": "Ming_Routes_2016.shp",
        "_source_crs": "EPSG:4326"
      }
    },
    {
      "type": "Feature",
      "geometry": {
        "type": "LineString",
        "coordinates": [
          [
            103.7967758178711,
            25.4958438873291
          ],
          [
            103.662529,
            25.03226500000001
          ]
        ]
      },
      "properties": {
        "MAJ_MINOR": 2,
        "SOURCE": "1903 atlas",
        "_layer_id": "ming_courier_routes",
        "_layer_title": "명대 역참 노선",
        "_source_file": "Ming_Routes_2016.shp",
        "_source_crs": "EPSG:4326"
      }
    },
    {
      "type": "Feature",
      "geometry": {
        "type": "LineString",
        "coordinates": [
          [
            103.662529,
            25.03226500000001
          ],
          [
            103.69570358073254,
            24.84914215892253
          ]
        ]
      },
      "properties": {
        "MAJ_MINOR": 2,
        "SOURCE": "1903 atlas",
        "_layer_id": "ming_courier_routes",
        "_layer_title": "명대 역참 노선",
        "_source_file": "Ming_Routes_2016.shp",
        "_source_crs": "EPSG:4326"
      }
    },
    {
      "type": "Feature",
      "geometry": {
        "type": "LineString",
        "coordinates": [
          [
            103.69570358073254,
            24.849142158922493
          ],
          [
            103.43320499999997,
            24.40935900000001
          ]
        ]
      },
      "properties": {
        "MAJ_MINOR": 2,
        "SOURCE": "1903 atlas",
        "_layer_id": "ming_courier_routes",
        "_layer_title": "명대 역참 노선",
        "_source_file": "Ming_Routes_2016.shp",
        "_source_crs": "EPSG:4326"
      }
    },
    {
      "type": "Feature",
      "geometry": {
        "type": "LineString",
        "coordinates": [
          [
            103.43320499999997,
            24.40935900000001
          ],
          [
            103.41073600000001,
            24.11117400000001
          ]
        ]
      },
      "properties": {
        "MAJ_MINOR": 2,
        "SOURCE": "1903 atlas",
        "_layer_id": "ming_courier_routes",
        "_layer_title": "명대 역참 노선",
        "_source_file": "Ming_Routes_2016.shp",
        "_source_crs": "EPSG:4326"
      }
    },
    {
      "type": "Feature",
      "geometry": {
        "type": "LineString",
        "coordinates": [
          [
            103.41073600000001,
            24.11117400000001
          ],
          [
            103.23380999999999,
            23.71490500000001
          ]
        ]
      },
      "properties": {
        "MAJ_MINOR": 2,
        "SOURCE": "1903 atlas",
        "_layer_id": "ming_courier_routes",
        "_layer_title": "명대 역참 노선",
        "_source_file": "Ming_Routes_2016.shp",
        "_source_crs": "EPSG:4326"
      }
    },
    {
      "type": "Feature",
      "geometry": {
        "type": "LineString",
        "coordinates": [
          [
            103.23380999999999,
            23.71490500000001
          ],
          [
            103.39257000000002,
            23.369949000000013
          ]
        ]
      },
      "properties": {
        "MAJ_MINOR": 2,
        "SOURCE": "1903 atlas",
        "_layer_id": "ming_courier_routes",
        "_layer_title": "명대 역참 노선",
        "_source_file": "Ming_Routes_2016.shp",
        "_source_crs": "EPSG:4326"
      }
    },
    {
      "type": "Feature",
      "geometry": {
        "type": "LineString",
        "coordinates": [
          [
            103.39257000000002,
            23.369949000000013
          ],
          [
            104.060753,
            23.49956700000001
          ]
        ]
      },
      "properties": {
        "MAJ_MINOR": 2,
        "SOURCE": "1903 atlas",
        "_layer_id": "ming_courier_routes",
        "_layer_title": "명대 역참 노선",
        "_source_file": "Ming_Routes_2016.shp",
        "_source_crs": "EPSG:4326"
      }
    },
    {
      "type": "Feature",
      "geometry": {
        "type": "LineString",
        "coordinates": [
          [
            104.060753,
            23.49956700000001
          ],
          [
            104.23555,
            23.376131000000008
          ]
        ]
      },
      "properties": {
        "MAJ_MINOR": 2,
        "SOURCE": "1903 atlas",
        "_layer_id": "ming_courier_routes",
        "_layer_title": "명대 역참 노선",
        "_source_file": "Ming_Routes_2016.shp",
        "_source_crs": "EPSG:4326"
      }
    },
    {
      "type": "Feature",
      "geometry": {
        "type": "LineString",
        "coordinates": [
          [
            104.23555,
            23.376131000000008
          ],
          [
            104.39596299999997,
            23.021482000000006
          ]
        ]
      },
      "properties": {
        "MAJ_MINOR": 2,
        "SOURCE": "1903 atlas",
        "_layer_id": "ming_courier_routes",
        "_layer_title": "명대 역참 노선",
        "_source_file": "Ming_Routes_2016.shp",
        "_source_crs": "EPSG:4326"
      }
    },
    {
      "type": "Feature",
      "geometry": {
        "type": "LineString",
        "coordinates": [
          [
            103.39257000000002,
            23.369949000000013
          ],
          [
            103.96090699672943,
            22.51120799836045
          ]
        ]
      },
      "properties": {
        "MAJ_MINOR": 2,
        "SOURCE": "1903 atlas",
        "_layer_id": "ming_courier_routes",
        "_layer_title": "명대 역참 노선",
        "_source_file": "Ming_Routes_2016.shp",
        "_source_crs": "EPSG:4326"
      }
    },
    {
      "type": "Feature",
      "geometry": {
        "type": "LineString",
        "coordinates": [
          [
            103.23380999999999,
            23.71490500000001
          ],
          [
            103.09805297851561,
            24.223054885864272
          ]
        ]
      },
      "properties": {
        "MAJ_MINOR": 2,
        "SOURCE": "1903 atlas",
        "_layer_id": "ming_courier_routes",
        "_layer_title": "명대 역참 노선",
        "_source_file": "Ming_Routes_2016.shp",
        "_source_crs": "EPSG:4326"
      }
    },
    {
      "type": "Feature",
      "geometry": {
        "type": "LineString",
        "coordinates": [
          [
            103.09805297851561,
            24.223054885864272
          ],
          [
            103.09724599489905,
            24.563150995909655
          ]
        ]
      },
      "properties": {
        "MAJ_MINOR": 2,
        "SOURCE": "1903 atlas",
        "_layer_id": "ming_courier_routes",
        "_layer_title": "명대 역참 노선",
        "_source_file": "Ming_Routes_2016.shp",
        "_source_crs": "EPSG:4326"
      }
    },
    {
      "type": "Feature",
      "geometry": {
        "type": "LineString",
        "coordinates": [
          [
            103.09724599489907,
            24.563150995909645
          ],
          [
            103.14197499999999,
            24.91106600000001
          ]
        ]
      },
      "properties": {
        "MAJ_MINOR": 2,
        "SOURCE": "1903 atlas",
        "_layer_id": "ming_courier_routes",
        "_layer_title": "명대 역참 노선",
        "_source_file": "Ming_Routes_2016.shp",
        "_source_crs": "EPSG:4326"
      }
    },
    {
      "type": "Feature",
      "geometry": {
        "type": "LineString",
        "coordinates": [
          [
            103.14197499999999,
            24.91106600000001
          ],
          [
            102.7103500366211,
            25.045913696289062
          ]
        ]
      },
      "properties": {
        "MAJ_MINOR": 2,
        "SOURCE": "1903 atlas",
        "_layer_id": "ming_courier_routes",
        "_layer_title": "명대 역참 노선",
        "_source_file": "Ming_Routes_2016.shp",
        "_source_crs": "EPSG:4326"
      }
    },
    {
      "type": "Feature",
      "geometry": {
        "type": "LineString",
        "coordinates": [
          [
            102.7103500366211,
            25.045913696289062
          ],
          [
            102.59973899999997,
            24.673285000000014
          ]
        ]
      },
      "properties": {
        "MAJ_MINOR": 2,
        "SOURCE": "1903 atlas",
        "_layer_id": "ming_courier_routes",
        "_layer_title": "명대 역참 노선",
        "_source_file": "Ming_Routes_2016.shp",
        "_source_crs": "EPSG:4326"
      }
    },
    {
      "type": "Feature",
      "geometry": {
        "type": "LineString",
        "coordinates": [
          [
            102.59973899510665,
            24.67328499400931
          ],
          [
            102.537323,
            24.355511000000018
          ]
        ]
      },
      "properties": {
        "MAJ_MINOR": 2,
        "SOURCE": "1903 atlas",
        "_layer_id": "ming_courier_routes",
        "_layer_title": "명대 역참 노선",
        "_source_file": "Ming_Routes_2016.shp",
        "_source_crs": "EPSG:4326"
      }
    },
    {
      "type": "Feature",
      "geometry": {
        "type": "LineString",
        "coordinates": [
          [
            102.537323,
            24.355511000000018
          ],
          [
            102.63928199999998,
            24.141741000000014
          ]
        ]
      },
      "properties": {
        "MAJ_MINOR": 2,
        "SOURCE": "1903 atlas",
        "_layer_id": "ming_courier_routes",
        "_layer_title": "명대 역참 노선",
        "_source_file": "Ming_Routes_2016.shp",
        "_source_crs": "EPSG:4326"
      }
    },
    {
      "type": "Feature",
      "geometry": {
        "type": "LineString",
        "coordinates": [
          [
            102.63928199999998,
            24.141741000000014
          ],
          [
            102.755608,
            24.10607100000001
          ]
        ]
      },
      "properties": {
        "MAJ_MINOR": 2,
        "SOURCE": "1903 atlas",
        "_layer_id": "ming_courier_routes",
        "_layer_title": "명대 역참 노선",
        "_source_file": "Ming_Routes_2016.shp",
        "_source_crs": "EPSG:4326"
      }
    },
    {
      "type": "Feature",
      "geometry": {
        "type": "LineString",
        "coordinates": [
          [
            102.755608,
            24.10607100000001
          ],
          [
            102.822311,
            23.624552000000016
          ]
        ]
      },
      "properties": {
        "MAJ_MINOR": 2,
        "SOURCE": "1903 atlas",
        "_layer_id": "ming_courier_routes",
        "_layer_title": "명대 역참 노선",
        "_source_file": "Ming_Routes_2016.shp",
        "_source_crs": "EPSG:4326"
      }
    },
    {
      "type": "Feature",
      "geometry": {
        "type": "LineString",
        "coordinates": [
          [
            102.822311,
            23.624552000000016
          ],
          [
            102.488258,
            23.71901500000001
          ]
        ]
      },
      "properties": {
        "MAJ_MINOR": 2,
        "SOURCE": "1903 atlas",
        "_layer_id": "ming_courier_routes",
        "_layer_title": "명대 역참 노선",
        "_source_file": "Ming_Routes_2016.shp",
        "_source_crs": "EPSG:4326"
      }
    },
    {
      "type": "Feature",
      "geometry": {
        "type": "LineString",
        "coordinates": [
          [
            102.488258,
            23.71901500000001
          ],
          [
            102.006424,
            23.60400800000001
          ]
        ]
      },
      "properties": {
        "MAJ_MINOR": 2,
        "SOURCE": "1903 atlas",
        "_layer_id": "ming_courier_routes",
        "_layer_title": "명대 역참 노선",
        "_source_file": "Ming_Routes_2016.shp",
        "_source_crs": "EPSG:4326"
      }
    },
    {
      "type": "Feature",
      "geometry": {
        "type": "LineString",
        "coordinates": [
          [
            102.006424,
            23.60400800000001
          ],
          [
            101.69400161592829,
            23.4391395305765
          ]
        ]
      },
      "properties": {
        "MAJ_MINOR": 2,
        "SOURCE": "1903 atlas",
        "_layer_id": "ming_courier_routes",
        "_layer_title": "명대 역참 노선",
        "_source_file": "Ming_Routes_2016.shp",
        "_source_crs": "EPSG:4326"
      }
    },
    {
      "type": "Feature",
      "geometry": {
        "type": "LineString",
        "coordinates": [
          [
            101.6884686523675,
            23.446066044646205
          ],
          [
            101.16930525684798,
            23.161602847368243
          ]
        ]
      },
      "properties": {
        "MAJ_MINOR": 2,
        "SOURCE": "1903 atlas",
        "_layer_id": "ming_courier_routes",
        "_layer_title": "명대 역참 노선",
        "_source_file": "Ming_Routes_2016.shp",
        "_source_crs": "EPSG:4326"
      }
    },
    {
      "type": "Feature",
      "geometry": {
        "type": "LineString",
        "coordinates": [
          [
            101.16930525684798,
            23.161602847368243
          ],
          [
            101.03598933854126,
            23.070601646536083
          ]
        ]
      },
      "properties": {
        "MAJ_MINOR": 2,
        "SOURCE": "1903 atlas",
        "_layer_id": "ming_courier_routes",
        "_layer_title": "명대 역참 노선",
        "_source_file": "Ming_Routes_2016.shp",
        "_source_crs": "EPSG:4326"
      }
    },
    {
      "type": "Feature",
      "geometry": {
        "type": "LineString",
        "coordinates": [
          [
            101.03598933854126,
            23.070601646536083
          ],
          [
            101.07669269472218,
            23.00107281825008
          ]
        ]
      },
      "properties": {
        "MAJ_MINOR": 2,
        "SOURCE": "1903 atlas",
        "_layer_id": "ming_courier_routes",
        "_layer_title": "명대 역참 노선",
        "_source_file": "Ming_Routes_2016.shp",
        "_source_crs": "EPSG:4326"
      }
    },
    {
      "type": "Feature",
      "geometry": {
        "type": "LineString",
        "coordinates": [
          [
            101.07669269472215,
            23.00107281825008
          ],
          [
            100.97543301775337,
            22.793429984648206
          ]
        ]
      },
      "properties": {
        "MAJ_MINOR": 2,
        "SOURCE": "1903 atlas",
        "_layer_id": "ming_courier_routes",
        "_layer_title": "명대 역참 노선",
        "_source_file": "Ming_Routes_2016.shp",
        "_source_crs": "EPSG:4326"
      }
    },
    {
      "type": "Feature",
      "geometry": {
        "type": "LineString",
        "coordinates": [
          [
            102.7103500366211,
            25.045913696289062
          ],
          [
            102.474121,
            24.91844200000001
          ]
        ]
      },
      "properties": {
        "MAJ_MINOR": 2,
        "SOURCE": "1903 atlas",
        "_layer_id": "ming_courier_routes",
        "_layer_title": "명대 역참 노선",
        "_source_file": "Ming_Routes_2016.shp",
        "_source_crs": "EPSG:4326"
      }
    },
    {
      "type": "Feature",
      "geometry": {
        "type": "LineString",
        "coordinates": [
          [
            102.474121,
            24.91844200000001
          ],
          [
            102.080101,
            25.147398000000013
          ]
        ]
      },
      "properties": {
        "MAJ_MINOR": 2,
        "SOURCE": "1903 atlas",
        "_layer_id": "ming_courier_routes",
        "_layer_title": "명대 역참 노선",
        "_source_file": "Ming_Routes_2016.shp",
        "_source_crs": "EPSG:4326"
      }
    },
    {
      "type": "Feature",
      "geometry": {
        "type": "LineString",
        "coordinates": [
          [
            102.080101,
            25.147398000000013
          ],
          [
            101.75338699999999,
            25.171421000000013
          ]
        ]
      },
      "properties": {
        "MAJ_MINOR": 2,
        "SOURCE": "1903 atlas",
        "_layer_id": "ming_courier_routes",
        "_layer_title": "명대 역참 노선",
        "_source_file": "Ming_Routes_2016.shp",
        "_source_crs": "EPSG:4326"
      }
    },
    {
      "type": "Feature",
      "geometry": {
        "type": "LineString",
        "coordinates": [
          [
            101.75338699999999,
            25.171421000000013
          ],
          [
            101.54286199999999,
            25.033066000000012
          ]
        ]
      },
      "properties": {
        "MAJ_MINOR": 2,
        "SOURCE": "1903 atlas",
        "_layer_id": "ming_courier_routes",
        "_layer_title": "명대 역참 노선",
        "_source_file": "Ming_Routes_2016.shp",
        "_source_crs": "EPSG:4326"
      }
    },
    {
      "type": "Feature",
      "geometry": {
        "type": "LineString",
        "coordinates": [
          [
            101.54286199999999,
            25.033066000000012
          ],
          [
            101.27696199999998,
            25.196548000000014
          ]
        ]
      },
      "properties": {
        "MAJ_MINOR": 2,
        "SOURCE": "1903 atlas",
        "_layer_id": "ming_courier_routes",
        "_layer_title": "명대 역참 노선",
        "_source_file": "Ming_Routes_2016.shp",
        "_source_crs": "EPSG:4326"
      }
    },
    {
      "type": "Feature",
      "geometry": {
        "type": "LineString",
        "coordinates": [
          [
            101.27696199999998,
            25.196548000000014
          ],
          [
            100.55898299999997,
            25.479092000000012
          ]
        ]
      },
      "properties": {
        "MAJ_MINOR": 2,
        "SOURCE": "1903 atlas",
        "_layer_id": "ming_courier_routes",
        "_layer_title": "명대 역참 노선",
        "_source_file": "Ming_Routes_2016.shp",
        "_source_crs": "EPSG:4326"
      }
    },
    {
      "type": "Feature",
      "geometry": {
        "type": "LineString",
        "coordinates": [
          [
            100.55898299999997,
            25.479092000000012
          ],
          [
            100.31289700000002,
            25.58517100000001
          ]
        ]
      },
      "properties": {
        "MAJ_MINOR": 2,
        "SOURCE": "1903 atlas",
        "_layer_id": "ming_courier_routes",
        "_layer_title": "명대 역참 노선",
        "_source_file": "Ming_Routes_2016.shp",
        "_source_crs": "EPSG:4326"
      }
    },
    {
      "type": "Feature",
      "geometry": {
        "type": "LineString",
        "coordinates": [
          [
            100.31289700000002,
            25.585171000000003
          ],
          [
            100.22628800000001,
            25.590466999999933
          ]
        ]
      },
      "properties": {
        "MAJ_MINOR": 2,
        "SOURCE": "1903 atlas",
        "_layer_id": "ming_courier_routes",
        "_layer_title": "명대 역참 노선",
        "_source_file": "Ming_Routes_2016.shp",
        "_source_crs": "EPSG:4326"
      }
    },
    {
      "type": "Feature",
      "geometry": {
        "type": "LineString",
        "coordinates": [
          [
            100.16444400000002,
            25.69783000000001
          ],
          [
            100.100213,
            25.994296000000006
          ]
        ]
      },
      "properties": {
        "MAJ_MINOR": 2,
        "SOURCE": "1903 atlas",
        "_layer_id": "ming_courier_routes",
        "_layer_title": "명대 역참 노선",
        "_source_file": "Ming_Routes_2016.shp",
        "_source_crs": "EPSG:4326"
      }
    },
    {
      "type": "Feature",
      "geometry": {
        "type": "LineString",
        "coordinates": [
          [
            100.100213,
            25.994296000000006
          ],
          [
            100.179276,
            26.55941800000001
          ]
        ]
      },
      "properties": {
        "MAJ_MINOR": 2,
        "SOURCE": "1903 atlas",
        "_layer_id": "ming_courier_routes",
        "_layer_title": "명대 역참 노선",
        "_source_file": "Ming_Routes_2016.shp",
        "_source_crs": "EPSG:4326"
      }
    },
    {
      "type": "Feature",
      "geometry": {
        "type": "LineString",
        "coordinates": [
          [
            100.179276,
            26.55941800000001
          ],
          [
            100.23598500000001,
            26.874634000000015
          ]
        ]
      },
      "properties": {
        "MAJ_MINOR": 2,
        "SOURCE": "1903 atlas",
        "_layer_id": "ming_courier_routes",
        "_layer_title": "명대 역참 노선",
        "_source_file": "Ming_Routes_2016.shp",
        "_source_crs": "EPSG:4326"
      }
    },
    {
      "type": "Feature",
      "geometry": {
        "type": "LineString",
        "coordinates": [
          [
            100.22628800000001,
            25.590466999999933
          ],
          [
            100.16444399999995,
            25.69783000000001
          ]
        ]
      },
      "properties": {
        "MAJ_MINOR": 2,
        "SOURCE": "1903 atlas",
        "_layer_id": "ming_courier_routes",
        "_layer_title": "명대 역참 노선",
        "_source_file": "Ming_Routes_2016.shp",
        "_source_crs": "EPSG:4326"
      }
    },
    {
      "type": "Feature",
      "geometry": {
        "type": "LineString",
        "coordinates": [
          [
            100.22628800000001,
            25.590466999999933
          ],
          [
            99.51934100000005,
            25.46317099999999
          ]
        ]
      },
      "properties": {
        "MAJ_MINOR": 2,
        "SOURCE": "1903 atlas",
        "_layer_id": "ming_courier_routes",
        "_layer_title": "명대 역참 노선",
        "_source_file": "Ming_Routes_2016.shp",
        "_source_crs": "EPSG:4326"
      }
    },
    {
      "type": "Feature",
      "geometry": {
        "type": "LineString",
        "coordinates": [
          [
            99.51934100000005,
            25.46317099999999
          ],
          [
            99.16686200000004,
            25.112436000000002
          ]
        ]
      },
      "properties": {
        "MAJ_MINOR": 2,
        "SOURCE": "1903 atlas",
        "_layer_id": "ming_courier_routes",
        "_layer_title": "명대 역참 노선",
        "_source_file": "Ming_Routes_2016.shp",
        "_source_crs": "EPSG:4326"
      }
    },
    {
      "type": "Feature",
      "geometry": {
        "type": "LineString",
        "coordinates": [
          [
            99.16686200000004,
            25.112436000000002
          ],
          [
            98.49498000000006,
            25.024349000000086
          ]
        ]
      },
      "properties": {
        "MAJ_MINOR": 2,
        "SOURCE": "1903 atlas",
        "_layer_id": "ming_courier_routes",
        "_layer_title": "명대 역참 노선",
        "_source_file": "Ming_Routes_2016.shp",
        "_source_crs": "EPSG:4326"
      }
    },
    {
      "type": "Feature",
      "geometry": {
        "type": "LineString",
        "coordinates": [
          [
            98.49498000000006,
            25.024349000000086
          ],
          [
            98.690384,
            24.59019100000006
          ]
        ]
      },
      "properties": {
        "MAJ_MINOR": 2,
        "SOURCE": "1903 atlas",
        "_layer_id": "ming_courier_routes",
        "_layer_title": "명대 역참 노선",
        "_source_file": "Ming_Routes_2016.shp",
        "_source_crs": "EPSG:4326"
      }
    },
    {
      "type": "Feature",
      "geometry": {
        "type": "LineString",
        "coordinates": [
          [
            100.22628800000001,
            25.590466999999933
          ],
          [
            100.30888400000003,
            25.230033999999932
          ]
        ]
      },
      "properties": {
        "MAJ_MINOR": 2,
        "SOURCE": "1903 atlas",
        "_layer_id": "ming_courier_routes",
        "_layer_title": "명대 역참 노선",
        "_source_file": "Ming_Routes_2016.shp",
        "_source_crs": "EPSG:4326"
      }
    },
    {
      "type": "Feature",
      "geometry": {
        "type": "LineString",
        "coordinates": [
          [
            104.06075300000009,
            23.499567000000013
          ],
          [
            105.06199600000002,
            24.052821999999992
          ]
        ]
      },
      "properties": {
        "MAJ_MINOR": 2,
        "SOURCE": "1903 atlas",
        "_layer_id": "ming_courier_routes",
        "_layer_title": "명대 역참 노선",
        "_source_file": "Ming_Routes_2016.shp",
        "_source_crs": "EPSG:4326"
      }
    },
    {
      "type": "Feature",
      "geometry": {
        "type": "LineString",
        "coordinates": [
          [
            105.06199600000002,
            24.052821999999992
          ],
          [
            106.61167900000004,
            23.904539000000113
          ]
        ]
      },
      "properties": {
        "MAJ_MINOR": 2,
        "SOURCE": "1903 atlas",
        "_layer_id": "ming_courier_routes",
        "_layer_title": "명대 역참 노선",
        "_source_file": "Ming_Routes_2016.shp",
        "_source_crs": "EPSG:4326"
      }
    },
    {
      "type": "Feature",
      "geometry": {
        "type": "LineString",
        "coordinates": [
          [
            106.61167900000004,
            23.904539000000113
          ],
          [
            106.8158029998017,
            23.729857999930463
          ]
        ]
      },
      "properties": {
        "MAJ_MINOR": 2,
        "SOURCE": "1903 atlas",
        "_layer_id": "ming_courier_routes",
        "_layer_title": "명대 역참 노선",
        "_source_file": "Ming_Routes_2016.shp",
        "_source_crs": "EPSG:4326"
      }
    },
    {
      "type": "Feature",
      "geometry": {
        "type": "LineString",
        "coordinates": [
          [
            106.81580299980173,
            23.72985799993046
          ],
          [
            106.90866900000003,
            23.733870000000024
          ]
        ]
      },
      "properties": {
        "MAJ_MINOR": 2,
        "SOURCE": "1903 atlas",
        "_layer_id": "ming_courier_routes",
        "_layer_title": "명대 역참 노선",
        "_source_file": "Ming_Routes_2016.shp",
        "_source_crs": "EPSG:4326"
      }
    },
    {
      "type": "Feature",
      "geometry": {
        "type": "LineString",
        "coordinates": [
          [
            106.90866900000003,
            23.733870000000024
          ],
          [
            107.11415899999997,
            23.605627000000027
          ]
        ]
      },
      "properties": {
        "MAJ_MINOR": 2,
        "SOURCE": "1903 atlas",
        "_layer_id": "ming_courier_routes",
        "_layer_title": "명대 역참 노선",
        "_source_file": "Ming_Routes_2016.shp",
        "_source_crs": "EPSG:4326"
      }
    },
    {
      "type": "Feature",
      "geometry": {
        "type": "LineString",
        "coordinates": [
          [
            107.11415899999997,
            23.605627000000027
          ],
          [
            107.4106220000001,
            23.417728000000068
          ]
        ]
      },
      "properties": {
        "MAJ_MINOR": 2,
        "SOURCE": "1903 atlas",
        "_layer_id": "ming_courier_routes",
        "_layer_title": "명대 역참 노선",
        "_source_file": "Ming_Routes_2016.shp",
        "_source_crs": "EPSG:4326"
      }
    },
    {
      "type": "Feature",
      "geometry": {
        "type": "LineString",
        "coordinates": [
          [
            107.4106220000001,
            23.417728000000068
          ],
          [
            107.68495199999995,
            23.17816700000003
          ]
        ]
      },
      "properties": {
        "MAJ_MINOR": 2,
        "SOURCE": "1903 atlas",
        "_layer_id": "ming_courier_routes",
        "_layer_title": "명대 역참 노선",
        "_source_file": "Ming_Routes_2016.shp",
        "_source_crs": "EPSG:4326"
      }
    },
    {
      "type": "Feature",
      "geometry": {
        "type": "LineString",
        "coordinates": [
          [
            107.68495199999995,
            23.17816700000003
          ],
          [
            108.31207300000011,
            22.806145000000015
          ]
        ]
      },
      "properties": {
        "MAJ_MINOR": 2,
        "SOURCE": "1903 atlas",
        "_layer_id": "ming_courier_routes",
        "_layer_title": "명대 역참 노선",
        "_source_file": "Ming_Routes_2016.shp",
        "_source_crs": "EPSG:4326"
      }
    },
    {
      "type": "Feature",
      "geometry": {
        "type": "LineString",
        "coordinates": [
          [
            109.65502900000013,
            23.596741000000065
          ],
          [
            109.68245700000006,
            23.958055000000115
          ]
        ]
      },
      "properties": {
        "MAJ_MINOR": 2,
        "SOURCE": "1903 atlas",
        "_layer_id": "ming_courier_routes",
        "_layer_title": "명대 역참 노선",
        "_source_file": "Ming_Routes_2016.shp",
        "_source_crs": "EPSG:4326"
      }
    },
    {
      "type": "Feature",
      "geometry": {
        "type": "LineString",
        "coordinates": [
          [
            109.68245700000006,
            23.958055000000115
          ],
          [
            109.40439600000002,
            24.30998800000009
          ]
        ]
      },
      "properties": {
        "MAJ_MINOR": 2,
        "SOURCE": "1903 atlas",
        "_layer_id": "ming_courier_routes",
        "_layer_title": "명대 역참 노선",
        "_source_file": "Ming_Routes_2016.shp",
        "_source_crs": "EPSG:4326"
      }
    },
    {
      "type": "Feature",
      "geometry": {
        "type": "LineString",
        "coordinates": [
          [
            109.40439600000002,
            24.30998800000009
          ],
          [
            108.65588400000001,
            24.490729999999928
          ]
        ]
      },
      "properties": {
        "MAJ_MINOR": 2,
        "SOURCE": "1903 atlas",
        "_layer_id": "ming_courier_routes",
        "_layer_title": "명대 역참 노선",
        "_source_file": "Ming_Routes_2016.shp",
        "_source_crs": "EPSG:4326"
      }
    },
    {
      "type": "Feature",
      "geometry": {
        "type": "LineString",
        "coordinates": [
          [
            109.40439600000002,
            24.30998800000009
          ],
          [
            109.26011699999998,
            24.527336000000048
          ]
        ]
      },
      "properties": {
        "MAJ_MINOR": 2,
        "SOURCE": "1903 atlas",
        "_layer_id": "ming_courier_routes",
        "_layer_title": "명대 역참 노선",
        "_source_file": "Ming_Routes_2016.shp",
        "_source_crs": "EPSG:4326"
      }
    },
    {
      "type": "Feature",
      "geometry": {
        "type": "LineString",
        "coordinates": [
          [
            109.26011699999998,
            24.527336000000048
          ],
          [
            109.24854299999998,
            25.065443000000073
          ]
        ]
      },
      "properties": {
        "MAJ_MINOR": 2,
        "SOURCE": "1903 atlas",
        "_layer_id": "ming_courier_routes",
        "_layer_title": "명대 역참 노선",
        "_source_file": "Ming_Routes_2016.shp",
        "_source_crs": "EPSG:4326"
      }
    },
    {
      "type": "Feature",
      "geometry": {
        "type": "LineString",
        "coordinates": [
          [
            109.24854299999998,
            25.065443000000073
          ],
          [
            109.38816800000006,
            25.21785700000015
          ]
        ]
      },
      "properties": {
        "MAJ_MINOR": 2,
        "SOURCE": "1903 atlas",
        "_layer_id": "ming_courier_routes",
        "_layer_title": "명대 역참 노선",
        "_source_file": "Ming_Routes_2016.shp",
        "_source_crs": "EPSG:4326"
      }
    },
    {
      "type": "Feature",
      "geometry": {
        "type": "LineString",
        "coordinates": [
          [
            109.38816800000006,
            25.21785700000015
          ],
          [
            109.43595800000008,
            25.373230000000092
          ]
        ]
      },
      "properties": {
        "MAJ_MINOR": 2,
        "SOURCE": "1903 atlas",
        "_layer_id": "ming_courier_routes",
        "_layer_title": "명대 역참 노선",
        "_source_file": "Ming_Routes_2016.shp",
        "_source_crs": "EPSG:4326"
      }
    },
    {
      "type": "Feature",
      "geometry": {
        "type": "LineString",
        "coordinates": [
          [
            109.43595800000008,
            25.373230000000092
          ],
          [
            109.5957570000001,
            25.78535499999998
          ]
        ]
      },
      "properties": {
        "MAJ_MINOR": 2,
        "SOURCE": "1903 atlas",
        "_layer_id": "ming_courier_routes",
        "_layer_title": "명대 역참 노선",
        "_source_file": "Ming_Routes_2016.shp",
        "_source_crs": "EPSG:4326"
      }
    },
    {
      "type": "Feature",
      "geometry": {
        "type": "LineString",
        "coordinates": [
          [
            109.60910000000013,
            24.414519999999982
          ],
          [
            109.7366259999999,
            24.485366999999925
          ]
        ]
      },
      "properties": {
        "MAJ_MINOR": 2,
        "SOURCE": "1903 atlas",
        "_layer_id": "ming_courier_routes",
        "_layer_title": "명대 역참 노선",
        "_source_file": "Ming_Routes_2016.shp",
        "_source_crs": "EPSG:4326"
      }
    },
    {
      "type": "Feature",
      "geometry": {
        "type": "LineString",
        "coordinates": [
          [
            109.7366259999999,
            24.485366999999925
          ],
          [
            109.98114976464507,
            24.981733405897103
          ]
        ]
      },
      "properties": {
        "MAJ_MINOR": 2,
        "SOURCE": "1903 atlas",
        "_layer_id": "ming_courier_routes",
        "_layer_title": "명대 역참 노선",
        "_source_file": "Ming_Routes_2016.shp",
        "_source_crs": "EPSG:4326"
      }
    },
    {
      "type": "Feature",
      "geometry": {
        "type": "LineString",
        "coordinates": [
          [
            109.98114976464507,
            24.981733405897103
          ],
          [
            110.05551100000002,
            25.10777300000001
          ]
        ]
      },
      "properties": {
        "MAJ_MINOR": 2,
        "SOURCE": "1903 atlas",
        "_layer_id": "ming_courier_routes",
        "_layer_title": "명대 역참 노선",
        "_source_file": "Ming_Routes_2016.shp",
        "_source_crs": "EPSG:4326"
      }
    },
    {
      "type": "Feature",
      "geometry": {
        "type": "LineString",
        "coordinates": [
          [
            110.05551100000002,
            25.10777300000001
          ],
          [
            110.28626251220714,
            25.280059814453182
          ]
        ]
      },
      "properties": {
        "MAJ_MINOR": 2,
        "SOURCE": "1903 atlas",
        "_layer_id": "ming_courier_routes",
        "_layer_title": "명대 역참 노선",
        "_source_file": "Ming_Routes_2016.shp",
        "_source_crs": "EPSG:4326"
      }
    },
    {
      "type": "Feature",
      "geometry": {
        "type": "LineString",
        "coordinates": [
          [
            108.65588400000001,
            24.490729999999928
          ],
          [
            108.46484400000003,
            24.566659999999956
          ]
        ]
      },
      "properties": {
        "MAJ_MINOR": 2,
        "SOURCE": "1903 atlas",
        "_layer_id": "ming_courier_routes",
        "_layer_title": "명대 역참 노선",
        "_source_file": "Ming_Routes_2016.shp",
        "_source_crs": "EPSG:4326"
      }
    },
    {
      "type": "Feature",
      "geometry": {
        "type": "LineString",
        "coordinates": [
          [
            108.46484400000003,
            24.566659999999956
          ],
          [
            108.2563780000001,
            24.829609000000005
          ]
        ]
      },
      "properties": {
        "MAJ_MINOR": 2,
        "SOURCE": "1903 atlas",
        "_layer_id": "ming_courier_routes",
        "_layer_title": "명대 역참 노선",
        "_source_file": "Ming_Routes_2016.shp",
        "_source_crs": "EPSG:4326"
      }
    },
    {
      "type": "Feature",
      "geometry": {
        "type": "LineString",
        "coordinates": [
          [
            110.28626300000008,
            25.28006000000005
          ],
          [
            110.28701000000007,
            25.003666000000067
          ]
        ]
      },
      "properties": {
        "MAJ_MINOR": 2,
        "SOURCE": "1903 atlas",
        "_layer_id": "ming_courier_routes",
        "_layer_title": "명대 역참 노선",
        "_source_file": "Ming_Routes_2016.shp",
        "_source_crs": "EPSG:4326"
      }
    },
    {
      "type": "Feature",
      "geometry": {
        "type": "LineString",
        "coordinates": [
          [
            110.28701000000007,
            25.003666000000067
          ],
          [
            110.48362699999996,
            24.77775800000012
          ]
        ]
      },
      "properties": {
        "MAJ_MINOR": 2,
        "SOURCE": "1903 atlas",
        "_layer_id": "ming_courier_routes",
        "_layer_title": "명대 역참 노선",
        "_source_file": "Ming_Routes_2016.shp",
        "_source_crs": "EPSG:4326"
      }
    },
    {
      "type": "Feature",
      "geometry": {
        "type": "LineString",
        "coordinates": [
          [
            110.48362699999996,
            24.77775800000012
          ],
          [
            110.6465,
            24.635727000000088
          ]
        ]
      },
      "properties": {
        "MAJ_MINOR": 2,
        "SOURCE": "1903 atlas",
        "_layer_id": "ming_courier_routes",
        "_layer_title": "명대 역참 노선",
        "_source_file": "Ming_Routes_2016.shp",
        "_source_crs": "EPSG:4326"
      }
    },
    {
      "type": "Feature",
      "geometry": {
        "type": "LineString",
        "coordinates": [
          [
            110.5243150000001,
            23.476588999999997
          ],
          [
            110.50966978009649,
            23.388168447916144
          ]
        ]
      },
      "properties": {
        "MAJ_MINOR": 2,
        "SOURCE": "1903 atlas",
        "_layer_id": "ming_courier_routes",
        "_layer_title": "명대 역참 노선",
        "_source_file": "Ming_Routes_2016.shp",
        "_source_crs": "EPSG:4326"
      }
    },
    {
      "type": "Feature",
      "geometry": {
        "type": "LineString",
        "coordinates": [
          [
            110.50966978009649,
            23.388168447916144
          ],
          [
            110.58888600000013,
            23.465921999999992
          ]
        ]
      },
      "properties": {
        "MAJ_MINOR": 2,
        "SOURCE": "1903 atlas",
        "_layer_id": "ming_courier_routes",
        "_layer_title": "명대 역참 노선",
        "_source_file": "Ming_Routes_2016.shp",
        "_source_crs": "EPSG:4326"
      }
    },
    {
      "type": "Feature",
      "geometry": {
        "type": "LineString",
        "coordinates": [
          [
            110.90428200000008,
            23.37311900000003
          ],
          [
            110.55103300000013,
            22.86358800000005
          ]
        ]
      },
      "properties": {
        "MAJ_MINOR": 2,
        "SOURCE": "1903 atlas",
        "_layer_id": "ming_courier_routes",
        "_layer_title": "명대 역참 노선",
        "_source_file": "Ming_Routes_2016.shp",
        "_source_crs": "EPSG:4326"
      }
    },
    {
      "type": "Feature",
      "geometry": {
        "type": "LineString",
        "coordinates": [
          [
            110.55103300000013,
            22.86358800000005
          ],
          [
            110.34751900000009,
            22.71418399999999
          ]
        ]
      },
      "properties": {
        "MAJ_MINOR": 2,
        "SOURCE": "1903 atlas",
        "_layer_id": "ming_courier_routes",
        "_layer_title": "명대 역참 노선",
        "_source_file": "Ming_Routes_2016.shp",
        "_source_crs": "EPSG:4326"
      }
    },
    {
      "type": "Feature",
      "geometry": {
        "type": "LineString",
        "coordinates": [
          [
            110.34751900000009,
            22.71418399999999
          ],
          [
            110.14588199999992,
            22.632094999999993
          ]
        ]
      },
      "properties": {
        "MAJ_MINOR": 2,
        "SOURCE": "1903 atlas",
        "_layer_id": "ming_courier_routes",
        "_layer_title": "명대 역참 노선",
        "_source_file": "Ming_Routes_2016.shp",
        "_source_crs": "EPSG:4326"
      }
    },
    {
      "type": "Feature",
      "geometry": {
        "type": "LineString",
        "coordinates": [
          [
            108.2563780000001,
            24.829609000000005
          ],
          [
            107.8784030000001,
            25.414360000000045
          ]
        ]
      },
      "properties": {
        "MAJ_MINOR": 2,
        "SOURCE": "1903 atlas",
        "_layer_id": "ming_courier_routes",
        "_layer_title": "명대 역참 노선",
        "_source_file": "Ming_Routes_2016.shp",
        "_source_crs": "EPSG:4326"
      }
    },
    {
      "type": "Feature",
      "geometry": {
        "type": "LineString",
        "coordinates": [
          [
            107.8784030000001,
            25.414360000000045
          ],
          [
            107.54274700000008,
            25.82907300000005
          ]
        ]
      },
      "properties": {
        "MAJ_MINOR": 2,
        "SOURCE": "1903 atlas",
        "_layer_id": "ming_courier_routes",
        "_layer_title": "명대 역참 노선",
        "_source_file": "Ming_Routes_2016.shp",
        "_source_crs": "EPSG:4326"
      }
    },
    {
      "type": "Feature",
      "geometry": {
        "type": "LineString",
        "coordinates": [
          [
            107.54274700000008,
            25.82907300000005
          ],
          [
            107.23962402343756,
            26.585645675659293
          ]
        ]
      },
      "properties": {
        "MAJ_MINOR": 2,
        "SOURCE": "1903 atlas",
        "_layer_id": "ming_courier_routes",
        "_layer_title": "명대 역참 노선",
        "_source_file": "Ming_Routes_2016.shp",
        "_source_crs": "EPSG:4326"
      }
    },
    {
      "type": "Feature",
      "geometry": {
        "type": "LineString",
        "coordinates": [
          [
            109.68408200000005,
            27.447302000000036
          ],
          [
            109.19850921630871,
            27.381704330444393
          ]
        ]
      },
      "properties": {
        "MAJ_MINOR": 1,
        "SOURCE": null,
        "_layer_id": "ming_courier_routes",
        "_layer_title": "명대 역참 노선",
        "_source_file": "Ming_Routes_2016.shp",
        "_source_crs": "EPSG:4326"
      }
    },
    {
      "type": "Feature",
      "geometry": {
        "type": "LineString",
        "coordinates": [
          [
            106.70911407470703,
            26.580778121948242
          ],
          [
            106.591927,
            26.84299700000014
          ]
        ]
      },
      "properties": {
        "MAJ_MINOR": 2,
        "SOURCE": "1903 atlas",
        "_layer_id": "ming_courier_routes",
        "_layer_title": "명대 역참 노선",
        "_source_file": "Ming_Routes_2016.shp",
        "_source_crs": "EPSG:4326"
      }
    },
    {
      "type": "Feature",
      "geometry": {
        "type": "LineString",
        "coordinates": [
          [
            106.591927,
            26.84299700000014
          ],
          [
            106.96738399999998,
            27.058855000000108
          ]
        ]
      },
      "properties": {
        "MAJ_MINOR": 2,
        "SOURCE": "1903 atlas",
        "_layer_id": "ming_courier_routes",
        "_layer_title": "명대 역참 노선",
        "_source_file": "Ming_Routes_2016.shp",
        "_source_crs": "EPSG:4326"
      }
    },
    {
      "type": "Feature",
      "geometry": {
        "type": "LineString",
        "coordinates": [
          [
            106.96738399999998,
            27.058855000000108
          ],
          [
            106.93160200000005,
            27.69562100000013
          ]
        ]
      },
      "properties": {
        "MAJ_MINOR": 2,
        "SOURCE": "1903 atlas",
        "_layer_id": "ming_courier_routes",
        "_layer_title": "명대 역참 노선",
        "_source_file": "Ming_Routes_2016.shp",
        "_source_crs": "EPSG:4326"
      }
    },
    {
      "type": "Feature",
      "geometry": {
        "type": "LineString",
        "coordinates": [
          [
            106.93160200000005,
            27.69562100000013
          ],
          [
            106.85136400000005,
            28.542830000000095
          ]
        ]
      },
      "properties": {
        "MAJ_MINOR": 2,
        "SOURCE": "1903 atlas",
        "_layer_id": "ming_courier_routes",
        "_layer_title": "명대 역참 노선",
        "_source_file": "Ming_Routes_2016.shp",
        "_source_crs": "EPSG:4326"
      }
    },
    {
      "type": "Feature",
      "geometry": {
        "type": "LineString",
        "coordinates": [
          [
            106.85136400000005,
            28.542830000000095
          ],
          [
            106.63931300000013,
            29.02525900000012
          ]
        ]
      },
      "properties": {
        "MAJ_MINOR": 2,
        "SOURCE": "1903 atlas",
        "_layer_id": "ming_courier_routes",
        "_layer_title": "명대 역참 노선",
        "_source_file": "Ming_Routes_2016.shp",
        "_source_crs": "EPSG:4326"
      }
    },
    {
      "type": "Feature",
      "geometry": {
        "type": "LineString",
        "coordinates": [
          [
            109.9916,
            27.112776000000054
          ],
          [
            109.81185199999999,
            27.195129000000065
          ]
        ]
      },
      "properties": {
        "MAJ_MINOR": 2,
        "SOURCE": "1903 atlas",
        "_layer_id": "ming_courier_routes",
        "_layer_title": "명대 역참 노선",
        "_source_file": "Ming_Routes_2016.shp",
        "_source_crs": "EPSG:4326"
      }
    },
    {
      "type": "Feature",
      "geometry": {
        "type": "LineString",
        "coordinates": [
          [
            109.81185199999999,
            27.195129000000065
          ],
          [
            109.68408200000005,
            27.447302000000036
          ]
        ]
      },
      "properties": {
        "MAJ_MINOR": 2,
        "SOURCE": "1903 atlas",
        "_layer_id": "ming_courier_routes",
        "_layer_title": "명대 역참 노선",
        "_source_file": "Ming_Routes_2016.shp",
        "_source_crs": "EPSG:4326"
      }
    },
    {
      "type": "Feature",
      "geometry": {
        "type": "LineString",
        "coordinates": [
          [
            109.9916,
            27.112776000000054
          ],
          [
            110.62229200000002,
            26.730705000000114
          ]
        ]
      },
      "properties": {
        "MAJ_MINOR": 2,
        "SOURCE": "1903 atlas",
        "_layer_id": "ming_courier_routes",
        "_layer_title": "명대 역참 노선",
        "_source_file": "Ming_Routes_2016.shp",
        "_source_crs": "EPSG:4326"
      }
    },
    {
      "type": "Feature",
      "geometry": {
        "type": "LineString",
        "coordinates": [
          [
            109.9916,
            27.112776000000054
          ],
          [
            109.71354700000012,
            26.861492000000112
          ]
        ]
      },
      "properties": {
        "MAJ_MINOR": 2,
        "SOURCE": "1903 atlas",
        "_layer_id": "ming_courier_routes",
        "_layer_title": "명대 역참 노선",
        "_source_file": "Ming_Routes_2016.shp",
        "_source_crs": "EPSG:4326"
      }
    },
    {
      "type": "Feature",
      "geometry": {
        "type": "LineString",
        "coordinates": [
          [
            109.71354700000012,
            26.861492000000112
          ],
          [
            109.69477800000004,
            26.57576000000006
          ]
        ]
      },
      "properties": {
        "MAJ_MINOR": 2,
        "SOURCE": "1903 atlas",
        "_layer_id": "ming_courier_routes",
        "_layer_title": "명대 역참 노선",
        "_source_file": "Ming_Routes_2016.shp",
        "_source_crs": "EPSG:4326"
      }
    },
    {
      "type": "Feature",
      "geometry": {
        "type": "LineString",
        "coordinates": [
          [
            113.26284800000008,
            28.962378000000115
          ],
          [
            113.09765625000023,
            29.37125968933111
          ]
        ]
      },
      "properties": {
        "MAJ_MINOR": 1,
        "SOURCE": "MDYZK",
        "_layer_id": "ming_courier_routes",
        "_layer_title": "명대 역참 노선",
        "_source_file": "Ming_Routes_2016.shp",
        "_source_crs": "EPSG:4326"
      }
    },
    {
      "type": "Feature",
      "geometry": {
        "type": "LineString",
        "coordinates": [
          [
            113.15004000000292,
            29.433778999997116
          ],
          [
            113.09765625000023,
            29.37125968933111
          ]
        ]
      },
      "properties": {
        "MAJ_MINOR": 1,
        "SOURCE": "MDYZK",
        "_layer_id": "ming_courier_routes",
        "_layer_title": "명대 역참 노선",
        "_source_file": "Ming_Routes_2016.shp",
        "_source_crs": "EPSG:4326"
      }
    },
    {
      "type": "Feature",
      "geometry": {
        "type": "LineString",
        "coordinates": [
          [
            113.44913500000668,
            29.47324899999401
          ],
          [
            113.70691,
            29.530635000000075
          ]
        ]
      },
      "properties": {
        "MAJ_MINOR": 1,
        "SOURCE": "1903 atlas",
        "_layer_id": "ming_courier_routes",
        "_layer_title": "명대 역참 노선",
        "_source_file": "Ming_Routes_2016.shp",
        "_source_crs": "EPSG:4326"
      }
    },
    {
      "type": "Feature",
      "geometry": {
        "type": "LineString",
        "coordinates": [
          [
            113.78333282470703,
            29.63333320617687
          ],
          [
            113.8746109008789,
            29.70835304260254
          ]
        ]
      },
      "properties": {
        "MAJ_MINOR": 1,
        "SOURCE": "MDYZK",
        "_layer_id": "ming_courier_routes",
        "_layer_title": "명대 역참 노선",
        "_source_file": "Ming_Routes_2016.shp",
        "_source_crs": "EPSG:4326"
      }
    },
    {
      "type": "Feature",
      "geometry": {
        "type": "LineString",
        "coordinates": [
          [
            114.06314799999996,
            24.945763
          ],
          [
            113.6034164428711,
            24.810209274291992
          ]
        ]
      },
      "properties": {
        "MAJ_MINOR": 1,
        "SOURCE": "1903 atlas",
        "_layer_id": "ming_courier_routes",
        "_layer_title": "명대 역참 노선",
        "_source_file": "Ming_Routes_2016.shp",
        "_source_crs": "EPSG:4326"
      }
    },
    {
      "type": "Feature",
      "geometry": {
        "type": "LineString",
        "coordinates": [
          [
            111.61256399999996,
            26.210338999999976
          ],
          [
            111.93868299999997,
            25.59845200000001
          ]
        ]
      },
      "properties": {
        "MAJ_MINOR": 2,
        "SOURCE": null,
        "_layer_id": "ming_courier_routes",
        "_layer_title": "명대 역참 노선",
        "_source_file": "Ming_Routes_2016.shp",
        "_source_crs": "EPSG:4326"
      }
    },
    {
      "type": "Feature",
      "geometry": {
        "type": "LineString",
        "coordinates": [
          [
            111.93811651960937,
            25.606017752654054
          ],
          [
            111.5824200000001,
            25.189918999999946
          ]
        ]
      },
      "properties": {
        "MAJ_MINOR": 2,
        "SOURCE": null,
        "_layer_id": "ming_courier_routes",
        "_layer_title": "명대 역참 노선",
        "_source_file": "Ming_Routes_2016.shp",
        "_source_crs": "EPSG:4326"
      }
    },
    {
      "type": "Feature",
      "geometry": {
        "type": "LineString",
        "coordinates": [
          [
            111.58242000000006,
            25.18991899999995
          ],
          [
            111.33644900000002,
            25.27697399999994
          ]
        ]
      },
      "properties": {
        "MAJ_MINOR": 2,
        "SOURCE": null,
        "_layer_id": "ming_courier_routes",
        "_layer_title": "명대 역참 노선",
        "_source_file": "Ming_Routes_2016.shp",
        "_source_crs": "EPSG:4326"
      }
    },
    {
      "type": "Feature",
      "geometry": {
        "type": "LineString",
        "coordinates": [
          [
            113.83863799999995,
            27.631424000000152
          ],
          [
            113.49410200000011,
            27.66851800000012
          ]
        ]
      },
      "properties": {
        "MAJ_MINOR": 2,
        "SOURCE": "1903 atlas",
        "_layer_id": "ming_courier_routes",
        "_layer_title": "명대 역참 노선",
        "_source_file": "Ming_Routes_2016.shp",
        "_source_crs": "EPSG:4326"
      }
    },
    {
      "type": "Feature",
      "geometry": {
        "type": "LineString",
        "coordinates": [
          [
            113.49410200000011,
            27.66851800000012
          ],
          [
            113.14752200000318,
            27.710633999997746
          ]
        ]
      },
      "properties": {
        "MAJ_MINOR": 2,
        "SOURCE": "1903 atlas",
        "_layer_id": "ming_courier_routes",
        "_layer_title": "명대 역참 노선",
        "_source_file": "Ming_Routes_2016.shp",
        "_source_crs": "EPSG:4326"
      }
    },
    {
      "type": "Feature",
      "geometry": {
        "type": "LineString",
        "coordinates": [
          [
            113.6034164428711,
            24.810209274291992
          ],
          [
            113.52794700000909,
            24.896214999996214
          ]
        ]
      },
      "properties": {
        "MAJ_MINOR": 2,
        "SOURCE": "1903 atlas",
        "_layer_id": "ming_courier_routes",
        "_layer_title": "명대 역참 노선",
        "_source_file": "Ming_Routes_2016.shp",
        "_source_crs": "EPSG:4326"
      }
    },
    {
      "type": "Feature",
      "geometry": {
        "type": "LineString",
        "coordinates": [
          [
            113.52794700000909,
            24.896214999996214
          ],
          [
            113.34679400000005,
            25.13487400000008
          ]
        ]
      },
      "properties": {
        "MAJ_MINOR": 2,
        "SOURCE": "1903 atlas",
        "_layer_id": "ming_courier_routes",
        "_layer_title": "명대 역참 노선",
        "_source_file": "Ming_Routes_2016.shp",
        "_source_crs": "EPSG:4326"
      }
    },
    {
      "type": "Feature",
      "geometry": {
        "type": "LineString",
        "coordinates": [
          [
            113.46109800000784,
            24.260077999997176
          ],
          [
            113.82032000000015,
            24.375136999999995
          ]
        ]
      },
      "properties": {
        "MAJ_MINOR": 2,
        "SOURCE": "1903 atlas",
        "_layer_id": "ming_courier_routes",
        "_layer_title": "명대 역참 노선",
        "_source_file": "Ming_Routes_2016.shp",
        "_source_crs": "EPSG:4326"
      }
    },
    {
      "type": "Feature",
      "geometry": {
        "type": "LineString",
        "coordinates": [
          [
            113.4540100000076,
            24.728070999996948
          ],
          [
            113.269,
            24.783999999999992
          ]
        ]
      },
      "properties": {
        "MAJ_MINOR": 2,
        "SOURCE": "1903 atlas",
        "_layer_id": "ming_courier_routes",
        "_layer_title": "명대 역참 노선",
        "_source_file": "Ming_Routes_2016.shp",
        "_source_crs": "EPSG:4326"
      }
    },
    {
      "type": "Feature",
      "geometry": {
        "type": "LineString",
        "coordinates": [
          [
            112.75962800000002,
            24.126741000000038
          ],
          [
            112.66204100000004,
            24.328947000000028
          ]
        ]
      },
      "properties": {
        "MAJ_MINOR": 2,
        "SOURCE": "1903 atlas",
        "_layer_id": "ming_courier_routes",
        "_layer_title": "명대 역참 노선",
        "_source_file": "Ming_Routes_2016.shp",
        "_source_crs": "EPSG:4326"
      }
    },
    {
      "type": "Feature",
      "geometry": {
        "type": "LineString",
        "coordinates": [
          [
            112.66204100000004,
            24.328947000000028
          ],
          [
            112.71364599999993,
            24.396184999999946
          ]
        ]
      },
      "properties": {
        "MAJ_MINOR": 2,
        "SOURCE": "1903 atlas",
        "_layer_id": "ming_courier_routes",
        "_layer_title": "명대 역참 노선",
        "_source_file": "Ming_Routes_2016.shp",
        "_source_crs": "EPSG:4326"
      }
    },
    {
      "type": "Feature",
      "geometry": {
        "type": "LineString",
        "coordinates": [
          [
            112.84799999999996,
            22.888999999999953
          ],
          [
            112.69558700000016,
            22.862335000000087
          ]
        ]
      },
      "properties": {
        "MAJ_MINOR": 2,
        "SOURCE": "1903 atlas",
        "_layer_id": "ming_courier_routes",
        "_layer_title": "명대 역참 노선",
        "_source_file": "Ming_Routes_2016.shp",
        "_source_crs": "EPSG:4326"
      }
    },
    {
      "type": "Feature",
      "geometry": {
        "type": "LineString",
        "coordinates": [
          [
            112.88607025146484,
            23.165868759155273
          ],
          [
            112.69453400000009,
            23.348709000000042
          ]
        ]
      },
      "properties": {
        "MAJ_MINOR": 2,
        "SOURCE": "1903 atlas",
        "_layer_id": "ming_courier_routes",
        "_layer_title": "명대 역참 노선",
        "_source_file": "Ming_Routes_2016.shp",
        "_source_crs": "EPSG:4326"
      }
    },
    {
      "type": "Feature",
      "geometry": {
        "type": "LineString",
        "coordinates": [
          [
            112.69453400000009,
            23.348709000000042
          ],
          [
            112.43132000000014,
            23.642736000000014
          ]
        ]
      },
      "properties": {
        "MAJ_MINOR": 2,
        "SOURCE": "1903 atlas",
        "_layer_id": "ming_courier_routes",
        "_layer_title": "명대 역참 노선",
        "_source_file": "Ming_Routes_2016.shp",
        "_source_crs": "EPSG:4326"
      }
    },
    {
      "type": "Feature",
      "geometry": {
        "type": "LineString",
        "coordinates": [
          [
            112.43132000000014,
            23.642736000000014
          ],
          [
            112.17923700000017,
            23.912186000000077
          ]
        ]
      },
      "properties": {
        "MAJ_MINOR": 2,
        "SOURCE": "1903 atlas",
        "_layer_id": "ming_courier_routes",
        "_layer_title": "명대 역참 노선",
        "_source_file": "Ming_Routes_2016.shp",
        "_source_crs": "EPSG:4326"
      }
    },
    {
      "type": "Feature",
      "geometry": {
        "type": "LineString",
        "coordinates": [
          [
            110.48471100000012,
            29.127953000000048
          ],
          [
            111.12171200000006,
            29.426341999999977
          ]
        ]
      },
      "properties": {
        "MAJ_MINOR": 2,
        "SOURCE": "1903 atlas",
        "_layer_id": "ming_courier_routes",
        "_layer_title": "명대 역참 노선",
        "_source_file": "Ming_Routes_2016.shp",
        "_source_crs": "EPSG:4326"
      }
    },
    {
      "type": "Feature",
      "geometry": {
        "type": "LineString",
        "coordinates": [
          [
            111.12171200000006,
            29.426341999999977
          ],
          [
            111.37361099999993,
            29.588543000000016
          ]
        ]
      },
      "properties": {
        "MAJ_MINOR": 2,
        "SOURCE": "1903 atlas",
        "_layer_id": "ming_courier_routes",
        "_layer_title": "명대 역참 노선",
        "_source_file": "Ming_Routes_2016.shp",
        "_source_crs": "EPSG:4326"
      }
    },
    {
      "type": "Feature",
      "geometry": {
        "type": "LineString",
        "coordinates": [
          [
            111.75698852539068,
            29.640151977539176
          ],
          [
            111.37361099999993,
            29.588543000000016
          ]
        ]
      },
      "properties": {
        "MAJ_MINOR": 2,
        "SOURCE": "1903 atlas",
        "_layer_id": "ming_courier_routes",
        "_layer_title": "명대 역참 노선",
        "_source_file": "Ming_Routes_2016.shp",
        "_source_crs": "EPSG:4326"
      }
    },
    {
      "type": "Feature",
      "geometry": {
        "type": "LineString",
        "coordinates": [
          [
            111.33948500000002,
            28.706287000000145
          ],
          [
            111.47776794433605,
            28.901597976684627
          ]
        ]
      },
      "properties": {
        "MAJ_MINOR": 1,
        "SOURCE": "1903 atlas",
        "_layer_id": "ming_courier_routes",
        "_layer_title": "명대 역참 노선",
        "_source_file": "Ming_Routes_2016.shp",
        "_source_crs": "EPSG:4326"
      }
    },
    {
      "type": "Feature",
      "geometry": {
        "type": "LineString",
        "coordinates": [
          [
            109.65502900000013,
            23.596741000000065
          ],
          [
            110.07166300000006,
            23.39457100000004
          ]
        ]
      },
      "properties": {
        "MAJ_MINOR": 2,
        "SOURCE": "1903 atlas",
        "_layer_id": "ming_courier_routes",
        "_layer_title": "명대 역참 노선",
        "_source_file": "Ming_Routes_2016.shp",
        "_source_crs": "EPSG:4326"
      }
    },
    {
      "type": "Feature",
      "geometry": {
        "type": "LineString",
        "coordinates": [
          [
            110.07166300000006,
            23.39457100000004
          ],
          [
            109.60844400000002,
            23.099091999999985
          ]
        ]
      },
      "properties": {
        "MAJ_MINOR": 2,
        "SOURCE": "1903 atlas",
        "_layer_id": "ming_courier_routes",
        "_layer_title": "명대 역참 노선",
        "_source_file": "Ming_Routes_2016.shp",
        "_source_crs": "EPSG:4326"
      }
    },
    {
      "type": "Feature",
      "geometry": {
        "type": "LineString",
        "coordinates": [
          [
            109.60844400000002,
            23.099091999999985
          ],
          [
            109.26704400000006,
            22.692957000000092
          ]
        ]
      },
      "properties": {
        "MAJ_MINOR": 2,
        "SOURCE": "1903 atlas",
        "_layer_id": "ming_courier_routes",
        "_layer_title": "명대 역참 노선",
        "_source_file": "Ming_Routes_2016.shp",
        "_source_crs": "EPSG:4326"
      }
    },
    {
      "type": "Feature",
      "geometry": {
        "type": "LineString",
        "coordinates": [
          [
            109.26704400000006,
            22.692957000000092
          ],
          [
            109.14778199999864,
            22.614110999999614
          ]
        ]
      },
      "properties": {
        "MAJ_MINOR": 2,
        "SOURCE": "1903 atlas",
        "_layer_id": "ming_courier_routes",
        "_layer_title": "명대 역참 노선",
        "_source_file": "Ming_Routes_2016.shp",
        "_source_crs": "EPSG:4326"
      }
    },
    {
      "type": "Feature",
      "geometry": {
        "type": "LineString",
        "coordinates": [
          [
            109.14778199999863,
            22.61411099999964
          ],
          [
            108.91420700000009,
            22.804642
          ]
        ]
      },
      "properties": {
        "MAJ_MINOR": 2,
        "SOURCE": "1903 atlas",
        "_layer_id": "ming_courier_routes",
        "_layer_title": "명대 역참 노선",
        "_source_file": "Ming_Routes_2016.shp",
        "_source_crs": "EPSG:4326"
      }
    },
    {
      "type": "Feature",
      "geometry": {
        "type": "LineString",
        "coordinates": [
          [
            108.91420700000009,
            22.804642
          ],
          [
            108.31207300000011,
            22.806145000000015
          ]
        ]
      },
      "properties": {
        "MAJ_MINOR": 2,
        "SOURCE": "1903 atlas",
        "_layer_id": "ming_courier_routes",
        "_layer_title": "명대 역참 노선",
        "_source_file": "Ming_Routes_2016.shp",
        "_source_crs": "EPSG:4326"
      }
    },
    {
      "type": "Feature",
      "geometry": {
        "type": "LineString",
        "coordinates": [
          [
            108.91420700000009,
            22.804642
          ],
          [
            109.23946400000017,
            22.835492999999985
          ]
        ]
      },
      "properties": {
        "MAJ_MINOR": 2,
        "SOURCE": "1903 atlas",
        "_layer_id": "ming_courier_routes",
        "_layer_title": "명대 역참 노선",
        "_source_file": "Ming_Routes_2016.shp",
        "_source_crs": "EPSG:4326"
      }
    },
    {
      "type": "Feature",
      "geometry": {
        "type": "LineString",
        "coordinates": [
          [
            109.23946400000017,
            22.835492999999985
          ],
          [
            109.60844400000002,
            23.099091999999985
          ]
        ]
      },
      "properties": {
        "MAJ_MINOR": 2,
        "SOURCE": "1903 atlas",
        "_layer_id": "ming_courier_routes",
        "_layer_title": "명대 역참 노선",
        "_source_file": "Ming_Routes_2016.shp",
        "_source_crs": "EPSG:4326"
      }
    },
    {
      "type": "Feature",
      "geometry": {
        "type": "LineString",
        "coordinates": [
          [
            110.14588199999992,
            22.632094999999993
          ],
          [
            109.97141300000004,
            22.275869000000057
          ]
        ]
      },
      "properties": {
        "MAJ_MINOR": 2,
        "SOURCE": "1903 atlas",
        "_layer_id": "ming_courier_routes",
        "_layer_title": "명대 역참 노선",
        "_source_file": "Ming_Routes_2016.shp",
        "_source_crs": "EPSG:4326"
      }
    },
    {
      "type": "Feature",
      "geometry": {
        "type": "LineString",
        "coordinates": [
          [
            109.97141300000004,
            22.275869000000057
          ],
          [
            109.15000152587896,
            21.68333244323736
          ]
        ]
      },
      "properties": {
        "MAJ_MINOR": 2,
        "SOURCE": "1903 atlas",
        "_layer_id": "ming_courier_routes",
        "_layer_title": "명대 역참 노선",
        "_source_file": "Ming_Routes_2016.shp",
        "_source_crs": "EPSG:4326"
      }
    },
    {
      "type": "Feature",
      "geometry": {
        "type": "LineString",
        "coordinates": [
          [
            109.15000152587896,
            21.68333244323736
          ],
          [
            109.0805204420688,
            21.613029530474762
          ]
        ]
      },
      "properties": {
        "MAJ_MINOR": 2,
        "SOURCE": "1903 atlas",
        "_layer_id": "ming_courier_routes",
        "_layer_title": "명대 역참 노선",
        "_source_file": "Ming_Routes_2016.shp",
        "_source_crs": "EPSG:4326"
      }
    },
    {
      "type": "Feature",
      "geometry": {
        "type": "LineString",
        "coordinates": [
          [
            109.14778199999864,
            22.614110999999614
          ],
          [
            109.0805204420688,
            21.613029530474762
          ]
        ]
      },
      "properties": {
        "MAJ_MINOR": 2,
        "SOURCE": "1903 atlas",
        "_layer_id": "ming_courier_routes",
        "_layer_title": "명대 역참 노선",
        "_source_file": "Ming_Routes_2016.shp",
        "_source_crs": "EPSG:4326"
      }
    },
    {
      "type": "Feature",
      "geometry": {
        "type": "LineString",
        "coordinates": [
          [
            110.01604500000009,
            21.458856999999956
          ],
          [
            109.0805204420688,
            21.613029530474762
          ]
        ]
      },
      "properties": {
        "MAJ_MINOR": 2,
        "SOURCE": "1903 atlas",
        "_layer_id": "ming_courier_routes",
        "_layer_title": "명대 역참 노선",
        "_source_file": "Ming_Routes_2016.shp",
        "_source_crs": "EPSG:4326"
      }
    },
    {
      "type": "Feature",
      "geometry": {
        "type": "LineString",
        "coordinates": [
          [
            108.31207300000011,
            22.806145000000015
          ],
          [
            108.614395,
            21.951426000000026
          ]
        ]
      },
      "properties": {
        "MAJ_MINOR": 2,
        "SOURCE": "1903 atlas",
        "_layer_id": "ming_courier_routes",
        "_layer_title": "명대 역참 노선",
        "_source_file": "Ming_Routes_2016.shp",
        "_source_crs": "EPSG:4326"
      }
    },
    {
      "type": "Feature",
      "geometry": {
        "type": "LineString",
        "coordinates": [
          [
            108.614395,
            21.951426000000026
          ],
          [
            109.0805204420688,
            21.613029530474762
          ]
        ]
      },
      "properties": {
        "MAJ_MINOR": 2,
        "SOURCE": "1903 atlas",
        "_layer_id": "ming_courier_routes",
        "_layer_title": "명대 역참 노선",
        "_source_file": "Ming_Routes_2016.shp",
        "_source_crs": "EPSG:4326"
      }
    },
    {
      "type": "Feature",
      "geometry": {
        "type": "LineString",
        "coordinates": [
          [
            110.01604500000009,
            21.45885699999997
          ],
          [
            110.25089300000008,
            21.38298000000009
          ]
        ]
      },
      "properties": {
        "MAJ_MINOR": 2,
        "SOURCE": "1903 atlas",
        "_layer_id": "ming_courier_routes",
        "_layer_title": "명대 역참 노선",
        "_source_file": "Ming_Routes_2016.shp",
        "_source_crs": "EPSG:4326"
      }
    },
    {
      "type": "Feature",
      "geometry": {
        "type": "LineString",
        "coordinates": [
          [
            110.25089300000008,
            21.38298000000009
          ],
          [
            110.11496000000011,
            21.366423000000054
          ]
        ]
      },
      "properties": {
        "MAJ_MINOR": 2,
        "SOURCE": "1903 atlas",
        "_layer_id": "ming_courier_routes",
        "_layer_title": "명대 역참 노선",
        "_source_file": "Ming_Routes_2016.shp",
        "_source_crs": "EPSG:4326"
      }
    },
    {
      "type": "Feature",
      "geometry": {
        "type": "LineString",
        "coordinates": [
          [
            110.11496000000011,
            21.366423000000054
          ],
          [
            110.0748290000002,
            21.174923000000035
          ]
        ]
      },
      "properties": {
        "MAJ_MINOR": 2,
        "SOURCE": "1903 atlas",
        "_layer_id": "ming_courier_routes",
        "_layer_title": "명대 역참 노선",
        "_source_file": "Ming_Routes_2016.shp",
        "_source_crs": "EPSG:4326"
      }
    },
    {
      "type": "Feature",
      "geometry": {
        "type": "LineString",
        "coordinates": [
          [
            110.0748290000002,
            21.174923000000035
          ],
          [
            110.08791400000001,
            20.90195800000015
          ]
        ]
      },
      "properties": {
        "MAJ_MINOR": 2,
        "SOURCE": "1903 atlas",
        "_layer_id": "ming_courier_routes",
        "_layer_title": "명대 역참 노선",
        "_source_file": "Ming_Routes_2016.shp",
        "_source_crs": "EPSG:4326"
      }
    },
    {
      "type": "Feature",
      "geometry": {
        "type": "LineString",
        "coordinates": [
          [
            110.08791400000001,
            20.90195800000015
          ],
          [
            110.08393799999999,
            20.56885299999999
          ]
        ]
      },
      "properties": {
        "MAJ_MINOR": 2,
        "SOURCE": "1903 atlas",
        "_layer_id": "ming_courier_routes",
        "_layer_title": "명대 역참 노선",
        "_source_file": "Ming_Routes_2016.shp",
        "_source_crs": "EPSG:4326"
      }
    },
    {
      "type": "Feature",
      "geometry": {
        "type": "LineString",
        "coordinates": [
          [
            110.08393799999999,
            20.56885299999999
          ],
          [
            110.162781,
            20.329676000000063
          ]
        ]
      },
      "properties": {
        "MAJ_MINOR": 2,
        "SOURCE": "1903 atlas",
        "_layer_id": "ming_courier_routes",
        "_layer_title": "명대 역참 노선",
        "_source_file": "Ming_Routes_2016.shp",
        "_source_crs": "EPSG:4326"
      }
    },
    {
      "type": "Feature",
      "geometry": {
        "type": "LineString",
        "coordinates": [
          [
            110.01604500000006,
            21.45885699999998
          ],
          [
            110.27355899999998,
            21.593602999999973
          ]
        ]
      },
      "properties": {
        "MAJ_MINOR": 2,
        "SOURCE": "1903 atlas",
        "_layer_id": "ming_courier_routes",
        "_layer_title": "명대 역참 노선",
        "_source_file": "Ming_Routes_2016.shp",
        "_source_crs": "EPSG:4326"
      }
    },
    {
      "type": "Feature",
      "geometry": {
        "type": "LineString",
        "coordinates": [
          [
            110.27355899999998,
            21.593602999999973
          ],
          [
            110.62531300000006,
            21.65402800000004
          ]
        ]
      },
      "properties": {
        "MAJ_MINOR": 2,
        "SOURCE": "1903 atlas",
        "_layer_id": "ming_courier_routes",
        "_layer_title": "명대 역참 노선",
        "_source_file": "Ming_Routes_2016.shp",
        "_source_crs": "EPSG:4326"
      }
    },
    {
      "type": "Feature",
      "geometry": {
        "type": "LineString",
        "coordinates": [
          [
            110.62531300000006,
            21.65402800000004
          ],
          [
            110.7066500000002,
            21.731747000000098
          ]
        ]
      },
      "properties": {
        "MAJ_MINOR": 2,
        "SOURCE": "1903 atlas",
        "_layer_id": "ming_courier_routes",
        "_layer_title": "명대 역참 노선",
        "_source_file": "Ming_Routes_2016.shp",
        "_source_crs": "EPSG:4326"
      }
    },
    {
      "type": "Feature",
      "geometry": {
        "type": "LineString",
        "coordinates": [
          [
            110.7066500000002,
            21.731747000000098
          ],
          [
            110.76403000000016,
            21.830734000000064
          ]
        ]
      },
      "properties": {
        "MAJ_MINOR": 2,
        "SOURCE": "1903 atlas",
        "_layer_id": "ming_courier_routes",
        "_layer_title": "명대 역참 노선",
        "_source_file": "Ming_Routes_2016.shp",
        "_source_crs": "EPSG:4326"
      }
    },
    {
      "type": "Feature",
      "geometry": {
        "type": "LineString",
        "coordinates": [
          [
            110.76403000000016,
            21.830734000000064
          ],
          [
            110.85381300000012,
            21.919214000000068
          ]
        ]
      },
      "properties": {
        "MAJ_MINOR": 2,
        "SOURCE": "1903 atlas",
        "_layer_id": "ming_courier_routes",
        "_layer_title": "명대 역참 노선",
        "_source_file": "Ming_Routes_2016.shp",
        "_source_crs": "EPSG:4326"
      }
    },
    {
      "type": "Feature",
      "geometry": {
        "type": "LineString",
        "coordinates": [
          [
            110.07166300000006,
            23.39457100000004
          ],
          [
            110.21003000000002,
            23.600267000000144
          ]
        ]
      },
      "properties": {
        "MAJ_MINOR": 2,
        "SOURCE": "1903 atlas",
        "_layer_id": "ming_courier_routes",
        "_layer_title": "명대 역참 노선",
        "_source_file": "Ming_Routes_2016.shp",
        "_source_crs": "EPSG:4326"
      }
    },
    {
      "type": "Feature",
      "geometry": {
        "type": "LineString",
        "coordinates": [
          [
            110.21003000000002,
            23.60026700000014
          ],
          [
            110.39473700000002,
            23.54998000000012
          ]
        ]
      },
      "properties": {
        "MAJ_MINOR": 2,
        "SOURCE": "1903 atlas",
        "_layer_id": "ming_courier_routes",
        "_layer_title": "명대 역참 노선",
        "_source_file": "Ming_Routes_2016.shp",
        "_source_crs": "EPSG:4326"
      }
    },
    {
      "type": "Feature",
      "geometry": {
        "type": "LineString",
        "coordinates": [
          [
            110.39473700000002,
            23.54998000000012
          ],
          [
            110.5243150000001,
            23.476588999999997
          ]
        ]
      },
      "properties": {
        "MAJ_MINOR": 2,
        "SOURCE": "1903 atlas",
        "_layer_id": "ming_courier_routes",
        "_layer_title": "명대 역참 노선",
        "_source_file": "Ming_Routes_2016.shp",
        "_source_crs": "EPSG:4326"
      }
    },
    {
      "type": "Feature",
      "geometry": {
        "type": "LineString",
        "coordinates": [
          [
            110.58888600000013,
            23.465921999999992
          ],
          [
            110.73590900000008,
            23.475643000000023
          ]
        ]
      },
      "properties": {
        "MAJ_MINOR": 2,
        "SOURCE": "1903 atlas",
        "_layer_id": "ming_courier_routes",
        "_layer_title": "명대 역참 노선",
        "_source_file": "Ming_Routes_2016.shp",
        "_source_crs": "EPSG:4326"
      }
    },
    {
      "type": "Feature",
      "geometry": {
        "type": "LineString",
        "coordinates": [
          [
            110.73590900000008,
            23.475643000000023
          ],
          [
            110.90428200000008,
            23.37311900000003
          ]
        ]
      },
      "properties": {
        "MAJ_MINOR": 2,
        "SOURCE": "1903 atlas",
        "_layer_id": "ming_courier_routes",
        "_layer_title": "명대 역참 노선",
        "_source_file": "Ming_Routes_2016.shp",
        "_source_crs": "EPSG:4326"
      }
    },
    {
      "type": "Feature",
      "geometry": {
        "type": "LineString",
        "coordinates": [
          [
            110.90428200000008,
            23.37311900000003
          ],
          [
            111.30857099999997,
            23.486897999999997
          ]
        ]
      },
      "properties": {
        "MAJ_MINOR": 2,
        "SOURCE": "1903 atlas",
        "_layer_id": "ming_courier_routes",
        "_layer_title": "명대 역참 노선",
        "_source_file": "Ming_Routes_2016.shp",
        "_source_crs": "EPSG:4326"
      }
    },
    {
      "type": "Feature",
      "geometry": {
        "type": "LineString",
        "coordinates": [
          [
            110.6465,
            24.635727000000088
          ],
          [
            110.8036120000001,
            24.16912300000007
          ]
        ]
      },
      "properties": {
        "MAJ_MINOR": 2,
        "SOURCE": "1903 atlas",
        "_layer_id": "ming_courier_routes",
        "_layer_title": "명대 역참 노선",
        "_source_file": "Ming_Routes_2016.shp",
        "_source_crs": "EPSG:4326"
      }
    },
    {
      "type": "Feature",
      "geometry": {
        "type": "LineString",
        "coordinates": [
          [
            110.8036120000001,
            24.16912300000007
          ],
          [
            111.30857099999997,
            23.486897999999997
          ]
        ]
      },
      "properties": {
        "MAJ_MINOR": 2,
        "SOURCE": "1903 atlas",
        "_layer_id": "ming_courier_routes",
        "_layer_title": "명대 역참 노선",
        "_source_file": "Ming_Routes_2016.shp",
        "_source_crs": "EPSG:4326"
      }
    },
    {
      "type": "Feature",
      "geometry": {
        "type": "LineString",
        "coordinates": [
          [
            111.30857099999997,
            23.486897999999997
          ],
          [
            112.45315500000004,
            23.056921000000045
          ]
        ]
      },
      "properties": {
        "MAJ_MINOR": 2,
        "SOURCE": "1903 atlas",
        "_layer_id": "ming_courier_routes",
        "_layer_title": "명대 역참 노선",
        "_source_file": "Ming_Routes_2016.shp",
        "_source_crs": "EPSG:4326"
      }
    },
    {
      "type": "Feature",
      "geometry": {
        "type": "LineString",
        "coordinates": [
          [
            113.02213287353527,
            23.72072792053234
          ],
          [
            112.88917100000015,
            23.988983000000076
          ]
        ]
      },
      "properties": {
        "MAJ_MINOR": 2,
        "SOURCE": "1903 atlas",
        "_layer_id": "ming_courier_routes",
        "_layer_title": "명대 역참 노선",
        "_source_file": "Ming_Routes_2016.shp",
        "_source_crs": "EPSG:4326"
      }
    },
    {
      "type": "Feature",
      "geometry": {
        "type": "LineString",
        "coordinates": [
          [
            112.88917100000015,
            23.988983000000076
          ],
          [
            112.75962800000002,
            24.126741000000038
          ]
        ]
      },
      "properties": {
        "MAJ_MINOR": 2,
        "SOURCE": "1903 atlas",
        "_layer_id": "ming_courier_routes",
        "_layer_title": "명대 역참 노선",
        "_source_file": "Ming_Routes_2016.shp",
        "_source_crs": "EPSG:4326"
      }
    },
    {
      "type": "Feature",
      "geometry": {
        "type": "LineString",
        "coordinates": [
          [
            112.71364599999993,
            24.396184999999946
          ],
          [
            112.63826700000016,
            24.485014000000035
          ]
        ]
      },
      "properties": {
        "MAJ_MINOR": 2,
        "SOURCE": "1903 atlas",
        "_layer_id": "ming_courier_routes",
        "_layer_title": "명대 역참 노선",
        "_source_file": "Ming_Routes_2016.shp",
        "_source_crs": "EPSG:4326"
      }
    },
    {
      "type": "Feature",
      "geometry": {
        "type": "LineString",
        "coordinates": [
          [
            112.63826700000016,
            24.485014000000035
          ],
          [
            112.37812100000008,
            24.779701000000102
          ]
        ]
      },
      "properties": {
        "MAJ_MINOR": 2,
        "SOURCE": "1903 atlas",
        "_layer_id": "ming_courier_routes",
        "_layer_title": "명대 역참 노선",
        "_source_file": "Ming_Routes_2016.shp",
        "_source_crs": "EPSG:4326"
      }
    },
    {
      "type": "Feature",
      "geometry": {
        "type": "LineString",
        "coordinates": [
          [
            112.37812100000008,
            24.779701000000102
          ],
          [
            112.28250100000022,
            24.718810999999935
          ]
        ]
      },
      "properties": {
        "MAJ_MINOR": 2,
        "SOURCE": "1903 atlas",
        "_layer_id": "ming_courier_routes",
        "_layer_title": "명대 역참 노선",
        "_source_file": "Ming_Routes_2016.shp",
        "_source_crs": "EPSG:4326"
      }
    },
    {
      "type": "Feature",
      "geometry": {
        "type": "LineString",
        "coordinates": [
          [
            113.40207672119152,
            24.17293739318859
          ],
          [
            113.46109800000784,
            24.260077999997176
          ]
        ]
      },
      "properties": {
        "MAJ_MINOR": 1,
        "SOURCE": "1903 atlas",
        "_layer_id": "ming_courier_routes",
        "_layer_title": "명대 역참 노선",
        "_source_file": "Ming_Routes_2016.shp",
        "_source_crs": "EPSG:4326"
      }
    },
    {
      "type": "Feature",
      "geometry": {
        "type": "LineString",
        "coordinates": [
          [
            113.6034164428711,
            24.810209274291992
          ],
          [
            113.4540100000076,
            24.728070999996948
          ]
        ]
      },
      "properties": {
        "MAJ_MINOR": 2,
        "SOURCE": "1903 atlas",
        "_layer_id": "ming_courier_routes",
        "_layer_title": "명대 역참 노선",
        "_source_file": "Ming_Routes_2016.shp",
        "_source_crs": "EPSG:4326"
      }
    },
    {
      "type": "Feature",
      "geometry": {
        "type": "LineString",
        "coordinates": [
          [
            113.59616900001072,
            24.683867999995762
          ],
          [
            113.6034164428711,
            24.810209274291992
          ]
        ]
      },
      "properties": {
        "MAJ_MINOR": 1,
        "SOURCE": "1903 atlas",
        "_layer_id": "ming_courier_routes",
        "_layer_title": "명대 역참 노선",
        "_source_file": "Ming_Routes_2016.shp",
        "_source_crs": "EPSG:4326"
      }
    },
    {
      "type": "Feature",
      "geometry": {
        "type": "LineString",
        "coordinates": [
          [
            113.58970600001062,
            24.57422599999589
          ],
          [
            113.59616900001072,
            24.683867999995762
          ]
        ]
      },
      "properties": {
        "MAJ_MINOR": 1,
        "SOURCE": "1903 atlas",
        "_layer_id": "ming_courier_routes",
        "_layer_title": "명대 역참 노선",
        "_source_file": "Ming_Routes_2016.shp",
        "_source_crs": "EPSG:4326"
      }
    },
    {
      "type": "Feature",
      "geometry": {
        "type": "LineString",
        "coordinates": [
          [
            113.51434300000882,
            24.423575999996622
          ],
          [
            113.58970600001062,
            24.57422599999589
          ]
        ]
      },
      "properties": {
        "MAJ_MINOR": 1,
        "SOURCE": "1903 atlas",
        "_layer_id": "ming_courier_routes",
        "_layer_title": "명대 역참 노선",
        "_source_file": "Ming_Routes_2016.shp",
        "_source_crs": "EPSG:4326"
      }
    },
    {
      "type": "Feature",
      "geometry": {
        "type": "LineString",
        "coordinates": [
          [
            113.46109800000784,
            24.260077999997176
          ],
          [
            113.51434300000882,
            24.423575999996622
          ]
        ]
      },
      "properties": {
        "MAJ_MINOR": 1,
        "SOURCE": "1903 atlas",
        "_layer_id": "ming_courier_routes",
        "_layer_title": "명대 역참 노선",
        "_source_file": "Ming_Routes_2016.shp",
        "_source_crs": "EPSG:4326"
      }
    },
    {
      "type": "Feature",
      "geometry": {
        "type": "LineString",
        "coordinates": [
          [
            112.45315500000004,
            23.056921000000045
          ],
          [
            112.88607025146484,
            23.165868759155273
          ]
        ]
      },
      "properties": {
        "MAJ_MINOR": 2,
        "SOURCE": "1903 atlas",
        "_layer_id": "ming_courier_routes",
        "_layer_title": "명대 역참 노선",
        "_source_file": "Ming_Routes_2016.shp",
        "_source_crs": "EPSG:4326"
      }
    },
    {
      "type": "Feature",
      "geometry": {
        "type": "LineString",
        "coordinates": [
          [
            112.88607025146484,
            23.165868759155273
          ],
          [
            112.84799999999996,
            22.888999999999953
          ]
        ]
      },
      "properties": {
        "MAJ_MINOR": 2,
        "SOURCE": "1903 atlas",
        "_layer_id": "ming_courier_routes",
        "_layer_title": "명대 역참 노선",
        "_source_file": "Ming_Routes_2016.shp",
        "_source_crs": "EPSG:4326"
      }
    },
    {
      "type": "Feature",
      "geometry": {
        "type": "LineString",
        "coordinates": [
          [
            116.68288400000006,
            23.36395500000009
          ],
          [
            116.68489800000009,
            23.45150000000018
          ]
        ]
      },
      "properties": {
        "MAJ_MINOR": 2,
        "SOURCE": "1903 atlas",
        "_layer_id": "ming_courier_routes",
        "_layer_title": "명대 역참 노선",
        "_source_file": "Ming_Routes_2016.shp",
        "_source_crs": "EPSG:4326"
      }
    },
    {
      "type": "Feature",
      "geometry": {
        "type": "LineString",
        "coordinates": [
          [
            116.68489800000009,
            23.45150000000018
          ],
          [
            116.65552400000013,
            23.506814000000077
          ]
        ]
      },
      "properties": {
        "MAJ_MINOR": 2,
        "SOURCE": "1903 atlas",
        "_layer_id": "ming_courier_routes",
        "_layer_title": "명대 역참 노선",
        "_source_file": "Ming_Routes_2016.shp",
        "_source_crs": "EPSG:4326"
      }
    },
    {
      "type": "Feature",
      "geometry": {
        "type": "LineString",
        "coordinates": [
          [
            116.65552400000013,
            23.506814000000077
          ],
          [
            116.6467160000002,
            23.55526700000007
          ]
        ]
      },
      "properties": {
        "MAJ_MINOR": 2,
        "SOURCE": "1903 atlas",
        "_layer_id": "ming_courier_routes",
        "_layer_title": "명대 역참 노선",
        "_source_file": "Ming_Routes_2016.shp",
        "_source_crs": "EPSG:4326"
      }
    },
    {
      "type": "Feature",
      "geometry": {
        "type": "LineString",
        "coordinates": [
          [
            116.6467160000002,
            23.55526700000007
          ],
          [
            116.60291300000017,
            23.581436000000053
          ]
        ]
      },
      "properties": {
        "MAJ_MINOR": 2,
        "SOURCE": "1903 atlas",
        "_layer_id": "ming_courier_routes",
        "_layer_title": "명대 역참 노선",
        "_source_file": "Ming_Routes_2016.shp",
        "_source_crs": "EPSG:4326"
      }
    },
    {
      "type": "Feature",
      "geometry": {
        "type": "LineString",
        "coordinates": [
          [
            116.60291300000017,
            23.581436000000053
          ],
          [
            116.63665800000001,
            23.667705999999953
          ]
        ]
      },
      "properties": {
        "MAJ_MINOR": 2,
        "SOURCE": "1903 atlas",
        "_layer_id": "ming_courier_routes",
        "_layer_title": "명대 역참 노선",
        "_source_file": "Ming_Routes_2016.shp",
        "_source_crs": "EPSG:4326"
      }
    },
    {
      "type": "Feature",
      "geometry": {
        "type": "LineString",
        "coordinates": [
          [
            116.64030000000002,
            23.666100000000142
          ],
          [
            116.45800000000008,
            23.914000000000044
          ]
        ]
      },
      "properties": {
        "MAJ_MINOR": 2,
        "SOURCE": "1903 atlas",
        "_layer_id": "ming_courier_routes",
        "_layer_title": "명대 역참 노선",
        "_source_file": "Ming_Routes_2016.shp",
        "_source_crs": "EPSG:4326"
      }
    },
    {
      "type": "Feature",
      "geometry": {
        "type": "LineString",
        "coordinates": [
          [
            116.45800000000008,
            23.914000000000044
          ],
          [
            116.52324700000008,
            24.095016000000044
          ]
        ]
      },
      "properties": {
        "MAJ_MINOR": 2,
        "SOURCE": "1903 atlas",
        "_layer_id": "ming_courier_routes",
        "_layer_title": "명대 역참 노선",
        "_source_file": "Ming_Routes_2016.shp",
        "_source_crs": "EPSG:4326"
      }
    },
    {
      "type": "Feature",
      "geometry": {
        "type": "LineString",
        "coordinates": [
          [
            116.63282000000004,
            24.186222000000157
          ],
          [
            116.11049700000001,
            24.31578100000013
          ]
        ]
      },
      "properties": {
        "MAJ_MINOR": 2,
        "SOURCE": "1903 atlas",
        "_layer_id": "ming_courier_routes",
        "_layer_title": "명대 역참 노선",
        "_source_file": "Ming_Routes_2016.shp",
        "_source_crs": "EPSG:4326"
      }
    },
    {
      "type": "Feature",
      "geometry": {
        "type": "LineString",
        "coordinates": [
          [
            116.52324700000008,
            24.095016000000044
          ],
          [
            116.63282000000004,
            24.186222000000157
          ]
        ]
      },
      "properties": {
        "MAJ_MINOR": 2,
        "SOURCE": "1903 atlas",
        "_layer_id": "ming_courier_routes",
        "_layer_title": "명대 역참 노선",
        "_source_file": "Ming_Routes_2016.shp",
        "_source_crs": "EPSG:4326"
      }
    },
    {
      "type": "Feature",
      "geometry": {
        "type": "LineString",
        "coordinates": [
          [
            116.63282000000004,
            24.186222000000157
          ],
          [
            116.56304200000011,
            24.394690000000082
          ]
        ]
      },
      "properties": {
        "MAJ_MINOR": 2,
        "SOURCE": "1903 atlas",
        "_layer_id": "ming_courier_routes",
        "_layer_title": "명대 역참 노선",
        "_source_file": "Ming_Routes_2016.shp",
        "_source_crs": "EPSG:4326"
      }
    },
    {
      "type": "Feature",
      "geometry": {
        "type": "LineString",
        "coordinates": [
          [
            116.56304200000011,
            24.394690000000082
          ],
          [
            116.68543999999997,
            24.517746000000045
          ]
        ]
      },
      "properties": {
        "MAJ_MINOR": 2,
        "SOURCE": "1903 atlas",
        "_layer_id": "ming_courier_routes",
        "_layer_title": "명대 역참 노선",
        "_source_file": "Ming_Routes_2016.shp",
        "_source_crs": "EPSG:4326"
      }
    },
    {
      "type": "Feature",
      "geometry": {
        "type": "LineString",
        "coordinates": [
          [
            115.97683000000018,
            24.040634000000125
          ],
          [
            115.727348,
            24.138691000000108
          ]
        ]
      },
      "properties": {
        "MAJ_MINOR": 2,
        "SOURCE": "1903 atlas",
        "_layer_id": "ming_courier_routes",
        "_layer_title": "명대 역참 노선",
        "_source_file": "Ming_Routes_2016.shp",
        "_source_crs": "EPSG:4326"
      }
    },
    {
      "type": "Feature",
      "geometry": {
        "type": "LineString",
        "coordinates": [
          [
            115.97683000000018,
            24.040634000000125
          ],
          [
            116.11049700000001,
            24.31578100000013
          ]
        ]
      },
      "properties": {
        "MAJ_MINOR": 2,
        "SOURCE": "1903 atlas",
        "_layer_id": "ming_courier_routes",
        "_layer_title": "명대 역참 노선",
        "_source_file": "Ming_Routes_2016.shp",
        "_source_crs": "EPSG:4326"
      }
    },
    {
      "type": "Feature",
      "geometry": {
        "type": "LineString",
        "coordinates": [
          [
            114.27360600000009,
            23.172247000000084
          ],
          [
            114.41028500000016,
            23.089378000000067
          ]
        ]
      },
      "properties": {
        "MAJ_MINOR": 2,
        "SOURCE": "1903 atlas",
        "_layer_id": "ming_courier_routes",
        "_layer_title": "명대 역참 노선",
        "_source_file": "Ming_Routes_2016.shp",
        "_source_crs": "EPSG:4326"
      }
    },
    {
      "type": "Feature",
      "geometry": {
        "type": "LineString",
        "coordinates": [
          [
            114.41028500000016,
            23.089378000000067
          ],
          [
            114.6109850000793,
            23.172494999974358
          ]
        ]
      },
      "properties": {
        "MAJ_MINOR": 2,
        "SOURCE": "1903 atlas",
        "_layer_id": "ming_courier_routes",
        "_layer_title": "명대 역참 노선",
        "_source_file": "Ming_Routes_2016.shp",
        "_source_crs": "EPSG:4326"
      }
    },
    {
      "type": "Feature",
      "geometry": {
        "type": "LineString",
        "coordinates": [
          [
            114.6109850000793,
            23.172494999974358
          ],
          [
            114.52319400006863,
            23.364715999977378
          ]
        ]
      },
      "properties": {
        "MAJ_MINOR": 2,
        "SOURCE": "1903 atlas",
        "_layer_id": "ming_courier_routes",
        "_layer_title": "명대 역참 노선",
        "_source_file": "Ming_Routes_2016.shp",
        "_source_crs": "EPSG:4326"
      }
    },
    {
      "type": "Feature",
      "geometry": {
        "type": "LineString",
        "coordinates": [
          [
            114.52319400006866,
            23.364715999977378
          ],
          [
            114.58677700000021,
            23.401756000000148
          ]
        ]
      },
      "properties": {
        "MAJ_MINOR": 2,
        "SOURCE": "1903 atlas",
        "_layer_id": "ming_courier_routes",
        "_layer_title": "명대 역참 노선",
        "_source_file": "Ming_Routes_2016.shp",
        "_source_crs": "EPSG:4326"
      }
    },
    {
      "type": "Feature",
      "geometry": {
        "type": "LineString",
        "coordinates": [
          [
            114.58677700000021,
            23.401756000000148
          ],
          [
            114.61623527993326,
            23.57311045491788
          ]
        ]
      },
      "properties": {
        "MAJ_MINOR": 2,
        "SOURCE": "1903 atlas",
        "_layer_id": "ming_courier_routes",
        "_layer_title": "명대 역참 노선",
        "_source_file": "Ming_Routes_2016.shp",
        "_source_crs": "EPSG:4326"
      }
    },
    {
      "type": "Feature",
      "geometry": {
        "type": "LineString",
        "coordinates": [
          [
            114.61623527993326,
            23.57311045491788
          ],
          [
            114.69146,
            23.736833999999988
          ]
        ]
      },
      "properties": {
        "MAJ_MINOR": 2,
        "SOURCE": "1903 atlas",
        "_layer_id": "ming_courier_routes",
        "_layer_title": "명대 역참 노선",
        "_source_file": "Ming_Routes_2016.shp",
        "_source_crs": "EPSG:4326"
      }
    },
    {
      "type": "Feature",
      "geometry": {
        "type": "LineString",
        "coordinates": [
          [
            114.86656900000014,
            23.839874000000066
          ],
          [
            115.08398399999999,
            23.956975999999997
          ]
        ]
      },
      "properties": {
        "MAJ_MINOR": 2,
        "SOURCE": "1903 atlas",
        "_layer_id": "ming_courier_routes",
        "_layer_title": "명대 역참 노선",
        "_source_file": "Ming_Routes_2016.shp",
        "_source_crs": "EPSG:4326"
      }
    },
    {
      "type": "Feature",
      "geometry": {
        "type": "LineString",
        "coordinates": [
          [
            115.08398399999999,
            23.956975999999997
          ],
          [
            115.18617200000006,
            24.06000300000011
          ]
        ]
      },
      "properties": {
        "MAJ_MINOR": 2,
        "SOURCE": "1903 atlas",
        "_layer_id": "ming_courier_routes",
        "_layer_title": "명대 역참 노선",
        "_source_file": "Ming_Routes_2016.shp",
        "_source_crs": "EPSG:4326"
      }
    },
    {
      "type": "Feature",
      "geometry": {
        "type": "LineString",
        "coordinates": [
          [
            115.18617200000006,
            24.06000300000011
          ],
          [
            115.25558500000022,
            24.09971400000012
          ]
        ]
      },
      "properties": {
        "MAJ_MINOR": 2,
        "SOURCE": "1903 atlas",
        "_layer_id": "ming_courier_routes",
        "_layer_title": "명대 역참 노선",
        "_source_file": "Ming_Routes_2016.shp",
        "_source_crs": "EPSG:4326"
      }
    },
    {
      "type": "Feature",
      "geometry": {
        "type": "LineString",
        "coordinates": [
          [
            115.25558500000022,
            24.09971400000012
          ],
          [
            115.36161800000002,
            24.00701900000007
          ]
        ]
      },
      "properties": {
        "MAJ_MINOR": 2,
        "SOURCE": "1903 atlas",
        "_layer_id": "ming_courier_routes",
        "_layer_title": "명대 역참 노선",
        "_source_file": "Ming_Routes_2016.shp",
        "_source_crs": "EPSG:4326"
      }
    },
    {
      "type": "Feature",
      "geometry": {
        "type": "LineString",
        "coordinates": [
          [
            115.36161800000002,
            24.00701900000007
          ],
          [
            115.44747900000016,
            24.08087000000006
          ]
        ]
      },
      "properties": {
        "MAJ_MINOR": 2,
        "SOURCE": "1903 atlas",
        "_layer_id": "ming_courier_routes",
        "_layer_title": "명대 역참 노선",
        "_source_file": "Ming_Routes_2016.shp",
        "_source_crs": "EPSG:4326"
      }
    },
    {
      "type": "Feature",
      "geometry": {
        "type": "LineString",
        "coordinates": [
          [
            115.44747900000016,
            24.08087000000006
          ],
          [
            115.61644000000013,
            24.066050000000075
          ]
        ]
      },
      "properties": {
        "MAJ_MINOR": 2,
        "SOURCE": "1903 atlas",
        "_layer_id": "ming_courier_routes",
        "_layer_title": "명대 역참 노선",
        "_source_file": "Ming_Routes_2016.shp",
        "_source_crs": "EPSG:4326"
      }
    },
    {
      "type": "Feature",
      "geometry": {
        "type": "LineString",
        "coordinates": [
          [
            115.61644000000013,
            24.066050000000075
          ],
          [
            115.727348,
            24.138691000000108
          ]
        ]
      },
      "properties": {
        "MAJ_MINOR": 2,
        "SOURCE": "1903 atlas",
        "_layer_id": "ming_courier_routes",
        "_layer_title": "명대 역참 노선",
        "_source_file": "Ming_Routes_2016.shp",
        "_source_crs": "EPSG:4326"
      }
    },
    {
      "type": "Feature",
      "geometry": {
        "type": "LineString",
        "coordinates": [
          [
            104.616356,
            28.774832000000004
          ],
          [
            104.97201500000006,
            28.847984000000054
          ]
        ]
      },
      "properties": {
        "MAJ_MINOR": 2,
        "SOURCE": "1903 atlas",
        "_layer_id": "ming_courier_routes",
        "_layer_title": "명대 역참 노선",
        "_source_file": "Ming_Routes_2016.shp",
        "_source_crs": "EPSG:4326"
      }
    },
    {
      "type": "Feature",
      "geometry": {
        "type": "LineString",
        "coordinates": [
          [
            104.97201500000006,
            28.847984000000054
          ],
          [
            105.437004,
            28.884363000000064
          ]
        ]
      },
      "properties": {
        "MAJ_MINOR": 2,
        "SOURCE": "1903 atlas",
        "_layer_id": "ming_courier_routes",
        "_layer_title": "명대 역참 노선",
        "_source_file": "Ming_Routes_2016.shp",
        "_source_crs": "EPSG:4326"
      }
    },
    {
      "type": "Feature",
      "geometry": {
        "type": "LineString",
        "coordinates": [
          [
            105.27304100000003,
            29.349379999999996
          ],
          [
            105.05389400000007,
            29.580755000000067
          ]
        ]
      },
      "properties": {
        "MAJ_MINOR": 2,
        "SOURCE": "1903 atlas",
        "_layer_id": "ming_courier_routes",
        "_layer_title": "명대 역참 노선",
        "_source_file": "Ming_Routes_2016.shp",
        "_source_crs": "EPSG:4326"
      }
    },
    {
      "type": "Feature",
      "geometry": {
        "type": "LineString",
        "coordinates": [
          [
            105.05389400000007,
            29.580755000000067
          ],
          [
            104.84835800000008,
            29.78474800000015
          ]
        ]
      },
      "properties": {
        "MAJ_MINOR": 2,
        "SOURCE": "1903 atlas",
        "_layer_id": "ming_courier_routes",
        "_layer_title": "명대 역참 노선",
        "_source_file": "Ming_Routes_2016.shp",
        "_source_crs": "EPSG:4326"
      }
    },
    {
      "type": "Feature",
      "geometry": {
        "type": "LineString",
        "coordinates": [
          [
            105.437004,
            28.884363000000064
          ],
          [
            105.826729,
            28.812002000000064
          ]
        ]
      },
      "properties": {
        "MAJ_MINOR": 2,
        "SOURCE": "1903 atlas",
        "_layer_id": "ming_courier_routes",
        "_layer_title": "명대 역참 노선",
        "_source_file": "Ming_Routes_2016.shp",
        "_source_crs": "EPSG:4326"
      }
    },
    {
      "type": "Feature",
      "geometry": {
        "type": "LineString",
        "coordinates": [
          [
            105.27304100000003,
            29.349379999999996
          ],
          [
            105.59631300000001,
            29.412771000000134
          ]
        ]
      },
      "properties": {
        "MAJ_MINOR": 2,
        "SOURCE": "1903 atlas",
        "_layer_id": "ming_courier_routes",
        "_layer_title": "명대 역참 노선",
        "_source_file": "Ming_Routes_2016.shp",
        "_source_crs": "EPSG:4326"
      }
    },
    {
      "type": "Feature",
      "geometry": {
        "type": "LineString",
        "coordinates": [
          [
            105.59631300000001,
            29.412771000000134
          ],
          [
            105.89660600000013,
            29.360287000000085
          ]
        ]
      },
      "properties": {
        "MAJ_MINOR": 2,
        "SOURCE": "1903 atlas",
        "_layer_id": "ming_courier_routes",
        "_layer_title": "명대 역참 노선",
        "_source_file": "Ming_Routes_2016.shp",
        "_source_crs": "EPSG:4326"
      }
    },
    {
      "type": "Feature",
      "geometry": {
        "type": "LineString",
        "coordinates": [
          [
            105.437004,
            28.884363000000064
          ],
          [
            105.38172900000012,
            28.78206300000005
          ]
        ]
      },
      "properties": {
        "MAJ_MINOR": 2,
        "SOURCE": "1903 atlas",
        "_layer_id": "ming_courier_routes",
        "_layer_title": "명대 역참 노선",
        "_source_file": "Ming_Routes_2016.shp",
        "_source_crs": "EPSG:4326"
      }
    },
    {
      "type": "Feature",
      "geometry": {
        "type": "LineString",
        "coordinates": [
          [
            105.3688809988229,
            28.384290999228146
          ],
          [
            105.42077200000006,
            28.174404000000095
          ]
        ]
      },
      "properties": {
        "MAJ_MINOR": 2,
        "SOURCE": "1903 atlas",
        "_layer_id": "ming_courier_routes",
        "_layer_title": "명대 역참 노선",
        "_source_file": "Ming_Routes_2016.shp",
        "_source_crs": "EPSG:4326"
      }
    },
    {
      "type": "Feature",
      "geometry": {
        "type": "LineString",
        "coordinates": [
          [
            104.88917500000008,
            28.379269000000022
          ],
          [
            104.79779100000002,
            28.381191000000058
          ]
        ]
      },
      "properties": {
        "MAJ_MINOR": 2,
        "SOURCE": "1903 atlas",
        "_layer_id": "ming_courier_routes",
        "_layer_title": "명대 역참 노선",
        "_source_file": "Ming_Routes_2016.shp",
        "_source_crs": "EPSG:4326"
      }
    },
    {
      "type": "Feature",
      "geometry": {
        "type": "LineString",
        "coordinates": [
          [
            105.08632700000004,
            28.3406260000001
          ],
          [
            104.88917500000008,
            28.379269000000022
          ]
        ]
      },
      "properties": {
        "MAJ_MINOR": 2,
        "SOURCE": "1903 atlas",
        "_layer_id": "ming_courier_routes",
        "_layer_title": "명대 역참 노선",
        "_source_file": "Ming_Routes_2016.shp",
        "_source_crs": "EPSG:4326"
      }
    },
    {
      "type": "Feature",
      "geometry": {
        "type": "LineString",
        "coordinates": [
          [
            102.2338640000001,
            26.661867000000143
          ],
          [
            102.32645900000017,
            27.332909000000086
          ]
        ]
      },
      "properties": {
        "MAJ_MINOR": 2,
        "SOURCE": "1903 atlas",
        "_layer_id": "ming_courier_routes",
        "_layer_title": "명대 역참 노선",
        "_source_file": "Ming_Routes_2016.shp",
        "_source_crs": "EPSG:4326"
      }
    },
    {
      "type": "Feature",
      "geometry": {
        "type": "LineString",
        "coordinates": [
          [
            102.20759900000013,
            27.720612000000074
          ],
          [
            102.266953,
            27.899814999999933
          ]
        ]
      },
      "properties": {
        "MAJ_MINOR": 2,
        "SOURCE": "1903 atlas",
        "_layer_id": "ming_courier_routes",
        "_layer_title": "명대 역참 노선",
        "_source_file": "Ming_Routes_2016.shp",
        "_source_crs": "EPSG:4326"
      }
    },
    {
      "type": "Feature",
      "geometry": {
        "type": "LineString",
        "coordinates": [
          [
            102.266953,
            27.899814999999933
          ],
          [
            102.182885,
            28.131183000000135
          ]
        ]
      },
      "properties": {
        "MAJ_MINOR": 2,
        "SOURCE": "1903 atlas",
        "_layer_id": "ming_courier_routes",
        "_layer_title": "명대 역참 노선",
        "_source_file": "Ming_Routes_2016.shp",
        "_source_crs": "EPSG:4326"
      }
    },
    {
      "type": "Feature",
      "geometry": {
        "type": "LineString",
        "coordinates": [
          [
            102.19712100000004,
            28.30733300000003
          ],
          [
            102.50377700000007,
            28.64376400000009
          ]
        ]
      },
      "properties": {
        "MAJ_MINOR": 2,
        "SOURCE": "1903 atlas",
        "_layer_id": "ming_courier_routes",
        "_layer_title": "명대 역참 노선",
        "_source_file": "Ming_Routes_2016.shp",
        "_source_crs": "EPSG:4326"
      }
    },
    {
      "type": "Feature",
      "geometry": {
        "type": "LineString",
        "coordinates": [
          [
            102.19712100000004,
            28.30733300000003
          ],
          [
            102.16570300000001,
            28.550951000000055
          ]
        ]
      },
      "properties": {
        "MAJ_MINOR": 2,
        "SOURCE": "1903 atlas",
        "_layer_id": "ming_courier_routes",
        "_layer_title": "명대 역참 노선",
        "_source_file": "Ming_Routes_2016.shp",
        "_source_crs": "EPSG:4326"
      }
    },
    {
      "type": "Feature",
      "geometry": {
        "type": "LineString",
        "coordinates": [
          [
            102.50377700000007,
            28.64376400000009
          ],
          [
            102.67692599999998,
            29.354038000000116
          ]
        ]
      },
      "properties": {
        "MAJ_MINOR": 2,
        "SOURCE": "1903 atlas",
        "_layer_id": "ming_courier_routes",
        "_layer_title": "명대 역참 노선",
        "_source_file": "Ming_Routes_2016.shp",
        "_source_crs": "EPSG:4326"
      }
    },
    {
      "type": "Feature",
      "geometry": {
        "type": "LineString",
        "coordinates": [
          [
            102.67692599999998,
            29.354038000000116
          ],
          [
            102.617798,
            29.585054000000014
          ]
        ]
      },
      "properties": {
        "MAJ_MINOR": 2,
        "SOURCE": "1903 atlas",
        "_layer_id": "ming_courier_routes",
        "_layer_title": "명대 역참 노선",
        "_source_file": "Ming_Routes_2016.shp",
        "_source_crs": "EPSG:4326"
      }
    },
    {
      "type": "Feature",
      "geometry": {
        "type": "LineString",
        "coordinates": [
          [
            102.617798,
            29.585054000000014
          ],
          [
            102.8373180000001,
            29.79532600000016
          ]
        ]
      },
      "properties": {
        "MAJ_MINOR": 2,
        "SOURCE": "1903 atlas",
        "_layer_id": "ming_courier_routes",
        "_layer_title": "명대 역참 노선",
        "_source_file": "Ming_Routes_2016.shp",
        "_source_crs": "EPSG:4326"
      }
    },
    {
      "type": "Feature",
      "geometry": {
        "type": "LineString",
        "coordinates": [
          [
            102.8373180000001,
            29.79532600000016
          ],
          [
            102.98436699999996,
            29.985556000000088
          ]
        ]
      },
      "properties": {
        "MAJ_MINOR": 2,
        "SOURCE": "1903 atlas",
        "_layer_id": "ming_courier_routes",
        "_layer_title": "명대 역참 노선",
        "_source_file": "Ming_Routes_2016.shp",
        "_source_crs": "EPSG:4326"
      }
    },
    {
      "type": "Feature",
      "geometry": {
        "type": "LineString",
        "coordinates": [
          [
            102.98436699999996,
            29.985556000000088
          ],
          [
            102.75050400000009,
            30.078637999999955
          ]
        ]
      },
      "properties": {
        "MAJ_MINOR": 2,
        "SOURCE": "1903 atlas",
        "_layer_id": "ming_courier_routes",
        "_layer_title": "명대 역참 노선",
        "_source_file": "Ming_Routes_2016.shp",
        "_source_crs": "EPSG:4326"
      }
    },
    {
      "type": "Feature",
      "geometry": {
        "type": "LineString",
        "coordinates": [
          [
            104.616356,
            28.774832000000004
          ],
          [
            103.94312299999996,
            29.209244000000126
          ]
        ]
      },
      "properties": {
        "MAJ_MINOR": 2,
        "SOURCE": "1903 atlas",
        "_layer_id": "ming_courier_routes",
        "_layer_title": "명대 역참 노선",
        "_source_file": "Ming_Routes_2016.shp",
        "_source_crs": "EPSG:4326"
      }
    },
    {
      "type": "Feature",
      "geometry": {
        "type": "LineString",
        "coordinates": [
          [
            103.94312299999996,
            29.209244000000126
          ],
          [
            103.81468999703455,
            29.401198996299964
          ]
        ]
      },
      "properties": {
        "MAJ_MINOR": 2,
        "SOURCE": "1903 atlas",
        "_layer_id": "ming_courier_routes",
        "_layer_title": "명대 역참 노선",
        "_source_file": "Ming_Routes_2016.shp",
        "_source_crs": "EPSG:4326"
      }
    },
    {
      "type": "Feature",
      "geometry": {
        "type": "LineString",
        "coordinates": [
          [
            103.81468999703455,
            29.401198996299964
          ],
          [
            103.80939500000005,
            29.469741999999997
          ]
        ]
      },
      "properties": {
        "MAJ_MINOR": 2,
        "SOURCE": "1903 atlas",
        "_layer_id": "ming_courier_routes",
        "_layer_title": "명대 역참 노선",
        "_source_file": "Ming_Routes_2016.shp",
        "_source_crs": "EPSG:4326"
      }
    },
    {
      "type": "Feature",
      "geometry": {
        "type": "LineString",
        "coordinates": [
          [
            103.80939500000005,
            29.469741999999997
          ],
          [
            103.75156400000003,
            29.57068600000008
          ]
        ]
      },
      "properties": {
        "MAJ_MINOR": 2,
        "SOURCE": "1903 atlas",
        "_layer_id": "ming_courier_routes",
        "_layer_title": "명대 역참 노선",
        "_source_file": "Ming_Routes_2016.shp",
        "_source_crs": "EPSG:4326"
      }
    },
    {
      "type": "Feature",
      "geometry": {
        "type": "LineString",
        "coordinates": [
          [
            103.25719399807534,
            30.190762993817014
          ],
          [
            103.45682499999992,
            30.4165900000001
          ]
        ]
      },
      "properties": {
        "MAJ_MINOR": 2,
        "SOURCE": "1903 atlas",
        "_layer_id": "ming_courier_routes",
        "_layer_title": "명대 역참 노선",
        "_source_file": "Ming_Routes_2016.shp",
        "_source_crs": "EPSG:4326"
      }
    },
    {
      "type": "Feature",
      "geometry": {
        "type": "LineString",
        "coordinates": [
          [
            103.45682499999992,
            30.4165900000001
          ],
          [
            103.67260700000003,
            30.636564000000078
          ]
        ]
      },
      "properties": {
        "MAJ_MINOR": 2,
        "SOURCE": "1903 atlas",
        "_layer_id": "ming_courier_routes",
        "_layer_title": "명대 역참 노선",
        "_source_file": "Ming_Routes_2016.shp",
        "_source_crs": "EPSG:4326"
      }
    },
    {
      "type": "Feature",
      "geometry": {
        "type": "LineString",
        "coordinates": [
          [
            103.75156400000003,
            29.57068600000008
          ],
          [
            103.84510799999998,
            29.837276000000088
          ]
        ]
      },
      "properties": {
        "MAJ_MINOR": 2,
        "SOURCE": "1903 atlas",
        "_layer_id": "ming_courier_routes",
        "_layer_title": "명대 역참 노선",
        "_source_file": "Ming_Routes_2016.shp",
        "_source_crs": "EPSG:4326"
      }
    },
    {
      "type": "Feature",
      "geometry": {
        "type": "LineString",
        "coordinates": [
          [
            103.84510799999998,
            29.837276000000088
          ],
          [
            103.83145900000005,
            30.050497000000007
          ]
        ]
      },
      "properties": {
        "MAJ_MINOR": 2,
        "SOURCE": "1903 atlas",
        "_layer_id": "ming_courier_routes",
        "_layer_title": "명대 역참 노선",
        "_source_file": "Ming_Routes_2016.shp",
        "_source_crs": "EPSG:4326"
      }
    },
    {
      "type": "Feature",
      "geometry": {
        "type": "LineString",
        "coordinates": [
          [
            103.83145900000005,
            30.050497000000007
          ],
          [
            103.86924700000009,
            30.200752000000023
          ]
        ]
      },
      "properties": {
        "MAJ_MINOR": 2,
        "SOURCE": "1903 atlas",
        "_layer_id": "ming_courier_routes",
        "_layer_title": "명대 역참 노선",
        "_source_file": "Ming_Routes_2016.shp",
        "_source_crs": "EPSG:4326"
      }
    },
    {
      "type": "Feature",
      "geometry": {
        "type": "LineString",
        "coordinates": [
          [
            103.86924700000009,
            30.200752000000023
          ],
          [
            104.06666564941406,
            30.499999999999943
          ]
        ]
      },
      "properties": {
        "MAJ_MINOR": 2,
        "SOURCE": "1903 atlas",
        "_layer_id": "ming_courier_routes",
        "_layer_title": "명대 역참 노선",
        "_source_file": "Ming_Routes_2016.shp",
        "_source_crs": "EPSG:4326"
      }
    },
    {
      "type": "Feature",
      "geometry": {
        "type": "LineString",
        "coordinates": [
          [
            104.06666564941406,
            30.499999999999943
          ],
          [
            104.07799530029303,
            30.6503849029541
          ]
        ]
      },
      "properties": {
        "MAJ_MINOR": 2,
        "SOURCE": "1903 atlas",
        "_layer_id": "ming_courier_routes",
        "_layer_title": "명대 역참 노선",
        "_source_file": "Ming_Routes_2016.shp",
        "_source_crs": "EPSG:4326"
      }
    },
    {
      "type": "Feature",
      "geometry": {
        "type": "LineString",
        "coordinates": [
          [
            103.67260700000003,
            30.636564000000078
          ],
          [
            103.8306050000001,
            30.702269
          ]
        ]
      },
      "properties": {
        "MAJ_MINOR": 2,
        "SOURCE": "1903 atlas",
        "_layer_id": "ming_courier_routes",
        "_layer_title": "명대 역참 노선",
        "_source_file": "Ming_Routes_2016.shp",
        "_source_crs": "EPSG:4326"
      }
    },
    {
      "type": "Feature",
      "geometry": {
        "type": "LineString",
        "coordinates": [
          [
            103.8306050000001,
            30.702269
          ],
          [
            104.07799530029303,
            30.6503849029541
          ]
        ]
      },
      "properties": {
        "MAJ_MINOR": 2,
        "SOURCE": "1903 atlas",
        "_layer_id": "ming_courier_routes",
        "_layer_title": "명대 역참 노선",
        "_source_file": "Ming_Routes_2016.shp",
        "_source_crs": "EPSG:4326"
      }
    },
    {
      "type": "Feature",
      "geometry": {
        "type": "LineString",
        "coordinates": [
          [
            104.07799530029303,
            30.6503849029541
          ],
          [
            103.62140367280546,
            31.012613307290565
          ]
        ]
      },
      "properties": {
        "MAJ_MINOR": 2,
        "SOURCE": "1903 atlas",
        "_layer_id": "ming_courier_routes",
        "_layer_title": "명대 역참 노선",
        "_source_file": "Ming_Routes_2016.shp",
        "_source_crs": "EPSG:4326"
      }
    },
    {
      "type": "Feature",
      "geometry": {
        "type": "LineString",
        "coordinates": [
          [
            103.62140367280546,
            31.012613307290565
          ],
          [
            103.49946349076635,
            31.146369946593552
          ]
        ]
      },
      "properties": {
        "MAJ_MINOR": 2,
        "SOURCE": "1903 atlas",
        "_layer_id": "ming_courier_routes",
        "_layer_title": "명대 역참 노선",
        "_source_file": "Ming_Routes_2016.shp",
        "_source_crs": "EPSG:4326"
      }
    },
    {
      "type": "Feature",
      "geometry": {
        "type": "LineString",
        "coordinates": [
          [
            103.57814800000006,
            31.477791000000025
          ],
          [
            103.85303500000003,
            31.688931000000025
          ]
        ]
      },
      "properties": {
        "MAJ_MINOR": 2,
        "SOURCE": "1903 atlas",
        "_layer_id": "ming_courier_routes",
        "_layer_title": "명대 역참 노선",
        "_source_file": "Ming_Routes_2016.shp",
        "_source_crs": "EPSG:4326"
      }
    },
    {
      "type": "Feature",
      "geometry": {
        "type": "LineString",
        "coordinates": [
          [
            103.4801940000001,
            31.297791000000075
          ],
          [
            103.57814800000006,
            31.477791000000025
          ]
        ]
      },
      "properties": {
        "MAJ_MINOR": 2,
        "SOURCE": "1903 atlas",
        "_layer_id": "ming_courier_routes",
        "_layer_title": "명대 역참 노선",
        "_source_file": "Ming_Routes_2016.shp",
        "_source_crs": "EPSG:4326"
      }
    },
    {
      "type": "Feature",
      "geometry": {
        "type": "LineString",
        "coordinates": [
          [
            103.49946349076635,
            31.146369946593552
          ],
          [
            103.4801940000001,
            31.297791000000075
          ]
        ]
      },
      "properties": {
        "MAJ_MINOR": 2,
        "SOURCE": "1903 atlas",
        "_layer_id": "ming_courier_routes",
        "_layer_title": "명대 역참 노선",
        "_source_file": "Ming_Routes_2016.shp",
        "_source_crs": "EPSG:4326"
      }
    },
    {
      "type": "Feature",
      "geometry": {
        "type": "LineString",
        "coordinates": [
          [
            104.7765270000001,
            31.882812000000058
          ],
          [
            104.74095200000005,
            31.778116000000068
          ]
        ]
      },
      "properties": {
        "MAJ_MINOR": 2,
        "SOURCE": "1903 atlas",
        "_layer_id": "ming_courier_routes",
        "_layer_title": "명대 역참 노선",
        "_source_file": "Ming_Routes_2016.shp",
        "_source_crs": "EPSG:4326"
      }
    },
    {
      "type": "Feature",
      "geometry": {
        "type": "LineString",
        "coordinates": [
          [
            104.71854399999995,
            31.718632000000127
          ],
          [
            104.74929809570312,
            31.459007263183707
          ]
        ]
      },
      "properties": {
        "MAJ_MINOR": 2,
        "SOURCE": "1903 atlas",
        "_layer_id": "ming_courier_routes",
        "_layer_title": "명대 역참 노선",
        "_source_file": "Ming_Routes_2016.shp",
        "_source_crs": "EPSG:4326"
      }
    },
    {
      "type": "Feature",
      "geometry": {
        "type": "LineString",
        "coordinates": [
          [
            104.74095200000005,
            31.778116000000068
          ],
          [
            104.71854399999995,
            31.718632000000127
          ]
        ]
      },
      "properties": {
        "MAJ_MINOR": 2,
        "SOURCE": "1903 atlas",
        "_layer_id": "ming_courier_routes",
        "_layer_title": "명대 역참 노선",
        "_source_file": "Ming_Routes_2016.shp",
        "_source_crs": "EPSG:4326"
      }
    },
    {
      "type": "Feature",
      "geometry": {
        "type": "LineString",
        "coordinates": [
          [
            104.28306599999996,
            30.98131000000012
          ],
          [
            104.49977900000016,
            30.998730000000137
          ]
        ]
      },
      "properties": {
        "MAJ_MINOR": 1,
        "SOURCE": "1903 atlas",
        "_layer_id": "ming_courier_routes",
        "_layer_title": "명대 역참 노선",
        "_source_file": "Ming_Routes_2016.shp",
        "_source_crs": "EPSG:4326"
      }
    },
    {
      "type": "Feature",
      "geometry": {
        "type": "LineString",
        "coordinates": [
          [
            104.87599400000016,
            31.07728700000007
          ],
          [
            105.08757000000003,
            31.09462000000002
          ]
        ]
      },
      "properties": {
        "MAJ_MINOR": 1,
        "SOURCE": "1903 atlas",
        "_layer_id": "ming_courier_routes",
        "_layer_title": "명대 역참 노선",
        "_source_file": "Ming_Routes_2016.shp",
        "_source_crs": "EPSG:4326"
      }
    },
    {
      "type": "Feature",
      "geometry": {
        "type": "LineString",
        "coordinates": [
          [
            105.08757000000003,
            31.09462000000002
          ],
          [
            104.74929809570312,
            31.459007263183707
          ]
        ]
      },
      "properties": {
        "MAJ_MINOR": 2,
        "SOURCE": "1903 atlas",
        "_layer_id": "ming_courier_routes",
        "_layer_title": "명대 역참 노선",
        "_source_file": "Ming_Routes_2016.shp",
        "_source_crs": "EPSG:4326"
      }
    },
    {
      "type": "Feature",
      "geometry": {
        "type": "LineString",
        "coordinates": [
          [
            106.55266700000004,
            29.559972000000016
          ],
          [
            106.20204899999999,
            29.436478000000022
          ]
        ]
      },
      "properties": {
        "MAJ_MINOR": 2,
        "SOURCE": "1903 atlas",
        "_layer_id": "ming_courier_routes",
        "_layer_title": "명대 역참 노선",
        "_source_file": "Ming_Routes_2016.shp",
        "_source_crs": "EPSG:4326"
      }
    },
    {
      "type": "Feature",
      "geometry": {
        "type": "LineString",
        "coordinates": [
          [
            106.20204899999999,
            29.436478000000022
          ],
          [
            105.89660600000013,
            29.360287000000085
          ]
        ]
      },
      "properties": {
        "MAJ_MINOR": 2,
        "SOURCE": "1903 atlas",
        "_layer_id": "ming_courier_routes",
        "_layer_title": "명대 역참 노선",
        "_source_file": "Ming_Routes_2016.shp",
        "_source_crs": "EPSG:4326"
      }
    },
    {
      "type": "Feature",
      "geometry": {
        "type": "LineString",
        "coordinates": [
          [
            104.55040699999995,
            30.390272000000152
          ],
          [
            104.07799530029303,
            30.6503849029541
          ]
        ]
      },
      "properties": {
        "MAJ_MINOR": 2,
        "SOURCE": "1903 atlas",
        "_layer_id": "ming_courier_routes",
        "_layer_title": "명대 역참 노선",
        "_source_file": "Ming_Routes_2016.shp",
        "_source_crs": "EPSG:4326"
      }
    },
    {
      "type": "Feature",
      "geometry": {
        "type": "LineString",
        "coordinates": [
          [
            104.84835800000008,
            29.78474800000015
          ],
          [
            104.69255799999996,
            30.035488000000043
          ]
        ]
      },
      "properties": {
        "MAJ_MINOR": 2,
        "SOURCE": "1903 atlas",
        "_layer_id": "ming_courier_routes",
        "_layer_title": "명대 역참 노선",
        "_source_file": "Ming_Routes_2016.shp",
        "_source_crs": "EPSG:4326"
      }
    },
    {
      "type": "Feature",
      "geometry": {
        "type": "LineString",
        "coordinates": [
          [
            104.69255799999996,
            30.035488000000043
          ],
          [
            104.55040699999995,
            30.390272000000152
          ]
        ]
      },
      "properties": {
        "MAJ_MINOR": 2,
        "SOURCE": "1903 atlas",
        "_layer_id": "ming_courier_routes",
        "_layer_title": "명대 역참 노선",
        "_source_file": "Ming_Routes_2016.shp",
        "_source_crs": "EPSG:4326"
      }
    },
    {
      "type": "Feature",
      "geometry": {
        "type": "LineString",
        "coordinates": [
          [
            106.50128199969164,
            29.791926999767345
          ],
          [
            106.25955999999996,
            30.00394200000011
          ]
        ]
      },
      "properties": {
        "MAJ_MINOR": 2,
        "SOURCE": "1903 atlas",
        "_layer_id": "ming_courier_routes",
        "_layer_title": "명대 역참 노선",
        "_source_file": "Ming_Routes_2016.shp",
        "_source_crs": "EPSG:4326"
      }
    },
    {
      "type": "Feature",
      "geometry": {
        "type": "LineString",
        "coordinates": [
          [
            106.25955999999996,
            30.00394200000011
          ],
          [
            106.25840000000011,
            30.27237100000002
          ]
        ]
      },
      "properties": {
        "MAJ_MINOR": 2,
        "SOURCE": "1903 atlas",
        "_layer_id": "ming_courier_routes",
        "_layer_title": "명대 역참 노선",
        "_source_file": "Ming_Routes_2016.shp",
        "_source_crs": "EPSG:4326"
      }
    },
    {
      "type": "Feature",
      "geometry": {
        "type": "LineString",
        "coordinates": [
          [
            106.25840000000011,
            30.27237100000002
          ],
          [
            106.08072700000014,
            30.79898600000007
          ]
        ]
      },
      "properties": {
        "MAJ_MINOR": 2,
        "SOURCE": "1903 atlas",
        "_layer_id": "ming_courier_routes",
        "_layer_title": "명대 역참 노선",
        "_source_file": "Ming_Routes_2016.shp",
        "_source_crs": "EPSG:4326"
      }
    },
    {
      "type": "Feature",
      "geometry": {
        "type": "LineString",
        "coordinates": [
          [
            106.08072700000014,
            30.79898600000007
          ],
          [
            105.880943,
            31.010458000000085
          ]
        ]
      },
      "properties": {
        "MAJ_MINOR": 2,
        "SOURCE": "1903 atlas",
        "_layer_id": "ming_courier_routes",
        "_layer_title": "명대 역참 노선",
        "_source_file": "Ming_Routes_2016.shp",
        "_source_crs": "EPSG:4326"
      }
    },
    {
      "type": "Feature",
      "geometry": {
        "type": "LineString",
        "coordinates": [
          [
            105.880943,
            31.010458000000085
          ],
          [
            106.05858599999999,
            31.35961500000002
          ]
        ]
      },
      "properties": {
        "MAJ_MINOR": 2,
        "SOURCE": "1903 atlas",
        "_layer_id": "ming_courier_routes",
        "_layer_title": "명대 역참 노선",
        "_source_file": "Ming_Routes_2016.shp",
        "_source_crs": "EPSG:4326"
      }
    },
    {
      "type": "Feature",
      "geometry": {
        "type": "LineString",
        "coordinates": [
          [
            106.05858599999999,
            31.35961500000002
          ],
          [
            105.96703300000013,
            31.583160000000078
          ]
        ]
      },
      "properties": {
        "MAJ_MINOR": 2,
        "SOURCE": "1903 atlas",
        "_layer_id": "ming_courier_routes",
        "_layer_title": "명대 역참 노선",
        "_source_file": "Ming_Routes_2016.shp",
        "_source_crs": "EPSG:4326"
      }
    },
    {
      "type": "Feature",
      "geometry": {
        "type": "LineString",
        "coordinates": [
          [
            105.96703300000013,
            31.583160000000078
          ],
          [
            105.93303700000013,
            31.743105000000128
          ]
        ]
      },
      "properties": {
        "MAJ_MINOR": 1,
        "SOURCE": "1903 atlas",
        "_layer_id": "ming_courier_routes",
        "_layer_title": "명대 역참 노선",
        "_source_file": "Ming_Routes_2016.shp",
        "_source_crs": "EPSG:4326"
      }
    },
    {
      "type": "Feature",
      "geometry": {
        "type": "LineString",
        "coordinates": [
          [
            105.8500664816803,
            32.318442768353066
          ],
          [
            105.83299255371105,
            32.44388961791992
          ]
        ]
      },
      "properties": {
        "MAJ_MINOR": 1,
        "SOURCE": "1903 atlas",
        "_layer_id": "ming_courier_routes",
        "_layer_title": "명대 역참 노선",
        "_source_file": "Ming_Routes_2016.shp",
        "_source_crs": "EPSG:4326"
      }
    },
    {
      "type": "Feature",
      "geometry": {
        "type": "LineString",
        "coordinates": [
          [
            106.63931300000013,
            29.02525900000012
          ],
          [
            106.55266699999994,
            29.559972000000013
          ]
        ]
      },
      "properties": {
        "MAJ_MINOR": 2,
        "SOURCE": "1903 atlas",
        "_layer_id": "ming_courier_routes",
        "_layer_title": "명대 역참 노선",
        "_source_file": "Ming_Routes_2016.shp",
        "_source_crs": "EPSG:4326"
      }
    },
    {
      "type": "Feature",
      "geometry": {
        "type": "LineString",
        "coordinates": [
          [
            116.19397700000002,
            39.827301000000034
          ],
          [
            116.28398900000002,
            39.84944900000011
          ]
        ]
      },
      "properties": {
        "MAJ_MINOR": 1,
        "SOURCE": "1903 atlas",
        "_layer_id": "ming_courier_routes",
        "_layer_title": "명대 역참 노선",
        "_source_file": "Ming_Routes_2016.shp",
        "_source_crs": "EPSG:4326"
      }
    },
    {
      "type": "Feature",
      "geometry": {
        "type": "LineString",
        "coordinates": [
          [
            116.19397700000002,
            39.827301000000034
          ],
          [
            116.13558197021484,
            39.74125289916992
          ]
        ]
      },
      "properties": {
        "MAJ_MINOR": 1,
        "SOURCE": null,
        "_layer_id": "ming_courier_routes",
        "_layer_title": "명대 역참 노선",
        "_source_file": "Ming_Routes_2016.shp",
        "_source_crs": "EPSG:4326"
      }
    },
    {
      "type": "Feature",
      "geometry": {
        "type": "LineString",
        "coordinates": [
          [
            115.40012400000012,
            39.38353700000016
          ],
          [
            115.4934770000001,
            39.34903700000001
          ]
        ]
      },
      "properties": {
        "MAJ_MINOR": 1,
        "SOURCE": "1903 atlas",
        "_layer_id": "ming_courier_routes",
        "_layer_title": "명대 역참 노선",
        "_source_file": "Ming_Routes_2016.shp",
        "_source_crs": "EPSG:4326"
      }
    },
    {
      "type": "Feature",
      "geometry": {
        "type": "LineString",
        "coordinates": [
          [
            115.4934770000001,
            39.34903700000001
          ],
          [
            115.70780200000002,
            39.39174300000002
          ]
        ]
      },
      "properties": {
        "MAJ_MINOR": 1,
        "SOURCE": "1903 atlas",
        "_layer_id": "ming_courier_routes",
        "_layer_title": "명대 역참 노선",
        "_source_file": "Ming_Routes_2016.shp",
        "_source_crs": "EPSG:4326"
      }
    },
    {
      "type": "Feature",
      "geometry": {
        "type": "LineString",
        "coordinates": [
          [
            115.55066700000009,
            38.95052300000009
          ],
          [
            115.50209000000007,
            38.855701000000124
          ]
        ]
      },
      "properties": {
        "MAJ_MINOR": 1,
        "SOURCE": "1903 atlas",
        "_layer_id": "ming_courier_routes",
        "_layer_title": "명대 역참 노선",
        "_source_file": "Ming_Routes_2016.shp",
        "_source_crs": "EPSG:4326"
      }
    },
    {
      "type": "Feature",
      "geometry": {
        "type": "LineString",
        "coordinates": [
          [
            115.96814727783203,
            39.48722076416027
          ],
          [
            115.98756400000025,
            39.245948999999996
          ]
        ]
      },
      "properties": {
        "MAJ_MINOR": 1,
        "SOURCE": "1903 atlas",
        "_layer_id": "ming_courier_routes",
        "_layer_title": "명대 역참 노선",
        "_source_file": "Ming_Routes_2016.shp",
        "_source_crs": "EPSG:4326"
      }
    },
    {
      "type": "Feature",
      "geometry": {
        "type": "LineString",
        "coordinates": [
          [
            115.98756408691406,
            39.24594879150402
          ],
          [
            116.00833100000011,
            39.11051600000002
          ]
        ]
      },
      "properties": {
        "MAJ_MINOR": 1,
        "SOURCE": null,
        "_layer_id": "ming_courier_routes",
        "_layer_title": "명대 역참 노선",
        "_source_file": "Ming_Routes_2016.shp",
        "_source_crs": "EPSG:4326"
      }
    },
    {
      "type": "Feature",
      "geometry": {
        "type": "LineString",
        "coordinates": [
          [
            115.13342285156261,
            38.70526504516613
          ],
          [
            115.24405700000011,
            38.78020900000007
          ]
        ]
      },
      "properties": {
        "MAJ_MINOR": 1,
        "SOURCE": "1903 atlas",
        "_layer_id": "ming_courier_routes",
        "_layer_title": "명대 역참 노선",
        "_source_file": "Ming_Routes_2016.shp",
        "_source_crs": "EPSG:4326"
      }
    },
    {
      "type": "Feature",
      "geometry": {
        "type": "LineString",
        "coordinates": [
          [
            115.24405700000011,
            38.78020900000007
          ],
          [
            115.50209000000007,
            38.855701000000124
          ]
        ]
      },
      "properties": {
        "MAJ_MINOR": 1,
        "SOURCE": "1903 atlas",
        "_layer_id": "ming_courier_routes",
        "_layer_title": "명대 역참 노선",
        "_source_file": "Ming_Routes_2016.shp",
        "_source_crs": "EPSG:4326"
      }
    },
    {
      "type": "Feature",
      "geometry": {
        "type": "LineString",
        "coordinates": [
          [
            116.10706300000015,
            38.860367
          ],
          [
            116.09048461914074,
            38.70766830444336
          ]
        ]
      },
      "properties": {
        "MAJ_MINOR": 1,
        "SOURCE": "1903 atlas",
        "_layer_id": "ming_courier_routes",
        "_layer_title": "명대 역참 노선",
        "_source_file": "Ming_Routes_2016.shp",
        "_source_crs": "EPSG:4326"
      }
    },
    {
      "type": "Feature",
      "geometry": {
        "type": "LineString",
        "coordinates": [
          [
            116.09048461914074,
            38.70766830444336
          ],
          [
            116.05117700012718,
            38.63562199898308
          ]
        ]
      },
      "properties": {
        "MAJ_MINOR": 1,
        "SOURCE": null,
        "_layer_id": "ming_courier_routes",
        "_layer_title": "명대 역참 노선",
        "_source_file": "Ming_Routes_2016.shp",
        "_source_crs": "EPSG:4326"
      }
    },
    {
      "type": "Feature",
      "geometry": {
        "type": "LineString",
        "coordinates": [
          [
            116.07120800000018,
            38.56557000000009
          ],
          [
            116.05117700012718,
            38.63562199898308
          ]
        ]
      },
      "properties": {
        "MAJ_MINOR": 1,
        "SOURCE": "1903 atlas",
        "_layer_id": "ming_courier_routes",
        "_layer_title": "명대 역참 노선",
        "_source_file": "Ming_Routes_2016.shp",
        "_source_crs": "EPSG:4326"
      }
    },
    {
      "type": "Feature",
      "geometry": {
        "type": "LineString",
        "coordinates": [
          [
            115.31508600000018,
            38.41234200000014
          ],
          [
            115.12502300000006,
            38.47488000000004
          ]
        ]
      },
      "properties": {
        "MAJ_MINOR": 2,
        "SOURCE": "1903 atlas",
        "_layer_id": "ming_courier_routes",
        "_layer_title": "명대 역참 노선",
        "_source_file": "Ming_Routes_2016.shp",
        "_source_crs": "EPSG:4326"
      }
    },
    {
      "type": "Feature",
      "geometry": {
        "type": "LineString",
        "coordinates": [
          [
            115.12502300000006,
            38.47488000000004
          ],
          [
            114.97504425048828,
            38.520061492920036
          ]
        ]
      },
      "properties": {
        "MAJ_MINOR": 2,
        "SOURCE": "1903 atlas",
        "_layer_id": "ming_courier_routes",
        "_layer_title": "명대 역참 노선",
        "_source_file": "Ming_Routes_2016.shp",
        "_source_crs": "EPSG:4326"
      }
    },
    {
      "type": "Feature",
      "geometry": {
        "type": "LineString",
        "coordinates": [
          [
            114.65269470214844,
            37.88578033447277
          ],
          [
            114.56364400000007,
            38.14011000000016
          ]
        ]
      },
      "properties": {
        "MAJ_MINOR": 1,
        "SOURCE": "V",
        "_layer_id": "ming_courier_routes",
        "_layer_title": "명대 역참 노선",
        "_source_file": "Ming_Routes_2016.shp",
        "_source_crs": "EPSG:4326"
      }
    },
    {
      "type": "Feature",
      "geometry": {
        "type": "LineString",
        "coordinates": [
          [
            115.03542300000015,
            38.0324940000001
          ],
          [
            114.83418273925781,
            38.036712646484375
          ]
        ]
      },
      "properties": {
        "MAJ_MINOR": 2,
        "SOURCE": "1903 atlas",
        "_layer_id": "ming_courier_routes",
        "_layer_title": "명대 역참 노선",
        "_source_file": "Ming_Routes_2016.shp",
        "_source_crs": "EPSG:4326"
      }
    },
    {
      "type": "Feature",
      "geometry": {
        "type": "LineString",
        "coordinates": [
          [
            114.83418273925781,
            38.036712646484375
          ],
          [
            114.5636444091798,
            38.1401100158692
          ]
        ]
      },
      "properties": {
        "MAJ_MINOR": 2,
        "SOURCE": "1903 atlas",
        "_layer_id": "ming_courier_routes",
        "_layer_title": "명대 역참 노선",
        "_source_file": "Ming_Routes_2016.shp",
        "_source_crs": "EPSG:4326"
      }
    },
    {
      "type": "Feature",
      "geometry": {
        "type": "LineString",
        "coordinates": [
          [
            116.27286800017293,
            37.948887998747104
          ],
          [
            116.14470672607433,
            37.86817932128912
          ]
        ]
      },
      "properties": {
        "MAJ_MINOR": 1,
        "SOURCE": "1903 atlas",
        "_layer_id": "ming_courier_routes",
        "_layer_title": "명대 역참 노선",
        "_source_file": "Ming_Routes_2016.shp",
        "_source_crs": "EPSG:4326"
      }
    },
    {
      "type": "Feature",
      "geometry": {
        "type": "LineString",
        "coordinates": [
          [
            114.49961900000005,
            36.936829000000046
          ],
          [
            114.48262799999998,
            36.79036300000007
          ]
        ]
      },
      "properties": {
        "MAJ_MINOR": 1,
        "SOURCE": "1903 atlas",
        "_layer_id": "ming_courier_routes",
        "_layer_title": "명대 역참 노선",
        "_source_file": "Ming_Routes_2016.shp",
        "_source_crs": "EPSG:4326"
      }
    },
    {
      "type": "Feature",
      "geometry": {
        "type": "LineString",
        "coordinates": [
          [
            114.48262799999998,
            36.79036300000007
          ],
          [
            114.47203800000011,
            36.59347500000007
          ]
        ]
      },
      "properties": {
        "MAJ_MINOR": 1,
        "SOURCE": "1903 atlas",
        "_layer_id": "ming_courier_routes",
        "_layer_title": "명대 역참 노선",
        "_source_file": "Ming_Routes_2016.shp",
        "_source_crs": "EPSG:4326"
      }
    },
    {
      "type": "Feature",
      "geometry": {
        "type": "LineString",
        "coordinates": [
          [
            114.47203826904297,
            36.593475341796875
          ],
          [
            114.8031010000002,
            36.55202900000006
          ]
        ]
      },
      "properties": {
        "MAJ_MINOR": 2,
        "SOURCE": "1903 atlas",
        "_layer_id": "ming_courier_routes",
        "_layer_title": "명대 역참 노선",
        "_source_file": "Ming_Routes_2016.shp",
        "_source_crs": "EPSG:4326"
      }
    },
    {
      "type": "Feature",
      "geometry": {
        "type": "LineString",
        "coordinates": [
          [
            114.80310100000008,
            36.55202900000006
          ],
          [
            114.93684399999995,
            36.48051800000013
          ]
        ]
      },
      "properties": {
        "MAJ_MINOR": 2,
        "SOURCE": "1903 atlas",
        "_layer_id": "ming_courier_routes",
        "_layer_title": "명대 역참 노선",
        "_source_file": "Ming_Routes_2016.shp",
        "_source_crs": "EPSG:4326"
      }
    },
    {
      "type": "Feature",
      "geometry": {
        "type": "LineString",
        "coordinates": [
          [
            114.93684399999995,
            36.48051800000013
          ],
          [
            115.14649999999995,
            36.27552800000001
          ]
        ]
      },
      "properties": {
        "MAJ_MINOR": 2,
        "SOURCE": null,
        "_layer_id": "ming_courier_routes",
        "_layer_title": "명대 역참 노선",
        "_source_file": "Ming_Routes_2016.shp",
        "_source_crs": "EPSG:4326"
      }
    },
    {
      "type": "Feature",
      "geometry": {
        "type": "LineString",
        "coordinates": [
          [
            115.14652300000012,
            36.27552800000001
          ],
          [
            115.22104600000011,
            36.221699
          ]
        ]
      },
      "properties": {
        "MAJ_MINOR": 2,
        "SOURCE": "1903 atlas",
        "_layer_id": "ming_courier_routes",
        "_layer_title": "명대 역참 노선",
        "_source_file": "Ming_Routes_2016.shp",
        "_source_crs": "EPSG:4326"
      }
    },
    {
      "type": "Feature",
      "geometry": {
        "type": "LineString",
        "coordinates": [
          [
            115.22104600000011,
            36.221699
          ],
          [
            115.19762400000013,
            36.07747300000011
          ]
        ]
      },
      "properties": {
        "MAJ_MINOR": 2,
        "SOURCE": "1903 atlas",
        "_layer_id": "ming_courier_routes",
        "_layer_title": "명대 역참 노선",
        "_source_file": "Ming_Routes_2016.shp",
        "_source_crs": "EPSG:4326"
      }
    },
    {
      "type": "Feature",
      "geometry": {
        "type": "LineString",
        "coordinates": [
          [
            115.19762400000013,
            36.07747300000011
          ],
          [
            115.11003900000014,
            35.90876800000001
          ]
        ]
      },
      "properties": {
        "MAJ_MINOR": 2,
        "SOURCE": "1903 atlas",
        "_layer_id": "ming_courier_routes",
        "_layer_title": "명대 역참 노선",
        "_source_file": "Ming_Routes_2016.shp",
        "_source_crs": "EPSG:4326"
      }
    },
    {
      "type": "Feature",
      "geometry": {
        "type": "LineString",
        "coordinates": [
          [
            115.11003900000014,
            35.90876800000001
          ],
          [
            115.00592800000004,
            35.75428400000004
          ]
        ]
      },
      "properties": {
        "MAJ_MINOR": 2,
        "SOURCE": "1903 atlas",
        "_layer_id": "ming_courier_routes",
        "_layer_title": "명대 역참 노선",
        "_source_file": "Ming_Routes_2016.shp",
        "_source_crs": "EPSG:4326"
      }
    },
    {
      "type": "Feature",
      "geometry": {
        "type": "LineString",
        "coordinates": [
          [
            114.47203826904297,
            36.593475341796875
          ],
          [
            114.42361450195312,
            36.47360992431652
          ]
        ]
      },
      "properties": {
        "MAJ_MINOR": 1,
        "SOURCE": null,
        "_layer_id": "ming_courier_routes",
        "_layer_title": "명대 역참 노선",
        "_source_file": "Ming_Routes_2016.shp",
        "_source_crs": "EPSG:4326"
      }
    },
    {
      "type": "Feature",
      "geometry": {
        "type": "LineString",
        "coordinates": [
          [
            116.36800384521496,
            39.93142700195324
          ],
          [
            116.22367899999995,
            40.222099000000014
          ]
        ]
      },
      "properties": {
        "MAJ_MINOR": 2,
        "SOURCE": "1903 atlas",
        "_layer_id": "ming_courier_routes",
        "_layer_title": "명대 역참 노선",
        "_source_file": "Ming_Routes_2016.shp",
        "_source_crs": "EPSG:4326"
      }
    },
    {
      "type": "Feature",
      "geometry": {
        "type": "LineString",
        "coordinates": [
          [
            116.22367899999995,
            40.222099000000014
          ],
          [
            115.75958700000012,
            40.36133300000006
          ]
        ]
      },
      "properties": {
        "MAJ_MINOR": 2,
        "SOURCE": null,
        "_layer_id": "ming_courier_routes",
        "_layer_title": "명대 역참 노선",
        "_source_file": "Ming_Routes_2016.shp",
        "_source_crs": "EPSG:4326"
      }
    },
    {
      "type": "Feature",
      "geometry": {
        "type": "LineString",
        "coordinates": [
          [
            115.31073000000004,
            40.454426000000126
          ],
          [
            115.05114700000013,
            40.61036300000006
          ]
        ]
      },
      "properties": {
        "MAJ_MINOR": 2,
        "SOURCE": "1903 atlas",
        "_layer_id": "ming_courier_routes",
        "_layer_title": "명대 역참 노선",
        "_source_file": "Ming_Routes_2016.shp",
        "_source_crs": "EPSG:4326"
      }
    },
    {
      "type": "Feature",
      "geometry": {
        "type": "LineString",
        "coordinates": [
          [
            115.05114700000013,
            40.61036300000006
          ],
          [
            115.34421499999996,
            40.68258700000001
          ]
        ]
      },
      "properties": {
        "MAJ_MINOR": 2,
        "SOURCE": "1903 atlas",
        "_layer_id": "ming_courier_routes",
        "_layer_title": "명대 역참 노선",
        "_source_file": "Ming_Routes_2016.shp",
        "_source_crs": "EPSG:4326"
      }
    },
    {
      "type": "Feature",
      "geometry": {
        "type": "LineString",
        "coordinates": [
          [
            115.34421499999996,
            40.68258700000001
          ],
          [
            115.572678,
            40.779194000000075
          ]
        ]
      },
      "properties": {
        "MAJ_MINOR": 2,
        "SOURCE": "1903 atlas",
        "_layer_id": "ming_courier_routes",
        "_layer_title": "명대 역참 노선",
        "_source_file": "Ming_Routes_2016.shp",
        "_source_crs": "EPSG:4326"
      }
    },
    {
      "type": "Feature",
      "geometry": {
        "type": "LineString",
        "coordinates": [
          [
            115.572678,
            40.779194000000075
          ],
          [
            115.81398000000002,
            40.91348600000015
          ]
        ]
      },
      "properties": {
        "MAJ_MINOR": 2,
        "SOURCE": "1903 atlas",
        "_layer_id": "ming_courier_routes",
        "_layer_title": "명대 역참 노선",
        "_source_file": "Ming_Routes_2016.shp",
        "_source_crs": "EPSG:4326"
      }
    },
    {
      "type": "Feature",
      "geometry": {
        "type": "LineString",
        "coordinates": [
          [
            115.81398000000002,
            40.91348600000015
          ],
          [
            115.71123499999999,
            41.313563999999985
          ]
        ]
      },
      "properties": {
        "MAJ_MINOR": 2,
        "SOURCE": "1903 atlas",
        "_layer_id": "ming_courier_routes",
        "_layer_title": "명대 역참 노선",
        "_source_file": "Ming_Routes_2016.shp",
        "_source_crs": "EPSG:4326"
      }
    },
    {
      "type": "Feature",
      "geometry": {
        "type": "LineString",
        "coordinates": [
          [
            115.05114700000013,
            40.61036300000006
          ],
          [
            114.885941,
            40.791256000000146
          ]
        ]
      },
      "properties": {
        "MAJ_MINOR": 2,
        "SOURCE": "1903 atlas",
        "_layer_id": "ming_courier_routes",
        "_layer_title": "명대 역참 노선",
        "_source_file": "Ming_Routes_2016.shp",
        "_source_crs": "EPSG:4326"
      }
    },
    {
      "type": "Feature",
      "geometry": {
        "type": "LineString",
        "coordinates": [
          [
            114.885941,
            40.791256000000146
          ],
          [
            114.734733,
            40.86490200000003
          ]
        ]
      },
      "properties": {
        "MAJ_MINOR": 2,
        "SOURCE": "1903 atlas",
        "_layer_id": "ming_courier_routes",
        "_layer_title": "명대 역참 노선",
        "_source_file": "Ming_Routes_2016.shp",
        "_source_crs": "EPSG:4326"
      }
    },
    {
      "type": "Feature",
      "geometry": {
        "type": "LineString",
        "coordinates": [
          [
            116.840462,
            40.37148300000001
          ],
          [
            117.06666564941418,
            40.549999237060604
          ]
        ]
      },
      "properties": {
        "MAJ_MINOR": 2,
        "SOURCE": "1903 atlas",
        "_layer_id": "ming_courier_routes",
        "_layer_title": "명대 역참 노선",
        "_source_file": "Ming_Routes_2016.shp",
        "_source_crs": "EPSG:4326"
      }
    },
    {
      "type": "Feature",
      "geometry": {
        "type": "LineString",
        "coordinates": [
          [
            116.64140299999997,
            40.12755200000004
          ],
          [
            116.840462,
            40.37148300000001
          ]
        ]
      },
      "properties": {
        "MAJ_MINOR": 2,
        "SOURCE": "1903 atlas",
        "_layer_id": "ming_courier_routes",
        "_layer_title": "명대 역참 노선",
        "_source_file": "Ming_Routes_2016.shp",
        "_source_crs": "EPSG:4326"
      }
    },
    {
      "type": "Feature",
      "geometry": {
        "type": "LineString",
        "coordinates": [
          [
            116.36800384521496,
            39.93142700195324
          ],
          [
            116.64140299999997,
            40.12755200000004
          ]
        ]
      },
      "properties": {
        "MAJ_MINOR": 2,
        "SOURCE": "1903 atlas",
        "_layer_id": "ming_courier_routes",
        "_layer_title": "명대 역참 노선",
        "_source_file": "Ming_Routes_2016.shp",
        "_source_crs": "EPSG:4326"
      }
    },
    {
      "type": "Feature",
      "geometry": {
        "type": "LineString",
        "coordinates": [
          [
            117.06666564941418,
            40.549999237060604
          ],
          [
            117.15903499855723,
            40.68754199627555
          ]
        ]
      },
      "properties": {
        "MAJ_MINOR": 2,
        "SOURCE": "1903 atlas",
        "_layer_id": "ming_courier_routes",
        "_layer_title": "명대 역참 노선",
        "_source_file": "Ming_Routes_2016.shp",
        "_source_crs": "EPSG:4326"
      }
    },
    {
      "type": "Feature",
      "geometry": {
        "type": "LineString",
        "coordinates": [
          [
            117.15903499855723,
            40.68754199627555
          ],
          [
            117.73065199999996,
            40.949321999999995
          ]
        ]
      },
      "properties": {
        "MAJ_MINOR": 2,
        "SOURCE": "1903 atlas",
        "_layer_id": "ming_courier_routes",
        "_layer_title": "명대 역참 노선",
        "_source_file": "Ming_Routes_2016.shp",
        "_source_crs": "EPSG:4326"
      }
    },
    {
      "type": "Feature",
      "geometry": {
        "type": "LineString",
        "coordinates": [
          [
            117.73065199999996,
            40.949321999999995
          ],
          [
            117.9198530000001,
            40.96579400000007
          ]
        ]
      },
      "properties": {
        "MAJ_MINOR": 2,
        "SOURCE": "1903 atlas",
        "_layer_id": "ming_courier_routes",
        "_layer_title": "명대 역참 노선",
        "_source_file": "Ming_Routes_2016.shp",
        "_source_crs": "EPSG:4326"
      }
    },
    {
      "type": "Feature",
      "geometry": {
        "type": "LineString",
        "coordinates": [
          [
            117.9198530000001,
            40.96579400000007
          ],
          [
            117.72620399538333,
            41.313468993542315
          ]
        ]
      },
      "properties": {
        "MAJ_MINOR": 2,
        "SOURCE": "1903 atlas",
        "_layer_id": "ming_courier_routes",
        "_layer_title": "명대 역참 노선",
        "_source_file": "Ming_Routes_2016.shp",
        "_source_crs": "EPSG:4326"
      }
    },
    {
      "type": "Feature",
      "geometry": {
        "type": "LineString",
        "coordinates": [
          [
            117.72620399538333,
            41.313468993542315
          ],
          [
            117.7405930000001,
            41.57151800000008
          ]
        ]
      },
      "properties": {
        "MAJ_MINOR": 2,
        "SOURCE": "1903 atlas",
        "_layer_id": "ming_courier_routes",
        "_layer_title": "명대 역참 노선",
        "_source_file": "Ming_Routes_2016.shp",
        "_source_crs": "EPSG:4326"
      }
    },
    {
      "type": "Feature",
      "geometry": {
        "type": "LineString",
        "coordinates": [
          [
            117.7405930000001,
            41.57151800000008
          ],
          [
            117.74022699474622,
            41.94250099324907
          ]
        ]
      },
      "properties": {
        "MAJ_MINOR": 2,
        "SOURCE": "1903 atlas",
        "_layer_id": "ming_courier_routes",
        "_layer_title": "명대 역참 노선",
        "_source_file": "Ming_Routes_2016.shp",
        "_source_crs": "EPSG:4326"
      }
    },
    {
      "type": "Feature",
      "geometry": {
        "type": "LineString",
        "coordinates": [
          [
            117.74022699474622,
            41.94250099324907
          ],
          [
            118.15343499999994,
            41.901890000000094
          ]
        ]
      },
      "properties": {
        "MAJ_MINOR": 2,
        "SOURCE": "1903 atlas",
        "_layer_id": "ming_courier_routes",
        "_layer_title": "명대 역참 노선",
        "_source_file": "Ming_Routes_2016.shp",
        "_source_crs": "EPSG:4326"
      }
    },
    {
      "type": "Feature",
      "geometry": {
        "type": "LineString",
        "coordinates": [
          [
            114.07026672363293,
            35.410385131835994
          ],
          [
            114.51080300000012,
            35.58150500000005
          ]
        ]
      },
      "properties": {
        "MAJ_MINOR": 2,
        "SOURCE": "1903 atlas",
        "_layer_id": "ming_courier_routes",
        "_layer_title": "명대 역참 노선",
        "_source_file": "Ming_Routes_2016.shp",
        "_source_crs": "EPSG:4326"
      }
    },
    {
      "type": "Feature",
      "geometry": {
        "type": "LineString",
        "coordinates": [
          [
            114.51080300000012,
            35.58150500000005
          ],
          [
            115.00592800000004,
            35.75428400000004
          ]
        ]
      },
      "properties": {
        "MAJ_MINOR": 2,
        "SOURCE": "1903 atlas",
        "_layer_id": "ming_courier_routes",
        "_layer_title": "명대 역참 노선",
        "_source_file": "Ming_Routes_2016.shp",
        "_source_crs": "EPSG:4326"
      }
    },
    {
      "type": "Feature",
      "geometry": {
        "type": "LineString",
        "coordinates": [
          [
            113.86824798583996,
            35.30994033813482
          ],
          [
            113.66021699999999,
            35.26812700000016
          ]
        ]
      },
      "properties": {
        "MAJ_MINOR": 1,
        "SOURCE": "MDYZK",
        "_layer_id": "ming_courier_routes",
        "_layer_title": "명대 역참 노선",
        "_source_file": "Ming_Routes_2016.shp",
        "_source_crs": "EPSG:4326"
      }
    },
    {
      "type": "Feature",
      "geometry": {
        "type": "LineString",
        "coordinates": [
          [
            113.66021699999999,
            35.26812700000016
          ],
          [
            113.43483700000013,
            35.231197000000066
          ]
        ]
      },
      "properties": {
        "MAJ_MINOR": 1,
        "SOURCE": "MDYZK",
        "_layer_id": "ming_courier_routes",
        "_layer_title": "명대 역참 노선",
        "_source_file": "Ming_Routes_2016.shp",
        "_source_crs": "EPSG:4326"
      }
    },
    {
      "type": "Feature",
      "geometry": {
        "type": "LineString",
        "coordinates": [
          [
            113.43483700000013,
            35.231197000000066
          ],
          [
            113.20302600000002,
            35.14969300000013
          ]
        ]
      },
      "properties": {
        "MAJ_MINOR": 1,
        "SOURCE": "MDYZK",
        "_layer_id": "ming_courier_routes",
        "_layer_title": "명대 역참 노선",
        "_source_file": "Ming_Routes_2016.shp",
        "_source_crs": "EPSG:4326"
      }
    },
    {
      "type": "Feature",
      "geometry": {
        "type": "LineString",
        "coordinates": [
          [
            113.20302600000002,
            35.14969300000013
          ],
          [
            112.93698900000015,
            35.08930200000009
          ]
        ]
      },
      "properties": {
        "MAJ_MINOR": 1,
        "SOURCE": "MDYZK",
        "_layer_id": "ming_courier_routes",
        "_layer_title": "명대 역참 노선",
        "_source_file": "Ming_Routes_2016.shp",
        "_source_crs": "EPSG:4326"
      }
    },
    {
      "type": "Feature",
      "geometry": {
        "type": "LineString",
        "coordinates": [
          [
            112.93698900000015,
            35.08930200000009
          ],
          [
            112.78279899999995,
            34.90317900000014
          ]
        ]
      },
      "properties": {
        "MAJ_MINOR": 1,
        "SOURCE": "MDYZK",
        "_layer_id": "ming_courier_routes",
        "_layer_title": "명대 역참 노선",
        "_source_file": "Ming_Routes_2016.shp",
        "_source_crs": "EPSG:4326"
      }
    },
    {
      "type": "Feature",
      "geometry": {
        "type": "LineString",
        "coordinates": [
          [
            112.78279899999995,
            34.90317900000014
          ],
          [
            112.63674200000014,
            34.8138350000001
          ]
        ]
      },
      "properties": {
        "MAJ_MINOR": 1,
        "SOURCE": "MDYZK",
        "_layer_id": "ming_courier_routes",
        "_layer_title": "명대 역참 노선",
        "_source_file": "Ming_Routes_2016.shp",
        "_source_crs": "EPSG:4326"
      }
    },
    {
      "type": "Feature",
      "geometry": {
        "type": "LineString",
        "coordinates": [
          [
            112.93698900000015,
            35.08930200000009
          ],
          [
            112.58267200000012,
            35.092438000000016
          ]
        ]
      },
      "properties": {
        "MAJ_MINOR": 2,
        "SOURCE": "1903 atlas",
        "_layer_id": "ming_courier_routes",
        "_layer_title": "명대 역참 노선",
        "_source_file": "Ming_Routes_2016.shp",
        "_source_crs": "EPSG:4326"
      }
    },
    {
      "type": "Feature",
      "geometry": {
        "type": "LineString",
        "coordinates": [
          [
            112.63674200000014,
            34.8138350000001
          ],
          [
            112.38262999999995,
            34.66527600000012
          ]
        ]
      },
      "properties": {
        "MAJ_MINOR": 1,
        "SOURCE": "MDYZK",
        "_layer_id": "ming_courier_routes",
        "_layer_title": "명대 역참 노선",
        "_source_file": "Ming_Routes_2016.shp",
        "_source_crs": "EPSG:4326"
      }
    },
    {
      "type": "Feature",
      "geometry": {
        "type": "LineString",
        "coordinates": [
          [
            112.38262999999995,
            34.66527600000012
          ],
          [
            112.81320700000015,
            34.714908000000094
          ]
        ]
      },
      "properties": {
        "MAJ_MINOR": 2,
        "SOURCE": "1903 atlas",
        "_layer_id": "ming_courier_routes",
        "_layer_title": "명대 역참 노선",
        "_source_file": "Ming_Routes_2016.shp",
        "_source_crs": "EPSG:4326"
      }
    },
    {
      "type": "Feature",
      "geometry": {
        "type": "LineString",
        "coordinates": [
          [
            112.81320700000015,
            34.714908000000094
          ],
          [
            113.019588,
            34.778924000000075
          ]
        ]
      },
      "properties": {
        "MAJ_MINOR": 2,
        "SOURCE": "1903 atlas",
        "_layer_id": "ming_courier_routes",
        "_layer_title": "명대 역참 노선",
        "_source_file": "Ming_Routes_2016.shp",
        "_source_crs": "EPSG:4326"
      }
    },
    {
      "type": "Feature",
      "geometry": {
        "type": "LineString",
        "coordinates": [
          [
            113.34739700000011,
            34.78310800000003
          ],
          [
            113.019588,
            34.778924000000075
          ]
        ]
      },
      "properties": {
        "MAJ_MINOR": 2,
        "SOURCE": "MDYZK",
        "_layer_id": "ming_courier_routes",
        "_layer_title": "명대 역참 노선",
        "_source_file": "Ming_Routes_2016.shp",
        "_source_crs": "EPSG:4326"
      }
    },
    {
      "type": "Feature",
      "geometry": {
        "type": "LineString",
        "coordinates": [
          [
            115.75958700000012,
            40.36133300000006
          ],
          [
            115.51070400000003,
            40.39765900000009
          ]
        ]
      },
      "properties": {
        "MAJ_MINOR": 2,
        "SOURCE": "1903 atlas",
        "_layer_id": "ming_courier_routes",
        "_layer_title": "명대 역참 노선",
        "_source_file": "Ming_Routes_2016.shp",
        "_source_crs": "EPSG:4326"
      }
    },
    {
      "type": "Feature",
      "geometry": {
        "type": "LineString",
        "coordinates": [
          [
            115.51070400000003,
            40.39765900000009
          ],
          [
            115.40369400000009,
            40.436127000000056
          ]
        ]
      },
      "properties": {
        "MAJ_MINOR": 2,
        "SOURCE": "1903 atlas",
        "_layer_id": "ming_courier_routes",
        "_layer_title": "명대 역참 노선",
        "_source_file": "Ming_Routes_2016.shp",
        "_source_crs": "EPSG:4326"
      }
    },
    {
      "type": "Feature",
      "geometry": {
        "type": "LineString",
        "coordinates": [
          [
            115.40369400000009,
            40.436127000000056
          ],
          [
            115.31073000000004,
            40.454426000000126
          ]
        ]
      },
      "properties": {
        "MAJ_MINOR": 2,
        "SOURCE": "1903 atlas",
        "_layer_id": "ming_courier_routes",
        "_layer_title": "명대 역참 노선",
        "_source_file": "Ming_Routes_2016.shp",
        "_source_crs": "EPSG:4326"
      }
    },
    {
      "type": "Feature",
      "geometry": {
        "type": "LineString",
        "coordinates": [
          [
            115.05114700000013,
            40.61036300000006
          ],
          [
            115.21474500000011,
            40.376556000000164
          ]
        ]
      },
      "properties": {
        "MAJ_MINOR": 2,
        "SOURCE": "1903 atlas",
        "_layer_id": "ming_courier_routes",
        "_layer_title": "명대 역참 노선",
        "_source_file": "Ming_Routes_2016.shp",
        "_source_crs": "EPSG:4326"
      }
    },
    {
      "type": "Feature",
      "geometry": {
        "type": "LineString",
        "coordinates": [
          [
            115.21474500000011,
            40.376556000000164
          ],
          [
            115.43068700000003,
            40.21648800000008
          ]
        ]
      },
      "properties": {
        "MAJ_MINOR": 2,
        "SOURCE": "1903 atlas",
        "_layer_id": "ming_courier_routes",
        "_layer_title": "명대 역참 노선",
        "_source_file": "Ming_Routes_2016.shp",
        "_source_crs": "EPSG:4326"
      }
    },
    {
      "type": "Feature",
      "geometry": {
        "type": "LineString",
        "coordinates": [
          [
            115.43068700000003,
            40.21648800000008
          ],
          [
            114.98913600000014,
            40.062050000000056
          ]
        ]
      },
      "properties": {
        "MAJ_MINOR": 2,
        "SOURCE": "1903 atlas",
        "_layer_id": "ming_courier_routes",
        "_layer_title": "명대 역참 노선",
        "_source_file": "Ming_Routes_2016.shp",
        "_source_crs": "EPSG:4326"
      }
    },
    {
      "type": "Feature",
      "geometry": {
        "type": "LineString",
        "coordinates": [
          [
            114.98913600000014,
            40.062050000000056
          ],
          [
            114.85104400000023,
            40.018093000000135
          ]
        ]
      },
      "properties": {
        "MAJ_MINOR": 2,
        "SOURCE": "1903 atlas",
        "_layer_id": "ming_courier_routes",
        "_layer_title": "명대 역참 노선",
        "_source_file": "Ming_Routes_2016.shp",
        "_source_crs": "EPSG:4326"
      }
    },
    {
      "type": "Feature",
      "geometry": {
        "type": "LineString",
        "coordinates": [
          [
            114.85104400000012,
            40.018093000000135
          ],
          [
            114.7607650000001,
            39.96149400000007
          ]
        ]
      },
      "properties": {
        "MAJ_MINOR": 2,
        "SOURCE": "1903 atlas",
        "_layer_id": "ming_courier_routes",
        "_layer_title": "명대 역참 노선",
        "_source_file": "Ming_Routes_2016.shp",
        "_source_crs": "EPSG:4326"
      }
    },
    {
      "type": "Feature",
      "geometry": {
        "type": "LineString",
        "coordinates": [
          [
            114.7607650000001,
            39.96149400000007
          ],
          [
            114.56905400000005,
            39.84053800000015
          ]
        ]
      },
      "properties": {
        "MAJ_MINOR": 2,
        "SOURCE": "1903 atlas",
        "_layer_id": "ming_courier_routes",
        "_layer_title": "명대 역참 노선",
        "_source_file": "Ming_Routes_2016.shp",
        "_source_crs": "EPSG:4326"
      }
    },
    {
      "type": "Feature",
      "geometry": {
        "type": "LineString",
        "coordinates": [
          [
            114.68877410888683,
            39.35401535034174
          ],
          [
            114.56905400000005,
            39.84053800000015
          ]
        ]
      },
      "properties": {
        "MAJ_MINOR": 2,
        "SOURCE": "1903 atlas",
        "_layer_id": "ming_courier_routes",
        "_layer_title": "명대 역참 노선",
        "_source_file": "Ming_Routes_2016.shp",
        "_source_crs": "EPSG:4326"
      }
    },
    {
      "type": "Feature",
      "geometry": {
        "type": "LineString",
        "coordinates": [
          [
            112.38262999999995,
            34.66527600000012
          ],
          [
            112.14430200000004,
            34.733059000000026
          ]
        ]
      },
      "properties": {
        "MAJ_MINOR": 1,
        "SOURCE": "MDYZK",
        "_layer_id": "ming_courier_routes",
        "_layer_title": "명대 역참 노선",
        "_source_file": "Ming_Routes_2016.shp",
        "_source_crs": "EPSG:4326"
      }
    },
    {
      "type": "Feature",
      "geometry": {
        "type": "LineString",
        "coordinates": [
          [
            112.14430200000004,
            34.733059000000026
          ],
          [
            111.76631199999997,
            34.765198
          ]
        ]
      },
      "properties": {
        "MAJ_MINOR": 1,
        "SOURCE": "MDYZK",
        "_layer_id": "ming_courier_routes",
        "_layer_title": "명대 역참 노선",
        "_source_file": "Ming_Routes_2016.shp",
        "_source_crs": "EPSG:4326"
      }
    },
    {
      "type": "Feature",
      "geometry": {
        "type": "LineString",
        "coordinates": [
          [
            111.76631199999997,
            34.765198
          ],
          [
            111.15562900000009,
            34.790542000000016
          ]
        ]
      },
      "properties": {
        "MAJ_MINOR": 1,
        "SOURCE": "MDYZK",
        "_layer_id": "ming_courier_routes",
        "_layer_title": "명대 역참 노선",
        "_source_file": "Ming_Routes_2016.shp",
        "_source_crs": "EPSG:4326"
      }
    },
    {
      "type": "Feature",
      "geometry": {
        "type": "LineString",
        "coordinates": [
          [
            111.15562900000009,
            34.790542000000016
          ],
          [
            110.9414900000001,
            34.684616000000005
          ]
        ]
      },
      "properties": {
        "MAJ_MINOR": 1,
        "SOURCE": "MDYZK",
        "_layer_id": "ming_courier_routes",
        "_layer_title": "명대 역참 노선",
        "_source_file": "Ming_Routes_2016.shp",
        "_source_crs": "EPSG:4326"
      }
    },
    {
      "type": "Feature",
      "geometry": {
        "type": "LineString",
        "coordinates": [
          [
            110.9414900000001,
            34.684616000000005
          ],
          [
            110.27365112304693,
            34.598808288574276
          ]
        ]
      },
      "properties": {
        "MAJ_MINOR": 1,
        "SOURCE": "MDYZK",
        "_layer_id": "ming_courier_routes",
        "_layer_title": "명대 역참 노선",
        "_source_file": "Ming_Routes_2016.shp",
        "_source_crs": "EPSG:4326"
      }
    },
    {
      "type": "Feature",
      "geometry": {
        "type": "LineString",
        "coordinates": [
          [
            113.86824798583996,
            35.30994033813482
          ],
          [
            113.68135800000016,
            35.124962000000096
          ]
        ]
      },
      "properties": {
        "MAJ_MINOR": 1,
        "SOURCE": null,
        "_layer_id": "ming_courier_routes",
        "_layer_title": "명대 역참 노선",
        "_source_file": "Ming_Routes_2016.shp",
        "_source_crs": "EPSG:4326"
      }
    },
    {
      "type": "Feature",
      "geometry": {
        "type": "LineString",
        "coordinates": [
          [
            113.68135800000016,
            35.124962000000096
          ],
          [
            113.52823588702915,
            34.98441015866172
          ]
        ]
      },
      "properties": {
        "MAJ_MINOR": 1,
        "SOURCE": "Skinner",
        "_layer_id": "ming_courier_routes",
        "_layer_title": "명대 역참 노선",
        "_source_file": "Ming_Routes_2016.shp",
        "_source_crs": "EPSG:4326"
      }
    },
    {
      "type": "Feature",
      "geometry": {
        "type": "LineString",
        "coordinates": [
          [
            114.68058013916027,
            37.49468994140625
          ],
          [
            114.77217864990246,
            37.75292587280285
          ]
        ]
      },
      "properties": {
        "MAJ_MINOR": 1,
        "SOURCE": "MDYZK",
        "_layer_id": "ming_courier_routes",
        "_layer_title": "명대 역참 노선",
        "_source_file": "Ming_Routes_2016.shp",
        "_source_crs": "EPSG:4326"
      }
    },
    {
      "type": "Feature",
      "geometry": {
        "type": "LineString",
        "coordinates": [
          [
            117.69675399999994,
            40.112427000000025
          ],
          [
            117.75477600097656,
            39.88367080688488
          ]
        ]
      },
      "properties": {
        "MAJ_MINOR": 2,
        "SOURCE": "MDYZK",
        "_layer_id": "ming_courier_routes",
        "_layer_title": "명대 역참 노선",
        "_source_file": "Ming_Routes_2016.shp",
        "_source_crs": "EPSG:4326"
      }
    },
    {
      "type": "Feature",
      "geometry": {
        "type": "LineString",
        "coordinates": [
          [
            117.69675400000017,
            40.112427000000025
          ],
          [
            117.95798500000012,
            40.18444800000009
          ]
        ]
      },
      "properties": {
        "MAJ_MINOR": 2,
        "SOURCE": "MDYZK",
        "_layer_id": "ming_courier_routes",
        "_layer_title": "명대 역참 노선",
        "_source_file": "Ming_Routes_2016.shp",
        "_source_crs": "EPSG:4326"
      }
    },
    {
      "type": "Feature",
      "geometry": {
        "type": "LineString",
        "coordinates": [
          [
            116.65880584716797,
            39.905921936035156
          ],
          [
            116.6980020000002,
            39.84686900000014
          ]
        ]
      },
      "properties": {
        "MAJ_MINOR": 2,
        "SOURCE": "MDYZK",
        "_layer_id": "ming_courier_routes",
        "_layer_title": "명대 역참 노선",
        "_source_file": "Ming_Routes_2016.shp",
        "_source_crs": "EPSG:4326"
      }
    },
    {
      "type": "Feature",
      "geometry": {
        "type": "LineString",
        "coordinates": [
          [
            116.69800200000019,
            39.84686900000011
          ],
          [
            116.87155300000018,
            39.76956900000005
          ]
        ]
      },
      "properties": {
        "MAJ_MINOR": 2,
        "SOURCE": "MDYZK",
        "_layer_id": "ming_courier_routes",
        "_layer_title": "명대 역참 노선",
        "_source_file": "Ming_Routes_2016.shp",
        "_source_crs": "EPSG:4326"
      }
    },
    {
      "type": "Feature",
      "geometry": {
        "type": "LineString",
        "coordinates": [
          [
            116.87088756959463,
            39.76933978279396
          ],
          [
            116.95332300000007,
            39.62164700000005
          ]
        ]
      },
      "properties": {
        "MAJ_MINOR": 2,
        "SOURCE": "MDYZK",
        "_layer_id": "ming_courier_routes",
        "_layer_title": "명대 역참 노선",
        "_source_file": "Ming_Routes_2016.shp",
        "_source_crs": "EPSG:4326"
      }
    },
    {
      "type": "Feature",
      "geometry": {
        "type": "LineString",
        "coordinates": [
          [
            116.95332300000007,
            39.62164700000005
          ],
          [
            117.06312600000001,
            39.37859300000014
          ]
        ]
      },
      "properties": {
        "MAJ_MINOR": 2,
        "SOURCE": "MDYZK",
        "_layer_id": "ming_courier_routes",
        "_layer_title": "명대 역참 노선",
        "_source_file": "Ming_Routes_2016.shp",
        "_source_crs": "EPSG:4326"
      }
    },
    {
      "type": "Feature",
      "geometry": {
        "type": "LineString",
        "coordinates": [
          [
            117.06259684207862,
            39.37777489952339
          ],
          [
            117.18781999999999,
            39.136971000000074
          ]
        ]
      },
      "properties": {
        "MAJ_MINOR": 2,
        "SOURCE": "MDYZK",
        "_layer_id": "ming_courier_routes",
        "_layer_title": "명대 역참 노선",
        "_source_file": "Ming_Routes_2016.shp",
        "_source_crs": "EPSG:4326"
      }
    },
    {
      "type": "Feature",
      "geometry": {
        "type": "LineString",
        "coordinates": [
          [
            113.53441600000008,
            34.87436300000013
          ],
          [
            113.52823588702915,
            34.98441015866172
          ]
        ]
      },
      "properties": {
        "MAJ_MINOR": 1,
        "SOURCE": "MDYZK",
        "_layer_id": "ming_courier_routes",
        "_layer_title": "명대 역참 노선",
        "_source_file": "Ming_Routes_2016.shp",
        "_source_crs": "EPSG:4326"
      }
    },
    {
      "type": "Feature",
      "geometry": {
        "type": "LineString",
        "coordinates": [
          [
            113.34739700000011,
            34.78310800000003
          ],
          [
            113.64131164550793,
            34.75807571411133
          ]
        ]
      },
      "properties": {
        "MAJ_MINOR": 2,
        "SOURCE": "MDYZK",
        "_layer_id": "ming_courier_routes",
        "_layer_title": "명대 역참 노선",
        "_source_file": "Ming_Routes_2016.shp",
        "_source_crs": "EPSG:4326"
      }
    },
    {
      "type": "Feature",
      "geometry": {
        "type": "LineString",
        "coordinates": [
          [
            114.19468688964844,
            35.14276123046881
          ],
          [
            114.34333038330078,
            34.78547668457031
          ]
        ]
      },
      "properties": {
        "MAJ_MINOR": 1,
        "SOURCE": "MDYZK",
        "_layer_id": "ming_courier_routes",
        "_layer_title": "명대 역참 노선",
        "_source_file": "Ming_Routes_2016.shp",
        "_source_crs": "EPSG:4326"
      }
    },
    {
      "type": "Feature",
      "geometry": {
        "type": "LineString",
        "coordinates": [
          [
            114.34333038330078,
            34.78547668457031
          ],
          [
            114.02625300000011,
            34.73209400000013
          ]
        ]
      },
      "properties": {
        "MAJ_MINOR": 2,
        "SOURCE": "MDYZK",
        "_layer_id": "ming_courier_routes",
        "_layer_title": "명대 역참 노선",
        "_source_file": "Ming_Routes_2016.shp",
        "_source_crs": "EPSG:4326"
      }
    },
    {
      "type": "Feature",
      "geometry": {
        "type": "LineString",
        "coordinates": [
          [
            114.02606758888078,
            34.73315559734226
          ],
          [
            113.64131164550793,
            34.75807571411133
          ]
        ]
      },
      "properties": {
        "MAJ_MINOR": 2,
        "SOURCE": "MDYZK",
        "_layer_id": "ming_courier_routes",
        "_layer_title": "명대 역참 노선",
        "_source_file": "Ming_Routes_2016.shp",
        "_source_crs": "EPSG:4326"
      }
    },
    {
      "type": "Feature",
      "geometry": {
        "type": "LineString",
        "coordinates": [
          [
            114.34333038330078,
            34.78547668457031
          ],
          [
            114.18077100000016,
            34.41345200000006
          ]
        ]
      },
      "properties": {
        "MAJ_MINOR": 1,
        "SOURCE": "MDYZK",
        "_layer_id": "ming_courier_routes",
        "_layer_title": "명대 역참 노선",
        "_source_file": "Ming_Routes_2016.shp",
        "_source_crs": "EPSG:4326"
      }
    },
    {
      "type": "Feature",
      "geometry": {
        "type": "LineString",
        "coordinates": [
          [
            114.18479916365595,
            34.42195816784857
          ],
          [
            113.98011897513015,
            34.28828947330106
          ]
        ]
      },
      "properties": {
        "MAJ_MINOR": 1,
        "SOURCE": "MDYZK",
        "_layer_id": "ming_courier_routes",
        "_layer_title": "명대 역참 노선",
        "_source_file": "Ming_Routes_2016.shp",
        "_source_crs": "EPSG:4326"
      }
    },
    {
      "type": "Feature",
      "geometry": {
        "type": "LineString",
        "coordinates": [
          [
            113.98011897513015,
            34.28828947330106
          ],
          [
            113.819748,
            34.03139100000004
          ]
        ]
      },
      "properties": {
        "MAJ_MINOR": 1,
        "SOURCE": "MDYZK",
        "_layer_id": "ming_courier_routes",
        "_layer_title": "명대 역참 노선",
        "_source_file": "Ming_Routes_2016.shp",
        "_source_crs": "EPSG:4326"
      }
    },
    {
      "type": "Feature",
      "geometry": {
        "type": "LineString",
        "coordinates": [
          [
            113.82974169376416,
            34.029306377615114
          ],
          [
            113.96063995361328,
            33.8086051940918
          ]
        ]
      },
      "properties": {
        "MAJ_MINOR": 1,
        "SOURCE": "MDYZK",
        "_layer_id": "ming_courier_routes",
        "_layer_title": "명대 역참 노선",
        "_source_file": "Ming_Routes_2016.shp",
        "_source_crs": "EPSG:4326"
      }
    },
    {
      "type": "Feature",
      "geometry": {
        "type": "LineString",
        "coordinates": [
          [
            114.38121000000001,
            32.609119000000135
          ],
          [
            114.52224000000012,
            32.20237400000002
          ]
        ]
      },
      "properties": {
        "MAJ_MINOR": 2,
        "SOURCE": "MDYZK",
        "_layer_id": "ming_courier_routes",
        "_layer_title": "명대 역참 노선",
        "_source_file": "Ming_Routes_2016.shp",
        "_source_crs": "EPSG:4326"
      }
    },
    {
      "type": "Feature",
      "geometry": {
        "type": "LineString",
        "coordinates": [
          [
            114.015533,
            33.38905700000009
          ],
          [
            113.98911300000009,
            33.14783900000009
          ]
        ]
      },
      "properties": {
        "MAJ_MINOR": 2,
        "SOURCE": "1903 atlas",
        "_layer_id": "ming_courier_routes",
        "_layer_title": "명대 역참 노선",
        "_source_file": "Ming_Routes_2016.shp",
        "_source_crs": "EPSG:4326"
      }
    },
    {
      "type": "Feature",
      "geometry": {
        "type": "LineString",
        "coordinates": [
          [
            113.98911300000009,
            33.14783900000009
          ],
          [
            114.019905,
            32.80767400000002
          ]
        ]
      },
      "properties": {
        "MAJ_MINOR": 2,
        "SOURCE": "1903 atlas",
        "_layer_id": "ming_courier_routes",
        "_layer_title": "명대 역참 노선",
        "_source_file": "Ming_Routes_2016.shp",
        "_source_crs": "EPSG:4326"
      }
    },
    {
      "type": "Feature",
      "geometry": {
        "type": "LineString",
        "coordinates": [
          [
            112.71179962158214,
            33.164291381835994
          ],
          [
            112.53546900000015,
            33.001678000000084
          ]
        ]
      },
      "properties": {
        "MAJ_MINOR": 1,
        "SOURCE": "MDYZK",
        "_layer_id": "ming_courier_routes",
        "_layer_title": "명대 역참 노선",
        "_source_file": "Ming_Routes_2016.shp",
        "_source_crs": "EPSG:4326"
      }
    },
    {
      "type": "Feature",
      "geometry": {
        "type": "LineString",
        "coordinates": [
          [
            112.53546900000015,
            33.001678000000084
          ],
          [
            112.51099999999997,
            32.75500000000005
          ]
        ]
      },
      "properties": {
        "MAJ_MINOR": 1,
        "SOURCE": "MDYZK",
        "_layer_id": "ming_courier_routes",
        "_layer_title": "명대 역참 노선",
        "_source_file": "Ming_Routes_2016.shp",
        "_source_crs": "EPSG:4326"
      }
    },
    {
      "type": "Feature",
      "geometry": {
        "type": "LineString",
        "coordinates": [
          [
            114.34333038330078,
            34.78547668457031
          ],
          [
            114.52452800000015,
            34.67319500000002
          ]
        ]
      },
      "properties": {
        "MAJ_MINOR": 2,
        "SOURCE": "MDYZK",
        "_layer_id": "ming_courier_routes",
        "_layer_title": "명대 역참 노선",
        "_source_file": "Ming_Routes_2016.shp",
        "_source_crs": "EPSG:4326"
      }
    },
    {
      "type": "Feature",
      "geometry": {
        "type": "LineString",
        "coordinates": [
          [
            114.52452800000015,
            34.67319500000002
          ],
          [
            114.77448300000003,
            34.55351300000001
          ]
        ]
      },
      "properties": {
        "MAJ_MINOR": 2,
        "SOURCE": "MDYZK",
        "_layer_id": "ming_courier_routes",
        "_layer_title": "명대 역참 노선",
        "_source_file": "Ming_Routes_2016.shp",
        "_source_crs": "EPSG:4326"
      }
    },
    {
      "type": "Feature",
      "geometry": {
        "type": "LineString",
        "coordinates": [
          [
            114.77448300008159,
            34.55351299986898
          ],
          [
            115.0659710000001,
            34.430504000000155
          ]
        ]
      },
      "properties": {
        "MAJ_MINOR": 2,
        "SOURCE": "MDYZK",
        "_layer_id": "ming_courier_routes",
        "_layer_title": "명대 역참 노선",
        "_source_file": "Ming_Routes_2016.shp",
        "_source_crs": "EPSG:4326"
      }
    },
    {
      "type": "Feature",
      "geometry": {
        "type": "LineString",
        "coordinates": [
          [
            115.06877606551438,
            34.4292061665534
          ],
          [
            115.31536800000003,
            34.44597600000009
          ]
        ]
      },
      "properties": {
        "MAJ_MINOR": 2,
        "SOURCE": "MDYZK",
        "_layer_id": "ming_courier_routes",
        "_layer_title": "명대 역참 노선",
        "_source_file": "Ming_Routes_2016.shp",
        "_source_crs": "EPSG:4326"
      }
    },
    {
      "type": "Feature",
      "geometry": {
        "type": "LineString",
        "coordinates": [
          [
            115.31624001012074,
            34.450145423404706
          ],
          [
            115.60745200000008,
            34.38505200000003
          ]
        ]
      },
      "properties": {
        "MAJ_MINOR": 2,
        "SOURCE": "MDYZK",
        "_layer_id": "ming_courier_routes",
        "_layer_title": "명대 역참 노선",
        "_source_file": "Ming_Routes_2016.shp",
        "_source_crs": "EPSG:4326"
      }
    },
    {
      "type": "Feature",
      "geometry": {
        "type": "LineString",
        "coordinates": [
          [
            115.60745200000008,
            34.38505200000003
          ],
          [
            115.85871712746518,
            34.2351282182326
          ]
        ]
      },
      "properties": {
        "MAJ_MINOR": 2,
        "SOURCE": "MDYZK",
        "_layer_id": "ming_courier_routes",
        "_layer_title": "명대 역참 노선",
        "_source_file": "Ming_Routes_2016.shp",
        "_source_crs": "EPSG:4326"
      }
    },
    {
      "type": "Feature",
      "geometry": {
        "type": "LineString",
        "coordinates": [
          [
            115.85114284423139,
            34.244559992500854
          ],
          [
            116.06884800000012,
            34.09717600000005
          ]
        ]
      },
      "properties": {
        "MAJ_MINOR": 2,
        "SOURCE": "MDYZK",
        "_layer_id": "ming_courier_routes",
        "_layer_title": "명대 역참 노선",
        "_source_file": "Ming_Routes_2016.shp",
        "_source_crs": "EPSG:4326"
      }
    },
    {
      "type": "Feature",
      "geometry": {
        "type": "LineString",
        "coordinates": [
          [
            116.06624611915845,
            34.09798519454182
          ],
          [
            116.36399800000004,
            33.93945700000012
          ]
        ]
      },
      "properties": {
        "MAJ_MINOR": 2,
        "SOURCE": "MDYZK",
        "_layer_id": "ming_courier_routes",
        "_layer_title": "명대 역참 노선",
        "_source_file": "Ming_Routes_2016.shp",
        "_source_crs": "EPSG:4326"
      }
    },
    {
      "type": "Feature",
      "geometry": {
        "type": "LineString",
        "coordinates": [
          [
            114.52224000000012,
            32.20237400000002
          ],
          [
            115.12510700000007,
            31.697765000000174
          ]
        ]
      },
      "properties": {
        "MAJ_MINOR": 2,
        "SOURCE": "MDYZK",
        "_layer_id": "ming_courier_routes",
        "_layer_title": "명대 역참 노선",
        "_source_file": "Ming_Routes_2016.shp",
        "_source_crs": "EPSG:4326"
      }
    },
    {
      "type": "Feature",
      "geometry": {
        "type": "LineString",
        "coordinates": [
          [
            112.93698900000015,
            35.08930200000009
          ],
          [
            112.96113695568727,
            35.17648948035725
          ]
        ]
      },
      "properties": {
        "MAJ_MINOR": 2,
        "SOURCE": "MDYZK",
        "_layer_id": "ming_courier_routes",
        "_layer_title": "명대 역참 노선",
        "_source_file": "Ming_Routes_2016.shp",
        "_source_crs": "EPSG:4326"
      }
    },
    {
      "type": "Feature",
      "geometry": {
        "type": "LineString",
        "coordinates": [
          [
            113.54460900000004,
            39.27515000000011
          ],
          [
            113.91641200000004,
            39.430939000000194
          ]
        ]
      },
      "properties": {
        "MAJ_MINOR": 1,
        "SOURCE": "MDYZK",
        "_layer_id": "ming_courier_routes",
        "_layer_title": "명대 역참 노선",
        "_source_file": "Ming_Routes_2016.shp",
        "_source_crs": "EPSG:4326"
      }
    },
    {
      "type": "Feature",
      "geometry": {
        "type": "LineString",
        "coordinates": [
          [
            112.71209716796875,
            38.726600646972656
          ],
          [
            112.73120100000006,
            38.39856300000014
          ]
        ]
      },
      "properties": {
        "MAJ_MINOR": 1,
        "SOURCE": "MDYZK",
        "_layer_id": "ming_courier_routes",
        "_layer_title": "명대 역참 노선",
        "_source_file": "Ming_Routes_2016.shp",
        "_source_crs": "EPSG:4326"
      }
    },
    {
      "type": "Feature",
      "geometry": {
        "type": "LineString",
        "coordinates": [
          [
            112.94904327392578,
            39.060390472412166
          ],
          [
            112.78545400000007,
            39.20151900000019
          ]
        ]
      },
      "properties": {
        "MAJ_MINOR": 2,
        "SOURCE": "MDYZK",
        "_layer_id": "ming_courier_routes",
        "_layer_title": "명대 역참 노선",
        "_source_file": "Ming_Routes_2016.shp",
        "_source_crs": "EPSG:4326"
      }
    },
    {
      "type": "Feature",
      "geometry": {
        "type": "LineString",
        "coordinates": [
          [
            112.78545400000007,
            39.20151900000019
          ],
          [
            112.42199700000003,
            39.30799900000005
          ]
        ]
      },
      "properties": {
        "MAJ_MINOR": 2,
        "SOURCE": "MDYZK",
        "_layer_id": "ming_courier_routes",
        "_layer_title": "명대 역참 노선",
        "_source_file": "Ming_Routes_2016.shp",
        "_source_crs": "EPSG:4326"
      }
    },
    {
      "type": "Feature",
      "geometry": {
        "type": "LineString",
        "coordinates": [
          [
            112.42199700000003,
            39.30799900000005
          ],
          [
            111.49700200000012,
            39.44200100000012
          ]
        ]
      },
      "properties": {
        "MAJ_MINOR": 2,
        "SOURCE": "MDYZK",
        "_layer_id": "ming_courier_routes",
        "_layer_title": "명대 역참 노선",
        "_source_file": "Ming_Routes_2016.shp",
        "_source_crs": "EPSG:4326"
      }
    },
    {
      "type": "Feature",
      "geometry": {
        "type": "LineString",
        "coordinates": [
          [
            111.49700200000012,
            39.44200100000012
          ],
          [
            111.57189336168273,
            38.7019869982085
          ]
        ]
      },
      "properties": {
        "MAJ_MINOR": 2,
        "SOURCE": "MDYZK",
        "_layer_id": "ming_courier_routes",
        "_layer_title": "명대 역참 노선",
        "_source_file": "Ming_Routes_2016.shp",
        "_source_crs": "EPSG:4326"
      }
    },
    {
      "type": "Feature",
      "geometry": {
        "type": "LineString",
        "coordinates": [
          [
            111.57189336168273,
            38.7019869982085
          ],
          [
            111.6930010000001,
            38.39099900000008
          ]
        ]
      },
      "properties": {
        "MAJ_MINOR": 2,
        "SOURCE": "MDYZK",
        "_layer_id": "ming_courier_routes",
        "_layer_title": "명대 역참 노선",
        "_source_file": "Ming_Routes_2016.shp",
        "_source_crs": "EPSG:4326"
      }
    },
    {
      "type": "Feature",
      "geometry": {
        "type": "LineString",
        "coordinates": [
          [
            111.6930010000001,
            38.39099900000008
          ],
          [
            111.940109,
            38.35765800000013
          ]
        ]
      },
      "properties": {
        "MAJ_MINOR": 2,
        "SOURCE": "MDYZK",
        "_layer_id": "ming_courier_routes",
        "_layer_title": "명대 역참 노선",
        "_source_file": "Ming_Routes_2016.shp",
        "_source_crs": "EPSG:4326"
      }
    },
    {
      "type": "Feature",
      "geometry": {
        "type": "LineString",
        "coordinates": [
          [
            111.940109,
            38.35765800000013
          ],
          [
            112.18762200000003,
            38.31668100000002
          ]
        ]
      },
      "properties": {
        "MAJ_MINOR": 2,
        "SOURCE": "MDYZK",
        "_layer_id": "ming_courier_routes",
        "_layer_title": "명대 역참 노선",
        "_source_file": "Ming_Routes_2016.shp",
        "_source_crs": "EPSG:4326"
      }
    },
    {
      "type": "Feature",
      "geometry": {
        "type": "LineString",
        "coordinates": [
          [
            112.18762200000003,
            38.31668100000002
          ],
          [
            112.41559600000016,
            38.13961400000011
          ]
        ]
      },
      "properties": {
        "MAJ_MINOR": 2,
        "SOURCE": "MDYZK",
        "_layer_id": "ming_courier_routes",
        "_layer_title": "명대 역참 노선",
        "_source_file": "Ming_Routes_2016.shp",
        "_source_crs": "EPSG:4326"
      }
    },
    {
      "type": "Feature",
      "geometry": {
        "type": "LineString",
        "coordinates": [
          [
            112.41559600000028,
            38.13961400000011
          ],
          [
            112.478928,
            37.727588999999966
          ]
        ]
      },
      "properties": {
        "MAJ_MINOR": 2,
        "SOURCE": "MDYZK",
        "_layer_id": "ming_courier_routes",
        "_layer_title": "명대 역참 노선",
        "_source_file": "Ming_Routes_2016.shp",
        "_source_crs": "EPSG:4326"
      }
    },
    {
      "type": "Feature",
      "geometry": {
        "type": "LineString",
        "coordinates": [
          [
            114.56905400000005,
            39.84053800000015
          ],
          [
            114.27605400000016,
            39.76355400000011
          ]
        ]
      },
      "properties": {
        "MAJ_MINOR": 2,
        "SOURCE": "MDYZK",
        "_layer_id": "ming_courier_routes",
        "_layer_title": "명대 역참 노선",
        "_source_file": "Ming_Routes_2016.shp",
        "_source_crs": "EPSG:4326"
      }
    },
    {
      "type": "Feature",
      "geometry": {
        "type": "LineString",
        "coordinates": [
          [
            114.28010567730564,
            39.763251117439495
          ],
          [
            113.50169600000015,
            39.87845800000008
          ]
        ]
      },
      "properties": {
        "MAJ_MINOR": 2,
        "SOURCE": "MDYZK",
        "_layer_id": "ming_courier_routes",
        "_layer_title": "명대 역참 노선",
        "_source_file": "Ming_Routes_2016.shp",
        "_source_crs": "EPSG:4326"
      }
    },
    {
      "type": "Feature",
      "geometry": {
        "type": "LineString",
        "coordinates": [
          [
            113.50169600000366,
            39.87845799998074
          ],
          [
            113.68489799999998,
            39.696334999999976
          ]
        ]
      },
      "properties": {
        "MAJ_MINOR": 2,
        "SOURCE": "MDYZK",
        "_layer_id": "ming_courier_routes",
        "_layer_title": "명대 역참 노선",
        "_source_file": "Ming_Routes_2016.shp",
        "_source_crs": "EPSG:4326"
      }
    },
    {
      "type": "Feature",
      "geometry": {
        "type": "LineString",
        "coordinates": [
          [
            113.92033117322399,
            39.43203014542786
          ],
          [
            113.68489799999998,
            39.696334999999976
          ]
        ]
      },
      "properties": {
        "MAJ_MINOR": 2,
        "SOURCE": "MDYZK",
        "_layer_id": "ming_courier_routes",
        "_layer_title": "명대 역참 노선",
        "_source_file": "Ming_Routes_2016.shp",
        "_source_crs": "EPSG:4326"
      }
    },
    {
      "type": "Feature",
      "geometry": {
        "type": "LineString",
        "coordinates": [
          [
            113.50169600000015,
            39.87845800000008
          ],
          [
            113.2963870000001,
            40.09283800000014
          ]
        ]
      },
      "properties": {
        "MAJ_MINOR": 2,
        "SOURCE": "MDYZK",
        "_layer_id": "ming_courier_routes",
        "_layer_title": "명대 역참 노선",
        "_source_file": "Ming_Routes_2016.shp",
        "_source_crs": "EPSG:4326"
      }
    },
    {
      "type": "Feature",
      "geometry": {
        "type": "LineString",
        "coordinates": [
          [
            113.2950088208919,
            40.083050676622975
          ],
          [
            113.10299699999996,
            39.82000000000011
          ]
        ]
      },
      "properties": {
        "MAJ_MINOR": 2,
        "SOURCE": "MDYZK",
        "_layer_id": "ming_courier_routes",
        "_layer_title": "명대 역참 노선",
        "_source_file": "Ming_Routes_2016.shp",
        "_source_crs": "EPSG:4326"
      }
    },
    {
      "type": "Feature",
      "geometry": {
        "type": "LineString",
        "coordinates": [
          [
            113.10655550923002,
            39.81893050497581
          ],
          [
            113.18365004581904,
            39.559093363139084
          ]
        ]
      },
      "properties": {
        "MAJ_MINOR": 2,
        "SOURCE": "MDYZK",
        "_layer_id": "ming_courier_routes",
        "_layer_title": "명대 역참 노선",
        "_source_file": "Ming_Routes_2016.shp",
        "_source_crs": "EPSG:4326"
      }
    },
    {
      "type": "Feature",
      "geometry": {
        "type": "LineString",
        "coordinates": [
          [
            113.18507772242242,
            39.5576656865357
          ],
          [
            112.94273399999997,
            39.44043700000003
          ]
        ]
      },
      "properties": {
        "MAJ_MINOR": 2,
        "SOURCE": "MDYZK",
        "_layer_id": "ming_courier_routes",
        "_layer_title": "명대 역참 노선",
        "_source_file": "Ming_Routes_2016.shp",
        "_source_crs": "EPSG:4326"
      }
    },
    {
      "type": "Feature",
      "geometry": {
        "type": "LineString",
        "coordinates": [
          [
            112.94273399999997,
            39.44043700000003
          ],
          [
            112.94904300000007,
            39.060391000000095
          ]
        ]
      },
      "properties": {
        "MAJ_MINOR": 2,
        "SOURCE": "MDYZK",
        "_layer_id": "ming_courier_routes",
        "_layer_title": "명대 역참 노선",
        "_source_file": "Ming_Routes_2016.shp",
        "_source_crs": "EPSG:4326"
      }
    },
    {
      "type": "Feature",
      "geometry": {
        "type": "LineString",
        "coordinates": [
          [
            112.478928,
            37.727588999999966
          ],
          [
            112.50976900000016,
            37.595863999997405
          ]
        ]
      },
      "properties": {
        "MAJ_MINOR": 1,
        "SOURCE": "MDYZK",
        "_layer_id": "ming_courier_routes",
        "_layer_title": "명대 역참 노선",
        "_source_file": "Ming_Routes_2016.shp",
        "_source_crs": "EPSG:4326"
      }
    },
    {
      "type": "Feature",
      "geometry": {
        "type": "LineString",
        "coordinates": [
          [
            112.50899505615234,
            37.55718231201183
          ],
          [
            112.3569490000001,
            37.41525300000018
          ]
        ]
      },
      "properties": {
        "MAJ_MINOR": 1,
        "SOURCE": "MDYZK",
        "_layer_id": "ming_courier_routes",
        "_layer_title": "명대 역참 노선",
        "_source_file": "Ming_Routes_2016.shp",
        "_source_crs": "EPSG:4326"
      }
    },
    {
      "type": "Feature",
      "geometry": {
        "type": "LineString",
        "coordinates": [
          [
            111.77621459960943,
            36.84215164184576
          ],
          [
            111.76685300000014,
            36.745735000000025
          ]
        ]
      },
      "properties": {
        "MAJ_MINOR": 1,
        "SOURCE": "MDYZK",
        "_layer_id": "ming_courier_routes",
        "_layer_title": "명대 역참 노선",
        "_source_file": "Ming_Routes_2016.shp",
        "_source_crs": "EPSG:4326"
      }
    },
    {
      "type": "Feature",
      "geometry": {
        "type": "LineString",
        "coordinates": [
          [
            111.33807400000018,
            35.608864000000096
          ],
          [
            111.44947800000011,
            35.79209500000002
          ]
        ]
      },
      "properties": {
        "MAJ_MINOR": 1,
        "SOURCE": "MDYZK",
        "_layer_id": "ming_courier_routes",
        "_layer_title": "명대 역참 노선",
        "_source_file": "Ming_Routes_2016.shp",
        "_source_crs": "EPSG:4326"
      }
    },
    {
      "type": "Feature",
      "geometry": {
        "type": "LineString",
        "coordinates": [
          [
            112.3569490000001,
            37.41525300000018
          ],
          [
            112.48277299999995,
            37.2356870000001
          ]
        ]
      },
      "properties": {
        "MAJ_MINOR": 2,
        "SOURCE": "MDYZK",
        "_layer_id": "ming_courier_routes",
        "_layer_title": "명대 역참 노선",
        "_source_file": "Ming_Routes_2016.shp",
        "_source_crs": "EPSG:4326"
      }
    },
    {
      "type": "Feature",
      "geometry": {
        "type": "LineString",
        "coordinates": [
          [
            112.48277299999995,
            37.2356870000001
          ],
          [
            112.50965899999994,
            37.09589800000009
          ]
        ]
      },
      "properties": {
        "MAJ_MINOR": 2,
        "SOURCE": "MDYZK",
        "_layer_id": "ming_courier_routes",
        "_layer_title": "명대 역참 노선",
        "_source_file": "Ming_Routes_2016.shp",
        "_source_crs": "EPSG:4326"
      }
    },
    {
      "type": "Feature",
      "geometry": {
        "type": "LineString",
        "coordinates": [
          [
            112.50965899999994,
            37.09589800000009
          ],
          [
            112.58008000000007,
            36.953118000000075
          ]
        ]
      },
      "properties": {
        "MAJ_MINOR": 2,
        "SOURCE": "MDYZK",
        "_layer_id": "ming_courier_routes",
        "_layer_title": "명대 역참 노선",
        "_source_file": "Ming_Routes_2016.shp",
        "_source_crs": "EPSG:4326"
      }
    },
    {
      "type": "Feature",
      "geometry": {
        "type": "LineString",
        "coordinates": [
          [
            112.58539630141547,
            36.95177066840017
          ],
          [
            112.698982,
            36.757431
          ]
        ]
      },
      "properties": {
        "MAJ_MINOR": 2,
        "SOURCE": "MDYZK",
        "_layer_id": "ming_courier_routes",
        "_layer_title": "명대 역참 노선",
        "_source_file": "Ming_Routes_2016.shp",
        "_source_crs": "EPSG:4326"
      }
    },
    {
      "type": "Feature",
      "geometry": {
        "type": "LineString",
        "coordinates": [
          [
            112.71031800422156,
            36.764388114191036
          ],
          [
            112.80595400000004,
            36.5692820000001
          ]
        ]
      },
      "properties": {
        "MAJ_MINOR": 2,
        "SOURCE": "MDYZK",
        "_layer_id": "ming_courier_routes",
        "_layer_title": "명대 역참 노선",
        "_source_file": "Ming_Routes_2016.shp",
        "_source_crs": "EPSG:4326"
      }
    },
    {
      "type": "Feature",
      "geometry": {
        "type": "LineString",
        "coordinates": [
          [
            112.80595400000004,
            36.5692820000001
          ],
          [
            112.82692000000081,
            36.37837199999657
          ]
        ]
      },
      "properties": {
        "MAJ_MINOR": 2,
        "SOURCE": "MDYZK",
        "_layer_id": "ming_courier_routes",
        "_layer_title": "명대 역참 노선",
        "_source_file": "Ming_Routes_2016.shp",
        "_source_crs": "EPSG:4326"
      }
    },
    {
      "type": "Feature",
      "geometry": {
        "type": "LineString",
        "coordinates": [
          [
            112.82692000000075,
            36.37837199999656
          ],
          [
            113.10348500000009,
            36.183537000000115
          ]
        ]
      },
      "properties": {
        "MAJ_MINOR": 2,
        "SOURCE": "MDYZK",
        "_layer_id": "ming_courier_routes",
        "_layer_title": "명대 역참 노선",
        "_source_file": "Ming_Routes_2016.shp",
        "_source_crs": "EPSG:4326"
      }
    },
    {
      "type": "Feature",
      "geometry": {
        "type": "LineString",
        "coordinates": [
          [
            113.09995474392633,
            36.190343146534474
          ],
          [
            112.85572700000088,
            35.89950799999658
          ]
        ]
      },
      "properties": {
        "MAJ_MINOR": 2,
        "SOURCE": "MDYZK",
        "_layer_id": "ming_courier_routes",
        "_layer_title": "명대 역참 노선",
        "_source_file": "Ming_Routes_2016.shp",
        "_source_crs": "EPSG:4326"
      }
    },
    {
      "type": "Feature",
      "geometry": {
        "type": "LineString",
        "coordinates": [
          [
            112.85572700000088,
            35.89950799999656
          ],
          [
            112.9195860000001,
            35.79205700000011
          ]
        ]
      },
      "properties": {
        "MAJ_MINOR": 2,
        "SOURCE": "MDYZK",
        "_layer_id": "ming_courier_routes",
        "_layer_title": "명대 역참 노선",
        "_source_file": "Ming_Routes_2016.shp",
        "_source_crs": "EPSG:4326"
      }
    },
    {
      "type": "Feature",
      "geometry": {
        "type": "LineString",
        "coordinates": [
          [
            112.92446949474629,
            35.80070640682976
          ],
          [
            112.88500199999999,
            35.698002000000145
          ]
        ]
      },
      "properties": {
        "MAJ_MINOR": 2,
        "SOURCE": "MDYZK",
        "_layer_id": "ming_courier_routes",
        "_layer_title": "명대 역참 노선",
        "_source_file": "Ming_Routes_2016.shp",
        "_source_crs": "EPSG:4326"
      }
    },
    {
      "type": "Feature",
      "geometry": {
        "type": "LineString",
        "coordinates": [
          [
            112.88500199999999,
            35.698002000000145
          ],
          [
            112.839157,
            35.50431800000007
          ]
        ]
      },
      "properties": {
        "MAJ_MINOR": 2,
        "SOURCE": "MDYZK",
        "_layer_id": "ming_courier_routes",
        "_layer_title": "명대 역참 노선",
        "_source_file": "Ming_Routes_2016.shp",
        "_source_crs": "EPSG:4326"
      }
    },
    {
      "type": "Feature",
      "geometry": {
        "type": "LineString",
        "coordinates": [
          [
            112.96113695568727,
            35.17648948035725
          ],
          [
            112.839157,
            35.50431800000007
          ]
        ]
      },
      "properties": {
        "MAJ_MINOR": 2,
        "SOURCE": "MDYZK",
        "_layer_id": "ming_courier_routes",
        "_layer_title": "명대 역참 노선",
        "_source_file": "Ming_Routes_2016.shp",
        "_source_crs": "EPSG:4326"
      }
    },
    {
      "type": "Feature",
      "geometry": {
        "type": "LineString",
        "coordinates": [
          [
            120.7405020000001,
            37.80451600000009
          ],
          [
            120.52073861903841,
            37.64667399147862
          ]
        ]
      },
      "properties": {
        "MAJ_MINOR": 2,
        "SOURCE": "MDYZK",
        "_layer_id": "ming_courier_routes",
        "_layer_title": "명대 역참 노선",
        "_source_file": "Ming_Routes_2016.shp",
        "_source_crs": "EPSG:4326"
      }
    },
    {
      "type": "Feature",
      "geometry": {
        "type": "LineString",
        "coordinates": [
          [
            120.51472726311852,
            37.646502072596604
          ],
          [
            120.27514599999995,
            37.54087800000008
          ]
        ]
      },
      "properties": {
        "MAJ_MINOR": 2,
        "SOURCE": "MDYZK",
        "_layer_id": "ming_courier_routes",
        "_layer_title": "명대 역참 노선",
        "_source_file": "Ming_Routes_2016.shp",
        "_source_crs": "EPSG:4326"
      }
    },
    {
      "type": "Feature",
      "geometry": {
        "type": "LineString",
        "coordinates": [
          [
            120.27202224052382,
            37.53228794431675
          ],
          [
            119.93800400000009,
            37.17543000000006
          ]
        ]
      },
      "properties": {
        "MAJ_MINOR": 2,
        "SOURCE": "MDYZK",
        "_layer_id": "ming_courier_routes",
        "_layer_title": "명대 역참 노선",
        "_source_file": "Ming_Routes_2016.shp",
        "_source_crs": "EPSG:4326"
      }
    },
    {
      "type": "Feature",
      "geometry": {
        "type": "LineString",
        "coordinates": [
          [
            119.9484155437309,
            37.184886637465524
          ],
          [
            119.70796999999993,
            36.989552
          ]
        ]
      },
      "properties": {
        "MAJ_MINOR": 2,
        "SOURCE": "MDYZK",
        "_layer_id": "ming_courier_routes",
        "_layer_title": "명대 역참 노선",
        "_source_file": "Ming_Routes_2016.shp",
        "_source_crs": "EPSG:4326"
      }
    },
    {
      "type": "Feature",
      "geometry": {
        "type": "LineString",
        "coordinates": [
          [
            119.70571052113621,
            36.99928867901076
          ],
          [
            119.39997900000014,
            36.85566700000004
          ]
        ]
      },
      "properties": {
        "MAJ_MINOR": 2,
        "SOURCE": "MDYZK",
        "_layer_id": "ming_courier_routes",
        "_layer_title": "명대 역참 노선",
        "_source_file": "Ming_Routes_2016.shp",
        "_source_crs": "EPSG:4326"
      }
    },
    {
      "type": "Feature",
      "geometry": {
        "type": "LineString",
        "coordinates": [
          [
            119.39162166836661,
            36.85176209664928
          ],
          [
            119.1064990000001,
            36.702705000000094
          ]
        ]
      },
      "properties": {
        "MAJ_MINOR": 2,
        "SOURCE": "MDYZK",
        "_layer_id": "ming_courier_routes",
        "_layer_title": "명대 역참 노선",
        "_source_file": "Ming_Routes_2016.shp",
        "_source_crs": "EPSG:4326"
      }
    },
    {
      "type": "Feature",
      "geometry": {
        "type": "LineString",
        "coordinates": [
          [
            119.09180958163199,
            36.723271202334445
          ],
          [
            118.47827200000006,
            36.68791600000014
          ]
        ]
      },
      "properties": {
        "MAJ_MINOR": 2,
        "SOURCE": "MDYZK",
        "_layer_id": "ming_courier_routes",
        "_layer_title": "명대 역참 노선",
        "_source_file": "Ming_Routes_2016.shp",
        "_source_crs": "EPSG:4326"
      }
    },
    {
      "type": "Feature",
      "geometry": {
        "type": "LineString",
        "coordinates": [
          [
            118.46839079810445,
            36.7042355142878
          ],
          [
            118.19503800000018,
            36.79985799999997
          ]
        ]
      },
      "properties": {
        "MAJ_MINOR": 2,
        "SOURCE": "MDYZK",
        "_layer_id": "ming_courier_routes",
        "_layer_title": "명대 역참 노선",
        "_source_file": "Ming_Routes_2016.shp",
        "_source_crs": "EPSG:4326"
      }
    },
    {
      "type": "Feature",
      "geometry": {
        "type": "LineString",
        "coordinates": [
          [
            118.19503800000018,
            36.79985799999997
          ],
          [
            117.348885,
            36.731243000000006
          ]
        ]
      },
      "properties": {
        "MAJ_MINOR": 2,
        "SOURCE": "MDYZK",
        "_layer_id": "ming_courier_routes",
        "_layer_title": "명대 역참 노선",
        "_source_file": "Ming_Routes_2016.shp",
        "_source_crs": "EPSG:4326"
      }
    },
    {
      "type": "Feature",
      "geometry": {
        "type": "LineString",
        "coordinates": [
          [
            117.348885,
            36.731243000000006
          ],
          [
            117.00148773193371,
            36.650131225585994
          ]
        ]
      },
      "properties": {
        "MAJ_MINOR": 2,
        "SOURCE": "MDYZK",
        "_layer_id": "ming_courier_routes",
        "_layer_title": "명대 역참 노선",
        "_source_file": "Ming_Routes_2016.shp",
        "_source_crs": "EPSG:4326"
      }
    },
    {
      "type": "Feature",
      "geometry": {
        "type": "LineString",
        "coordinates": [
          [
            116.7232437133789,
            36.552829742431754
          ],
          [
            117.00148773193371,
            36.650131225585994
          ]
        ]
      },
      "properties": {
        "MAJ_MINOR": 1,
        "SOURCE": "MDYZK",
        "_layer_id": "ming_courier_routes",
        "_layer_title": "명대 역참 노선",
        "_source_file": "Ming_Routes_2016.shp",
        "_source_crs": "EPSG:4326"
      }
    },
    {
      "type": "Feature",
      "geometry": {
        "type": "LineString",
        "coordinates": [
          [
            116.48555755615246,
            35.72985458374018
          ],
          [
            116.66960900000004,
            35.6504020000001
          ]
        ]
      },
      "properties": {
        "MAJ_MINOR": 1,
        "SOURCE": "MDYZK",
        "_layer_id": "ming_courier_routes",
        "_layer_title": "명대 역참 노선",
        "_source_file": "Ming_Routes_2016.shp",
        "_source_crs": "EPSG:4326"
      }
    },
    {
      "type": "Feature",
      "geometry": {
        "type": "LineString",
        "coordinates": [
          [
            116.76840532322876,
            36.25486025673848
          ],
          [
            116.79001600000004,
            35.764397000000145
          ],
          [
            116.82369995117199,
            35.556697845458984
          ]
        ]
      },
      "properties": {
        "MAJ_MINOR": 1,
        "SOURCE": "MDYZK",
        "_layer_id": "ming_courier_routes",
        "_layer_title": "명대 역참 노선",
        "_source_file": "Ming_Routes_2016.shp",
        "_source_crs": "EPSG:4326"
      }
    },
    {
      "type": "Feature",
      "geometry": {
        "type": "LineString",
        "coordinates": [
          [
            116.7232437133789,
            36.552829742431754
          ],
          [
            116.76808200000005,
            36.250946
          ]
        ]
      },
      "properties": {
        "MAJ_MINOR": 1,
        "SOURCE": "MDYZK",
        "_layer_id": "ming_courier_routes",
        "_layer_title": "명대 역참 노선",
        "_source_file": "Ming_Routes_2016.shp",
        "_source_crs": "EPSG:4326"
      }
    },
    {
      "type": "Feature",
      "geometry": {
        "type": "LineString",
        "coordinates": [
          [
            116.36399800000004,
            33.93945700000012
          ],
          [
            116.65903500073698,
            33.788268998628894
          ]
        ]
      },
      "properties": {
        "MAJ_MINOR": 2,
        "SOURCE": "MDYZK",
        "_layer_id": "ming_courier_routes",
        "_layer_title": "명대 역참 노선",
        "_source_file": "Ming_Routes_2016.shp",
        "_source_crs": "EPSG:4326"
      }
    },
    {
      "type": "Feature",
      "geometry": {
        "type": "LineString",
        "coordinates": [
          [
            116.65903500073694,
            33.78826899862887
          ],
          [
            116.97139739990234,
            33.64236831665045
          ]
        ]
      },
      "properties": {
        "MAJ_MINOR": 2,
        "SOURCE": "MDYZK",
        "_layer_id": "ming_courier_routes",
        "_layer_title": "명대 역참 노선",
        "_source_file": "Ming_Routes_2016.shp",
        "_source_crs": "EPSG:4326"
      }
    },
    {
      "type": "Feature",
      "geometry": {
        "type": "LineString",
        "coordinates": [
          [
            117.53774599999997,
            32.865348000000154
          ],
          [
            117.64022100120961,
            32.90163399674119
          ]
        ]
      },
      "properties": {
        "MAJ_MINOR": 1,
        "SOURCE": "MDYZK",
        "_layer_id": "ming_courier_routes",
        "_layer_title": "명대 역참 노선",
        "_source_file": "Ming_Routes_2016.shp",
        "_source_crs": "EPSG:4326"
      }
    },
    {
      "type": "Feature",
      "geometry": {
        "type": "LineString",
        "coordinates": [
          [
            117.57138100154327,
            32.065066997163875
          ],
          [
            117.61905700000011,
            32.329155000000014
          ]
        ]
      },
      "properties": {
        "MAJ_MINOR": 1,
        "SOURCE": "MDYZK",
        "_layer_id": "ming_courier_routes",
        "_layer_title": "명대 역참 노선",
        "_source_file": "Ming_Routes_2016.shp",
        "_source_crs": "EPSG:4326"
      }
    },
    {
      "type": "Feature",
      "geometry": {
        "type": "LineString",
        "coordinates": [
          [
            117.67568969726574,
            32.530246734619254
          ],
          [
            117.61905700000011,
            32.329155000000014
          ]
        ]
      },
      "properties": {
        "MAJ_MINOR": 1,
        "SOURCE": "MDYZK",
        "_layer_id": "ming_courier_routes",
        "_layer_title": "명대 역참 노선",
        "_source_file": "Ming_Routes_2016.shp",
        "_source_crs": "EPSG:4326"
      }
    },
    {
      "type": "Feature",
      "geometry": {
        "type": "LineString",
        "coordinates": [
          [
            117.27645874023449,
            31.86445617675787
          ],
          [
            117.15776100000016,
            31.716938000000084
          ]
        ]
      },
      "properties": {
        "MAJ_MINOR": 1,
        "SOURCE": "MDYZK",
        "_layer_id": "ming_courier_routes",
        "_layer_title": "명대 역참 노선",
        "_source_file": "Ming_Routes_2016.shp",
        "_source_crs": "EPSG:4326"
      }
    },
    {
      "type": "Feature",
      "geometry": {
        "type": "LineString",
        "coordinates": [
          [
            117.15776100000016,
            31.716938000000084
          ],
          [
            116.97504500000002,
            31.502898000000073
          ]
        ]
      },
      "properties": {
        "MAJ_MINOR": 1,
        "SOURCE": "MDYZK",
        "_layer_id": "ming_courier_routes",
        "_layer_title": "명대 역참 노선",
        "_source_file": "Ming_Routes_2016.shp",
        "_source_crs": "EPSG:4326"
      }
    },
    {
      "type": "Feature",
      "geometry": {
        "type": "LineString",
        "coordinates": [
          [
            118.61759948730469,
            32.06486892700207
          ],
          [
            118.83789800000011,
            32.348419000000035
          ]
        ]
      },
      "properties": {
        "MAJ_MINOR": 1,
        "SOURCE": "MDYZK",
        "_layer_id": "ming_courier_routes",
        "_layer_title": "명대 역참 노선",
        "_source_file": "Ming_Routes_2016.shp",
        "_source_crs": "EPSG:4326"
      }
    },
    {
      "type": "Feature",
      "geometry": {
        "type": "LineString",
        "coordinates": [
          [
            118.83789800000011,
            32.348419000000035
          ],
          [
            119.43718719482422,
            32.39126968383789
          ]
        ]
      },
      "properties": {
        "MAJ_MINOR": 1,
        "SOURCE": "MDYZK",
        "_layer_id": "ming_courier_routes",
        "_layer_title": "명대 역참 노선",
        "_source_file": "Ming_Routes_2016.shp",
        "_source_crs": "EPSG:4326"
      }
    },
    {
      "type": "Feature",
      "geometry": {
        "type": "LineString",
        "coordinates": [
          [
            117.02015000000006,
            31.340373000000113
          ],
          [
            116.93860626220703,
            31.052280426025334
          ]
        ]
      },
      "properties": {
        "MAJ_MINOR": 1,
        "SOURCE": "MDYZK",
        "_layer_id": "ming_courier_routes",
        "_layer_title": "명대 역참 노선",
        "_source_file": "Ming_Routes_2016.shp",
        "_source_crs": "EPSG:4326"
      }
    },
    {
      "type": "Feature",
      "geometry": {
        "type": "LineString",
        "coordinates": [
          [
            116.79015700000014,
            30.922533000000044
          ],
          [
            116.56719970703125,
            30.63034629821783
          ]
        ]
      },
      "properties": {
        "MAJ_MINOR": 1,
        "SOURCE": "MDYZK",
        "_layer_id": "ming_courier_routes",
        "_layer_title": "명대 역참 노선",
        "_source_file": "Ming_Routes_2016.shp",
        "_source_crs": "EPSG:4326"
      }
    },
    {
      "type": "Feature",
      "geometry": {
        "type": "LineString",
        "coordinates": [
          [
            116.3959730008467,
            30.52466999924749
          ],
          [
            116.26507568359375,
            30.420059204101676
          ]
        ]
      },
      "properties": {
        "MAJ_MINOR": 1,
        "SOURCE": "MDYZK",
        "_layer_id": "ming_courier_routes",
        "_layer_title": "명대 역참 노선",
        "_source_file": "Ming_Routes_2016.shp",
        "_source_crs": "EPSG:4326"
      }
    },
    {
      "type": "Feature",
      "geometry": {
        "type": "LineString",
        "coordinates": [
          [
            116.21666717529297,
            30.366666793823242
          ],
          [
            116.1141970000001,
            30.15121300000004
          ]
        ]
      },
      "properties": {
        "MAJ_MINOR": 1,
        "SOURCE": "MDYZK",
        "_layer_id": "ming_courier_routes",
        "_layer_title": "명대 역참 노선",
        "_source_file": "Ming_Routes_2016.shp",
        "_source_crs": "EPSG:4326"
      }
    },
    {
      "type": "Feature",
      "geometry": {
        "type": "LineString",
        "coordinates": [
          [
            115.12510700000007,
            31.697765000000174
          ],
          [
            115.03096800000014,
            31.180918000000077
          ]
        ]
      },
      "properties": {
        "MAJ_MINOR": 2,
        "SOURCE": null,
        "_layer_id": "ming_courier_routes",
        "_layer_title": "명대 역참 노선",
        "_source_file": "Ming_Routes_2016.shp",
        "_source_crs": "EPSG:4326"
      }
    },
    {
      "type": "Feature",
      "geometry": {
        "type": "LineString",
        "coordinates": [
          [
            115.03096800000014,
            31.180918000000077
          ],
          [
            114.86824000000001,
            30.631774999999948
          ]
        ]
      },
      "properties": {
        "MAJ_MINOR": 2,
        "SOURCE": null,
        "_layer_id": "ming_courier_routes",
        "_layer_title": "명대 역참 노선",
        "_source_file": "Ming_Routes_2016.shp",
        "_source_crs": "EPSG:4326"
      }
    },
    {
      "type": "Feature",
      "geometry": {
        "type": "LineString",
        "coordinates": [
          [
            112.228928,
            32.26555300000001
          ],
          [
            112.15586199999996,
            32.02028300000012
          ]
        ]
      },
      "properties": {
        "MAJ_MINOR": 1,
        "SOURCE": "MDYZK",
        "_layer_id": "ming_courier_routes",
        "_layer_title": "명대 역참 노선",
        "_source_file": "Ming_Routes_2016.shp",
        "_source_crs": "EPSG:4326"
      }
    },
    {
      "type": "Feature",
      "geometry": {
        "type": "LineString",
        "coordinates": [
          [
            112.31873300000007,
            31.433531000000073
          ],
          [
            112.22737099999995,
            31.260685000000137
          ]
        ]
      },
      "properties": {
        "MAJ_MINOR": 1,
        "SOURCE": "MDYZK",
        "_layer_id": "ming_courier_routes",
        "_layer_title": "명대 역참 노선",
        "_source_file": "Ming_Routes_2016.shp",
        "_source_crs": "EPSG:4326"
      }
    },
    {
      "type": "Feature",
      "geometry": {
        "type": "LineString",
        "coordinates": [
          [
            112.22737099999995,
            31.260685000000137
          ],
          [
            112.19841766357422,
            31.02872848510748
          ]
        ]
      },
      "properties": {
        "MAJ_MINOR": 1,
        "SOURCE": "MDYZK",
        "_layer_id": "ming_courier_routes",
        "_layer_title": "명대 역참 노선",
        "_source_file": "Ming_Routes_2016.shp",
        "_source_crs": "EPSG:4326"
      }
    },
    {
      "type": "Feature",
      "geometry": {
        "type": "LineString",
        "coordinates": [
          [
            112.19841766357422,
            31.02872848510748
          ],
          [
            112.18094600000018,
            30.69174600000008
          ]
        ]
      },
      "properties": {
        "MAJ_MINOR": 1,
        "SOURCE": null,
        "_layer_id": "ming_courier_routes",
        "_layer_title": "명대 역참 노선",
        "_source_file": "Ming_Routes_2016.shp",
        "_source_crs": "EPSG:4326"
      }
    },
    {
      "type": "Feature",
      "geometry": {
        "type": "LineString",
        "coordinates": [
          [
            112.27024034306848,
            30.19192070767143
          ],
          [
            112.22648600000008,
            30.05753299999959
          ]
        ]
      },
      "properties": {
        "MAJ_MINOR": 1,
        "SOURCE": "MDYZK",
        "_layer_id": "ming_courier_routes",
        "_layer_title": "명대 역참 노선",
        "_source_file": "Ming_Routes_2016.shp",
        "_source_crs": "EPSG:4326"
      }
    },
    {
      "type": "Feature",
      "geometry": {
        "type": "LineString",
        "coordinates": [
          [
            112.22648600000008,
            30.05753299999959
          ],
          [
            112.0781021118164,
            29.91450119018566
          ]
        ]
      },
      "properties": {
        "MAJ_MINOR": 1,
        "SOURCE": "MDYZK",
        "_layer_id": "ming_courier_routes",
        "_layer_title": "명대 역참 노선",
        "_source_file": "Ming_Routes_2016.shp",
        "_source_crs": "EPSG:4326"
      }
    },
    {
      "type": "Feature",
      "geometry": {
        "type": "LineString",
        "coordinates": [
          [
            111.75698852539068,
            29.640151977539176
          ],
          [
            111.65214459949516,
            29.447851439462454
          ]
        ]
      },
      "properties": {
        "MAJ_MINOR": 1,
        "SOURCE": "MDYZK",
        "_layer_id": "ming_courier_routes",
        "_layer_title": "명대 역참 노선",
        "_source_file": "Ming_Routes_2016.shp",
        "_source_crs": "EPSG:4326"
      }
    },
    {
      "type": "Feature",
      "geometry": {
        "type": "LineString",
        "coordinates": [
          [
            111.752823,
            29.211617999999774
          ],
          [
            111.65214459949516,
            29.447851439462454
          ]
        ]
      },
      "properties": {
        "MAJ_MINOR": 1,
        "SOURCE": "MDYZK",
        "_layer_id": "ming_courier_routes",
        "_layer_title": "명대 역참 노선",
        "_source_file": "Ming_Routes_2016.shp",
        "_source_crs": "EPSG:4326"
      }
    },
    {
      "type": "Feature",
      "geometry": {
        "type": "LineString",
        "coordinates": [
          [
            113.36918706583674,
            31.72081011112516
          ],
          [
            113.68689727783214,
            31.2526092529298
          ]
        ]
      },
      "properties": {
        "MAJ_MINOR": 2,
        "SOURCE": "MDYZK",
        "_layer_id": "ming_courier_routes",
        "_layer_title": "명대 역참 노선",
        "_source_file": "Ming_Routes_2016.shp",
        "_source_crs": "EPSG:4326"
      }
    },
    {
      "type": "Feature",
      "geometry": {
        "type": "LineString",
        "coordinates": [
          [
            112.75659900000005,
            32.13202300000012
          ],
          [
            113.36982000000012,
            31.715104999999937
          ]
        ]
      },
      "properties": {
        "MAJ_MINOR": 2,
        "SOURCE": "MDYZK",
        "_layer_id": "ming_courier_routes",
        "_layer_title": "명대 역참 노선",
        "_source_file": "Ming_Routes_2016.shp",
        "_source_crs": "EPSG:4326"
      }
    },
    {
      "type": "Feature",
      "geometry": {
        "type": "LineString",
        "coordinates": [
          [
            112.15586199999996,
            32.02028300000012
          ],
          [
            112.75659900000005,
            32.13202300000012
          ]
        ]
      },
      "properties": {
        "MAJ_MINOR": 2,
        "SOURCE": "MDYZK",
        "_layer_id": "ming_courier_routes",
        "_layer_title": "명대 역참 노선",
        "_source_file": "Ming_Routes_2016.shp",
        "_source_crs": "EPSG:4326"
      }
    },
    {
      "type": "Feature",
      "geometry": {
        "type": "LineString",
        "coordinates": [
          [
            112.47925039526388,
            31.464922772191187
          ],
          [
            112.58925600000009,
            31.169827000000055
          ]
        ]
      },
      "properties": {
        "MAJ_MINOR": 1,
        "SOURCE": "MDYZK",
        "_layer_id": "ming_courier_routes",
        "_layer_title": "명대 역참 노선",
        "_source_file": "Ming_Routes_2016.shp",
        "_source_crs": "EPSG:4326"
      }
    },
    {
      "type": "Feature",
      "geometry": {
        "type": "LineString",
        "coordinates": [
          [
            112.26013200000011,
            31.710701000000086
          ],
          [
            112.48116300000015,
            31.464464000000078
          ]
        ]
      },
      "properties": {
        "MAJ_MINOR": 1,
        "SOURCE": "MDYZK",
        "_layer_id": "ming_courier_routes",
        "_layer_title": "명대 역참 노선",
        "_source_file": "Ming_Routes_2016.shp",
        "_source_crs": "EPSG:4326"
      }
    },
    {
      "type": "Feature",
      "geometry": {
        "type": "LineString",
        "coordinates": [
          [
            113.81085200000007,
            30.764212000000043
          ],
          [
            113.56967900000006,
            30.94600300000002
          ]
        ]
      },
      "properties": {
        "MAJ_MINOR": 1,
        "SOURCE": "MDYZK",
        "_layer_id": "ming_courier_routes",
        "_layer_title": "명대 역참 노선",
        "_source_file": "Ming_Routes_2016.shp",
        "_source_crs": "EPSG:4326"
      }
    },
    {
      "type": "Feature",
      "geometry": {
        "type": "LineString",
        "coordinates": [
          [
            113.56967900000006,
            30.94600300000002
          ],
          [
            112.87740300000007,
            31.154602000000125
          ]
        ]
      },
      "properties": {
        "MAJ_MINOR": 1,
        "SOURCE": "MDYZK",
        "_layer_id": "ming_courier_routes",
        "_layer_title": "명대 역참 노선",
        "_source_file": "Ming_Routes_2016.shp",
        "_source_crs": "EPSG:4326"
      }
    },
    {
      "type": "Feature",
      "geometry": {
        "type": "LineString",
        "coordinates": [
          [
            112.88469441004861,
            31.156872935629394
          ],
          [
            112.58925600000009,
            31.169827000000055
          ]
        ]
      },
      "properties": {
        "MAJ_MINOR": 1,
        "SOURCE": "MDYZK",
        "_layer_id": "ming_courier_routes",
        "_layer_title": "명대 역참 노선",
        "_source_file": "Ming_Routes_2016.shp",
        "_source_crs": "EPSG:4326"
      }
    },
    {
      "type": "Feature",
      "geometry": {
        "type": "LineString",
        "coordinates": [
          [
            114.26192474365246,
            30.54437446594244
          ],
          [
            114.13540700000021,
            30.342886000000192
          ]
        ]
      },
      "properties": {
        "MAJ_MINOR": 2,
        "SOURCE": "MDYZK",
        "_layer_id": "ming_courier_routes",
        "_layer_title": "명대 역참 노선",
        "_source_file": "Ming_Routes_2016.shp",
        "_source_crs": "EPSG:4326"
      }
    },
    {
      "type": "Feature",
      "geometry": {
        "type": "LineString",
        "coordinates": [
          [
            114.13540700000021,
            30.342886000000192
          ],
          [
            113.9317020000002,
            30.215948000000026
          ]
        ]
      },
      "properties": {
        "MAJ_MINOR": 2,
        "SOURCE": "MDYZK",
        "_layer_id": "ming_courier_routes",
        "_layer_title": "명대 역참 노선",
        "_source_file": "Ming_Routes_2016.shp",
        "_source_crs": "EPSG:4326"
      }
    },
    {
      "type": "Feature",
      "geometry": {
        "type": "LineString",
        "coordinates": [
          [
            113.9317020000002,
            30.215948000000026
          ],
          [
            113.89557600001926,
            29.97559899998309
          ]
        ]
      },
      "properties": {
        "MAJ_MINOR": 2,
        "SOURCE": "MDYZK",
        "_layer_id": "ming_courier_routes",
        "_layer_title": "명대 역참 노선",
        "_source_file": "Ming_Routes_2016.shp",
        "_source_crs": "EPSG:4326"
      }
    },
    {
      "type": "Feature",
      "geometry": {
        "type": "LineString",
        "coordinates": [
          [
            113.89557600001926,
            29.97559899998309
          ],
          [
            113.6248700000001,
            29.87923200000006
          ]
        ]
      },
      "properties": {
        "MAJ_MINOR": 2,
        "SOURCE": "MDYZK",
        "_layer_id": "ming_courier_routes",
        "_layer_title": "명대 역참 노선",
        "_source_file": "Ming_Routes_2016.shp",
        "_source_crs": "EPSG:4326"
      }
    },
    {
      "type": "Feature",
      "geometry": {
        "type": "LineString",
        "coordinates": [
          [
            113.6248700000001,
            29.87923200000006
          ],
          [
            113.2928695678711,
            29.58813858032238
          ]
        ]
      },
      "properties": {
        "MAJ_MINOR": 2,
        "SOURCE": "MDYZK",
        "_layer_id": "ming_courier_routes",
        "_layer_title": "명대 역참 노선",
        "_source_file": "Ming_Routes_2016.shp",
        "_source_crs": "EPSG:4326"
      }
    },
    {
      "type": "Feature",
      "geometry": {
        "type": "LineString",
        "coordinates": [
          [
            114.2716220000002,
            29.892479000000094
          ],
          [
            114.08427400000016,
            29.807217000000094
          ]
        ]
      },
      "properties": {
        "MAJ_MINOR": 1,
        "SOURCE": "MDYZK",
        "_layer_id": "ming_courier_routes",
        "_layer_title": "명대 역참 노선",
        "_source_file": "Ming_Routes_2016.shp",
        "_source_crs": "EPSG:4326"
      }
    },
    {
      "type": "Feature",
      "geometry": {
        "type": "LineString",
        "coordinates": [
          [
            113.78333282470703,
            29.63333320617687
          ],
          [
            113.70691,
            29.530635000000075
          ]
        ]
      },
      "properties": {
        "MAJ_MINOR": 1,
        "SOURCE": "MDYZK",
        "_layer_id": "ming_courier_routes",
        "_layer_title": "명대 역참 노선",
        "_source_file": "Ming_Routes_2016.shp",
        "_source_crs": "EPSG:4326"
      }
    },
    {
      "type": "Feature",
      "geometry": {
        "type": "LineString",
        "coordinates": [
          [
            113.44913500000668,
            29.47324899999402
          ],
          [
            113.2631530000042,
            29.47304899999623
          ]
        ]
      },
      "properties": {
        "MAJ_MINOR": 1,
        "SOURCE": "MDYZK",
        "_layer_id": "ming_courier_routes",
        "_layer_title": "명대 역참 노선",
        "_source_file": "Ming_Routes_2016.shp",
        "_source_crs": "EPSG:4326"
      }
    },
    {
      "type": "Feature",
      "geometry": {
        "type": "LineString",
        "coordinates": [
          [
            114.40242799999999,
            30.353405000000123
          ],
          [
            114.34384900000009,
            30.093018000000143
          ]
        ]
      },
      "properties": {
        "MAJ_MINOR": 1,
        "SOURCE": "MDYZK",
        "_layer_id": "ming_courier_routes",
        "_layer_title": "명대 역참 노선",
        "_source_file": "Ming_Routes_2016.shp",
        "_source_crs": "EPSG:4326"
      }
    },
    {
      "type": "Feature",
      "geometry": {
        "type": "LineString",
        "coordinates": [
          [
            114.34384900000009,
            30.093018000000143
          ],
          [
            114.2716220000001,
            29.892479000000094
          ]
        ]
      },
      "properties": {
        "MAJ_MINOR": 1,
        "SOURCE": "MDYZK",
        "_layer_id": "ming_courier_routes",
        "_layer_title": "명대 역참 노선",
        "_source_file": "Ming_Routes_2016.shp",
        "_source_crs": "EPSG:4326"
      }
    },
    {
      "type": "Feature",
      "geometry": {
        "type": "LineString",
        "coordinates": [
          [
            113.26284800000008,
            28.962378000000115
          ],
          [
            112.88029479980469,
            28.676210403442496
          ]
        ]
      },
      "properties": {
        "MAJ_MINOR": 1,
        "SOURCE": "MDYZK",
        "_layer_id": "ming_courier_routes",
        "_layer_title": "명대 역참 노선",
        "_source_file": "Ming_Routes_2016.shp",
        "_source_crs": "EPSG:4326"
      }
    },
    {
      "type": "Feature",
      "geometry": {
        "type": "LineString",
        "coordinates": [
          [
            112.88029479980469,
            28.676210403442496
          ],
          [
            112.78163100000017,
            28.462364000000093
          ]
        ]
      },
      "properties": {
        "MAJ_MINOR": 1,
        "SOURCE": "MDYZK",
        "_layer_id": "ming_courier_routes",
        "_layer_title": "명대 역참 노선",
        "_source_file": "Ming_Routes_2016.shp",
        "_source_crs": "EPSG:4326"
      }
    },
    {
      "type": "Feature",
      "geometry": {
        "type": "LineString",
        "coordinates": [
          [
            112.78163100000017,
            28.462364000000093
          ],
          [
            112.97813415527355,
            28.198198318481502
          ]
        ]
      },
      "properties": {
        "MAJ_MINOR": 1,
        "SOURCE": "MDYZK",
        "_layer_id": "ming_courier_routes",
        "_layer_title": "명대 역참 노선",
        "_source_file": "Ming_Routes_2016.shp",
        "_source_crs": "EPSG:4326"
      }
    },
    {
      "type": "Feature",
      "geometry": {
        "type": "LineString",
        "coordinates": [
          [
            112.88561459881646,
            27.38251119971619
          ],
          [
            113.09693100000273,
            27.612941999998053
          ]
        ]
      },
      "properties": {
        "MAJ_MINOR": 1,
        "SOURCE": "MDYZK",
        "_layer_id": "ming_courier_routes",
        "_layer_title": "명대 역참 노선",
        "_source_file": "Ming_Routes_2016.shp",
        "_source_crs": "EPSG:4326"
      }
    },
    {
      "type": "Feature",
      "geometry": {
        "type": "LineString",
        "coordinates": [
          [
            113.09693100000274,
            27.61294199999806
          ],
          [
            113.14752200000318,
            27.710633999997746
          ]
        ]
      },
      "properties": {
        "MAJ_MINOR": 1,
        "SOURCE": "MDYZK",
        "_layer_id": "ming_courier_routes",
        "_layer_title": "명대 역참 노선",
        "_source_file": "Ming_Routes_2016.shp",
        "_source_crs": "EPSG:4326"
      }
    },
    {
      "type": "Feature",
      "geometry": {
        "type": "LineString",
        "coordinates": [
          [
            113.14752200000318,
            27.71063399999775
          ],
          [
            113.15000899999995,
            27.852555999999993
          ]
        ]
      },
      "properties": {
        "MAJ_MINOR": 1,
        "SOURCE": "MDYZK",
        "_layer_id": "ming_courier_routes",
        "_layer_title": "명대 역참 노선",
        "_source_file": "Ming_Routes_2016.shp",
        "_source_crs": "EPSG:4326"
      }
    },
    {
      "type": "Feature",
      "geometry": {
        "type": "LineString",
        "coordinates": [
          [
            113.14925887826246,
            27.84888555685893
          ],
          [
            112.91126251220703,
            27.872697830200195
          ]
        ]
      },
      "properties": {
        "MAJ_MINOR": 1,
        "SOURCE": "MDYZK",
        "_layer_id": "ming_courier_routes",
        "_layer_title": "명대 역참 노선",
        "_source_file": "Ming_Routes_2016.shp",
        "_source_crs": "EPSG:4326"
      }
    },
    {
      "type": "Feature",
      "geometry": {
        "type": "LineString",
        "coordinates": [
          [
            112.59703826904308,
            26.9016170501709
          ],
          [
            112.22751100000005,
            26.792783000000156
          ]
        ]
      },
      "properties": {
        "MAJ_MINOR": 1,
        "SOURCE": "MDYZK",
        "_layer_id": "ming_courier_routes",
        "_layer_title": "명대 역참 노선",
        "_source_file": "Ming_Routes_2016.shp",
        "_source_crs": "EPSG:4326"
      }
    },
    {
      "type": "Feature",
      "geometry": {
        "type": "LineString",
        "coordinates": [
          [
            111.85589599609375,
            26.59169197082514
          ],
          [
            111.58422800000005,
            26.443543000000034
          ]
        ]
      },
      "properties": {
        "MAJ_MINOR": 1,
        "SOURCE": null,
        "_layer_id": "ming_courier_routes",
        "_layer_title": "명대 역참 노선",
        "_source_file": "Ming_Routes_2016.shp",
        "_source_crs": "EPSG:4326"
      }
    },
    {
      "type": "Feature",
      "geometry": {
        "type": "LineString",
        "coordinates": [
          [
            111.33948500000002,
            28.706287000000145
          ],
          [
            111.1179410000002,
            28.63705500000009
          ]
        ]
      },
      "properties": {
        "MAJ_MINOR": 1,
        "SOURCE": "MDYZK",
        "_layer_id": "ming_courier_routes",
        "_layer_title": "명대 역참 노선",
        "_source_file": "Ming_Routes_2016.shp",
        "_source_crs": "EPSG:4326"
      }
    },
    {
      "type": "Feature",
      "geometry": {
        "type": "LineString",
        "coordinates": [
          [
            111.1179410000002,
            28.63705500000009
          ],
          [
            110.39696502685547,
            28.458190917968693
          ]
        ]
      },
      "properties": {
        "MAJ_MINOR": 1,
        "SOURCE": "MDYZK",
        "_layer_id": "ming_courier_routes",
        "_layer_title": "명대 역참 노선",
        "_source_file": "Ming_Routes_2016.shp",
        "_source_crs": "EPSG:4326"
      }
    },
    {
      "type": "Feature",
      "geometry": {
        "type": "LineString",
        "coordinates": [
          [
            110.49301900000012,
            28.63850800000006
          ],
          [
            110.39696502685547,
            28.458190917968693
          ]
        ]
      },
      "properties": {
        "MAJ_MINOR": 2,
        "SOURCE": "MDYZK",
        "_layer_id": "ming_courier_routes",
        "_layer_title": "명대 역참 노선",
        "_source_file": "Ming_Routes_2016.shp",
        "_source_crs": "EPSG:4326"
      }
    },
    {
      "type": "Feature",
      "geometry": {
        "type": "LineString",
        "coordinates": [
          [
            112.15586199999996,
            32.02028300000012
          ],
          [
            111.645805,
            32.26936000000006
          ]
        ]
      },
      "properties": {
        "MAJ_MINOR": 2,
        "SOURCE": "MDYZK",
        "_layer_id": "ming_courier_routes",
        "_layer_title": "명대 역참 노선",
        "_source_file": "Ming_Routes_2016.shp",
        "_source_crs": "EPSG:4326"
      }
    },
    {
      "type": "Feature",
      "geometry": {
        "type": "LineString",
        "coordinates": [
          [
            111.16908575748636,
            32.671905762263805
          ],
          [
            110.81398800000011,
            32.833740000000034
          ]
        ]
      },
      "properties": {
        "MAJ_MINOR": 2,
        "SOURCE": "MDYZK",
        "_layer_id": "ming_courier_routes",
        "_layer_title": "명대 역참 노선",
        "_source_file": "Ming_Routes_2016.shp",
        "_source_crs": "EPSG:4326"
      }
    },
    {
      "type": "Feature",
      "geometry": {
        "type": "LineString",
        "coordinates": [
          [
            111.645805,
            32.26936000000006
          ],
          [
            111.16557,
            32.66815300000002
          ]
        ]
      },
      "properties": {
        "MAJ_MINOR": 2,
        "SOURCE": "MDYZK",
        "_layer_id": "ming_courier_routes",
        "_layer_title": "명대 역참 노선",
        "_source_file": "Ming_Routes_2016.shp",
        "_source_crs": "EPSG:4326"
      }
    },
    {
      "type": "Feature",
      "geometry": {
        "type": "LineString",
        "coordinates": [
          [
            111.75698852539068,
            29.640151977539176
          ],
          [
            112.05668400000002,
            29.39305500000006
          ]
        ]
      },
      "properties": {
        "MAJ_MINOR": 2,
        "SOURCE": "MDYZK",
        "_layer_id": "ming_courier_routes",
        "_layer_title": "명대 역참 노선",
        "_source_file": "Ming_Routes_2016.shp",
        "_source_crs": "EPSG:4326"
      }
    },
    {
      "type": "Feature",
      "geometry": {
        "type": "LineString",
        "coordinates": [
          [
            112.8959580000014,
            29.5416549999985
          ],
          [
            113.15004000000312,
            29.433778999997187
          ]
        ]
      },
      "properties": {
        "MAJ_MINOR": 2,
        "SOURCE": "MDYZK",
        "_layer_id": "ming_courier_routes",
        "_layer_title": "명대 역참 노선",
        "_source_file": "Ming_Routes_2016.shp",
        "_source_crs": "EPSG:4326"
      }
    },
    {
      "type": "Feature",
      "geometry": {
        "type": "LineString",
        "coordinates": [
          [
            112.80684345551822,
            29.728358748591575
          ],
          [
            112.90025300000013,
            29.81575800000013
          ]
        ]
      },
      "properties": {
        "MAJ_MINOR": 2,
        "SOURCE": "MDYZK",
        "_layer_id": "ming_courier_routes",
        "_layer_title": "명대 역참 노선",
        "_source_file": "Ming_Routes_2016.shp",
        "_source_crs": "EPSG:4326"
      }
    },
    {
      "type": "Feature",
      "geometry": {
        "type": "LineString",
        "coordinates": [
          [
            112.40590427603581,
            29.718840904568253
          ],
          [
            112.80865593477392,
            29.730781332685297
          ]
        ]
      },
      "properties": {
        "MAJ_MINOR": 2,
        "SOURCE": "MDYZK",
        "_layer_id": "ming_courier_routes",
        "_layer_title": "명대 역참 노선",
        "_source_file": "Ming_Routes_2016.shp",
        "_source_crs": "EPSG:4326"
      }
    },
    {
      "type": "Feature",
      "geometry": {
        "type": "LineString",
        "coordinates": [
          [
            112.22648600000008,
            30.05753299999959
          ],
          [
            112.40646400000003,
            29.724310000000116
          ]
        ]
      },
      "properties": {
        "MAJ_MINOR": 2,
        "SOURCE": "MDYZK",
        "_layer_id": "ming_courier_routes",
        "_layer_title": "명대 역참 노선",
        "_source_file": "Ming_Routes_2016.shp",
        "_source_crs": "EPSG:4326"
      }
    },
    {
      "type": "Feature",
      "geometry": {
        "type": "LineString",
        "coordinates": [
          [
            104.10787200927734,
            35.846820831299055
          ],
          [
            104.00359300000014,
            35.974228000000494
          ]
        ]
      },
      "properties": {
        "MAJ_MINOR": 2,
        "SOURCE": null,
        "_layer_id": "ming_courier_routes",
        "_layer_title": "명대 역참 노선",
        "_source_file": "Ming_Routes_2016.shp",
        "_source_crs": "EPSG:4326"
      }
    },
    {
      "type": "Feature",
      "geometry": {
        "type": "LineString",
        "coordinates": [
          [
            103.84713745117199,
            36.04703140258812
          ],
          [
            103.61776900000018,
            36.153359000000364
          ]
        ]
      },
      "properties": {
        "MAJ_MINOR": 2,
        "SOURCE": "MDYZK",
        "_layer_id": "ming_courier_routes",
        "_layer_title": "명대 역참 노선",
        "_source_file": "Ming_Routes_2016.shp",
        "_source_crs": "EPSG:4326"
      }
    },
    {
      "type": "Feature",
      "geometry": {
        "type": "LineString",
        "coordinates": [
          [
            103.61776900000018,
            36.153359000000364
          ],
          [
            103.424869,
            36.25198800000021
          ]
        ]
      },
      "properties": {
        "MAJ_MINOR": 2,
        "SOURCE": "MDYZK",
        "_layer_id": "ming_courier_routes",
        "_layer_title": "명대 역참 노선",
        "_source_file": "Ming_Routes_2016.shp",
        "_source_crs": "EPSG:4326"
      }
    },
    {
      "type": "Feature",
      "geometry": {
        "type": "LineString",
        "coordinates": [
          [
            103.41084936089572,
            36.266178616340085
          ],
          [
            103.38703200000015,
            36.469891000000416
          ]
        ]
      },
      "properties": {
        "MAJ_MINOR": 2,
        "SOURCE": "MDYZK",
        "_layer_id": "ming_courier_routes",
        "_layer_title": "명대 역참 노선",
        "_source_file": "Ming_Routes_2016.shp",
        "_source_crs": "EPSG:4326"
      }
    },
    {
      "type": "Feature",
      "geometry": {
        "type": "LineString",
        "coordinates": [
          [
            103.38703200000018,
            36.46989100000043
          ],
          [
            103.25861399999991,
            36.73699600000032
          ]
        ]
      },
      "properties": {
        "MAJ_MINOR": 2,
        "SOURCE": "MDYZK",
        "_layer_id": "ming_courier_routes",
        "_layer_title": "명대 역참 노선",
        "_source_file": "Ming_Routes_2016.shp",
        "_source_crs": "EPSG:4326"
      }
    },
    {
      "type": "Feature",
      "geometry": {
        "type": "LineString",
        "coordinates": [
          [
            103.25861399999991,
            36.73699600000032
          ],
          [
            103.15778400000016,
            36.880150000000185
          ]
        ]
      },
      "properties": {
        "MAJ_MINOR": 2,
        "SOURCE": "MDYZK",
        "_layer_id": "ming_courier_routes",
        "_layer_title": "명대 역참 노선",
        "_source_file": "Ming_Routes_2016.shp",
        "_source_crs": "EPSG:4326"
      }
    },
    {
      "type": "Feature",
      "geometry": {
        "type": "LineString",
        "coordinates": [
          [
            103.1577840000002,
            36.88015000000018
          ],
          [
            103.07923200000005,
            37.023572000000286
          ]
        ]
      },
      "properties": {
        "MAJ_MINOR": 2,
        "SOURCE": "MDYZK",
        "_layer_id": "ming_courier_routes",
        "_layer_title": "명대 역참 노선",
        "_source_file": "Ming_Routes_2016.shp",
        "_source_crs": "EPSG:4326"
      }
    },
    {
      "type": "Feature",
      "geometry": {
        "type": "LineString",
        "coordinates": [
          [
            103.07923200000005,
            37.023572000000286
          ],
          [
            102.85546401855,
            37.1607509850682
          ]
        ]
      },
      "properties": {
        "MAJ_MINOR": 2,
        "SOURCE": "MDYZK",
        "_layer_id": "ming_courier_routes",
        "_layer_title": "명대 역참 노선",
        "_source_file": "Ming_Routes_2016.shp",
        "_source_crs": "EPSG:4326"
      }
    },
    {
      "type": "Feature",
      "geometry": {
        "type": "LineString",
        "coordinates": [
          [
            102.85546401855,
            37.1607509850682
          ],
          [
            102.90318301798042,
            37.35618598534827
          ]
        ]
      },
      "properties": {
        "MAJ_MINOR": 2,
        "SOURCE": "MDYZK",
        "_layer_id": "ming_courier_routes",
        "_layer_title": "명대 역참 노선",
        "_source_file": "Ming_Routes_2016.shp",
        "_source_crs": "EPSG:4326"
      }
    },
    {
      "type": "Feature",
      "geometry": {
        "type": "LineString",
        "coordinates": [
          [
            102.90318301798037,
            37.356185985348276
          ],
          [
            102.8808820000001,
            37.46398900000008
          ]
        ]
      },
      "properties": {
        "MAJ_MINOR": 2,
        "SOURCE": "MDYZK",
        "_layer_id": "ming_courier_routes",
        "_layer_title": "명대 역참 노선",
        "_source_file": "Ming_Routes_2016.shp",
        "_source_crs": "EPSG:4326"
      }
    },
    {
      "type": "Feature",
      "geometry": {
        "type": "LineString",
        "coordinates": [
          [
            102.8808820000001,
            37.46398900000008
          ],
          [
            102.83306102097492,
            37.66916298427766
          ]
        ]
      },
      "properties": {
        "MAJ_MINOR": 2,
        "SOURCE": "MDYZK",
        "_layer_id": "ming_courier_routes",
        "_layer_title": "명대 역참 노선",
        "_source_file": "Ming_Routes_2016.shp",
        "_source_crs": "EPSG:4326"
      }
    },
    {
      "type": "Feature",
      "geometry": {
        "type": "LineString",
        "coordinates": [
          [
            102.83306102097497,
            37.66916298427766
          ],
          [
            102.74625002433214,
            37.850089983108134
          ]
        ]
      },
      "properties": {
        "MAJ_MINOR": 2,
        "SOURCE": "MDYZK",
        "_layer_id": "ming_courier_routes",
        "_layer_title": "명대 역참 노선",
        "_source_file": "Ming_Routes_2016.shp",
        "_source_crs": "EPSG:4326"
      }
    },
    {
      "type": "Feature",
      "geometry": {
        "type": "LineString",
        "coordinates": [
          [
            102.74625002433214,
            37.85008998310814
          ],
          [
            102.63469700000013,
            37.926918000000114
          ]
        ]
      },
      "properties": {
        "MAJ_MINOR": 2,
        "SOURCE": "MDYZK",
        "_layer_id": "ming_courier_routes",
        "_layer_title": "명대 역참 노선",
        "_source_file": "Ming_Routes_2016.shp",
        "_source_crs": "EPSG:4326"
      }
    },
    {
      "type": "Feature",
      "geometry": {
        "type": "LineString",
        "coordinates": [
          [
            102.6346970000001,
            37.92691800000012
          ],
          [
            102.44750213623053,
            38.071388244629134
          ]
        ]
      },
      "properties": {
        "MAJ_MINOR": 2,
        "SOURCE": "MDYZK",
        "_layer_id": "ming_courier_routes",
        "_layer_title": "명대 역참 노선",
        "_source_file": "Ming_Routes_2016.shp",
        "_source_crs": "EPSG:4326"
      }
    },
    {
      "type": "Feature",
      "geometry": {
        "type": "LineString",
        "coordinates": [
          [
            102.44750213623047,
            38.07138824462894
          ],
          [
            102.28348504584851,
            38.13257597671698
          ]
        ]
      },
      "properties": {
        "MAJ_MINOR": 2,
        "SOURCE": "MDYZK",
        "_layer_id": "ming_courier_routes",
        "_layer_title": "명대 역참 노선",
        "_source_file": "Ming_Routes_2016.shp",
        "_source_crs": "EPSG:4326"
      }
    },
    {
      "type": "Feature",
      "geometry": {
        "type": "LineString",
        "coordinates": [
          [
            102.28348504584851,
            38.13257597671698
          ],
          [
            101.96912400000002,
            38.246647000000166
          ]
        ]
      },
      "properties": {
        "MAJ_MINOR": 2,
        "SOURCE": "MDYZK",
        "_layer_id": "ming_courier_routes",
        "_layer_title": "명대 역참 노선",
        "_source_file": "Ming_Routes_2016.shp",
        "_source_crs": "EPSG:4326"
      }
    },
    {
      "type": "Feature",
      "geometry": {
        "type": "LineString",
        "coordinates": [
          [
            101.96912400000004,
            38.24664700000015
          ],
          [
            101.65008700000021,
            38.37493900000004
          ]
        ]
      },
      "properties": {
        "MAJ_MINOR": 2,
        "SOURCE": "MDYZK",
        "_layer_id": "ming_courier_routes",
        "_layer_title": "명대 역참 노선",
        "_source_file": "Ming_Routes_2016.shp",
        "_source_crs": "EPSG:4326"
      }
    },
    {
      "type": "Feature",
      "geometry": {
        "type": "LineString",
        "coordinates": [
          [
            101.65008700000006,
            38.37493900000006
          ],
          [
            101.41075000000023,
            38.507881000000225
          ]
        ]
      },
      "properties": {
        "MAJ_MINOR": 2,
        "SOURCE": "MDYZK",
        "_layer_id": "ming_courier_routes",
        "_layer_title": "명대 역참 노선",
        "_source_file": "Ming_Routes_2016.shp",
        "_source_crs": "EPSG:4326"
      }
    },
    {
      "type": "Feature",
      "geometry": {
        "type": "LineString",
        "coordinates": [
          [
            101.41075000000023,
            38.507881000000225
          ],
          [
            101.08795900000001,
            38.78110500000025
          ]
        ]
      },
      "properties": {
        "MAJ_MINOR": 2,
        "SOURCE": "MDYZK",
        "_layer_id": "ming_courier_routes",
        "_layer_title": "명대 역참 노선",
        "_source_file": "Ming_Routes_2016.shp",
        "_source_crs": "EPSG:4326"
      }
    },
    {
      "type": "Feature",
      "geometry": {
        "type": "LineString",
        "coordinates": [
          [
            101.08795900000001,
            38.78110500000025
          ],
          [
            100.6788019999999,
            38.88661600000023
          ]
        ]
      },
      "properties": {
        "MAJ_MINOR": 2,
        "SOURCE": "MDYZK",
        "_layer_id": "ming_courier_routes",
        "_layer_title": "명대 역참 노선",
        "_source_file": "Ming_Routes_2016.shp",
        "_source_crs": "EPSG:4326"
      }
    },
    {
      "type": "Feature",
      "geometry": {
        "type": "LineString",
        "coordinates": [
          [
            100.6788019999999,
            38.88661600000023
          ],
          [
            100.44992100000002,
            38.93311300000005
          ]
        ]
      },
      "properties": {
        "MAJ_MINOR": 2,
        "SOURCE": "MDYZK",
        "_layer_id": "ming_courier_routes",
        "_layer_title": "명대 역참 노선",
        "_source_file": "Ming_Routes_2016.shp",
        "_source_crs": "EPSG:4326"
      }
    },
    {
      "type": "Feature",
      "geometry": {
        "type": "LineString",
        "coordinates": [
          [
            100.44992100000002,
            38.93311300000005
          ],
          [
            99.82028200000013,
            39.38121800000022
          ]
        ]
      },
      "properties": {
        "MAJ_MINOR": 2,
        "SOURCE": "MDYZK",
        "_layer_id": "ming_courier_routes",
        "_layer_title": "명대 역참 노선",
        "_source_file": "Ming_Routes_2016.shp",
        "_source_crs": "EPSG:4326"
      }
    },
    {
      "type": "Feature",
      "geometry": {
        "type": "LineString",
        "coordinates": [
          [
            99.82028200000013,
            39.38121800000022
          ],
          [
            99.5272448614448,
            39.75958790202297
          ]
        ]
      },
      "properties": {
        "MAJ_MINOR": 2,
        "SOURCE": "MDYZK",
        "_layer_id": "ming_courier_routes",
        "_layer_title": "명대 역참 노선",
        "_source_file": "Ming_Routes_2016.shp",
        "_source_crs": "EPSG:4326"
      }
    },
    {
      "type": "Feature",
      "geometry": {
        "type": "LineString",
        "coordinates": [
          [
            99.5272448614448,
            39.75958790202297
          ],
          [
            98.5113581760316,
            39.75440944896588
          ]
        ]
      },
      "properties": {
        "MAJ_MINOR": 2,
        "SOURCE": "MDYZK",
        "_layer_id": "ming_courier_routes",
        "_layer_title": "명대 역참 노선",
        "_source_file": "Ming_Routes_2016.shp",
        "_source_crs": "EPSG:4326"
      }
    },
    {
      "type": "Feature",
      "geometry": {
        "type": "LineString",
        "coordinates": [
          [
            98.5113581760316,
            39.75440944896588
          ],
          [
            98.2197294527081,
            39.81125287147674
          ]
        ]
      },
      "properties": {
        "MAJ_MINOR": 2,
        "SOURCE": "MDYZK",
        "_layer_id": "ming_courier_routes",
        "_layer_title": "명대 역참 노선",
        "_source_file": "Ming_Routes_2016.shp",
        "_source_crs": "EPSG:4326"
      }
    },
    {
      "type": "Feature",
      "geometry": {
        "type": "LineString",
        "coordinates": [
          [
            109.848999,
            37.98862099999775
          ],
          [
            109.75386800000007,
            38.29470799999761
          ]
        ]
      },
      "properties": {
        "MAJ_MINOR": 2,
        "SOURCE": "MDYZK",
        "_layer_id": "ming_courier_routes",
        "_layer_title": "명대 역참 노선",
        "_source_file": "Ming_Routes_2016.shp",
        "_source_crs": "EPSG:4326"
      }
    },
    {
      "type": "Feature",
      "geometry": {
        "type": "LineString",
        "coordinates": [
          [
            107.87602200000009,
            36.00516500000026
          ],
          [
            108.01901199998315,
            35.81782899996356
          ]
        ]
      },
      "properties": {
        "MAJ_MINOR": 2,
        "SOURCE": "MDYZK",
        "_layer_id": "ming_courier_routes",
        "_layer_title": "명대 역참 노선",
        "_source_file": "Ming_Routes_2016.shp",
        "_source_crs": "EPSG:4326"
      }
    },
    {
      "type": "Feature",
      "geometry": {
        "type": "LineString",
        "coordinates": [
          [
            106.47856900000016,
            37.27803800000038
          ],
          [
            106.4452589998535,
            37.71522099948385
          ]
        ]
      },
      "properties": {
        "MAJ_MINOR": 2,
        "SOURCE": "MDYZK",
        "_layer_id": "ming_courier_routes",
        "_layer_title": "명대 역참 노선",
        "_source_file": "Ming_Routes_2016.shp",
        "_source_crs": "EPSG:4326"
      }
    },
    {
      "type": "Feature",
      "geometry": {
        "type": "LineString",
        "coordinates": [
          [
            107.51916499995731,
            36.29303699990607
          ],
          [
            107.30432099994064,
            36.573409999863095
          ]
        ]
      },
      "properties": {
        "MAJ_MINOR": 2,
        "SOURCE": "MDYZK",
        "_layer_id": "ming_courier_routes",
        "_layer_title": "명대 역참 노선",
        "_source_file": "Ming_Routes_2016.shp",
        "_source_crs": "EPSG:4326"
      }
    },
    {
      "type": "Feature",
      "geometry": {
        "type": "LineString",
        "coordinates": [
          [
            109.13581099999922,
            35.8871959999965
          ],
          [
            109.0066070000002,
            35.95812599999999
          ]
        ]
      },
      "properties": {
        "MAJ_MINOR": 2,
        "SOURCE": "MDYZK",
        "_layer_id": "ming_courier_routes",
        "_layer_title": "명대 역참 노선",
        "_source_file": "Ming_Routes_2016.shp",
        "_source_crs": "EPSG:4326"
      }
    },
    {
      "type": "Feature",
      "geometry": {
        "type": "LineString",
        "coordinates": [
          [
            108.92140000000018,
            34.617800000000216
          ],
          [
            108.94420623779297,
            34.26660537719749
          ]
        ]
      },
      "properties": {
        "MAJ_MINOR": 2,
        "SOURCE": "MDYZK",
        "_layer_id": "ming_courier_routes",
        "_layer_title": "명대 역참 노선",
        "_source_file": "Ming_Routes_2016.shp",
        "_source_crs": "EPSG:4326"
      }
    },
    {
      "type": "Feature",
      "geometry": {
        "type": "LineString",
        "coordinates": [
          [
            108.97146599999856,
            34.91326899999565
          ],
          [
            108.92140000000006,
            34.617800000000045
          ]
        ]
      },
      "properties": {
        "MAJ_MINOR": 2,
        "SOURCE": "MDYZK",
        "_layer_id": "ming_courier_routes",
        "_layer_title": "명대 역참 노선",
        "_source_file": "Ming_Routes_2016.shp",
        "_source_crs": "EPSG:4326"
      }
    },
    {
      "type": "Feature",
      "geometry": {
        "type": "LineString",
        "coordinates": [
          [
            109.26381700000013,
            35.58947400000011
          ],
          [
            109.11310599999925,
            35.39727799999659
          ]
        ]
      },
      "properties": {
        "MAJ_MINOR": 2,
        "SOURCE": "MDYZK",
        "_layer_id": "ming_courier_routes",
        "_layer_title": "명대 역참 노선",
        "_source_file": "Ming_Routes_2016.shp",
        "_source_crs": "EPSG:4326"
      }
    },
    {
      "type": "Feature",
      "geometry": {
        "type": "LineString",
        "coordinates": [
          [
            109.36716399999978,
            35.995627999997666
          ],
          [
            109.26381700000013,
            35.58947400000011
          ]
        ]
      },
      "properties": {
        "MAJ_MINOR": 2,
        "SOURCE": "MDYZK",
        "_layer_id": "ming_courier_routes",
        "_layer_title": "명대 역참 노선",
        "_source_file": "Ming_Routes_2016.shp",
        "_source_crs": "EPSG:4326"
      }
    },
    {
      "type": "Feature",
      "geometry": {
        "type": "LineString",
        "coordinates": [
          [
            109.46990999999997,
            36.59180800000058
          ],
          [
            109.34457400000014,
            36.27862500000015
          ]
        ]
      },
      "properties": {
        "MAJ_MINOR": 2,
        "SOURCE": "MDYZK",
        "_layer_id": "ming_courier_routes",
        "_layer_title": "명대 역참 노선",
        "_source_file": "Ming_Routes_2016.shp",
        "_source_crs": "EPSG:4326"
      }
    },
    {
      "type": "Feature",
      "geometry": {
        "type": "LineString",
        "coordinates": [
          [
            110.25389999999999,
            37.499700000000075
          ],
          [
            110.15643300000006,
            37.31352199999814
          ]
        ]
      },
      "properties": {
        "MAJ_MINOR": 2,
        "SOURCE": "MDYZK",
        "_layer_id": "ming_courier_routes",
        "_layer_title": "명대 역참 노선",
        "_source_file": "Ming_Routes_2016.shp",
        "_source_crs": "EPSG:4326"
      }
    },
    {
      "type": "Feature",
      "geometry": {
        "type": "LineString",
        "coordinates": [
          [
            111.13420000000008,
            37.51560000000006
          ],
          [
            110.25390000000004,
            37.499700000000075
          ]
        ]
      },
      "properties": {
        "MAJ_MINOR": 2,
        "SOURCE": "MDYZK",
        "_layer_id": "ming_courier_routes",
        "_layer_title": "명대 역참 노선",
        "_source_file": "Ming_Routes_2016.shp",
        "_source_crs": "EPSG:4326"
      }
    },
    {
      "type": "Feature",
      "geometry": {
        "type": "LineString",
        "coordinates": [
          [
            110.18325800000002,
            37.76025800000025
          ],
          [
            109.9347690000001,
            37.96887199999781
          ]
        ]
      },
      "properties": {
        "MAJ_MINOR": 2,
        "SOURCE": "MDYZK",
        "_layer_id": "ming_courier_routes",
        "_layer_title": "명대 역참 노선",
        "_source_file": "Ming_Routes_2016.shp",
        "_source_crs": "EPSG:4326"
      }
    },
    {
      "type": "Feature",
      "geometry": {
        "type": "LineString",
        "coordinates": [
          [
            111.47000000000008,
            37.42920000000004
          ],
          [
            111.13420000000008,
            37.51560000000006
          ]
        ]
      },
      "properties": {
        "MAJ_MINOR": 2,
        "SOURCE": "MDYZK",
        "_layer_id": "ming_courier_routes",
        "_layer_title": "명대 역참 노선",
        "_source_file": "Ming_Routes_2016.shp",
        "_source_crs": "EPSG:4326"
      }
    },
    {
      "type": "Feature",
      "geometry": {
        "type": "LineString",
        "coordinates": [
          [
            111.77750000000009,
            37.26470000000006
          ],
          [
            111.47000000000008,
            37.42920000000004
          ]
        ]
      },
      "properties": {
        "MAJ_MINOR": 2,
        "SOURCE": "MDYZK",
        "_layer_id": "ming_courier_routes",
        "_layer_title": "명대 역참 노선",
        "_source_file": "Ming_Routes_2016.shp",
        "_source_crs": "EPSG:4326"
      }
    },
    {
      "type": "Feature",
      "geometry": {
        "type": "LineString",
        "coordinates": [
          [
            112.21679687499989,
            37.28424835205101
          ],
          [
            111.7775000000002,
            37.26469999999995
          ]
        ]
      },
      "properties": {
        "MAJ_MINOR": 2,
        "SOURCE": "MDYZK",
        "_layer_id": "ming_courier_routes",
        "_layer_title": "명대 역참 노선",
        "_source_file": "Ming_Routes_2016.shp",
        "_source_crs": "EPSG:4326"
      }
    },
    {
      "type": "Feature",
      "geometry": {
        "type": "LineString",
        "coordinates": [
          [
            109.34457400000014,
            36.27862500000015
          ],
          [
            109.36716399999978,
            35.995627999997666
          ]
        ]
      },
      "properties": {
        "MAJ_MINOR": 2,
        "SOURCE": "MDYZK",
        "_layer_id": "ming_courier_routes",
        "_layer_title": "명대 역참 노선",
        "_source_file": "Ming_Routes_2016.shp",
        "_source_crs": "EPSG:4326"
      }
    },
    {
      "type": "Feature",
      "geometry": {
        "type": "LineString",
        "coordinates": [
          [
            110.15643300000006,
            37.31352199999814
          ],
          [
            110.12570200000006,
            37.09661899999821
          ]
        ]
      },
      "properties": {
        "MAJ_MINOR": 2,
        "SOURCE": "MDYZK",
        "_layer_id": "ming_courier_routes",
        "_layer_title": "명대 역참 노선",
        "_source_file": "Ming_Routes_2016.shp",
        "_source_crs": "EPSG:4326"
      }
    },
    {
      "type": "Feature",
      "geometry": {
        "type": "LineString",
        "coordinates": [
          [
            110.12570200000006,
            37.09661899999821
          ],
          [
            110.06559800000001,
            36.8748399999983
          ]
        ]
      },
      "properties": {
        "MAJ_MINOR": 2,
        "SOURCE": "MDYZK",
        "_layer_id": "ming_courier_routes",
        "_layer_title": "명대 역참 노선",
        "_source_file": "Ming_Routes_2016.shp",
        "_source_crs": "EPSG:4326"
      }
    },
    {
      "type": "Feature",
      "geometry": {
        "type": "LineString",
        "coordinates": [
          [
            110.06559800000001,
            36.87483999999828
          ],
          [
            109.811584,
            36.712798999998235
          ]
        ]
      },
      "properties": {
        "MAJ_MINOR": 2,
        "SOURCE": "MDYZK",
        "_layer_id": "ming_courier_routes",
        "_layer_title": "명대 역참 노선",
        "_source_file": "Ming_Routes_2016.shp",
        "_source_crs": "EPSG:4326"
      }
    },
    {
      "type": "Feature",
      "geometry": {
        "type": "LineString",
        "coordinates": [
          [
            109.811584,
            36.712798999998235
          ],
          [
            109.46990999999997,
            36.59180800000058
          ]
        ]
      },
      "properties": {
        "MAJ_MINOR": 2,
        "SOURCE": "MDYZK",
        "_layer_id": "ming_courier_routes",
        "_layer_title": "명대 역참 노선",
        "_source_file": "Ming_Routes_2016.shp",
        "_source_crs": "EPSG:4326"
      }
    },
    {
      "type": "Feature",
      "geometry": {
        "type": "LineString",
        "coordinates": [
          [
            109.11310599999919,
            35.39727799999655
          ],
          [
            108.97146599999856,
            34.913268999995644
          ]
        ]
      },
      "properties": {
        "MAJ_MINOR": 2,
        "SOURCE": "MDYZK",
        "_layer_id": "ming_courier_routes",
        "_layer_title": "명대 역참 노선",
        "_source_file": "Ming_Routes_2016.shp",
        "_source_crs": "EPSG:4326"
      }
    },
    {
      "type": "Feature",
      "geometry": {
        "type": "LineString",
        "coordinates": [
          [
            108.32706799999994,
            36.08201700000018
          ],
          [
            107.87602200000009,
            36.00516500000026
          ]
        ]
      },
      "properties": {
        "MAJ_MINOR": 2,
        "SOURCE": "MDYZK",
        "_layer_id": "ming_courier_routes",
        "_layer_title": "명대 역참 노선",
        "_source_file": "Ming_Routes_2016.shp",
        "_source_crs": "EPSG:4326"
      }
    },
    {
      "type": "Feature",
      "geometry": {
        "type": "LineString",
        "coordinates": [
          [
            108.67740199999997,
            36.12025900000026
          ],
          [
            108.32706799999994,
            36.08201700000018
          ]
        ]
      },
      "properties": {
        "MAJ_MINOR": 2,
        "SOURCE": "MDYZK",
        "_layer_id": "ming_courier_routes",
        "_layer_title": "명대 역참 노선",
        "_source_file": "Ming_Routes_2016.shp",
        "_source_crs": "EPSG:4326"
      }
    },
    {
      "type": "Feature",
      "geometry": {
        "type": "LineString",
        "coordinates": [
          [
            109.0066070000002,
            35.95812599999999
          ],
          [
            108.67740199999997,
            36.12025900000026
          ]
        ]
      },
      "properties": {
        "MAJ_MINOR": 2,
        "SOURCE": "MDYZK",
        "_layer_id": "ming_courier_routes",
        "_layer_title": "명대 역참 노선",
        "_source_file": "Ming_Routes_2016.shp",
        "_source_crs": "EPSG:4326"
      }
    },
    {
      "type": "Feature",
      "geometry": {
        "type": "LineString",
        "coordinates": [
          [
            109.36716399999982,
            35.995627999997666
          ],
          [
            109.13581099999922,
            35.8871959999965
          ]
        ]
      },
      "properties": {
        "MAJ_MINOR": 2,
        "SOURCE": "MDYZK",
        "_layer_id": "ming_courier_routes",
        "_layer_title": "명대 역참 노선",
        "_source_file": "Ming_Routes_2016.shp",
        "_source_crs": "EPSG:4326"
      }
    },
    {
      "type": "Feature",
      "geometry": {
        "type": "LineString",
        "coordinates": [
          [
            107.93046600000002,
            35.50142700000015
          ],
          [
            107.789321899414,
            35.20544052124069
          ]
        ]
      },
      "properties": {
        "MAJ_MINOR": 2,
        "SOURCE": "MDYZK",
        "_layer_id": "ming_courier_routes",
        "_layer_title": "명대 역참 노선",
        "_source_file": "Ming_Routes_2016.shp",
        "_source_crs": "EPSG:4326"
      }
    },
    {
      "type": "Feature",
      "geometry": {
        "type": "LineString",
        "coordinates": [
          [
            108.01901199998319,
            35.81782899996355
          ],
          [
            107.93046600000002,
            35.50142700000015
          ]
        ]
      },
      "properties": {
        "MAJ_MINOR": 2,
        "SOURCE": "MDYZK",
        "_layer_id": "ming_courier_routes",
        "_layer_title": "명대 역참 노선",
        "_source_file": "Ming_Routes_2016.shp",
        "_source_crs": "EPSG:4326"
      }
    },
    {
      "type": "Feature",
      "geometry": {
        "type": "LineString",
        "coordinates": [
          [
            107.87602200000009,
            36.00516500000026
          ],
          [
            107.6402740478515,
            36.217220306396484
          ]
        ]
      },
      "properties": {
        "MAJ_MINOR": 2,
        "SOURCE": "MDYZK",
        "_layer_id": "ming_courier_routes",
        "_layer_title": "명대 역참 노선",
        "_source_file": "Ming_Routes_2016.shp",
        "_source_crs": "EPSG:4326"
      }
    },
    {
      "type": "Feature",
      "geometry": {
        "type": "LineString",
        "coordinates": [
          [
            107.6402740478515,
            36.217220306396484
          ],
          [
            107.51916499995731,
            36.29303699990607
          ]
        ]
      },
      "properties": {
        "MAJ_MINOR": 2,
        "SOURCE": "MDYZK",
        "_layer_id": "ming_courier_routes",
        "_layer_title": "명대 역참 노선",
        "_source_file": "Ming_Routes_2016.shp",
        "_source_crs": "EPSG:4326"
      }
    },
    {
      "type": "Feature",
      "geometry": {
        "type": "LineString",
        "coordinates": [
          [
            107.30432100000002,
            36.57341000000001
          ],
          [
            106.47856900000015,
            37.27803800000038
          ]
        ]
      },
      "properties": {
        "MAJ_MINOR": 2,
        "SOURCE": "MDYZK",
        "_layer_id": "ming_courier_routes",
        "_layer_title": "명대 역참 노선",
        "_source_file": "Ming_Routes_2016.shp",
        "_source_crs": "EPSG:4326"
      }
    },
    {
      "type": "Feature",
      "geometry": {
        "type": "LineString",
        "coordinates": [
          [
            106.32814000000002,
            38.08888600000046
          ],
          [
            106.27310000000006,
            38.46810000000005
          ]
        ]
      },
      "properties": {
        "MAJ_MINOR": 2,
        "SOURCE": "MDYZK",
        "_layer_id": "ming_courier_routes",
        "_layer_title": "명대 역참 노선",
        "_source_file": "Ming_Routes_2016.shp",
        "_source_crs": "EPSG:4326"
      }
    },
    {
      "type": "Feature",
      "geometry": {
        "type": "LineString",
        "coordinates": [
          [
            106.44525899985355,
            37.71522099948385
          ],
          [
            106.32814000000002,
            38.08888600000046
          ]
        ]
      },
      "properties": {
        "MAJ_MINOR": 2,
        "SOURCE": "MDYZK",
        "_layer_id": "ming_courier_routes",
        "_layer_title": "명대 역참 노선",
        "_source_file": "Ming_Routes_2016.shp",
        "_source_crs": "EPSG:4326"
      }
    },
    {
      "type": "Feature",
      "geometry": {
        "type": "LineString",
        "coordinates": [
          [
            110.25389999999999,
            37.499700000000075
          ],
          [
            110.18325800000002,
            37.76025800000025
          ]
        ]
      },
      "properties": {
        "MAJ_MINOR": 2,
        "SOURCE": "MDYZK",
        "_layer_id": "ming_courier_routes",
        "_layer_title": "명대 역참 노선",
        "_source_file": "Ming_Routes_2016.shp",
        "_source_crs": "EPSG:4326"
      }
    },
    {
      "type": "Feature",
      "geometry": {
        "type": "LineString",
        "coordinates": [
          [
            109.93476900000009,
            37.96887199999782
          ],
          [
            109.84899900000002,
            37.98862099999775
          ]
        ]
      },
      "properties": {
        "MAJ_MINOR": 2,
        "SOURCE": "MDYZK",
        "_layer_id": "ming_courier_routes",
        "_layer_title": "명대 역참 노선",
        "_source_file": "Ming_Routes_2016.shp",
        "_source_crs": "EPSG:4326"
      }
    },
    {
      "type": "Feature",
      "geometry": {
        "type": "LineString",
        "coordinates": [
          [
            109.75386800000001,
            38.29470800000058
          ],
          [
            110.29406700000004,
            38.5549960000003
          ]
        ]
      },
      "properties": {
        "MAJ_MINOR": 2,
        "SOURCE": null,
        "_layer_id": "ming_courier_routes",
        "_layer_title": "명대 역참 노선",
        "_source_file": "Ming_Routes_2016.shp",
        "_source_crs": "EPSG:4326"
      }
    },
    {
      "type": "Feature",
      "geometry": {
        "type": "LineString",
        "coordinates": [
          [
            110.29406700000004,
            38.5549960000003
          ],
          [
            110.3254040000001,
            38.73879299999999
          ]
        ]
      },
      "properties": {
        "MAJ_MINOR": 2,
        "SOURCE": null,
        "_layer_id": "ming_courier_routes",
        "_layer_title": "명대 역참 노선",
        "_source_file": "Ming_Routes_2016.shp",
        "_source_crs": "EPSG:4326"
      }
    },
    {
      "type": "Feature",
      "geometry": {
        "type": "LineString",
        "coordinates": [
          [
            110.3254040000001,
            38.73879299999999
          ],
          [
            110.71729300000004,
            39.070564000000104
          ]
        ]
      },
      "properties": {
        "MAJ_MINOR": 2,
        "SOURCE": null,
        "_layer_id": "ming_courier_routes",
        "_layer_title": "명대 역참 노선",
        "_source_file": "Ming_Routes_2016.shp",
        "_source_crs": "EPSG:4326"
      }
    },
    {
      "type": "Feature",
      "geometry": {
        "type": "LineString",
        "coordinates": [
          [
            110.71729300000004,
            39.070564000000104
          ],
          [
            111.07456999999995,
            39.03214299999748
          ]
        ]
      },
      "properties": {
        "MAJ_MINOR": 2,
        "SOURCE": null,
        "_layer_id": "ming_courier_routes",
        "_layer_title": "명대 역참 노선",
        "_source_file": "Ming_Routes_2016.shp",
        "_source_crs": "EPSG:4326"
      }
    },
    {
      "type": "Feature",
      "geometry": {
        "type": "LineString",
        "coordinates": [
          [
            106.962242,
            30.84432600000008
          ],
          [
            107.20484199999999,
            30.738197000000127
          ]
        ]
      },
      "properties": {
        "MAJ_MINOR": 2,
        "SOURCE": "MDYZK",
        "_layer_id": "ming_courier_routes",
        "_layer_title": "명대 역참 노선",
        "_source_file": "Ming_Routes_2016.shp",
        "_source_crs": "EPSG:4326"
      }
    },
    {
      "type": "Feature",
      "geometry": {
        "type": "LineString",
        "coordinates": [
          [
            108.08333587646501,
            30.716667175293082
          ],
          [
            108.37359600000002,
            30.812863999999934
          ]
        ]
      },
      "properties": {
        "MAJ_MINOR": 2,
        "SOURCE": "MDYZK",
        "_layer_id": "ming_courier_routes",
        "_layer_title": "명대 역참 노선",
        "_source_file": "Ming_Routes_2016.shp",
        "_source_crs": "EPSG:4326"
      }
    },
    {
      "type": "Feature",
      "geometry": {
        "type": "LineString",
        "coordinates": [
          [
            109.45086669921844,
            30.995922088622173
          ],
          [
            109.16090399999895,
            30.990653999998326
          ]
        ]
      },
      "properties": {
        "MAJ_MINOR": 2,
        "SOURCE": "MDYZK",
        "_layer_id": "ming_courier_routes",
        "_layer_title": "명대 역참 노선",
        "_source_file": "Ming_Routes_2016.shp",
        "_source_crs": "EPSG:4326"
      }
    },
    {
      "type": "Feature",
      "geometry": {
        "type": "LineString",
        "coordinates": [
          [
            109.45893399999974,
            30.995218999999185
          ],
          [
            109.52474999999981,
            31.05470699999921
          ]
        ]
      },
      "properties": {
        "MAJ_MINOR": 2,
        "SOURCE": "MDYZK",
        "_layer_id": "ming_courier_routes",
        "_layer_title": "명대 역참 노선",
        "_source_file": "Ming_Routes_2016.shp",
        "_source_crs": "EPSG:4326"
      }
    },
    {
      "type": "Feature",
      "geometry": {
        "type": "LineString",
        "coordinates": [
          [
            109.5247499999998,
            31.05470699999921
          ],
          [
            109.88886300000013,
            31.081345000000113
          ]
        ]
      },
      "properties": {
        "MAJ_MINOR": 2,
        "SOURCE": "MDYZK",
        "_layer_id": "ming_courier_routes",
        "_layer_title": "명대 역참 노선",
        "_source_file": "Ming_Routes_2016.shp",
        "_source_crs": "EPSG:4326"
      }
    },
    {
      "type": "Feature",
      "geometry": {
        "type": "LineString",
        "coordinates": [
          [
            109.88886300000013,
            31.081345000000113
          ],
          [
            110.40453300000001,
            31.030021999999544
          ]
        ]
      },
      "properties": {
        "MAJ_MINOR": 2,
        "SOURCE": "MDYZK",
        "_layer_id": "ming_courier_routes",
        "_layer_title": "명대 역참 노선",
        "_source_file": "Ming_Routes_2016.shp",
        "_source_crs": "EPSG:4326"
      }
    },
    {
      "type": "Feature",
      "geometry": {
        "type": "LineString",
        "coordinates": [
          [
            110.40453299999999,
            31.030021999999992
          ],
          [
            110.69416000000007,
            30.999616999999944
          ]
        ]
      },
      "properties": {
        "MAJ_MINOR": 2,
        "SOURCE": "MDYZK",
        "_layer_id": "ming_courier_routes",
        "_layer_title": "명대 역참 노선",
        "_source_file": "Ming_Routes_2016.shp",
        "_source_crs": "EPSG:4326"
      }
    },
    {
      "type": "Feature",
      "geometry": {
        "type": "LineString",
        "coordinates": [
          [
            110.69416000000007,
            30.999616999999944
          ],
          [
            111.06920599999998,
            30.833219999999567
          ]
        ]
      },
      "properties": {
        "MAJ_MINOR": 2,
        "SOURCE": "MDYZK",
        "_layer_id": "ming_courier_routes",
        "_layer_title": "명대 역참 노선",
        "_source_file": "Ming_Routes_2016.shp",
        "_source_crs": "EPSG:4326"
      }
    },
    {
      "type": "Feature",
      "geometry": {
        "type": "LineString",
        "coordinates": [
          [
            111.28712500000012,
            30.704227000000003
          ],
          [
            111.50100000000015,
            30.29600000000005
          ]
        ]
      },
      "properties": {
        "MAJ_MINOR": 2,
        "SOURCE": "MDYZK",
        "_layer_id": "ming_courier_routes",
        "_layer_title": "명대 역참 노선",
        "_source_file": "Ming_Routes_2016.shp",
        "_source_crs": "EPSG:4326"
      }
    },
    {
      "type": "Feature",
      "geometry": {
        "type": "LineString",
        "coordinates": [
          [
            111.50100000000015,
            30.29600000000005
          ],
          [
            112.1903000000001,
            30.35030000000006
          ]
        ]
      },
      "properties": {
        "MAJ_MINOR": 2,
        "SOURCE": "MDYZK",
        "_layer_id": "ming_courier_routes",
        "_layer_title": "명대 역참 노선",
        "_source_file": "Ming_Routes_2016.shp",
        "_source_crs": "EPSG:4326"
      }
    },
    {
      "type": "Feature",
      "geometry": {
        "type": "LineString",
        "coordinates": [
          [
            106.631752,
            30.474428000000103
          ],
          [
            106.55000305175776,
            30.25
          ]
        ]
      },
      "properties": {
        "MAJ_MINOR": 2,
        "SOURCE": "MDYZK",
        "_layer_id": "ming_courier_routes",
        "_layer_title": "명대 역참 노선",
        "_source_file": "Ming_Routes_2016.shp",
        "_source_crs": "EPSG:4326"
      }
    },
    {
      "type": "Feature",
      "geometry": {
        "type": "LineString",
        "coordinates": [
          [
            106.55000305175776,
            30.25
          ],
          [
            106.25955999999996,
            30.00394200000011
          ]
        ]
      },
      "properties": {
        "MAJ_MINOR": 2,
        "SOURCE": "MDYZK",
        "_layer_id": "ming_courier_routes",
        "_layer_title": "명대 역참 노선",
        "_source_file": "Ming_Routes_2016.shp",
        "_source_crs": "EPSG:4326"
      }
    },
    {
      "type": "Feature",
      "geometry": {
        "type": "LineString",
        "coordinates": [
          [
            111.06920600000001,
            30.833219999999567
          ],
          [
            111.28712500000009,
            30.70422699999959
          ]
        ]
      },
      "properties": {
        "MAJ_MINOR": 2,
        "SOURCE": "MDYZK",
        "_layer_id": "ming_courier_routes",
        "_layer_title": "명대 역참 노선",
        "_source_file": "Ming_Routes_2016.shp",
        "_source_crs": "EPSG:4326"
      }
    },
    {
      "type": "Feature",
      "geometry": {
        "type": "LineString",
        "coordinates": [
          [
            106.55266700000004,
            29.559972000000016
          ],
          [
            106.50128199969164,
            29.791926999767345
          ]
        ]
      },
      "properties": {
        "MAJ_MINOR": 2,
        "SOURCE": "1903 atlas",
        "_layer_id": "ming_courier_routes",
        "_layer_title": "명대 역참 노선",
        "_source_file": "Ming_Routes_2016.shp",
        "_source_crs": "EPSG:4326"
      }
    },
    {
      "type": "Feature",
      "geometry": {
        "type": "LineString",
        "coordinates": [
          [
            106.631752,
            30.474428000000103
          ],
          [
            106.962242,
            30.84432600000008
          ]
        ]
      },
      "properties": {
        "MAJ_MINOR": 2,
        "SOURCE": "MDYZK",
        "_layer_id": "ming_courier_routes",
        "_layer_title": "명대 역참 노선",
        "_source_file": "Ming_Routes_2016.shp",
        "_source_crs": "EPSG:4326"
      }
    },
    {
      "type": "Feature",
      "geometry": {
        "type": "LineString",
        "coordinates": [
          [
            107.20484199999999,
            30.738197000000127
          ],
          [
            107.67673367925335,
            30.662486937262784
          ]
        ]
      },
      "properties": {
        "MAJ_MINOR": 2,
        "SOURCE": "MDYZK",
        "_layer_id": "ming_courier_routes",
        "_layer_title": "명대 역참 노선",
        "_source_file": "Ming_Routes_2016.shp",
        "_source_crs": "EPSG:4326"
      }
    },
    {
      "type": "Feature",
      "geometry": {
        "type": "LineString",
        "coordinates": [
          [
            107.78897099996347,
            30.666654999966074
          ],
          [
            108.08333587646501,
            30.716667175293082
          ]
        ]
      },
      "properties": {
        "MAJ_MINOR": 2,
        "SOURCE": "MDYZK",
        "_layer_id": "ming_courier_routes",
        "_layer_title": "명대 역참 노선",
        "_source_file": "Ming_Routes_2016.shp",
        "_source_crs": "EPSG:4326"
      }
    },
    {
      "type": "Feature",
      "geometry": {
        "type": "LineString",
        "coordinates": [
          [
            108.37359600000002,
            30.812863999999934
          ],
          [
            108.89149499999766,
            30.96685399999684
          ]
        ]
      },
      "properties": {
        "MAJ_MINOR": 2,
        "SOURCE": "MDYZK",
        "_layer_id": "ming_courier_routes",
        "_layer_title": "명대 역참 노선",
        "_source_file": "Ming_Routes_2016.shp",
        "_source_crs": "EPSG:4326"
      }
    },
    {
      "type": "Feature",
      "geometry": {
        "type": "LineString",
        "coordinates": [
          [
            108.89149499999996,
            30.96685400000007
          ],
          [
            109.16090399999891,
            30.99065399999831
          ]
        ]
      },
      "properties": {
        "MAJ_MINOR": 2,
        "SOURCE": "MDYZK",
        "_layer_id": "ming_courier_routes",
        "_layer_title": "명대 역참 노선",
        "_source_file": "Ming_Routes_2016.shp",
        "_source_crs": "EPSG:4326"
      }
    },
    {
      "type": "Feature",
      "geometry": {
        "type": "LineString",
        "coordinates": [
          [
            108.70994600000012,
            34.33905400000015
          ],
          [
            108.52709960937511,
            34.42853927612305
          ]
        ]
      },
      "properties": {
        "MAJ_MINOR": 2,
        "SOURCE": null,
        "_layer_id": "ming_courier_routes",
        "_layer_title": "명대 역참 노선",
        "_source_file": "Ming_Routes_2016.shp",
        "_source_crs": "EPSG:4326"
      }
    },
    {
      "type": "Feature",
      "geometry": {
        "type": "LineString",
        "coordinates": [
          [
            108.94420623779303,
            34.266605377197266
          ],
          [
            108.70994600000012,
            34.33905400000015
          ]
        ]
      },
      "properties": {
        "MAJ_MINOR": 1,
        "SOURCE": null,
        "_layer_id": "ming_courier_routes",
        "_layer_title": "명대 역참 노선",
        "_source_file": "Ming_Routes_2016.shp",
        "_source_crs": "EPSG:4326"
      }
    },
    {
      "type": "Feature",
      "geometry": {
        "type": "LineString",
        "coordinates": [
          [
            107.38591800000012,
            34.52251799999999
          ],
          [
            107.14038848876953,
            34.38187026977545
          ]
        ]
      },
      "properties": {
        "MAJ_MINOR": 1,
        "SOURCE": null,
        "_layer_id": "ming_courier_routes",
        "_layer_title": "명대 역참 노선",
        "_source_file": "Ming_Routes_2016.shp",
        "_source_crs": "EPSG:4326"
      }
    },
    {
      "type": "Feature",
      "geometry": {
        "type": "LineString",
        "coordinates": [
          [
            107.38591800000012,
            34.52251799999999
          ],
          [
            106.85295900000006,
            34.89140700000007
          ]
        ]
      },
      "properties": {
        "MAJ_MINOR": 2,
        "SOURCE": null,
        "_layer_id": "ming_courier_routes",
        "_layer_title": "명대 역참 노선",
        "_source_file": "Ming_Routes_2016.shp",
        "_source_crs": "EPSG:4326"
      }
    },
    {
      "type": "Feature",
      "geometry": {
        "type": "LineString",
        "coordinates": [
          [
            106.85295900000006,
            34.89140700000007
          ],
          [
            106.13658099999998,
            34.746304000000066
          ]
        ]
      },
      "properties": {
        "MAJ_MINOR": 2,
        "SOURCE": null,
        "_layer_id": "ming_courier_routes",
        "_layer_title": "명대 역참 노선",
        "_source_file": "Ming_Routes_2016.shp",
        "_source_crs": "EPSG:4326"
      }
    },
    {
      "type": "Feature",
      "geometry": {
        "type": "LineString",
        "coordinates": [
          [
            106.13658099999998,
            34.746304000000066
          ],
          [
            105.37675499939161,
            34.637744998578306
          ]
        ]
      },
      "properties": {
        "MAJ_MINOR": 2,
        "SOURCE": null,
        "_layer_id": "ming_courier_routes",
        "_layer_title": "명대 역참 노선",
        "_source_file": "Ming_Routes_2016.shp",
        "_source_crs": "EPSG:4326"
      }
    },
    {
      "type": "Feature",
      "geometry": {
        "type": "LineString",
        "coordinates": [
          [
            105.37675499939158,
            34.637744998578306
          ],
          [
            104.88529199999999,
            34.72001600000016
          ]
        ]
      },
      "properties": {
        "MAJ_MINOR": 2,
        "SOURCE": null,
        "_layer_id": "ming_courier_routes",
        "_layer_title": "명대 역참 노선",
        "_source_file": "Ming_Routes_2016.shp",
        "_source_crs": "EPSG:4326"
      }
    },
    {
      "type": "Feature",
      "geometry": {
        "type": "LineString",
        "coordinates": [
          [
            104.88529199999999,
            34.72001600000016
          ],
          [
            104.635605,
            35.007137
          ]
        ]
      },
      "properties": {
        "MAJ_MINOR": 2,
        "SOURCE": null,
        "_layer_id": "ming_courier_routes",
        "_layer_title": "명대 역참 노선",
        "_source_file": "Ming_Routes_2016.shp",
        "_source_crs": "EPSG:4326"
      }
    },
    {
      "type": "Feature",
      "geometry": {
        "type": "LineString",
        "coordinates": [
          [
            106.62294006347662,
            33.94524765014654
          ],
          [
            106.51278699976316,
            33.918311999652396
          ]
        ]
      },
      "properties": {
        "MAJ_MINOR": 1,
        "SOURCE": null,
        "_layer_id": "ming_courier_routes",
        "_layer_title": "명대 역참 노선",
        "_source_file": "Ming_Routes_2016.shp",
        "_source_crs": "EPSG:4326"
      }
    },
    {
      "type": "Feature",
      "geometry": {
        "type": "LineString",
        "coordinates": [
          [
            106.9460620000001,
            34.23448600000006
          ],
          [
            106.62294006347662,
            33.94524765014654
          ]
        ]
      },
      "properties": {
        "MAJ_MINOR": 1,
        "SOURCE": null,
        "_layer_id": "ming_courier_routes",
        "_layer_title": "명대 역참 노선",
        "_source_file": "Ming_Routes_2016.shp",
        "_source_crs": "EPSG:4326"
      }
    },
    {
      "type": "Feature",
      "geometry": {
        "type": "LineString",
        "coordinates": [
          [
            106.51278699976316,
            33.918311999652396
          ],
          [
            106.29855300000003,
            33.90963000000011
          ]
        ]
      },
      "properties": {
        "MAJ_MINOR": 2,
        "SOURCE": null,
        "_layer_id": "ming_courier_routes",
        "_layer_title": "명대 역참 노선",
        "_source_file": "Ming_Routes_2016.shp",
        "_source_crs": "EPSG:4326"
      }
    },
    {
      "type": "Feature",
      "geometry": {
        "type": "LineString",
        "coordinates": [
          [
            106.29855300000003,
            33.90963000000011
          ],
          [
            106.08666999999997,
            33.777554000000066
          ]
        ]
      },
      "properties": {
        "MAJ_MINOR": 2,
        "SOURCE": null,
        "_layer_id": "ming_courier_routes",
        "_layer_title": "명대 역참 노선",
        "_source_file": "Ming_Routes_2016.shp",
        "_source_crs": "EPSG:4326"
      }
    },
    {
      "type": "Feature",
      "geometry": {
        "type": "LineString",
        "coordinates": [
          [
            106.08666999999997,
            33.777554000000066
          ],
          [
            105.41205599926921,
            33.55728899875417
          ]
        ]
      },
      "properties": {
        "MAJ_MINOR": 2,
        "SOURCE": null,
        "_layer_id": "ming_courier_routes",
        "_layer_title": "명대 역참 노선",
        "_source_file": "Ming_Routes_2016.shp",
        "_source_crs": "EPSG:4326"
      }
    },
    {
      "type": "Feature",
      "geometry": {
        "type": "LineString",
        "coordinates": [
          [
            105.41205599926921,
            33.55728899875417
          ],
          [
            104.93819400000018,
            33.06407200000018
          ]
        ]
      },
      "properties": {
        "MAJ_MINOR": 2,
        "SOURCE": null,
        "_layer_id": "ming_courier_routes",
        "_layer_title": "명대 역참 노선",
        "_source_file": "Ming_Routes_2016.shp",
        "_source_crs": "EPSG:4326"
      }
    },
    {
      "type": "Feature",
      "geometry": {
        "type": "LineString",
        "coordinates": [
          [
            104.93819400000018,
            33.06407200000018
          ],
          [
            104.91335799901195,
            33.39462999796102
          ]
        ]
      },
      "properties": {
        "MAJ_MINOR": 2,
        "SOURCE": null,
        "_layer_id": "ming_courier_routes",
        "_layer_title": "명대 역참 노선",
        "_source_file": "Ming_Routes_2016.shp",
        "_source_crs": "EPSG:4326"
      }
    },
    {
      "type": "Feature",
      "geometry": {
        "type": "LineString",
        "coordinates": [
          [
            104.91335799901195,
            33.39462999796102
          ],
          [
            104.49847400000004,
            33.69279100000017
          ]
        ]
      },
      "properties": {
        "MAJ_MINOR": 2,
        "SOURCE": null,
        "_layer_id": "ming_courier_routes",
        "_layer_title": "명대 역참 노선",
        "_source_file": "Ming_Routes_2016.shp",
        "_source_crs": "EPSG:4326"
      }
    },
    {
      "type": "Feature",
      "geometry": {
        "type": "LineString",
        "coordinates": [
          [
            104.49847400000004,
            33.69279100000017
          ],
          [
            104.39568300000008,
            34.05089200000015
          ]
        ]
      },
      "properties": {
        "MAJ_MINOR": 2,
        "SOURCE": null,
        "_layer_id": "ming_courier_routes",
        "_layer_title": "명대 역참 노선",
        "_source_file": "Ming_Routes_2016.shp",
        "_source_crs": "EPSG:4326"
      }
    },
    {
      "type": "Feature",
      "geometry": {
        "type": "LineString",
        "coordinates": [
          [
            104.39568300000008,
            34.05089200000015
          ],
          [
            104.03025100000002,
            34.43645500000014
          ]
        ]
      },
      "properties": {
        "MAJ_MINOR": 2,
        "SOURCE": null,
        "_layer_id": "ming_courier_routes",
        "_layer_title": "명대 역참 노선",
        "_source_file": "Ming_Routes_2016.shp",
        "_source_crs": "EPSG:4326"
      }
    },
    {
      "type": "Feature",
      "geometry": {
        "type": "LineString",
        "coordinates": [
          [
            104.03025100000002,
            34.43645500000014
          ],
          [
            104.14895500004427,
            34.70191499542217
          ]
        ]
      },
      "properties": {
        "MAJ_MINOR": 2,
        "SOURCE": null,
        "_layer_id": "ming_courier_routes",
        "_layer_title": "명대 역참 노선",
        "_source_file": "Ming_Routes_2016.shp",
        "_source_crs": "EPSG:4326"
      }
    },
    {
      "type": "Feature",
      "geometry": {
        "type": "LineString",
        "coordinates": [
          [
            104.14895500004428,
            34.70191499542221
          ],
          [
            104.32869700000003,
            34.8793070000001
          ]
        ]
      },
      "properties": {
        "MAJ_MINOR": 2,
        "SOURCE": null,
        "_layer_id": "ming_courier_routes",
        "_layer_title": "명대 역참 노선",
        "_source_file": "Ming_Routes_2016.shp",
        "_source_crs": "EPSG:4326"
      }
    },
    {
      "type": "Feature",
      "geometry": {
        "type": "LineString",
        "coordinates": [
          [
            104.32869700000003,
            34.8793070000001
          ],
          [
            104.4721380000002,
            34.85063600000018
          ]
        ]
      },
      "properties": {
        "MAJ_MINOR": 2,
        "SOURCE": null,
        "_layer_id": "ming_courier_routes",
        "_layer_title": "명대 역참 노선",
        "_source_file": "Ming_Routes_2016.shp",
        "_source_crs": "EPSG:4326"
      }
    },
    {
      "type": "Feature",
      "geometry": {
        "type": "LineString",
        "coordinates": [
          [
            104.4721380000002,
            34.85063600000018
          ],
          [
            104.635605,
            35.007137
          ]
        ]
      },
      "properties": {
        "MAJ_MINOR": 2,
        "SOURCE": null,
        "_layer_id": "ming_courier_routes",
        "_layer_title": "명대 역참 노선",
        "_source_file": "Ming_Routes_2016.shp",
        "_source_crs": "EPSG:4326"
      }
    },
    {
      "type": "Feature",
      "geometry": {
        "type": "LineString",
        "coordinates": [
          [
            104.84650400000015,
            35.658009000000106
          ],
          [
            104.6203079223634,
            35.575092315673885
          ]
        ]
      },
      "properties": {
        "MAJ_MINOR": 2,
        "SOURCE": null,
        "_layer_id": "ming_courier_routes",
        "_layer_title": "명대 역참 노선",
        "_source_file": "Ming_Routes_2016.shp",
        "_source_crs": "EPSG:4326"
      }
    },
    {
      "type": "Feature",
      "geometry": {
        "type": "LineString",
        "coordinates": [
          [
            105.4349180000001,
            35.70248000000015
          ],
          [
            105.05613708496105,
            35.694198608398494
          ]
        ]
      },
      "properties": {
        "MAJ_MINOR": 2,
        "SOURCE": null,
        "_layer_id": "ming_courier_routes",
        "_layer_title": "명대 역참 노선",
        "_source_file": "Ming_Routes_2016.shp",
        "_source_crs": "EPSG:4326"
      }
    },
    {
      "type": "Feature",
      "geometry": {
        "type": "LineString",
        "coordinates": [
          [
            104.635605,
            35.007137
          ],
          [
            104.67753600000015,
            35.3001670000001
          ]
        ]
      },
      "properties": {
        "MAJ_MINOR": 2,
        "SOURCE": null,
        "_layer_id": "ming_courier_routes",
        "_layer_title": "명대 역참 노선",
        "_source_file": "Ming_Routes_2016.shp",
        "_source_crs": "EPSG:4326"
      }
    },
    {
      "type": "Feature",
      "geometry": {
        "type": "LineString",
        "coordinates": [
          [
            104.67753600000015,
            35.3001670000001
          ],
          [
            104.6203079223634,
            35.575092315673885
          ]
        ]
      },
      "properties": {
        "MAJ_MINOR": 2,
        "SOURCE": null,
        "_layer_id": "ming_courier_routes",
        "_layer_title": "명대 역참 노선",
        "_source_file": "Ming_Routes_2016.shp",
        "_source_crs": "EPSG:4326"
      }
    },
    {
      "type": "Feature",
      "geometry": {
        "type": "LineString",
        "coordinates": [
          [
            106.51278699976316,
            33.918311999652396
          ],
          [
            106.92734500000006,
            33.619236
          ]
        ]
      },
      "properties": {
        "MAJ_MINOR": 1,
        "SOURCE": null,
        "_layer_id": "ming_courier_routes",
        "_layer_title": "명대 역참 노선",
        "_source_file": "Ming_Routes_2016.shp",
        "_source_crs": "EPSG:4326"
      }
    },
    {
      "type": "Feature",
      "geometry": {
        "type": "LineString",
        "coordinates": [
          [
            106.77480316162115,
            33.137901306152344
          ],
          [
            106.62171200000012,
            33.151005
          ]
        ]
      },
      "properties": {
        "MAJ_MINOR": 1,
        "SOURCE": null,
        "_layer_id": "ming_courier_routes",
        "_layer_title": "명대 역참 노선",
        "_source_file": "Ming_Routes_2016.shp",
        "_source_crs": "EPSG:4326"
      }
    },
    {
      "type": "Feature",
      "geometry": {
        "type": "LineString",
        "coordinates": [
          [
            106.62171200000012,
            33.151005
          ],
          [
            106.38165000000015,
            33.07498100000004
          ]
        ]
      },
      "properties": {
        "MAJ_MINOR": 1,
        "SOURCE": null,
        "_layer_id": "ming_courier_routes",
        "_layer_title": "명대 역참 노선",
        "_source_file": "Ming_Routes_2016.shp",
        "_source_crs": "EPSG:4326"
      }
    },
    {
      "type": "Feature",
      "geometry": {
        "type": "LineString",
        "coordinates": [
          [
            106.29187800000005,
            33.04306400000013
          ],
          [
            106.2543182373048,
            32.819629669189396
          ]
        ]
      },
      "properties": {
        "MAJ_MINOR": 1,
        "SOURCE": null,
        "_layer_id": "ming_courier_routes",
        "_layer_title": "명대 역참 노선",
        "_source_file": "Ming_Routes_2016.shp",
        "_source_crs": "EPSG:4326"
      }
    },
    {
      "type": "Feature",
      "geometry": {
        "type": "LineString",
        "coordinates": [
          [
            106.2543182373048,
            32.819629669189396
          ],
          [
            105.96722099950372,
            32.67053699938543
          ]
        ]
      },
      "properties": {
        "MAJ_MINOR": 1,
        "SOURCE": null,
        "_layer_id": "ming_courier_routes",
        "_layer_title": "명대 역참 노선",
        "_source_file": "Ming_Routes_2016.shp",
        "_source_crs": "EPSG:4326"
      }
    },
    {
      "type": "Feature",
      "geometry": {
        "type": "LineString",
        "coordinates": [
          [
            105.96722099950372,
            32.67053699938542
          ],
          [
            105.89238000000006,
            32.62900500000006
          ]
        ]
      },
      "properties": {
        "MAJ_MINOR": 1,
        "SOURCE": null,
        "_layer_id": "ming_courier_routes",
        "_layer_title": "명대 역참 노선",
        "_source_file": "Ming_Routes_2016.shp",
        "_source_crs": "EPSG:4326"
      }
    },
    {
      "type": "Feature",
      "geometry": {
        "type": "LineString",
        "coordinates": [
          [
            105.89238000000006,
            32.62900500000006
          ],
          [
            105.85260799999998,
            32.54852700000015
          ]
        ]
      },
      "properties": {
        "MAJ_MINOR": 1,
        "SOURCE": null,
        "_layer_id": "ming_courier_routes",
        "_layer_title": "명대 역참 노선",
        "_source_file": "Ming_Routes_2016.shp",
        "_source_crs": "EPSG:4326"
      }
    },
    {
      "type": "Feature",
      "geometry": {
        "type": "LineString",
        "coordinates": [
          [
            105.93303700000013,
            31.743105000000128
          ],
          [
            105.87879200000003,
            32.09310000000016
          ]
        ]
      },
      "properties": {
        "MAJ_MINOR": 1,
        "SOURCE": "1903 atlas",
        "_layer_id": "ming_courier_routes",
        "_layer_title": "명대 역참 노선",
        "_source_file": "Ming_Routes_2016.shp",
        "_source_crs": "EPSG:4326"
      }
    },
    {
      "type": "Feature",
      "geometry": {
        "type": "LineString",
        "coordinates": [
          [
            105.87879200000003,
            32.09310000000016
          ],
          [
            105.8500664816803,
            32.318442768353066
          ]
        ]
      },
      "properties": {
        "MAJ_MINOR": 1,
        "SOURCE": "1903 atlas",
        "_layer_id": "ming_courier_routes",
        "_layer_title": "명대 역참 노선",
        "_source_file": "Ming_Routes_2016.shp",
        "_source_crs": "EPSG:4326"
      }
    },
    {
      "type": "Feature",
      "geometry": {
        "type": "LineString",
        "coordinates": [
          [
            105.96703300000013,
            31.583160000000078
          ],
          [
            105.71903500000008,
            31.373318000000154
          ]
        ]
      },
      "properties": {
        "MAJ_MINOR": 1,
        "SOURCE": null,
        "_layer_id": "ming_courier_routes",
        "_layer_title": "명대 역참 노선",
        "_source_file": "Ming_Routes_2016.shp",
        "_source_crs": "EPSG:4326"
      }
    },
    {
      "type": "Feature",
      "geometry": {
        "type": "LineString",
        "coordinates": [
          [
            105.71903500000008,
            31.373318000000154
          ],
          [
            105.54237153051514,
            31.314593593323877
          ]
        ]
      },
      "properties": {
        "MAJ_MINOR": 1,
        "SOURCE": null,
        "_layer_id": "ming_courier_routes",
        "_layer_title": "명대 역참 노선",
        "_source_file": "Ming_Routes_2016.shp",
        "_source_crs": "EPSG:4326"
      }
    },
    {
      "type": "Feature",
      "geometry": {
        "type": "LineString",
        "coordinates": [
          [
            105.54237153051514,
            31.314593593323877
          ],
          [
            105.37611400000003,
            31.229305000000068
          ]
        ]
      },
      "properties": {
        "MAJ_MINOR": 1,
        "SOURCE": null,
        "_layer_id": "ming_courier_routes",
        "_layer_title": "명대 역참 노선",
        "_source_file": "Ming_Routes_2016.shp",
        "_source_crs": "EPSG:4326"
      }
    },
    {
      "type": "Feature",
      "geometry": {
        "type": "LineString",
        "coordinates": [
          [
            105.37611400000003,
            31.229305000000068
          ],
          [
            105.24311100000006,
            31.146027000000117
          ]
        ]
      },
      "properties": {
        "MAJ_MINOR": 1,
        "SOURCE": null,
        "_layer_id": "ming_courier_routes",
        "_layer_title": "명대 역참 노선",
        "_source_file": "Ming_Routes_2016.shp",
        "_source_crs": "EPSG:4326"
      }
    },
    {
      "type": "Feature",
      "geometry": {
        "type": "LineString",
        "coordinates": [
          [
            105.24311100000006,
            31.146027000000117
          ],
          [
            105.08757000000003,
            31.09462000000002
          ]
        ]
      },
      "properties": {
        "MAJ_MINOR": 1,
        "SOURCE": null,
        "_layer_id": "ming_courier_routes",
        "_layer_title": "명대 역참 노선",
        "_source_file": "Ming_Routes_2016.shp",
        "_source_crs": "EPSG:4326"
      }
    },
    {
      "type": "Feature",
      "geometry": {
        "type": "LineString",
        "coordinates": [
          [
            104.7765270000001,
            31.882812000000058
          ],
          [
            104.7780150000001,
            32.04074900000006
          ]
        ]
      },
      "properties": {
        "MAJ_MINOR": 2,
        "SOURCE": null,
        "_layer_id": "ming_courier_routes",
        "_layer_title": "명대 역참 노선",
        "_source_file": "Ming_Routes_2016.shp",
        "_source_crs": "EPSG:4326"
      }
    },
    {
      "type": "Feature",
      "geometry": {
        "type": "LineString",
        "coordinates": [
          [
            104.7780150000001,
            32.04074900000006
          ],
          [
            104.77239504751344,
            32.28007148165199
          ]
        ]
      },
      "properties": {
        "MAJ_MINOR": 2,
        "SOURCE": null,
        "_layer_id": "ming_courier_routes",
        "_layer_title": "명대 역참 노선",
        "_source_file": "Ming_Routes_2016.shp",
        "_source_crs": "EPSG:4326"
      }
    },
    {
      "type": "Feature",
      "geometry": {
        "type": "LineString",
        "coordinates": [
          [
            104.77239504751344,
            32.28007148165199
          ],
          [
            104.63375800000011,
            32.38551700000016
          ]
        ]
      },
      "properties": {
        "MAJ_MINOR": 2,
        "SOURCE": null,
        "_layer_id": "ming_courier_routes",
        "_layer_title": "명대 역참 노선",
        "_source_file": "Ming_Routes_2016.shp",
        "_source_crs": "EPSG:4326"
      }
    },
    {
      "type": "Feature",
      "geometry": {
        "type": "LineString",
        "coordinates": [
          [
            104.63375800000011,
            32.38551700000016
          ],
          [
            104.55953063511134,
            32.402923372320664
          ]
        ]
      },
      "properties": {
        "MAJ_MINOR": 2,
        "SOURCE": null,
        "_layer_id": "ming_courier_routes",
        "_layer_title": "명대 역참 노선",
        "_source_file": "Ming_Routes_2016.shp",
        "_source_crs": "EPSG:4326"
      }
    },
    {
      "type": "Feature",
      "geometry": {
        "type": "LineString",
        "coordinates": [
          [
            104.52972399999999,
            32.413155000000074
          ],
          [
            104.22058100000004,
            32.49864200000019
          ]
        ]
      },
      "properties": {
        "MAJ_MINOR": 2,
        "SOURCE": null,
        "_layer_id": "ming_courier_routes",
        "_layer_title": "명대 역참 노선",
        "_source_file": "Ming_Routes_2016.shp",
        "_source_crs": "EPSG:4326"
      }
    },
    {
      "type": "Feature",
      "geometry": {
        "type": "LineString",
        "coordinates": [
          [
            104.22058100000004,
            32.49864200000019
          ],
          [
            104.15339661315829,
            32.59697399146597
          ]
        ]
      },
      "properties": {
        "MAJ_MINOR": 2,
        "SOURCE": null,
        "_layer_id": "ming_courier_routes",
        "_layer_title": "명대 역참 노선",
        "_source_file": "Ming_Routes_2016.shp",
        "_source_crs": "EPSG:4326"
      }
    },
    {
      "type": "Feature",
      "geometry": {
        "type": "LineString",
        "coordinates": [
          [
            104.15339661315829,
            32.59697399146597
          ],
          [
            103.89971716059739,
            32.790052241470676
          ]
        ]
      },
      "properties": {
        "MAJ_MINOR": 2,
        "SOURCE": null,
        "_layer_id": "ming_courier_routes",
        "_layer_title": "명대 역참 노선",
        "_source_file": "Ming_Routes_2016.shp",
        "_source_crs": "EPSG:4326"
      }
    },
    {
      "type": "Feature",
      "geometry": {
        "type": "LineString",
        "coordinates": [
          [
            103.89971716059739,
            32.790052241470676
          ],
          [
            103.59269699999999,
            32.64832300000006
          ]
        ]
      },
      "properties": {
        "MAJ_MINOR": 2,
        "SOURCE": null,
        "_layer_id": "ming_courier_routes",
        "_layer_title": "명대 역참 노선",
        "_source_file": "Ming_Routes_2016.shp",
        "_source_crs": "EPSG:4326"
      }
    },
    {
      "type": "Feature",
      "geometry": {
        "type": "LineString",
        "coordinates": [
          [
            104.67904699999991,
            31.044277000000136
          ],
          [
            104.87599400000016,
            31.07728700000007
          ]
        ]
      },
      "properties": {
        "MAJ_MINOR": 1,
        "SOURCE": "1903 atlas",
        "_layer_id": "ming_courier_routes",
        "_layer_title": "명대 역참 노선",
        "_source_file": "Ming_Routes_2016.shp",
        "_source_crs": "EPSG:4326"
      }
    },
    {
      "type": "Feature",
      "geometry": {
        "type": "LineString",
        "coordinates": [
          [
            104.49977900000016,
            30.998730000000137
          ],
          [
            104.67904699999991,
            31.044277000000136
          ]
        ]
      },
      "properties": {
        "MAJ_MINOR": 1,
        "SOURCE": "1903 atlas",
        "_layer_id": "ming_courier_routes",
        "_layer_title": "명대 역참 노선",
        "_source_file": "Ming_Routes_2016.shp",
        "_source_crs": "EPSG:4326"
      }
    },
    {
      "type": "Feature",
      "geometry": {
        "type": "LineString",
        "coordinates": [
          [
            103.85303500000003,
            31.688931000000025
          ],
          [
            103.78058400000009,
            31.784892000000127
          ]
        ]
      },
      "properties": {
        "MAJ_MINOR": 2,
        "SOURCE": null,
        "_layer_id": "ming_courier_routes",
        "_layer_title": "명대 역참 노선",
        "_source_file": "Ming_Routes_2016.shp",
        "_source_crs": "EPSG:4326"
      }
    },
    {
      "type": "Feature",
      "geometry": {
        "type": "LineString",
        "coordinates": [
          [
            103.78058400000009,
            31.784892000000127
          ],
          [
            103.6810000000001,
            32.043175000000076
          ]
        ]
      },
      "properties": {
        "MAJ_MINOR": 2,
        "SOURCE": null,
        "_layer_id": "ming_courier_routes",
        "_layer_title": "명대 역참 노선",
        "_source_file": "Ming_Routes_2016.shp",
        "_source_crs": "EPSG:4326"
      }
    },
    {
      "type": "Feature",
      "geometry": {
        "type": "LineString",
        "coordinates": [
          [
            103.6810000000001,
            32.043175000000076
          ],
          [
            103.7697980000001,
            32.23401600000011
          ]
        ]
      },
      "properties": {
        "MAJ_MINOR": 2,
        "SOURCE": null,
        "_layer_id": "ming_courier_routes",
        "_layer_title": "명대 역참 노선",
        "_source_file": "Ming_Routes_2016.shp",
        "_source_crs": "EPSG:4326"
      }
    },
    {
      "type": "Feature",
      "geometry": {
        "type": "LineString",
        "coordinates": [
          [
            103.7697980000001,
            32.23401600000011
          ],
          [
            103.6266940000001,
            32.56797800000015
          ]
        ]
      },
      "properties": {
        "MAJ_MINOR": 2,
        "SOURCE": null,
        "_layer_id": "ming_courier_routes",
        "_layer_title": "명대 역참 노선",
        "_source_file": "Ming_Routes_2016.shp",
        "_source_crs": "EPSG:4326"
      }
    },
    {
      "type": "Feature",
      "geometry": {
        "type": "LineString",
        "coordinates": [
          [
            103.6266940000001,
            32.56797800000015
          ],
          [
            103.59269699999999,
            32.64832300000006
          ]
        ]
      },
      "properties": {
        "MAJ_MINOR": 2,
        "SOURCE": null,
        "_layer_id": "ming_courier_routes",
        "_layer_title": "명대 역참 노선",
        "_source_file": "Ming_Routes_2016.shp",
        "_source_crs": "EPSG:4326"
      }
    },
    {
      "type": "Feature",
      "geometry": {
        "type": "LineString",
        "coordinates": [
          [
            103.25719399807534,
            30.19076299381699
          ],
          [
            102.98436699999996,
            29.985556000000088
          ]
        ]
      },
      "properties": {
        "MAJ_MINOR": 2,
        "SOURCE": null,
        "_layer_id": "ming_courier_routes",
        "_layer_title": "명대 역참 노선",
        "_source_file": "Ming_Routes_2016.shp",
        "_source_crs": "EPSG:4326"
      }
    },
    {
      "type": "Feature",
      "geometry": {
        "type": "LineString",
        "coordinates": [
          [
            102.182885,
            28.131183000000135
          ],
          [
            102.19712100000004,
            28.30733300000003
          ]
        ]
      },
      "properties": {
        "MAJ_MINOR": 2,
        "SOURCE": "1903 atlas",
        "_layer_id": "ming_courier_routes",
        "_layer_title": "명대 역참 노선",
        "_source_file": "Ming_Routes_2016.shp",
        "_source_crs": "EPSG:4326"
      }
    },
    {
      "type": "Feature",
      "geometry": {
        "type": "LineString",
        "coordinates": [
          [
            102.32645900000017,
            27.332909000000086
          ],
          [
            102.20759900000013,
            27.720612000000074
          ]
        ]
      },
      "properties": {
        "MAJ_MINOR": 2,
        "SOURCE": "1903 atlas",
        "_layer_id": "ming_courier_routes",
        "_layer_title": "명대 역참 노선",
        "_source_file": "Ming_Routes_2016.shp",
        "_source_crs": "EPSG:4326"
      }
    },
    {
      "type": "Feature",
      "geometry": {
        "type": "LineString",
        "coordinates": [
          [
            104.616356,
            28.774832000000004
          ],
          [
            104.4305729975377,
            28.637811997991523
          ]
        ]
      },
      "properties": {
        "MAJ_MINOR": 2,
        "SOURCE": null,
        "_layer_id": "ming_courier_routes",
        "_layer_title": "명대 역참 노선",
        "_source_file": "Ming_Routes_2016.shp",
        "_source_crs": "EPSG:4326"
      }
    },
    {
      "type": "Feature",
      "geometry": {
        "type": "LineString",
        "coordinates": [
          [
            104.43057299753772,
            28.6378119979915
          ],
          [
            104.16131351706088,
            28.65673071147438
          ]
        ]
      },
      "properties": {
        "MAJ_MINOR": 2,
        "SOURCE": null,
        "_layer_id": "ming_courier_routes",
        "_layer_title": "명대 역참 노선",
        "_source_file": "Ming_Routes_2016.shp",
        "_source_crs": "EPSG:4326"
      }
    },
    {
      "type": "Feature",
      "geometry": {
        "type": "LineString",
        "coordinates": [
          [
            104.16131351706088,
            28.65673071147438
          ],
          [
            103.90624399683551,
            28.74122999679072
          ]
        ]
      },
      "properties": {
        "MAJ_MINOR": 2,
        "SOURCE": null,
        "_layer_id": "ming_courier_routes",
        "_layer_title": "명대 역참 노선",
        "_source_file": "Ming_Routes_2016.shp",
        "_source_crs": "EPSG:4326"
      }
    },
    {
      "type": "Feature",
      "geometry": {
        "type": "LineString",
        "coordinates": [
          [
            105.38172900000012,
            28.78206300000005
          ],
          [
            105.35043800000011,
            28.58092900000014
          ]
        ]
      },
      "properties": {
        "MAJ_MINOR": 2,
        "SOURCE": "1903 atlas",
        "_layer_id": "ming_courier_routes",
        "_layer_title": "명대 역참 노선",
        "_source_file": "Ming_Routes_2016.shp",
        "_source_crs": "EPSG:4326"
      }
    },
    {
      "type": "Feature",
      "geometry": {
        "type": "LineString",
        "coordinates": [
          [
            105.35043800000011,
            28.58092900000014
          ],
          [
            105.32832300000018,
            28.459982000000025
          ]
        ]
      },
      "properties": {
        "MAJ_MINOR": 2,
        "SOURCE": "1903 atlas",
        "_layer_id": "ming_courier_routes",
        "_layer_title": "명대 역참 노선",
        "_source_file": "Ming_Routes_2016.shp",
        "_source_crs": "EPSG:4326"
      }
    },
    {
      "type": "Feature",
      "geometry": {
        "type": "LineString",
        "coordinates": [
          [
            105.32832300000018,
            28.459982000000025
          ],
          [
            105.3688809988229,
            28.384290999228146
          ]
        ]
      },
      "properties": {
        "MAJ_MINOR": 2,
        "SOURCE": "1903 atlas",
        "_layer_id": "ming_courier_routes",
        "_layer_title": "명대 역참 노선",
        "_source_file": "Ming_Routes_2016.shp",
        "_source_crs": "EPSG:4326"
      }
    },
    {
      "type": "Feature",
      "geometry": {
        "type": "LineString",
        "coordinates": [
          [
            105.32832300000018,
            28.459982000000025
          ],
          [
            105.08632700000004,
            28.3406260000001
          ]
        ]
      },
      "properties": {
        "MAJ_MINOR": 2,
        "SOURCE": null,
        "_layer_id": "ming_courier_routes",
        "_layer_title": "명대 역참 노선",
        "_source_file": "Ming_Routes_2016.shp",
        "_source_crs": "EPSG:4326"
      }
    },
    {
      "type": "Feature",
      "geometry": {
        "type": "LineString",
        "coordinates": [
          [
            105.42077200000006,
            28.174404000000095
          ],
          [
            105.46938080385235,
            28.064636055821325
          ]
        ]
      },
      "properties": {
        "MAJ_MINOR": 2,
        "SOURCE": null,
        "_layer_id": "ming_courier_routes",
        "_layer_title": "명대 역참 노선",
        "_source_file": "Ming_Routes_2016.shp",
        "_source_crs": "EPSG:4326"
      }
    },
    {
      "type": "Feature",
      "geometry": {
        "type": "LineString",
        "coordinates": [
          [
            105.46938080385235,
            28.064636055821325
          ],
          [
            105.55802199901365,
            27.927678999404034
          ]
        ]
      },
      "properties": {
        "MAJ_MINOR": 2,
        "SOURCE": null,
        "_layer_id": "ming_courier_routes",
        "_layer_title": "명대 역참 노선",
        "_source_file": "Ming_Routes_2016.shp",
        "_source_crs": "EPSG:4326"
      }
    },
    {
      "type": "Feature",
      "geometry": {
        "type": "LineString",
        "coordinates": [
          [
            105.55802199901365,
            27.927678999404034
          ],
          [
            105.5948559990491,
            27.847623999433324
          ]
        ]
      },
      "properties": {
        "MAJ_MINOR": 2,
        "SOURCE": null,
        "_layer_id": "ming_courier_routes",
        "_layer_title": "명대 역참 노선",
        "_source_file": "Ming_Routes_2016.shp",
        "_source_crs": "EPSG:4326"
      }
    },
    {
      "type": "Feature",
      "geometry": {
        "type": "LineString",
        "coordinates": [
          [
            105.59485599904914,
            27.847623999433324
          ],
          [
            105.58026899999999,
            27.72926500000011
          ]
        ]
      },
      "properties": {
        "MAJ_MINOR": 2,
        "SOURCE": null,
        "_layer_id": "ming_courier_routes",
        "_layer_title": "명대 역참 노선",
        "_source_file": "Ming_Routes_2016.shp",
        "_source_crs": "EPSG:4326"
      }
    },
    {
      "type": "Feature",
      "geometry": {
        "type": "LineString",
        "coordinates": [
          [
            105.58026899999999,
            27.72926500000011
          ],
          [
            105.28400399999992,
            27.30808100000013
          ]
        ]
      },
      "properties": {
        "MAJ_MINOR": 2,
        "SOURCE": null,
        "_layer_id": "ming_courier_routes",
        "_layer_title": "명대 역참 노선",
        "_source_file": "Ming_Routes_2016.shp",
        "_source_crs": "EPSG:4326"
      }
    },
    {
      "type": "Feature",
      "geometry": {
        "type": "LineString",
        "coordinates": [
          [
            105.28400399999992,
            27.30808100000013
          ],
          [
            104.98667899828055,
            27.194784998993264
          ]
        ]
      },
      "properties": {
        "MAJ_MINOR": 2,
        "SOURCE": null,
        "_layer_id": "ming_courier_routes",
        "_layer_title": "명대 역참 노선",
        "_source_file": "Ming_Routes_2016.shp",
        "_source_crs": "EPSG:4326"
      }
    },
    {
      "type": "Feature",
      "geometry": {
        "type": "LineString",
        "coordinates": [
          [
            104.98667899828055,
            27.194784998993264
          ],
          [
            104.72207700000007,
            27.12747200000007
          ]
        ]
      },
      "properties": {
        "MAJ_MINOR": 2,
        "SOURCE": null,
        "_layer_id": "ming_courier_routes",
        "_layer_title": "명대 역참 노선",
        "_source_file": "Ming_Routes_2016.shp",
        "_source_crs": "EPSG:4326"
      }
    },
    {
      "type": "Feature",
      "geometry": {
        "type": "LineString",
        "coordinates": [
          [
            104.72207700000007,
            27.12747200000007
          ],
          [
            104.50622800000014,
            27.039042000000165
          ]
        ]
      },
      "properties": {
        "MAJ_MINOR": 2,
        "SOURCE": null,
        "_layer_id": "ming_courier_routes",
        "_layer_title": "명대 역참 노선",
        "_source_file": "Ming_Routes_2016.shp",
        "_source_crs": "EPSG:4326"
      }
    },
    {
      "type": "Feature",
      "geometry": {
        "type": "LineString",
        "coordinates": [
          [
            104.50622800000014,
            27.039042000000165
          ],
          [
            104.28983300000016,
            26.860271000000125
          ]
        ]
      },
      "properties": {
        "MAJ_MINOR": 2,
        "SOURCE": null,
        "_layer_id": "ming_courier_routes",
        "_layer_title": "명대 역참 노선",
        "_source_file": "Ming_Routes_2016.shp",
        "_source_crs": "EPSG:4326"
      }
    },
    {
      "type": "Feature",
      "geometry": {
        "type": "LineString",
        "coordinates": [
          [
            104.28983300000016,
            26.860271000000125
          ],
          [
            104.01370199652715,
            26.74797399761389
          ]
        ]
      },
      "properties": {
        "MAJ_MINOR": 2,
        "SOURCE": null,
        "_layer_id": "ming_courier_routes",
        "_layer_title": "명대 역참 노선",
        "_source_file": "Ming_Routes_2016.shp",
        "_source_crs": "EPSG:4326"
      }
    },
    {
      "type": "Feature",
      "geometry": {
        "type": "LineString",
        "coordinates": [
          [
            104.013701996527,
            26.747973997613837
          ],
          [
            103.88333129882807,
            26.53333282470703
          ]
        ]
      },
      "properties": {
        "MAJ_MINOR": 2,
        "SOURCE": null,
        "_layer_id": "ming_courier_routes",
        "_layer_title": "명대 역참 노선",
        "_source_file": "Ming_Routes_2016.shp",
        "_source_crs": "EPSG:4326"
      }
    },
    {
      "type": "Feature",
      "geometry": {
        "type": "LineString",
        "coordinates": [
          [
            106.55266700000004,
            29.559972000000016
          ],
          [
            106.25295999999992,
            29.281507000000147
          ]
        ]
      },
      "properties": {
        "MAJ_MINOR": 2,
        "SOURCE": null,
        "_layer_id": "ming_courier_routes",
        "_layer_title": "명대 역참 노선",
        "_source_file": "Ming_Routes_2016.shp",
        "_source_crs": "EPSG:4326"
      }
    },
    {
      "type": "Feature",
      "geometry": {
        "type": "LineString",
        "coordinates": [
          [
            106.25295999999992,
            29.281507000000147
          ],
          [
            106.13114200000007,
            29.05812300000008
          ]
        ]
      },
      "properties": {
        "MAJ_MINOR": 2,
        "SOURCE": null,
        "_layer_id": "ming_courier_routes",
        "_layer_title": "명대 역참 노선",
        "_source_file": "Ming_Routes_2016.shp",
        "_source_crs": "EPSG:4326"
      }
    },
    {
      "type": "Feature",
      "geometry": {
        "type": "LineString",
        "coordinates": [
          [
            106.13114200000007,
            29.05812300000008
          ],
          [
            105.94998899937453,
            29.04895999956973
          ]
        ]
      },
      "properties": {
        "MAJ_MINOR": 2,
        "SOURCE": null,
        "_layer_id": "ming_courier_routes",
        "_layer_title": "명대 역참 노선",
        "_source_file": "Ming_Routes_2016.shp",
        "_source_crs": "EPSG:4326"
      }
    },
    {
      "type": "Feature",
      "geometry": {
        "type": "LineString",
        "coordinates": [
          [
            105.94998899937453,
            29.048959999569703
          ],
          [
            105.89594300000016,
            28.920595000000105
          ]
        ]
      },
      "properties": {
        "MAJ_MINOR": 2,
        "SOURCE": null,
        "_layer_id": "ming_courier_routes",
        "_layer_title": "명대 역참 노선",
        "_source_file": "Ming_Routes_2016.shp",
        "_source_crs": "EPSG:4326"
      }
    },
    {
      "type": "Feature",
      "geometry": {
        "type": "LineString",
        "coordinates": [
          [
            105.89594300000016,
            28.920595000000105
          ],
          [
            105.826729,
            28.812002000000064
          ]
        ]
      },
      "properties": {
        "MAJ_MINOR": 2,
        "SOURCE": null,
        "_layer_id": "ming_courier_routes",
        "_layer_title": "명대 역참 노선",
        "_source_file": "Ming_Routes_2016.shp",
        "_source_crs": "EPSG:4326"
      }
    },
    {
      "type": "Feature",
      "geometry": {
        "type": "LineString",
        "coordinates": [
          [
            104.1064070000001,
            26.21884200000011
          ],
          [
            103.82211303710932,
            25.609928131103572
          ]
        ]
      },
      "properties": {
        "MAJ_MINOR": 2,
        "SOURCE": null,
        "_layer_id": "ming_courier_routes",
        "_layer_title": "명대 역참 노선",
        "_source_file": "Ming_Routes_2016.shp",
        "_source_crs": "EPSG:4326"
      }
    },
    {
      "type": "Feature",
      "geometry": {
        "type": "LineString",
        "coordinates": [
          [
            114.86824000000001,
            30.631774999999948
          ],
          [
            114.56285900000012,
            30.65994100000006
          ]
        ]
      },
      "properties": {
        "MAJ_MINOR": 2,
        "SOURCE": null,
        "_layer_id": "ming_courier_routes",
        "_layer_title": "명대 역참 노선",
        "_source_file": "Ming_Routes_2016.shp",
        "_source_crs": "EPSG:4326"
      }
    },
    {
      "type": "Feature",
      "geometry": {
        "type": "LineString",
        "coordinates": [
          [
            114.56285900000012,
            30.65994100000006
          ],
          [
            114.31919097900402,
            30.541385650634822
          ]
        ]
      },
      "properties": {
        "MAJ_MINOR": 2,
        "SOURCE": null,
        "_layer_id": "ming_courier_routes",
        "_layer_title": "명대 역참 노선",
        "_source_file": "Ming_Routes_2016.shp",
        "_source_crs": "EPSG:4326"
      }
    },
    {
      "type": "Feature",
      "geometry": {
        "type": "LineString",
        "coordinates": [
          [
            116.04112199999997,
            29.453486000000055
          ],
          [
            115.74502563476562,
            29.33056449890131
          ]
        ]
      },
      "properties": {
        "MAJ_MINOR": 1,
        "SOURCE": null,
        "_layer_id": "ming_courier_routes",
        "_layer_title": "명대 역참 노선",
        "_source_file": "Ming_Routes_2016.shp",
        "_source_crs": "EPSG:4326"
      }
    },
    {
      "type": "Feature",
      "geometry": {
        "type": "LineString",
        "coordinates": [
          [
            115.89772033691406,
            28.674896240234375
          ],
          [
            115.97885900057935,
            28.85643999961355
          ]
        ]
      },
      "properties": {
        "MAJ_MINOR": 2,
        "SOURCE": null,
        "_layer_id": "ming_courier_routes",
        "_layer_title": "명대 역참 노선",
        "_source_file": "Ming_Routes_2016.shp",
        "_source_crs": "EPSG:4326"
      }
    },
    {
      "type": "Feature",
      "geometry": {
        "type": "LineString",
        "coordinates": [
          [
            115.97885900057929,
            28.85643999961355
          ],
          [
            115.99440800000002,
            29.17683000000011
          ]
        ]
      },
      "properties": {
        "MAJ_MINOR": 2,
        "SOURCE": null,
        "_layer_id": "ming_courier_routes",
        "_layer_title": "명대 역참 노선",
        "_source_file": "Ming_Routes_2016.shp",
        "_source_crs": "EPSG:4326"
      }
    },
    {
      "type": "Feature",
      "geometry": {
        "type": "LineString",
        "coordinates": [
          [
            115.83668899999998,
            28.411289000000124
          ],
          [
            115.78578200000004,
            28.197754000000145
          ]
        ]
      },
      "properties": {
        "MAJ_MINOR": 1,
        "SOURCE": null,
        "_layer_id": "ming_courier_routes",
        "_layer_title": "명대 역참 노선",
        "_source_file": "Ming_Routes_2016.shp",
        "_source_crs": "EPSG:4326"
      }
    },
    {
      "type": "Feature",
      "geometry": {
        "type": "LineString",
        "coordinates": [
          [
            115.39898681640625,
            28.015569686889705
          ],
          [
            114.93114000000003,
            27.804080000000113
          ]
        ]
      },
      "properties": {
        "MAJ_MINOR": 2,
        "SOURCE": null,
        "_layer_id": "ming_courier_routes",
        "_layer_title": "명대 역참 노선",
        "_source_file": "Ming_Routes_2016.shp",
        "_source_crs": "EPSG:4326"
      }
    },
    {
      "type": "Feature",
      "geometry": {
        "type": "LineString",
        "coordinates": [
          [
            114.93114000000003,
            27.804080000000113
          ],
          [
            114.81869300011692,
            27.74665599993217
          ]
        ]
      },
      "properties": {
        "MAJ_MINOR": 2,
        "SOURCE": null,
        "_layer_id": "ming_courier_routes",
        "_layer_title": "명대 역참 노선",
        "_source_file": "Ming_Routes_2016.shp",
        "_source_crs": "EPSG:4326"
      }
    },
    {
      "type": "Feature",
      "geometry": {
        "type": "LineString",
        "coordinates": [
          [
            114.81869300011687,
            27.74665599993217
          ],
          [
            114.67571999999996,
            27.816052000000013
          ]
        ]
      },
      "properties": {
        "MAJ_MINOR": 2,
        "SOURCE": null,
        "_layer_id": "ming_courier_routes",
        "_layer_title": "명대 역참 노선",
        "_source_file": "Ming_Routes_2016.shp",
        "_source_crs": "EPSG:4326"
      }
    },
    {
      "type": "Feature",
      "geometry": {
        "type": "LineString",
        "coordinates": [
          [
            114.67571999999996,
            27.816052000000013
          ],
          [
            114.43177800005954,
            27.841371999964093
          ]
        ]
      },
      "properties": {
        "MAJ_MINOR": 2,
        "SOURCE": null,
        "_layer_id": "ming_courier_routes",
        "_layer_title": "명대 역참 노선",
        "_source_file": "Ming_Routes_2016.shp",
        "_source_crs": "EPSG:4326"
      }
    },
    {
      "type": "Feature",
      "geometry": {
        "type": "LineString",
        "coordinates": [
          [
            114.43177800005954,
            27.841371999964107
          ],
          [
            114.37588500000015,
            27.79426600000005
          ]
        ]
      },
      "properties": {
        "MAJ_MINOR": 2,
        "SOURCE": null,
        "_layer_id": "ming_courier_routes",
        "_layer_title": "명대 역참 노선",
        "_source_file": "Ming_Routes_2016.shp",
        "_source_crs": "EPSG:4326"
      }
    },
    {
      "type": "Feature",
      "geometry": {
        "type": "LineString",
        "coordinates": [
          [
            114.37588500000015,
            27.79426600000005
          ],
          [
            113.83863799999995,
            27.631424000000152
          ]
        ]
      },
      "properties": {
        "MAJ_MINOR": 2,
        "SOURCE": null,
        "_layer_id": "ming_courier_routes",
        "_layer_title": "명대 역참 노선",
        "_source_file": "Ming_Routes_2016.shp",
        "_source_crs": "EPSG:4326"
      }
    },
    {
      "type": "Feature",
      "geometry": {
        "type": "LineString",
        "coordinates": [
          [
            115.14727783203125,
            27.553689956665096
          ],
          [
            115.0938970000002,
            27.32751600000006
          ]
        ]
      },
      "properties": {
        "MAJ_MINOR": 1,
        "SOURCE": null,
        "_layer_id": "ming_courier_routes",
        "_layer_title": "명대 역참 노선",
        "_source_file": "Ming_Routes_2016.shp",
        "_source_crs": "EPSG:4326"
      }
    },
    {
      "type": "Feature",
      "geometry": {
        "type": "LineString",
        "coordinates": [
          [
            114.77967834472656,
            26.46176910400385
          ],
          [
            114.90591200000006,
            26.322424000000126
          ]
        ]
      },
      "properties": {
        "MAJ_MINOR": 1,
        "SOURCE": null,
        "_layer_id": "ming_courier_routes",
        "_layer_title": "명대 역참 노선",
        "_source_file": "Ming_Routes_2016.shp",
        "_source_crs": "EPSG:4326"
      }
    },
    {
      "type": "Feature",
      "geometry": {
        "type": "LineString",
        "coordinates": [
          [
            114.90591200000006,
            26.322424000000126
          ],
          [
            114.9054950000002,
            26.129812000000072
          ]
        ]
      },
      "properties": {
        "MAJ_MINOR": 1,
        "SOURCE": null,
        "_layer_id": "ming_courier_routes",
        "_layer_title": "명대 역참 노선",
        "_source_file": "Ming_Routes_2016.shp",
        "_source_crs": "EPSG:4326"
      }
    },
    {
      "type": "Feature",
      "geometry": {
        "type": "LineString",
        "coordinates": [
          [
            114.55017800007425,
            25.485345999967755
          ],
          [
            114.35057067871094,
            25.399953842163086
          ]
        ]
      },
      "properties": {
        "MAJ_MINOR": 1,
        "SOURCE": null,
        "_layer_id": "ming_courier_routes",
        "_layer_title": "명대 역참 노선",
        "_source_file": "Ming_Routes_2016.shp",
        "_source_crs": "EPSG:4326"
      }
    },
    {
      "type": "Feature",
      "geometry": {
        "type": "LineString",
        "coordinates": [
          [
            115.89772033691406,
            28.674896240234375
          ],
          [
            116.00349200000005,
            28.526974000000052
          ]
        ]
      },
      "properties": {
        "MAJ_MINOR": 2,
        "SOURCE": null,
        "_layer_id": "ming_courier_routes",
        "_layer_title": "명대 역참 노선",
        "_source_file": "Ming_Routes_2016.shp",
        "_source_crs": "EPSG:4326"
      }
    },
    {
      "type": "Feature",
      "geometry": {
        "type": "LineString",
        "coordinates": [
          [
            116.00349200000005,
            28.526974000000052
          ],
          [
            116.35134100089627,
            27.984780999458252
          ]
        ]
      },
      "properties": {
        "MAJ_MINOR": 2,
        "SOURCE": null,
        "_layer_id": "ming_courier_routes",
        "_layer_title": "명대 역참 노선",
        "_source_file": "Ming_Routes_2016.shp",
        "_source_crs": "EPSG:4326"
      }
    },
    {
      "type": "Feature",
      "geometry": {
        "type": "LineString",
        "coordinates": [
          [
            116.35134100089621,
            27.984780999458252
          ],
          [
            116.62744899999996,
            27.55971700000009
          ]
        ]
      },
      "properties": {
        "MAJ_MINOR": 2,
        "SOURCE": null,
        "_layer_id": "ming_courier_routes",
        "_layer_title": "명대 역참 노선",
        "_source_file": "Ming_Routes_2016.shp",
        "_source_crs": "EPSG:4326"
      }
    },
    {
      "type": "Feature",
      "geometry": {
        "type": "LineString",
        "coordinates": [
          [
            116.62744899999996,
            27.55971700000009
          ],
          [
            117.1188390000001,
            27.68365300000005
          ]
        ]
      },
      "properties": {
        "MAJ_MINOR": 2,
        "SOURCE": null,
        "_layer_id": "ming_courier_routes",
        "_layer_title": "명대 역참 노선",
        "_source_file": "Ming_Routes_2016.shp",
        "_source_crs": "EPSG:4326"
      }
    },
    {
      "type": "Feature",
      "geometry": {
        "type": "LineString",
        "coordinates": [
          [
            117.1188390000001,
            27.68365300000005
          ],
          [
            117.33325200000002,
            27.539524000000142
          ]
        ]
      },
      "properties": {
        "MAJ_MINOR": 2,
        "SOURCE": null,
        "_layer_id": "ming_courier_routes",
        "_layer_title": "명대 역참 노선",
        "_source_file": "Ming_Routes_2016.shp",
        "_source_crs": "EPSG:4326"
      }
    },
    {
      "type": "Feature",
      "geometry": {
        "type": "LineString",
        "coordinates": [
          [
            117.33325200000002,
            27.539524000000142
          ],
          [
            117.48339800000008,
            27.33769200000006
          ]
        ]
      },
      "properties": {
        "MAJ_MINOR": 2,
        "SOURCE": null,
        "_layer_id": "ming_courier_routes",
        "_layer_title": "명대 역참 노선",
        "_source_file": "Ming_Routes_2016.shp",
        "_source_crs": "EPSG:4326"
      }
    },
    {
      "type": "Feature",
      "geometry": {
        "type": "LineString",
        "coordinates": [
          [
            118.16918182373047,
            26.642173767089957
          ],
          [
            117.96530100000007,
            26.63753100000008
          ]
        ]
      },
      "properties": {
        "MAJ_MINOR": 2,
        "SOURCE": null,
        "_layer_id": "ming_courier_routes",
        "_layer_title": "명대 역참 노선",
        "_source_file": "Ming_Routes_2016.shp",
        "_source_crs": "EPSG:4326"
      }
    },
    {
      "type": "Feature",
      "geometry": {
        "type": "LineString",
        "coordinates": [
          [
            117.96530100000007,
            26.63753100000008
          ],
          [
            117.80600263571137,
            26.7967157345376
          ]
        ]
      },
      "properties": {
        "MAJ_MINOR": 2,
        "SOURCE": null,
        "_layer_id": "ming_courier_routes",
        "_layer_title": "명대 역참 노선",
        "_source_file": "Ming_Routes_2016.shp",
        "_source_crs": "EPSG:4326"
      }
    },
    {
      "type": "Feature",
      "geometry": {
        "type": "LineString",
        "coordinates": [
          [
            117.80600263571137,
            26.7967157345376
          ],
          [
            117.77143704275375,
            26.93263368880389
          ]
        ]
      },
      "properties": {
        "MAJ_MINOR": 2,
        "SOURCE": null,
        "_layer_id": "ming_courier_routes",
        "_layer_title": "명대 역참 노선",
        "_source_file": "Ming_Routes_2016.shp",
        "_source_crs": "EPSG:4326"
      }
    },
    {
      "type": "Feature",
      "geometry": {
        "type": "LineString",
        "coordinates": [
          [
            117.77143704275375,
            26.93263368880389
          ],
          [
            117.64281500000016,
            27.14666900000003
          ]
        ]
      },
      "properties": {
        "MAJ_MINOR": 2,
        "SOURCE": null,
        "_layer_id": "ming_courier_routes",
        "_layer_title": "명대 역참 노선",
        "_source_file": "Ming_Routes_2016.shp",
        "_source_crs": "EPSG:4326"
      }
    },
    {
      "type": "Feature",
      "geometry": {
        "type": "LineString",
        "coordinates": [
          [
            117.64281500000016,
            27.14666900000003
          ],
          [
            117.48339800000008,
            27.33769200000006
          ]
        ]
      },
      "properties": {
        "MAJ_MINOR": 2,
        "SOURCE": null,
        "_layer_id": "ming_courier_routes",
        "_layer_title": "명대 역참 노선",
        "_source_file": "Ming_Routes_2016.shp",
        "_source_crs": "EPSG:4326"
      }
    },
    {
      "type": "Feature",
      "geometry": {
        "type": "LineString",
        "coordinates": [
          [
            118.40935400000012,
            26.51427300000006
          ],
          [
            118.67510223388672,
            26.428909301757926
          ]
        ]
      },
      "properties": {
        "MAJ_MINOR": 1,
        "SOURCE": null,
        "_layer_id": "ming_courier_routes",
        "_layer_title": "명대 역참 노선",
        "_source_file": "Ming_Routes_2016.shp",
        "_source_crs": "EPSG:4326"
      }
    },
    {
      "type": "Feature",
      "geometry": {
        "type": "LineString",
        "coordinates": [
          [
            118.761289378539,
            26.359175954609498
          ],
          [
            119.08115400477016,
            26.209016994571407
          ]
        ]
      },
      "properties": {
        "MAJ_MINOR": 1,
        "SOURCE": null,
        "_layer_id": "ming_courier_routes",
        "_layer_title": "명대 역참 노선",
        "_source_file": "Ming_Routes_2016.shp",
        "_source_crs": "EPSG:4326"
      }
    },
    {
      "type": "Feature",
      "geometry": {
        "type": "LineString",
        "coordinates": [
          [
            119.3215789794923,
            26.073953628540096
          ],
          [
            119.33597900457498,
            25.876642993664547
          ]
        ]
      },
      "properties": {
        "MAJ_MINOR": 2,
        "SOURCE": null,
        "_layer_id": "ming_courier_routes",
        "_layer_title": "명대 역참 노선",
        "_source_file": "Ming_Routes_2016.shp",
        "_source_crs": "EPSG:4326"
      }
    },
    {
      "type": "Feature",
      "geometry": {
        "type": "LineString",
        "coordinates": [
          [
            119.33597900457498,
            25.876642993664547
          ],
          [
            119.381439,
            25.727917000000048
          ]
        ]
      },
      "properties": {
        "MAJ_MINOR": 2,
        "SOURCE": null,
        "_layer_id": "ming_courier_routes",
        "_layer_title": "명대 역참 노선",
        "_source_file": "Ming_Routes_2016.shp",
        "_source_crs": "EPSG:4326"
      }
    },
    {
      "type": "Feature",
      "geometry": {
        "type": "LineString",
        "coordinates": [
          [
            119.381439,
            25.727917000000048
          ],
          [
            119.3099980047225,
            25.70228999387505
          ]
        ]
      },
      "properties": {
        "MAJ_MINOR": 2,
        "SOURCE": null,
        "_layer_id": "ming_courier_routes",
        "_layer_title": "명대 역참 노선",
        "_source_file": "Ming_Routes_2016.shp",
        "_source_crs": "EPSG:4326"
      }
    },
    {
      "type": "Feature",
      "geometry": {
        "type": "LineString",
        "coordinates": [
          [
            119.3099980047225,
            25.70228999387505
          ],
          [
            119.19478600497733,
            25.483251994472116
          ]
        ]
      },
      "properties": {
        "MAJ_MINOR": 2,
        "SOURCE": null,
        "_layer_id": "ming_courier_routes",
        "_layer_title": "명대 역참 노선",
        "_source_file": "Ming_Routes_2016.shp",
        "_source_crs": "EPSG:4326"
      }
    },
    {
      "type": "Feature",
      "geometry": {
        "type": "LineString",
        "coordinates": [
          [
            119.19478600497733,
            25.483251994472116
          ],
          [
            119.01110100000005,
            25.43395400000003
          ]
        ]
      },
      "properties": {
        "MAJ_MINOR": 2,
        "SOURCE": null,
        "_layer_id": "ming_courier_routes",
        "_layer_title": "명대 역참 노선",
        "_source_file": "Ming_Routes_2016.shp",
        "_source_crs": "EPSG:4326"
      }
    },
    {
      "type": "Feature",
      "geometry": {
        "type": "LineString",
        "coordinates": [
          [
            119.01110100000005,
            25.43395400000003
          ],
          [
            118.84442100000001,
            25.24142300000011
          ]
        ]
      },
      "properties": {
        "MAJ_MINOR": 2,
        "SOURCE": null,
        "_layer_id": "ming_courier_routes",
        "_layer_title": "명대 역참 노선",
        "_source_file": "Ming_Routes_2016.shp",
        "_source_crs": "EPSG:4326"
      }
    },
    {
      "type": "Feature",
      "geometry": {
        "type": "LineString",
        "coordinates": [
          [
            118.84442100000001,
            25.24142300000011
          ],
          [
            118.802818,
            25.02207800000008
          ]
        ]
      },
      "properties": {
        "MAJ_MINOR": 2,
        "SOURCE": null,
        "_layer_id": "ming_courier_routes",
        "_layer_title": "명대 역참 노선",
        "_source_file": "Ming_Routes_2016.shp",
        "_source_crs": "EPSG:4326"
      }
    },
    {
      "type": "Feature",
      "geometry": {
        "type": "LineString",
        "coordinates": [
          [
            118.802818,
            25.02207800000008
          ],
          [
            118.58990500000016,
            24.909640999999965
          ]
        ]
      },
      "properties": {
        "MAJ_MINOR": 2,
        "SOURCE": null,
        "_layer_id": "ming_courier_routes",
        "_layer_title": "명대 역참 노선",
        "_source_file": "Ming_Routes_2016.shp",
        "_source_crs": "EPSG:4326"
      }
    },
    {
      "type": "Feature",
      "geometry": {
        "type": "LineString",
        "coordinates": [
          [
            118.58990500000016,
            24.909640999999965
          ],
          [
            118.41775000000007,
            24.746709000000067
          ]
        ]
      },
      "properties": {
        "MAJ_MINOR": 2,
        "SOURCE": null,
        "_layer_id": "ming_courier_routes",
        "_layer_title": "명대 역참 노선",
        "_source_file": "Ming_Routes_2016.shp",
        "_source_crs": "EPSG:4326"
      }
    },
    {
      "type": "Feature",
      "geometry": {
        "type": "LineString",
        "coordinates": [
          [
            118.41775000000007,
            24.746709000000067
          ],
          [
            118.14450040174529,
            24.736698394419307
          ]
        ]
      },
      "properties": {
        "MAJ_MINOR": 2,
        "SOURCE": null,
        "_layer_id": "ming_courier_routes",
        "_layer_title": "명대 역참 노선",
        "_source_file": "Ming_Routes_2016.shp",
        "_source_crs": "EPSG:4326"
      }
    },
    {
      "type": "Feature",
      "geometry": {
        "type": "LineString",
        "coordinates": [
          [
            118.14450040174529,
            24.736698394419307
          ],
          [
            117.96395500000006,
            24.593819000000053
          ]
        ]
      },
      "properties": {
        "MAJ_MINOR": 2,
        "SOURCE": null,
        "_layer_id": "ming_courier_routes",
        "_layer_title": "명대 역참 노선",
        "_source_file": "Ming_Routes_2016.shp",
        "_source_crs": "EPSG:4326"
      }
    },
    {
      "type": "Feature",
      "geometry": {
        "type": "LineString",
        "coordinates": [
          [
            117.96395500000006,
            24.593819000000053
          ],
          [
            117.89989181034593,
            24.524450472699186
          ]
        ]
      },
      "properties": {
        "MAJ_MINOR": 2,
        "SOURCE": null,
        "_layer_id": "ming_courier_routes",
        "_layer_title": "명대 역참 노선",
        "_source_file": "Ming_Routes_2016.shp",
        "_source_crs": "EPSG:4326"
      }
    },
    {
      "type": "Feature",
      "geometry": {
        "type": "LineString",
        "coordinates": [
          [
            117.89989181034593,
            24.524450472699186
          ],
          [
            117.65305300000011,
            24.511744000000135
          ]
        ]
      },
      "properties": {
        "MAJ_MINOR": 2,
        "SOURCE": null,
        "_layer_id": "ming_courier_routes",
        "_layer_title": "명대 역참 노선",
        "_source_file": "Ming_Routes_2016.shp",
        "_source_crs": "EPSG:4326"
      }
    },
    {
      "type": "Feature",
      "geometry": {
        "type": "LineString",
        "coordinates": [
          [
            117.65305300000011,
            24.511744000000135
          ],
          [
            117.6742740000002,
            24.268709000000058
          ]
        ]
      },
      "properties": {
        "MAJ_MINOR": 2,
        "SOURCE": null,
        "_layer_id": "ming_courier_routes",
        "_layer_title": "명대 역참 노선",
        "_source_file": "Ming_Routes_2016.shp",
        "_source_crs": "EPSG:4326"
      }
    },
    {
      "type": "Feature",
      "geometry": {
        "type": "LineString",
        "coordinates": [
          [
            117.6742740000002,
            24.268709000000058
          ],
          [
            117.61069741385268,
            24.117078021871464
          ]
        ]
      },
      "properties": {
        "MAJ_MINOR": 2,
        "SOURCE": null,
        "_layer_id": "ming_courier_routes",
        "_layer_title": "명대 역참 노선",
        "_source_file": "Ming_Routes_2016.shp",
        "_source_crs": "EPSG:4326"
      }
    },
    {
      "type": "Feature",
      "geometry": {
        "type": "LineString",
        "coordinates": [
          [
            117.61069741385268,
            24.117078021871464
          ],
          [
            117.3283080000001,
            23.95955100000009
          ]
        ]
      },
      "properties": {
        "MAJ_MINOR": 2,
        "SOURCE": null,
        "_layer_id": "ming_courier_routes",
        "_layer_title": "명대 역참 노선",
        "_source_file": "Ming_Routes_2016.shp",
        "_source_crs": "EPSG:4326"
      }
    },
    {
      "type": "Feature",
      "geometry": {
        "type": "LineString",
        "coordinates": [
          [
            117.65305300000011,
            24.511744000000135
          ],
          [
            117.50569199999995,
            24.57299400000005
          ]
        ]
      },
      "properties": {
        "MAJ_MINOR": 2,
        "SOURCE": null,
        "_layer_id": "ming_courier_routes",
        "_layer_title": "명대 역참 노선",
        "_source_file": "Ming_Routes_2016.shp",
        "_source_crs": "EPSG:4326"
      }
    },
    {
      "type": "Feature",
      "geometry": {
        "type": "LineString",
        "coordinates": [
          [
            117.50569199999995,
            24.57299400000005
          ],
          [
            117.29586000000006,
            24.778765000000078
          ]
        ]
      },
      "properties": {
        "MAJ_MINOR": 2,
        "SOURCE": null,
        "_layer_id": "ming_courier_routes",
        "_layer_title": "명대 역참 노선",
        "_source_file": "Ming_Routes_2016.shp",
        "_source_crs": "EPSG:4326"
      }
    },
    {
      "type": "Feature",
      "geometry": {
        "type": "LineString",
        "coordinates": [
          [
            117.29586000000006,
            24.778765000000078
          ],
          [
            117.11512907098086,
            24.881440699286202
          ]
        ]
      },
      "properties": {
        "MAJ_MINOR": 2,
        "SOURCE": null,
        "_layer_id": "ming_courier_routes",
        "_layer_title": "명대 역참 노선",
        "_source_file": "Ming_Routes_2016.shp",
        "_source_crs": "EPSG:4326"
      }
    },
    {
      "type": "Feature",
      "geometry": {
        "type": "LineString",
        "coordinates": [
          [
            118.25579100000016,
            26.76864599999999
          ],
          [
            118.16918182373047,
            26.642173767089957
          ]
        ]
      },
      "properties": {
        "MAJ_MINOR": 1,
        "SOURCE": null,
        "_layer_id": "ming_courier_routes",
        "_layer_title": "명대 역참 노선",
        "_source_file": "Ming_Routes_2016.shp",
        "_source_crs": "EPSG:4326"
      }
    },
    {
      "type": "Feature",
      "geometry": {
        "type": "LineString",
        "coordinates": [
          [
            118.29058300000008,
            26.910593000000176
          ],
          [
            118.25579100000016,
            26.76864599999999
          ]
        ]
      },
      "properties": {
        "MAJ_MINOR": 1,
        "SOURCE": null,
        "_layer_id": "ming_courier_routes",
        "_layer_title": "명대 역참 노선",
        "_source_file": "Ming_Routes_2016.shp",
        "_source_crs": "EPSG:4326"
      }
    },
    {
      "type": "Feature",
      "geometry": {
        "type": "LineString",
        "coordinates": [
          [
            118.1053695678711,
            27.339879989624023
          ],
          [
            118.22162900381267,
            27.167745996958157
          ]
        ]
      },
      "properties": {
        "MAJ_MINOR": 1,
        "SOURCE": null,
        "_layer_id": "ming_courier_routes",
        "_layer_title": "명대 역참 노선",
        "_source_file": "Ming_Routes_2016.shp",
        "_source_crs": "EPSG:4326"
      }
    },
    {
      "type": "Feature",
      "geometry": {
        "type": "LineString",
        "coordinates": [
          [
            118.1053695678711,
            27.339879989624023
          ],
          [
            118.06626900000003,
            27.503511000000117
          ]
        ]
      },
      "properties": {
        "MAJ_MINOR": 1,
        "SOURCE": null,
        "_layer_id": "ming_courier_routes",
        "_layer_title": "명대 역참 노선",
        "_source_file": "Ming_Routes_2016.shp",
        "_source_crs": "EPSG:4326"
      }
    },
    {
      "type": "Feature",
      "geometry": {
        "type": "LineString",
        "coordinates": [
          [
            118.06626900000003,
            27.503511000000117
          ],
          [
            118.02677900000003,
            27.756025000000022
          ]
        ]
      },
      "properties": {
        "MAJ_MINOR": 1,
        "SOURCE": null,
        "_layer_id": "ming_courier_routes",
        "_layer_title": "명대 역참 노선",
        "_source_file": "Ming_Routes_2016.shp",
        "_source_crs": "EPSG:4326"
      }
    },
    {
      "type": "Feature",
      "geometry": {
        "type": "LineString",
        "coordinates": [
          [
            118.02677900000003,
            27.756025000000022
          ],
          [
            117.8938290000001,
            27.87027200000017
          ]
        ]
      },
      "properties": {
        "MAJ_MINOR": 1,
        "SOURCE": null,
        "_layer_id": "ming_courier_routes",
        "_layer_title": "명대 역참 노선",
        "_source_file": "Ming_Routes_2016.shp",
        "_source_crs": "EPSG:4326"
      }
    },
    {
      "type": "Feature",
      "geometry": {
        "type": "LineString",
        "coordinates": [
          [
            118.240181,
            28.679602000000045
          ],
          [
            117.96505278479117,
            28.44791727320836
          ]
        ]
      },
      "properties": {
        "MAJ_MINOR": 1,
        "SOURCE": null,
        "_layer_id": "ming_courier_routes",
        "_layer_title": "명대 역참 노선",
        "_source_file": "Ming_Routes_2016.shp",
        "_source_crs": "EPSG:4326"
      }
    },
    {
      "type": "Feature",
      "geometry": {
        "type": "LineString",
        "coordinates": [
          [
            117.96505278479117,
            28.44791727320836
          ],
          [
            117.77659000000006,
            28.20845000000014
          ]
        ]
      },
      "properties": {
        "MAJ_MINOR": 1,
        "SOURCE": null,
        "_layer_id": "ming_courier_routes",
        "_layer_title": "명대 역참 노선",
        "_source_file": "Ming_Routes_2016.shp",
        "_source_crs": "EPSG:4326"
      }
    },
    {
      "type": "Feature",
      "geometry": {
        "type": "LineString",
        "coordinates": [
          [
            117.77659000000006,
            28.20845000000014
          ],
          [
            117.80000305175804,
            28.000000000000114
          ]
        ]
      },
      "properties": {
        "MAJ_MINOR": 1,
        "SOURCE": null,
        "_layer_id": "ming_courier_routes",
        "_layer_title": "명대 역참 노선",
        "_source_file": "Ming_Routes_2016.shp",
        "_source_crs": "EPSG:4326"
      }
    },
    {
      "type": "Feature",
      "geometry": {
        "type": "LineString",
        "coordinates": [
          [
            117.80000305175804,
            28.000000000000114
          ],
          [
            117.8938290000001,
            27.87027200000017
          ]
        ]
      },
      "properties": {
        "MAJ_MINOR": 1,
        "SOURCE": null,
        "_layer_id": "ming_courier_routes",
        "_layer_title": "명대 역참 노선",
        "_source_file": "Ming_Routes_2016.shp",
        "_source_crs": "EPSG:4326"
      }
    },
    {
      "type": "Feature",
      "geometry": {
        "type": "LineString",
        "coordinates": [
          [
            118.34401500000013,
            28.812477000000115
          ],
          [
            118.240181,
            28.679602000000045
          ]
        ]
      },
      "properties": {
        "MAJ_MINOR": 1,
        "SOURCE": null,
        "_layer_id": "ming_courier_routes",
        "_layer_title": "명대 역참 노선",
        "_source_file": "Ming_Routes_2016.shp",
        "_source_crs": "EPSG:4326"
      }
    },
    {
      "type": "Feature",
      "geometry": {
        "type": "LineString",
        "coordinates": [
          [
            119.47885131835938,
            29.204452514648494
          ],
          [
            119.64991799999996,
            29.104712000000006
          ]
        ]
      },
      "properties": {
        "MAJ_MINOR": 2,
        "SOURCE": null,
        "_layer_id": "ming_courier_routes",
        "_layer_title": "명대 역참 노선",
        "_source_file": "Ming_Routes_2016.shp",
        "_source_crs": "EPSG:4326"
      }
    },
    {
      "type": "Feature",
      "geometry": {
        "type": "LineString",
        "coordinates": [
          [
            119.64991799999996,
            29.104712000000006
          ],
          [
            120.02525300000002,
            28.897268000000054
          ]
        ]
      },
      "properties": {
        "MAJ_MINOR": 2,
        "SOURCE": null,
        "_layer_id": "ming_courier_routes",
        "_layer_title": "명대 역참 노선",
        "_source_file": "Ming_Routes_2016.shp",
        "_source_crs": "EPSG:4326"
      }
    },
    {
      "type": "Feature",
      "geometry": {
        "type": "LineString",
        "coordinates": [
          [
            120.02525300000002,
            28.897268000000054
          ],
          [
            120.05844100000013,
            28.648392
          ]
        ]
      },
      "properties": {
        "MAJ_MINOR": 2,
        "SOURCE": null,
        "_layer_id": "ming_courier_routes",
        "_layer_title": "명대 역참 노선",
        "_source_file": "Ming_Routes_2016.shp",
        "_source_crs": "EPSG:4326"
      }
    },
    {
      "type": "Feature",
      "geometry": {
        "type": "LineString",
        "coordinates": [
          [
            120.05844100000013,
            28.648392
          ],
          [
            119.9130090000001,
            28.448732000000007
          ]
        ]
      },
      "properties": {
        "MAJ_MINOR": 2,
        "SOURCE": null,
        "_layer_id": "ming_courier_routes",
        "_layer_title": "명대 역참 노선",
        "_source_file": "Ming_Routes_2016.shp",
        "_source_crs": "EPSG:4326"
      }
    },
    {
      "type": "Feature",
      "geometry": {
        "type": "LineString",
        "coordinates": [
          [
            119.9130090000001,
            28.448732000000007
          ],
          [
            120.28815500000007,
            28.143875000000094
          ]
        ]
      },
      "properties": {
        "MAJ_MINOR": 2,
        "SOURCE": null,
        "_layer_id": "ming_courier_routes",
        "_layer_title": "명대 역참 노선",
        "_source_file": "Ming_Routes_2016.shp",
        "_source_crs": "EPSG:4326"
      }
    },
    {
      "type": "Feature",
      "geometry": {
        "type": "LineString",
        "coordinates": [
          [
            120.28815500000007,
            28.143875000000094
          ],
          [
            120.65322100000003,
            28.018291000000033
          ]
        ]
      },
      "properties": {
        "MAJ_MINOR": 2,
        "SOURCE": null,
        "_layer_id": "ming_courier_routes",
        "_layer_title": "명대 역참 노선",
        "_source_file": "Ming_Routes_2016.shp",
        "_source_crs": "EPSG:4326"
      }
    },
    {
      "type": "Feature",
      "geometry": {
        "type": "LineString",
        "coordinates": [
          [
            120.65322100000003,
            28.018291000000033
          ],
          [
            120.95768699999996,
            28.130675999999937
          ]
        ]
      },
      "properties": {
        "MAJ_MINOR": 2,
        "SOURCE": null,
        "_layer_id": "ming_courier_routes",
        "_layer_title": "명대 역참 노선",
        "_source_file": "Ming_Routes_2016.shp",
        "_source_crs": "EPSG:4326"
      }
    },
    {
      "type": "Feature",
      "geometry": {
        "type": "LineString",
        "coordinates": [
          [
            120.95768699999996,
            28.130675999999937
          ],
          [
            121.10144800000012,
            28.26831200000015
          ]
        ]
      },
      "properties": {
        "MAJ_MINOR": 2,
        "SOURCE": null,
        "_layer_id": "ming_courier_routes",
        "_layer_title": "명대 역참 노선",
        "_source_file": "Ming_Routes_2016.shp",
        "_source_crs": "EPSG:4326"
      }
    },
    {
      "type": "Feature",
      "geometry": {
        "type": "LineString",
        "coordinates": [
          [
            121.10144800000012,
            28.26831200000015
          ],
          [
            121.14601100000004,
            28.41246400000017
          ]
        ]
      },
      "properties": {
        "MAJ_MINOR": 2,
        "SOURCE": null,
        "_layer_id": "ming_courier_routes",
        "_layer_title": "명대 역참 노선",
        "_source_file": "Ming_Routes_2016.shp",
        "_source_crs": "EPSG:4326"
      }
    },
    {
      "type": "Feature",
      "geometry": {
        "type": "LineString",
        "coordinates": [
          [
            121.14601100000004,
            28.41246400000017
          ],
          [
            121.25086194076722,
            28.544274975491007
          ]
        ]
      },
      "properties": {
        "MAJ_MINOR": 2,
        "SOURCE": null,
        "_layer_id": "ming_courier_routes",
        "_layer_title": "명대 역참 노선",
        "_source_file": "Ming_Routes_2016.shp",
        "_source_crs": "EPSG:4326"
      }
    },
    {
      "type": "Feature",
      "geometry": {
        "type": "LineString",
        "coordinates": [
          [
            121.25086194076722,
            28.544274975491007
          ],
          [
            121.25835400000005,
            28.64261300000004
          ]
        ]
      },
      "properties": {
        "MAJ_MINOR": 2,
        "SOURCE": null,
        "_layer_id": "ming_courier_routes",
        "_layer_title": "명대 역참 노선",
        "_source_file": "Ming_Routes_2016.shp",
        "_source_crs": "EPSG:4326"
      }
    },
    {
      "type": "Feature",
      "geometry": {
        "type": "LineString",
        "coordinates": [
          [
            121.25835400000005,
            28.64261300000004
          ],
          [
            121.12059800000009,
            28.843132000000082
          ]
        ]
      },
      "properties": {
        "MAJ_MINOR": 2,
        "SOURCE": null,
        "_layer_id": "ming_courier_routes",
        "_layer_title": "명대 역참 노선",
        "_source_file": "Ming_Routes_2016.shp",
        "_source_crs": "EPSG:4326"
      }
    },
    {
      "type": "Feature",
      "geometry": {
        "type": "LineString",
        "coordinates": [
          [
            121.12059800000009,
            28.843132000000082
          ],
          [
            121.27705400000013,
            29.064903000000072
          ]
        ]
      },
      "properties": {
        "MAJ_MINOR": 2,
        "SOURCE": null,
        "_layer_id": "ming_courier_routes",
        "_layer_title": "명대 역참 노선",
        "_source_file": "Ming_Routes_2016.shp",
        "_source_crs": "EPSG:4326"
      }
    },
    {
      "type": "Feature",
      "geometry": {
        "type": "LineString",
        "coordinates": [
          [
            121.27705400000013,
            29.064903000000072
          ],
          [
            121.31554400000016,
            29.160954000000118
          ]
        ]
      },
      "properties": {
        "MAJ_MINOR": 2,
        "SOURCE": null,
        "_layer_id": "ming_courier_routes",
        "_layer_title": "명대 역참 노선",
        "_source_file": "Ming_Routes_2016.shp",
        "_source_crs": "EPSG:4326"
      }
    },
    {
      "type": "Feature",
      "geometry": {
        "type": "LineString",
        "coordinates": [
          [
            121.31554400000016,
            29.160954000000118
          ],
          [
            121.32459192647902,
            29.200447973275804
          ]
        ]
      },
      "properties": {
        "MAJ_MINOR": 2,
        "SOURCE": null,
        "_layer_id": "ming_courier_routes",
        "_layer_title": "명대 역참 노선",
        "_source_file": "Ming_Routes_2016.shp",
        "_source_crs": "EPSG:4326"
      }
    },
    {
      "type": "Feature",
      "geometry": {
        "type": "LineString",
        "coordinates": [
          [
            121.32459192647902,
            29.200447973275804
          ],
          [
            121.42555191538315,
            29.283616971845795
          ]
        ]
      },
      "properties": {
        "MAJ_MINOR": 2,
        "SOURCE": null,
        "_layer_id": "ming_courier_routes",
        "_layer_title": "명대 역참 노선",
        "_source_file": "Ming_Routes_2016.shp",
        "_source_crs": "EPSG:4326"
      }
    },
    {
      "type": "Feature",
      "geometry": {
        "type": "LineString",
        "coordinates": [
          [
            121.42555191538315,
            29.28361697184576
          ],
          [
            121.40690600000016,
            29.651657000000114
          ]
        ]
      },
      "properties": {
        "MAJ_MINOR": 2,
        "SOURCE": null,
        "_layer_id": "ming_courier_routes",
        "_layer_title": "명대 역참 노선",
        "_source_file": "Ming_Routes_2016.shp",
        "_source_crs": "EPSG:4326"
      }
    },
    {
      "type": "Feature",
      "geometry": {
        "type": "LineString",
        "coordinates": [
          [
            121.40690600000016,
            29.651657000000114
          ],
          [
            121.54293978908527,
            29.86476165742198
          ]
        ]
      },
      "properties": {
        "MAJ_MINOR": 2,
        "SOURCE": null,
        "_layer_id": "ming_courier_routes",
        "_layer_title": "명대 역참 노선",
        "_source_file": "Ming_Routes_2016.shp",
        "_source_crs": "EPSG:4326"
      }
    },
    {
      "type": "Feature",
      "geometry": {
        "type": "LineString",
        "coordinates": [
          [
            121.54293978908527,
            29.86476165742198
          ],
          [
            121.44419900000014,
            29.979195000000118
          ]
        ]
      },
      "properties": {
        "MAJ_MINOR": 2,
        "SOURCE": null,
        "_layer_id": "ming_courier_routes",
        "_layer_title": "명대 역참 노선",
        "_source_file": "Ming_Routes_2016.shp",
        "_source_crs": "EPSG:4326"
      }
    },
    {
      "type": "Feature",
      "geometry": {
        "type": "LineString",
        "coordinates": [
          [
            121.44419900000014,
            29.979195000000118
          ],
          [
            121.15276300000005,
            30.049067000000036
          ]
        ]
      },
      "properties": {
        "MAJ_MINOR": 2,
        "SOURCE": null,
        "_layer_id": "ming_courier_routes",
        "_layer_title": "명대 역참 노선",
        "_source_file": "Ming_Routes_2016.shp",
        "_source_crs": "EPSG:4326"
      }
    },
    {
      "type": "Feature",
      "geometry": {
        "type": "LineString",
        "coordinates": [
          [
            121.15276300000005,
            30.049067000000036
          ],
          [
            120.97358699999995,
            29.952654000000052
          ]
        ]
      },
      "properties": {
        "MAJ_MINOR": 2,
        "SOURCE": null,
        "_layer_id": "ming_courier_routes",
        "_layer_title": "명대 역참 노선",
        "_source_file": "Ming_Routes_2016.shp",
        "_source_crs": "EPSG:4326"
      }
    },
    {
      "type": "Feature",
      "geometry": {
        "type": "LineString",
        "coordinates": [
          [
            120.97358699999995,
            29.952654000000052
          ],
          [
            120.57826200000011,
            30.004515000000083
          ]
        ]
      },
      "properties": {
        "MAJ_MINOR": 2,
        "SOURCE": null,
        "_layer_id": "ming_courier_routes",
        "_layer_title": "명대 역참 노선",
        "_source_file": "Ming_Routes_2016.shp",
        "_source_crs": "EPSG:4326"
      }
    },
    {
      "type": "Feature",
      "geometry": {
        "type": "LineString",
        "coordinates": [
          [
            120.57826200000011,
            30.004515000000083
          ],
          [
            120.22258000000011,
            30.197996000000046
          ]
        ]
      },
      "properties": {
        "MAJ_MINOR": 2,
        "SOURCE": null,
        "_layer_id": "ming_courier_routes",
        "_layer_title": "명대 역참 노선",
        "_source_file": "Ming_Routes_2016.shp",
        "_source_crs": "EPSG:4326"
      }
    },
    {
      "type": "Feature",
      "geometry": {
        "type": "LineString",
        "coordinates": [
          [
            120.22258000000011,
            30.197996000000046
          ],
          [
            120.1686248779298,
            30.294124603271484
          ]
        ]
      },
      "properties": {
        "MAJ_MINOR": 2,
        "SOURCE": null,
        "_layer_id": "ming_courier_routes",
        "_layer_title": "명대 역참 노선",
        "_source_file": "Ming_Routes_2016.shp",
        "_source_crs": "EPSG:4326"
      }
    },
    {
      "type": "Feature",
      "geometry": {
        "type": "LineString",
        "coordinates": [
          [
            116.60291300000017,
            23.581436000000053
          ],
          [
            116.59406300000012,
            23.260954000000027
          ]
        ]
      },
      "properties": {
        "MAJ_MINOR": 2,
        "SOURCE": null,
        "_layer_id": "ming_courier_routes",
        "_layer_title": "명대 역참 노선",
        "_source_file": "Ming_Routes_2016.shp",
        "_source_crs": "EPSG:4326"
      }
    },
    {
      "type": "Feature",
      "geometry": {
        "type": "LineString",
        "coordinates": [
          [
            116.59406300000012,
            23.260954000000027
          ],
          [
            116.50466652780835,
            23.07859380393944
          ]
        ]
      },
      "properties": {
        "MAJ_MINOR": 2,
        "SOURCE": null,
        "_layer_id": "ming_courier_routes",
        "_layer_title": "명대 역참 노선",
        "_source_file": "Ming_Routes_2016.shp",
        "_source_crs": "EPSG:4326"
      }
    },
    {
      "type": "Feature",
      "geometry": {
        "type": "LineString",
        "coordinates": [
          [
            116.50466652780835,
            23.07859380393944
          ],
          [
            116.28851299999997,
            23.039129000000003
          ]
        ]
      },
      "properties": {
        "MAJ_MINOR": 2,
        "SOURCE": null,
        "_layer_id": "ming_courier_routes",
        "_layer_title": "명대 역참 노선",
        "_source_file": "Ming_Routes_2016.shp",
        "_source_crs": "EPSG:4326"
      }
    },
    {
      "type": "Feature",
      "geometry": {
        "type": "LineString",
        "coordinates": [
          [
            116.28851299999997,
            23.039129000000003
          ],
          [
            116.15901900000017,
            22.996525000000076
          ]
        ]
      },
      "properties": {
        "MAJ_MINOR": 2,
        "SOURCE": null,
        "_layer_id": "ming_courier_routes",
        "_layer_title": "명대 역참 노선",
        "_source_file": "Ming_Routes_2016.shp",
        "_source_crs": "EPSG:4326"
      }
    },
    {
      "type": "Feature",
      "geometry": {
        "type": "LineString",
        "coordinates": [
          [
            116.15901900000017,
            22.996525000000076
          ],
          [
            115.84746530980698,
            22.959136731431173
          ]
        ]
      },
      "properties": {
        "MAJ_MINOR": 2,
        "SOURCE": null,
        "_layer_id": "ming_courier_routes",
        "_layer_title": "명대 역참 노선",
        "_source_file": "Ming_Routes_2016.shp",
        "_source_crs": "EPSG:4326"
      }
    },
    {
      "type": "Feature",
      "geometry": {
        "type": "LineString",
        "coordinates": [
          [
            115.84746530980698,
            22.959136731431173
          ],
          [
            115.64108299999998,
            22.948466999999937
          ]
        ]
      },
      "properties": {
        "MAJ_MINOR": 2,
        "SOURCE": null,
        "_layer_id": "ming_courier_routes",
        "_layer_title": "명대 역참 노선",
        "_source_file": "Ming_Routes_2016.shp",
        "_source_crs": "EPSG:4326"
      }
    },
    {
      "type": "Feature",
      "geometry": {
        "type": "LineString",
        "coordinates": [
          [
            115.64108299999998,
            22.948466999999937
          ],
          [
            115.33500000000015,
            22.976000000000056
          ]
        ]
      },
      "properties": {
        "MAJ_MINOR": 2,
        "SOURCE": null,
        "_layer_id": "ming_courier_routes",
        "_layer_title": "명대 역참 노선",
        "_source_file": "Ming_Routes_2016.shp",
        "_source_crs": "EPSG:4326"
      }
    },
    {
      "type": "Feature",
      "geometry": {
        "type": "LineString",
        "coordinates": [
          [
            115.33500000000015,
            22.976000000000056
          ],
          [
            115.20752000000005,
            22.894600000000025
          ]
        ]
      },
      "properties": {
        "MAJ_MINOR": 2,
        "SOURCE": null,
        "_layer_id": "ming_courier_routes",
        "_layer_title": "명대 역참 노선",
        "_source_file": "Ming_Routes_2016.shp",
        "_source_crs": "EPSG:4326"
      }
    },
    {
      "type": "Feature",
      "geometry": {
        "type": "LineString",
        "coordinates": [
          [
            115.20752000000005,
            22.894600000000025
          ],
          [
            114.8973754238931,
            22.840362350452097
          ]
        ]
      },
      "properties": {
        "MAJ_MINOR": 2,
        "SOURCE": null,
        "_layer_id": "ming_courier_routes",
        "_layer_title": "명대 역참 노선",
        "_source_file": "Ming_Routes_2016.shp",
        "_source_crs": "EPSG:4326"
      }
    },
    {
      "type": "Feature",
      "geometry": {
        "type": "LineString",
        "coordinates": [
          [
            114.8973754238931,
            22.840362350452097
          ],
          [
            114.71666717529308,
            22.98333358764654
          ]
        ]
      },
      "properties": {
        "MAJ_MINOR": 2,
        "SOURCE": null,
        "_layer_id": "ming_courier_routes",
        "_layer_title": "명대 역참 노선",
        "_source_file": "Ming_Routes_2016.shp",
        "_source_crs": "EPSG:4326"
      }
    },
    {
      "type": "Feature",
      "geometry": {
        "type": "LineString",
        "coordinates": [
          [
            114.71666717529308,
            22.98333358764654
          ],
          [
            114.41028500000016,
            23.089378000000067
          ]
        ]
      },
      "properties": {
        "MAJ_MINOR": 2,
        "SOURCE": null,
        "_layer_id": "ming_courier_routes",
        "_layer_title": "명대 역참 노선",
        "_source_file": "Ming_Routes_2016.shp",
        "_source_crs": "EPSG:4326"
      }
    },
    {
      "type": "Feature",
      "geometry": {
        "type": "LineString",
        "coordinates": [
          [
            114.69146,
            23.736833999999988
          ],
          [
            114.86656900000014,
            23.839874000000066
          ]
        ]
      },
      "properties": {
        "MAJ_MINOR": 2,
        "SOURCE": "1903 atlas",
        "_layer_id": "ming_courier_routes",
        "_layer_title": "명대 역참 노선",
        "_source_file": "Ming_Routes_2016.shp",
        "_source_crs": "EPSG:4326"
      }
    },
    {
      "type": "Feature",
      "geometry": {
        "type": "LineString",
        "coordinates": [
          [
            114.27360600000009,
            23.172247000000084
          ],
          [
            114.1750340000001,
            23.085465999999997
          ]
        ]
      },
      "properties": {
        "MAJ_MINOR": 2,
        "SOURCE": null,
        "_layer_id": "ming_courier_routes",
        "_layer_title": "명대 역참 노선",
        "_source_file": "Ming_Routes_2016.shp",
        "_source_crs": "EPSG:4326"
      }
    },
    {
      "type": "Feature",
      "geometry": {
        "type": "LineString",
        "coordinates": [
          [
            114.1750340000001,
            23.085465999999997
          ],
          [
            114.08813900000007,
            23.06669400000004
          ]
        ]
      },
      "properties": {
        "MAJ_MINOR": 2,
        "SOURCE": null,
        "_layer_id": "ming_courier_routes",
        "_layer_title": "명대 역참 노선",
        "_source_file": "Ming_Routes_2016.shp",
        "_source_crs": "EPSG:4326"
      }
    },
    {
      "type": "Feature",
      "geometry": {
        "type": "LineString",
        "coordinates": [
          [
            114.08813900000007,
            23.06669400000004
          ],
          [
            113.8525981559626,
            23.11049052088464
          ]
        ]
      },
      "properties": {
        "MAJ_MINOR": 2,
        "SOURCE": null,
        "_layer_id": "ming_courier_routes",
        "_layer_title": "명대 역참 노선",
        "_source_file": "Ming_Routes_2016.shp",
        "_source_crs": "EPSG:4326"
      }
    },
    {
      "type": "Feature",
      "geometry": {
        "type": "LineString",
        "coordinates": [
          [
            113.8525981559626,
            23.11049052088464
          ],
          [
            113.5406190000001,
            23.094250000000102
          ]
        ]
      },
      "properties": {
        "MAJ_MINOR": 2,
        "SOURCE": null,
        "_layer_id": "ming_courier_routes",
        "_layer_title": "명대 역참 노선",
        "_source_file": "Ming_Routes_2016.shp",
        "_source_crs": "EPSG:4326"
      }
    },
    {
      "type": "Feature",
      "geometry": {
        "type": "LineString",
        "coordinates": [
          [
            113.5406190000001,
            23.094250000000102
          ],
          [
            113.25606536865234,
            23.134624481201286
          ]
        ]
      },
      "properties": {
        "MAJ_MINOR": 2,
        "SOURCE": null,
        "_layer_id": "ming_courier_routes",
        "_layer_title": "명대 역참 노선",
        "_source_file": "Ming_Routes_2016.shp",
        "_source_crs": "EPSG:4326"
      }
    },
    {
      "type": "Feature",
      "geometry": {
        "type": "LineString",
        "coordinates": [
          [
            110.11225900000011,
            27.62009800000004
          ],
          [
            109.68408200000005,
            27.447302000000036
          ]
        ]
      },
      "properties": {
        "MAJ_MINOR": 1,
        "SOURCE": null,
        "_layer_id": "ming_courier_routes",
        "_layer_title": "명대 역참 노선",
        "_source_file": "Ming_Routes_2016.shp",
        "_source_crs": "EPSG:4326"
      }
    },
    {
      "type": "Feature",
      "geometry": {
        "type": "LineString",
        "coordinates": [
          [
            110.21451800000008,
            27.889319999999838
          ],
          [
            110.18264770507818,
            28.018482208251953
          ]
        ]
      },
      "properties": {
        "MAJ_MINOR": 1,
        "SOURCE": null,
        "_layer_id": "ming_courier_routes",
        "_layer_title": "명대 역참 노선",
        "_source_file": "Ming_Routes_2016.shp",
        "_source_crs": "EPSG:4326"
      }
    },
    {
      "type": "Feature",
      "geometry": {
        "type": "LineString",
        "coordinates": [
          [
            110.18264770507818,
            28.018482208251953
          ],
          [
            110.15422058105474,
            28.280029296875114
          ]
        ]
      },
      "properties": {
        "MAJ_MINOR": 1,
        "SOURCE": null,
        "_layer_id": "ming_courier_routes",
        "_layer_title": "명대 역참 노선",
        "_source_file": "Ming_Routes_2016.shp",
        "_source_crs": "EPSG:4326"
      }
    },
    {
      "type": "Feature",
      "geometry": {
        "type": "LineString",
        "coordinates": [
          [
            110.3000030517581,
            28.350000381469783
          ],
          [
            110.15422058105474,
            28.280029296875114
          ]
        ]
      },
      "properties": {
        "MAJ_MINOR": 1,
        "SOURCE": null,
        "_layer_id": "ming_courier_routes",
        "_layer_title": "명대 역참 노선",
        "_source_file": "Ming_Routes_2016.shp",
        "_source_crs": "EPSG:4326"
      }
    },
    {
      "type": "Feature",
      "geometry": {
        "type": "LineString",
        "coordinates": [
          [
            110.39209,
            28.440548000000035
          ],
          [
            110.3000030517581,
            28.350000381469783
          ]
        ]
      },
      "properties": {
        "MAJ_MINOR": 1,
        "SOURCE": null,
        "_layer_id": "ming_courier_routes",
        "_layer_title": "명대 역참 노선",
        "_source_file": "Ming_Routes_2016.shp",
        "_source_crs": "EPSG:4326"
      }
    },
    {
      "type": "Feature",
      "geometry": {
        "type": "LineString",
        "coordinates": [
          [
            111.33948500000002,
            28.706287000000145
          ],
          [
            110.49301900000012,
            28.63850800000006
          ]
        ]
      },
      "properties": {
        "MAJ_MINOR": 2,
        "SOURCE": null,
        "_layer_id": "ming_courier_routes",
        "_layer_title": "명대 역참 노선",
        "_source_file": "Ming_Routes_2016.shp",
        "_source_crs": "EPSG:4326"
      }
    },
    {
      "type": "Feature",
      "geometry": {
        "type": "LineString",
        "coordinates": [
          [
            110.48471100000012,
            29.127953000000048
          ],
          [
            110.18529500000011,
            29.236904000000038
          ]
        ]
      },
      "properties": {
        "MAJ_MINOR": 2,
        "SOURCE": null,
        "_layer_id": "ming_courier_routes",
        "_layer_title": "명대 역참 노선",
        "_source_file": "Ming_Routes_2016.shp",
        "_source_crs": "EPSG:4326"
      }
    },
    {
      "type": "Feature",
      "geometry": {
        "type": "LineString",
        "coordinates": [
          [
            112.90025300000013,
            29.81575800000013
          ],
          [
            112.89595800000136,
            29.541654999998524
          ]
        ]
      },
      "properties": {
        "MAJ_MINOR": 2,
        "SOURCE": "MDYZK",
        "_layer_id": "ming_courier_routes",
        "_layer_title": "명대 역참 노선",
        "_source_file": "Ming_Routes_2016.shp",
        "_source_crs": "EPSG:4326"
      }
    },
    {
      "type": "Feature",
      "geometry": {
        "type": "LineString",
        "coordinates": [
          [
            113.2631530000042,
            29.47304899999623
          ],
          [
            113.15004000000292,
            29.433778999997116
          ]
        ]
      },
      "properties": {
        "MAJ_MINOR": 1,
        "SOURCE": "MDYZK",
        "_layer_id": "ming_courier_routes",
        "_layer_title": "명대 역참 노선",
        "_source_file": "Ming_Routes_2016.shp",
        "_source_crs": "EPSG:4326"
      }
    },
    {
      "type": "Feature",
      "geometry": {
        "type": "LineString",
        "coordinates": [
          [
            121.25556200000017,
            38.80872000000011
          ],
          [
            121.43474300000003,
            38.982421000000045
          ]
        ]
      },
      "properties": {
        "MAJ_MINOR": 2,
        "SOURCE": null,
        "_layer_id": "ming_courier_routes",
        "_layer_title": "명대 역참 노선",
        "_source_file": "Ming_Routes_2016.shp",
        "_source_crs": "EPSG:4326"
      }
    },
    {
      "type": "Feature",
      "geometry": {
        "type": "LineString",
        "coordinates": [
          [
            121.43474300000003,
            38.982421000000045
          ],
          [
            121.70105000000001,
            39.09894600000001
          ]
        ]
      },
      "properties": {
        "MAJ_MINOR": 2,
        "SOURCE": null,
        "_layer_id": "ming_courier_routes",
        "_layer_title": "명대 역참 노선",
        "_source_file": "Ming_Routes_2016.shp",
        "_source_crs": "EPSG:4326"
      }
    },
    {
      "type": "Feature",
      "geometry": {
        "type": "LineString",
        "coordinates": [
          [
            121.70105000000001,
            39.09894600000001
          ],
          [
            121.84409252057567,
            39.34409292422318
          ]
        ]
      },
      "properties": {
        "MAJ_MINOR": 2,
        "SOURCE": null,
        "_layer_id": "ming_courier_routes",
        "_layer_title": "명대 역참 노선",
        "_source_file": "Ming_Routes_2016.shp",
        "_source_crs": "EPSG:4326"
      }
    },
    {
      "type": "Feature",
      "geometry": {
        "type": "LineString",
        "coordinates": [
          [
            121.84409252057567,
            39.34409292422318
          ],
          [
            121.9564670000002,
            39.390034000000185
          ]
        ]
      },
      "properties": {
        "MAJ_MINOR": 2,
        "SOURCE": null,
        "_layer_id": "ming_courier_routes",
        "_layer_title": "명대 역참 노선",
        "_source_file": "Ming_Routes_2016.shp",
        "_source_crs": "EPSG:4326"
      }
    },
    {
      "type": "Feature",
      "geometry": {
        "type": "LineString",
        "coordinates": [
          [
            121.9564670000002,
            39.390034000000185
          ],
          [
            121.87012800000014,
            39.51234000000011
          ]
        ]
      },
      "properties": {
        "MAJ_MINOR": 2,
        "SOURCE": null,
        "_layer_id": "ming_courier_routes",
        "_layer_title": "명대 역참 노선",
        "_source_file": "Ming_Routes_2016.shp",
        "_source_crs": "EPSG:4326"
      }
    },
    {
      "type": "Feature",
      "geometry": {
        "type": "LineString",
        "coordinates": [
          [
            121.87012800000014,
            39.51234000000011
          ],
          [
            121.71160099999997,
            39.73373800000013
          ]
        ]
      },
      "properties": {
        "MAJ_MINOR": 2,
        "SOURCE": null,
        "_layer_id": "ming_courier_routes",
        "_layer_title": "명대 역참 노선",
        "_source_file": "Ming_Routes_2016.shp",
        "_source_crs": "EPSG:4326"
      }
    },
    {
      "type": "Feature",
      "geometry": {
        "type": "LineString",
        "coordinates": [
          [
            121.71160099999997,
            39.73373800000013
          ],
          [
            121.99236241731889,
            40.04231991580609
          ]
        ]
      },
      "properties": {
        "MAJ_MINOR": 2,
        "SOURCE": null,
        "_layer_id": "ming_courier_routes",
        "_layer_title": "명대 역참 노선",
        "_source_file": "Ming_Routes_2016.shp",
        "_source_crs": "EPSG:4326"
      }
    },
    {
      "type": "Feature",
      "geometry": {
        "type": "LineString",
        "coordinates": [
          [
            121.992362417319,
            40.04231991580614
          ],
          [
            122.12763200000006,
            40.17736800000017
          ]
        ]
      },
      "properties": {
        "MAJ_MINOR": 2,
        "SOURCE": null,
        "_layer_id": "ming_courier_routes",
        "_layer_title": "명대 역참 노선",
        "_source_file": "Ming_Routes_2016.shp",
        "_source_crs": "EPSG:4326"
      }
    },
    {
      "type": "Feature",
      "geometry": {
        "type": "LineString",
        "coordinates": [
          [
            122.12763200000006,
            40.17736800000017
          ],
          [
            122.35946617443909,
            40.397960901449984
          ]
        ]
      },
      "properties": {
        "MAJ_MINOR": 2,
        "SOURCE": null,
        "_layer_id": "ming_courier_routes",
        "_layer_title": "명대 역참 노선",
        "_source_file": "Ming_Routes_2016.shp",
        "_source_crs": "EPSG:4326"
      }
    },
    {
      "type": "Feature",
      "geometry": {
        "type": "LineString",
        "coordinates": [
          [
            122.35946617443899,
            40.39796090144995
          ],
          [
            122.50091204943868,
            40.6631368948695
          ]
        ]
      },
      "properties": {
        "MAJ_MINOR": 2,
        "SOURCE": null,
        "_layer_id": "ming_courier_routes",
        "_layer_title": "명대 역참 노선",
        "_source_file": "Ming_Routes_2016.shp",
        "_source_crs": "EPSG:4326"
      }
    },
    {
      "type": "Feature",
      "geometry": {
        "type": "LineString",
        "coordinates": [
          [
            122.50091204943868,
            40.6631368948695
          ],
          [
            122.75034181417217,
            40.84963588509314
          ]
        ]
      },
      "properties": {
        "MAJ_MINOR": 2,
        "SOURCE": null,
        "_layer_id": "ming_courier_routes",
        "_layer_title": "명대 역참 노선",
        "_source_file": "Ming_Routes_2016.shp",
        "_source_crs": "EPSG:4326"
      }
    },
    {
      "type": "Feature",
      "geometry": {
        "type": "LineString",
        "coordinates": [
          [
            122.75034181417217,
            40.84963588509314
          ],
          [
            122.94241299999999,
            41.07394000000005
          ]
        ]
      },
      "properties": {
        "MAJ_MINOR": 2,
        "SOURCE": null,
        "_layer_id": "ming_courier_routes",
        "_layer_title": "명대 역참 노선",
        "_source_file": "Ming_Routes_2016.shp",
        "_source_crs": "EPSG:4326"
      }
    },
    {
      "type": "Feature",
      "geometry": {
        "type": "LineString",
        "coordinates": [
          [
            122.94241299999999,
            41.07394000000005
          ],
          [
            123.16798400000016,
            41.26585000000006
          ]
        ]
      },
      "properties": {
        "MAJ_MINOR": 2,
        "SOURCE": null,
        "_layer_id": "ming_courier_routes",
        "_layer_title": "명대 역참 노선",
        "_source_file": "Ming_Routes_2016.shp",
        "_source_crs": "EPSG:4326"
      }
    },
    {
      "type": "Feature",
      "geometry": {
        "type": "LineString",
        "coordinates": [
          [
            123.16798400000016,
            41.26585000000006
          ],
          [
            123.35185999999999,
            41.51085300000011
          ]
        ]
      },
      "properties": {
        "MAJ_MINOR": 2,
        "SOURCE": null,
        "_layer_id": "ming_courier_routes",
        "_layer_title": "명대 역참 노선",
        "_source_file": "Ming_Routes_2016.shp",
        "_source_crs": "EPSG:4326"
      }
    },
    {
      "type": "Feature",
      "geometry": {
        "type": "LineString",
        "coordinates": [
          [
            123.35185999999999,
            41.51085300000011
          ],
          [
            123.41988372802746,
            41.78824996948248
          ]
        ]
      },
      "properties": {
        "MAJ_MINOR": 2,
        "SOURCE": null,
        "_layer_id": "ming_courier_routes",
        "_layer_title": "명대 역참 노선",
        "_source_file": "Ming_Routes_2016.shp",
        "_source_crs": "EPSG:4326"
      }
    },
    {
      "type": "Feature",
      "geometry": {
        "type": "LineString",
        "coordinates": [
          [
            123.41988372802746,
            41.78824996948248
          ],
          [
            123.58288600000014,
            41.947865000000036
          ]
        ]
      },
      "properties": {
        "MAJ_MINOR": 2,
        "SOURCE": null,
        "_layer_id": "ming_courier_routes",
        "_layer_title": "명대 역참 노선",
        "_source_file": "Ming_Routes_2016.shp",
        "_source_crs": "EPSG:4326"
      }
    },
    {
      "type": "Feature",
      "geometry": {
        "type": "LineString",
        "coordinates": [
          [
            123.58288600000014,
            41.947865000000036
          ],
          [
            123.64957600000002,
            42.099266000000114
          ]
        ]
      },
      "properties": {
        "MAJ_MINOR": 2,
        "SOURCE": null,
        "_layer_id": "ming_courier_routes",
        "_layer_title": "명대 역참 노선",
        "_source_file": "Ming_Routes_2016.shp",
        "_source_crs": "EPSG:4326"
      }
    },
    {
      "type": "Feature",
      "geometry": {
        "type": "LineString",
        "coordinates": [
          [
            123.64957600000002,
            42.099266000000114
          ],
          [
            123.8478540000001,
            42.29550900000004
          ]
        ]
      },
      "properties": {
        "MAJ_MINOR": 2,
        "SOURCE": null,
        "_layer_id": "ming_courier_routes",
        "_layer_title": "명대 역참 노선",
        "_source_file": "Ming_Routes_2016.shp",
        "_source_crs": "EPSG:4326"
      }
    },
    {
      "type": "Feature",
      "geometry": {
        "type": "LineString",
        "coordinates": [
          [
            123.8478540000001,
            42.29550900000004
          ],
          [
            123.9920810000001,
            42.440292
          ]
        ]
      },
      "properties": {
        "MAJ_MINOR": 2,
        "SOURCE": null,
        "_layer_id": "ming_courier_routes",
        "_layer_title": "명대 역참 노선",
        "_source_file": "Ming_Routes_2016.shp",
        "_source_crs": "EPSG:4326"
      }
    },
    {
      "type": "Feature",
      "geometry": {
        "type": "LineString",
        "coordinates": [
          [
            123.9920810000001,
            42.440292
          ],
          [
            124.07673599999998,
            42.604393000000016
          ]
        ]
      },
      "properties": {
        "MAJ_MINOR": 2,
        "SOURCE": null,
        "_layer_id": "ming_courier_routes",
        "_layer_title": "명대 역참 노선",
        "_source_file": "Ming_Routes_2016.shp",
        "_source_crs": "EPSG:4326"
      }
    },
    {
      "type": "Feature",
      "geometry": {
        "type": "LineString",
        "coordinates": [
          [
            124.07673599999998,
            42.604393000000016
          ],
          [
            124.275090656673,
            42.66937954023945
          ]
        ]
      },
      "properties": {
        "MAJ_MINOR": 2,
        "SOURCE": null,
        "_layer_id": "ming_courier_routes",
        "_layer_title": "명대 역참 노선",
        "_source_file": "Ming_Routes_2016.shp",
        "_source_crs": "EPSG:4326"
      }
    },
    {
      "type": "Feature",
      "geometry": {
        "type": "LineString",
        "coordinates": [
          [
            122.7503418141722,
            40.84963588509314
          ],
          [
            122.52367400000014,
            40.945534000000066
          ]
        ]
      },
      "properties": {
        "MAJ_MINOR": 2,
        "SOURCE": null,
        "_layer_id": "ming_courier_routes",
        "_layer_title": "명대 역참 노선",
        "_source_file": "Ming_Routes_2016.shp",
        "_source_crs": "EPSG:4326"
      }
    },
    {
      "type": "Feature",
      "geometry": {
        "type": "LineString",
        "coordinates": [
          [
            122.52367400000014,
            40.945534000000066
          ],
          [
            122.36406944836142,
            41.02782912727785
          ]
        ]
      },
      "properties": {
        "MAJ_MINOR": 2,
        "SOURCE": null,
        "_layer_id": "ming_courier_routes",
        "_layer_title": "명대 역참 노선",
        "_source_file": "Ming_Routes_2016.shp",
        "_source_crs": "EPSG:4326"
      }
    },
    {
      "type": "Feature",
      "geometry": {
        "type": "LineString",
        "coordinates": [
          [
            122.36406944836142,
            41.02782912727785
          ],
          [
            122.36705800000004,
            41.14558400000004
          ]
        ]
      },
      "properties": {
        "MAJ_MINOR": 2,
        "SOURCE": null,
        "_layer_id": "ming_courier_routes",
        "_layer_title": "명대 역참 노선",
        "_source_file": "Ming_Routes_2016.shp",
        "_source_crs": "EPSG:4326"
      }
    },
    {
      "type": "Feature",
      "geometry": {
        "type": "LineString",
        "coordinates": [
          [
            122.36705800000004,
            41.14558400000004
          ],
          [
            122.337014657228,
            41.24670495752605
          ]
        ]
      },
      "properties": {
        "MAJ_MINOR": 2,
        "SOURCE": null,
        "_layer_id": "ming_courier_routes",
        "_layer_title": "명대 역참 노선",
        "_source_file": "Ming_Routes_2016.shp",
        "_source_crs": "EPSG:4326"
      }
    },
    {
      "type": "Feature",
      "geometry": {
        "type": "LineString",
        "coordinates": [
          [
            122.337014657228,
            41.24670495752605
          ],
          [
            122.00507400000015,
            41.47807499999999
          ]
        ]
      },
      "properties": {
        "MAJ_MINOR": 2,
        "SOURCE": null,
        "_layer_id": "ming_courier_routes",
        "_layer_title": "명대 역참 노선",
        "_source_file": "Ming_Routes_2016.shp",
        "_source_crs": "EPSG:4326"
      }
    },
    {
      "type": "Feature",
      "geometry": {
        "type": "LineString",
        "coordinates": [
          [
            122.00507400000015,
            41.47807499999999
          ],
          [
            121.78659800000003,
            41.59516500000001
          ]
        ]
      },
      "properties": {
        "MAJ_MINOR": 2,
        "SOURCE": null,
        "_layer_id": "ming_courier_routes",
        "_layer_title": "명대 역참 노선",
        "_source_file": "Ming_Routes_2016.shp",
        "_source_crs": "EPSG:4326"
      }
    },
    {
      "type": "Feature",
      "geometry": {
        "type": "LineString",
        "coordinates": [
          [
            121.78659800000003,
            41.59516500000001
          ],
          [
            121.56389899999999,
            41.551711000000125
          ]
        ]
      },
      "properties": {
        "MAJ_MINOR": 2,
        "SOURCE": null,
        "_layer_id": "ming_courier_routes",
        "_layer_title": "명대 역참 노선",
        "_source_file": "Ming_Routes_2016.shp",
        "_source_crs": "EPSG:4326"
      }
    },
    {
      "type": "Feature",
      "geometry": {
        "type": "LineString",
        "coordinates": [
          [
            121.56389899999999,
            41.551711000000125
          ],
          [
            121.24302699999998,
            41.53939400000013
          ]
        ]
      },
      "properties": {
        "MAJ_MINOR": 2,
        "SOURCE": null,
        "_layer_id": "ming_courier_routes",
        "_layer_title": "명대 역참 노선",
        "_source_file": "Ming_Routes_2016.shp",
        "_source_crs": "EPSG:4326"
      }
    },
    {
      "type": "Feature",
      "geometry": {
        "type": "LineString",
        "coordinates": [
          [
            121.56389899999999,
            41.551711000000125
          ],
          [
            121.66500091552734,
            41.37916564941406
          ]
        ]
      },
      "properties": {
        "MAJ_MINOR": 2,
        "SOURCE": null,
        "_layer_id": "ming_courier_routes",
        "_layer_title": "명대 역참 노선",
        "_source_file": "Ming_Routes_2016.shp",
        "_source_crs": "EPSG:4326"
      }
    },
    {
      "type": "Feature",
      "geometry": {
        "type": "LineString",
        "coordinates": [
          [
            121.66500091552734,
            41.37916564941406
          ],
          [
            121.50592012542529,
            41.262586351187736
          ]
        ]
      },
      "properties": {
        "MAJ_MINOR": 2,
        "SOURCE": null,
        "_layer_id": "ming_courier_routes",
        "_layer_title": "명대 역참 노선",
        "_source_file": "Ming_Routes_2016.shp",
        "_source_crs": "EPSG:4326"
      }
    },
    {
      "type": "Feature",
      "geometry": {
        "type": "LineString",
        "coordinates": [
          [
            121.50592012542529,
            41.262586351187736
          ],
          [
            121.35494164002641,
            41.17137093120303
          ]
        ]
      },
      "properties": {
        "MAJ_MINOR": 2,
        "SOURCE": null,
        "_layer_id": "ming_courier_routes",
        "_layer_title": "명대 역참 노선",
        "_source_file": "Ming_Routes_2016.shp",
        "_source_crs": "EPSG:4326"
      }
    },
    {
      "type": "Feature",
      "geometry": {
        "type": "LineString",
        "coordinates": [
          [
            121.35494164002645,
            41.17137093120303
          ],
          [
            121.25663000000009,
            41.097183000000086
          ]
        ]
      },
      "properties": {
        "MAJ_MINOR": 2,
        "SOURCE": null,
        "_layer_id": "ming_courier_routes",
        "_layer_title": "명대 역참 노선",
        "_source_file": "Ming_Routes_2016.shp",
        "_source_crs": "EPSG:4326"
      }
    },
    {
      "type": "Feature",
      "geometry": {
        "type": "LineString",
        "coordinates": [
          [
            121.25663000000009,
            41.097183000000086
          ],
          [
            121.07874300000015,
            40.94649900000019
          ]
        ]
      },
      "properties": {
        "MAJ_MINOR": 2,
        "SOURCE": null,
        "_layer_id": "ming_courier_routes",
        "_layer_title": "명대 역참 노선",
        "_source_file": "Ming_Routes_2016.shp",
        "_source_crs": "EPSG:4326"
      }
    },
    {
      "type": "Feature",
      "geometry": {
        "type": "LineString",
        "coordinates": [
          [
            121.07874300000015,
            40.94649900000019
          ],
          [
            120.9915850000001,
            40.89590100000004
          ]
        ]
      },
      "properties": {
        "MAJ_MINOR": 2,
        "SOURCE": null,
        "_layer_id": "ming_courier_routes",
        "_layer_title": "명대 역참 노선",
        "_source_file": "Ming_Routes_2016.shp",
        "_source_crs": "EPSG:4326"
      }
    },
    {
      "type": "Feature",
      "geometry": {
        "type": "LineString",
        "coordinates": [
          [
            120.9915850000001,
            40.89590100000004
          ],
          [
            120.84893778704279,
            40.756000947569014
          ]
        ]
      },
      "properties": {
        "MAJ_MINOR": 2,
        "SOURCE": null,
        "_layer_id": "ming_courier_routes",
        "_layer_title": "명대 역참 노선",
        "_source_file": "Ming_Routes_2016.shp",
        "_source_crs": "EPSG:4326"
      }
    },
    {
      "type": "Feature",
      "geometry": {
        "type": "LineString",
        "coordinates": [
          [
            120.8489377870427,
            40.75600094756899
          ],
          [
            120.70343781833836,
            40.61922795179059
          ]
        ]
      },
      "properties": {
        "MAJ_MINOR": 2,
        "SOURCE": null,
        "_layer_id": "ming_courier_routes",
        "_layer_title": "명대 역참 노선",
        "_source_file": "Ming_Routes_2016.shp",
        "_source_crs": "EPSG:4326"
      }
    },
    {
      "type": "Feature",
      "geometry": {
        "type": "LineString",
        "coordinates": [
          [
            120.70343781833836,
            40.61922795179067
          ],
          [
            120.57098275575322,
            40.47993451404977
          ]
        ]
      },
      "properties": {
        "MAJ_MINOR": 2,
        "SOURCE": null,
        "_layer_id": "ming_courier_routes",
        "_layer_title": "명대 역참 노선",
        "_source_file": "Ming_Routes_2016.shp",
        "_source_crs": "EPSG:4326"
      }
    },
    {
      "type": "Feature",
      "geometry": {
        "type": "LineString",
        "coordinates": [
          [
            120.57098275575322,
            40.47993451404977
          ],
          [
            120.5,
            40.43333435058594
          ]
        ]
      },
      "properties": {
        "MAJ_MINOR": 2,
        "SOURCE": null,
        "_layer_id": "ming_courier_routes",
        "_layer_title": "명대 역참 노선",
        "_source_file": "Ming_Routes_2016.shp",
        "_source_crs": "EPSG:4326"
      }
    },
    {
      "type": "Feature",
      "geometry": {
        "type": "LineString",
        "coordinates": [
          [
            120.5,
            40.43333435058594
          ],
          [
            120.44715886344119,
            40.40240595857404
          ]
        ]
      },
      "properties": {
        "MAJ_MINOR": 2,
        "SOURCE": null,
        "_layer_id": "ming_courier_routes",
        "_layer_title": "명대 역참 노선",
        "_source_file": "Ming_Routes_2016.shp",
        "_source_crs": "EPSG:4326"
      }
    },
    {
      "type": "Feature",
      "geometry": {
        "type": "LineString",
        "coordinates": [
          [
            120.44715886344123,
            40.40240595857404
          ],
          [
            120.33303087986437,
            40.32826196131045
          ]
        ]
      },
      "properties": {
        "MAJ_MINOR": 2,
        "SOURCE": null,
        "_layer_id": "ming_courier_routes",
        "_layer_title": "명대 역참 노선",
        "_source_file": "Ming_Routes_2016.shp",
        "_source_crs": "EPSG:4326"
      }
    },
    {
      "type": "Feature",
      "geometry": {
        "type": "LineString",
        "coordinates": [
          [
            120.33303087986437,
            40.32826196131045
          ],
          [
            120.24735532576837,
            40.27348910509221
          ]
        ]
      },
      "properties": {
        "MAJ_MINOR": 2,
        "SOURCE": null,
        "_layer_id": "ming_courier_routes",
        "_layer_title": "명대 역참 노선",
        "_source_file": "Ming_Routes_2016.shp",
        "_source_crs": "EPSG:4326"
      }
    },
    {
      "type": "Feature",
      "geometry": {
        "type": "LineString",
        "coordinates": [
          [
            120.24735532576831,
            40.27348910509221
          ],
          [
            120.0999984741211,
            40.20000076293951
          ]
        ]
      },
      "properties": {
        "MAJ_MINOR": 2,
        "SOURCE": null,
        "_layer_id": "ming_courier_routes",
        "_layer_title": "명대 역참 노선",
        "_source_file": "Ming_Routes_2016.shp",
        "_source_crs": "EPSG:4326"
      }
    },
    {
      "type": "Feature",
      "geometry": {
        "type": "LineString",
        "coordinates": [
          [
            120.0999984741211,
            40.20000076293951
          ],
          [
            120.00385488124061,
            40.14628173289037
          ]
        ]
      },
      "properties": {
        "MAJ_MINOR": 2,
        "SOURCE": null,
        "_layer_id": "ming_courier_routes",
        "_layer_title": "명대 역참 노선",
        "_source_file": "Ming_Routes_2016.shp",
        "_source_crs": "EPSG:4326"
      }
    },
    {
      "type": "Feature",
      "geometry": {
        "type": "LineString",
        "coordinates": [
          [
            120.00385488124061,
            40.14628173289037
          ],
          [
            119.952042,
            40.09100700000016
          ]
        ]
      },
      "properties": {
        "MAJ_MINOR": 2,
        "SOURCE": null,
        "_layer_id": "ming_courier_routes",
        "_layer_title": "명대 역참 노선",
        "_source_file": "Ming_Routes_2016.shp",
        "_source_crs": "EPSG:4326"
      }
    },
    {
      "type": "Feature",
      "geometry": {
        "type": "LineString",
        "coordinates": [
          [
            119.952042,
            40.09100700000016
          ],
          [
            119.77024100000017,
            40.01019299999996
          ]
        ]
      },
      "properties": {
        "MAJ_MINOR": 2,
        "SOURCE": null,
        "_layer_id": "ming_courier_routes",
        "_layer_title": "명대 역참 노선",
        "_source_file": "Ming_Routes_2016.shp",
        "_source_crs": "EPSG:4326"
      }
    },
    {
      "type": "Feature",
      "geometry": {
        "type": "LineString",
        "coordinates": [
          [
            117.3283080000001,
            23.95955100000009
          ],
          [
            117.17467282004054,
            23.704756408506512
          ]
        ]
      },
      "properties": {
        "MAJ_MINOR": 2,
        "SOURCE": null,
        "_layer_id": "ming_courier_routes",
        "_layer_title": "명대 역참 노선",
        "_source_file": "Ming_Routes_2016.shp",
        "_source_crs": "EPSG:4326"
      }
    },
    {
      "type": "Feature",
      "geometry": {
        "type": "LineString",
        "coordinates": [
          [
            117.17467282004054,
            23.704756408506512
          ],
          [
            116.68288400000006,
            23.36395500000009
          ]
        ]
      },
      "properties": {
        "MAJ_MINOR": 2,
        "SOURCE": null,
        "_layer_id": "ming_courier_routes",
        "_layer_title": "명대 역참 노선",
        "_source_file": "Ming_Routes_2016.shp",
        "_source_crs": "EPSG:4326"
      }
    },
    {
      "type": "Feature",
      "geometry": {
        "type": "LineString",
        "coordinates": [
          [
            109.69477800000004,
            26.57576000000006
          ],
          [
            109.62574799999999,
            26.319409999999948
          ]
        ]
      },
      "properties": {
        "MAJ_MINOR": 2,
        "SOURCE": "MDYZK",
        "_layer_id": "ming_courier_routes",
        "_layer_title": "명대 역참 노선",
        "_source_file": "Ming_Routes_2016.shp",
        "_source_crs": "EPSG:4326"
      }
    },
    {
      "type": "Feature",
      "geometry": {
        "type": "LineString",
        "coordinates": [
          [
            109.62574799999999,
            26.319409999999948
          ],
          [
            109.5957570000001,
            25.78535499999998
          ]
        ]
      },
      "properties": {
        "MAJ_MINOR": 2,
        "SOURCE": "MDYZK",
        "_layer_id": "ming_courier_routes",
        "_layer_title": "명대 역참 노선",
        "_source_file": "Ming_Routes_2016.shp",
        "_source_crs": "EPSG:4326"
      }
    },
    {
      "type": "Feature",
      "geometry": {
        "type": "LineString",
        "coordinates": [
          [
            109.60910000000013,
            24.414519999999982
          ],
          [
            109.40439600000002,
            24.30998800000009
          ]
        ]
      },
      "properties": {
        "MAJ_MINOR": 2,
        "SOURCE": null,
        "_layer_id": "ming_courier_routes",
        "_layer_title": "명대 역참 노선",
        "_source_file": "Ming_Routes_2016.shp",
        "_source_crs": "EPSG:4326"
      }
    },
    {
      "type": "Feature",
      "geometry": {
        "type": "LineString",
        "coordinates": [
          [
            107.78897099996348,
            30.666654999966074
          ],
          [
            107.67673367925336,
            30.662486937262795
          ]
        ]
      },
      "properties": {
        "MAJ_MINOR": 2,
        "SOURCE": "MDYZ",
        "_layer_id": "ming_courier_routes",
        "_layer_title": "명대 역참 노선",
        "_source_file": "Ming_Routes_2016.shp",
        "_source_crs": "EPSG:4326"
      }
    },
    {
      "type": "Feature",
      "geometry": {
        "type": "LineString",
        "coordinates": [
          [
            108.37359599999999,
            30.81286400000002
          ],
          [
            108.29745499998786,
            30.594996999987817
          ]
        ]
      },
      "properties": {
        "MAJ_MINOR": 2,
        "SOURCE": "MDYZK",
        "_layer_id": "ming_courier_routes",
        "_layer_title": "명대 역참 노선",
        "_source_file": "Ming_Routes_2016.shp",
        "_source_crs": "EPSG:4326"
      }
    },
    {
      "type": "Feature",
      "geometry": {
        "type": "LineString",
        "coordinates": [
          [
            108.29745499998786,
            30.594996999987817
          ],
          [
            108.20223999998481,
            30.423717999985442
          ]
        ]
      },
      "properties": {
        "MAJ_MINOR": 2,
        "SOURCE": "MDYZK",
        "_layer_id": "ming_courier_routes",
        "_layer_title": "명대 역참 노선",
        "_source_file": "Ming_Routes_2016.shp",
        "_source_crs": "EPSG:4326"
      }
    },
    {
      "type": "Feature",
      "geometry": {
        "type": "LineString",
        "coordinates": [
          [
            108.20223999998481,
            30.423717999985442
          ],
          [
            108.0315779999777,
            30.298577999979656
          ]
        ]
      },
      "properties": {
        "MAJ_MINOR": 2,
        "SOURCE": "MDYZK",
        "_layer_id": "ming_courier_routes",
        "_layer_title": "명대 역참 노선",
        "_source_file": "Ming_Routes_2016.shp",
        "_source_crs": "EPSG:4326"
      }
    },
    {
      "type": "Feature",
      "geometry": {
        "type": "LineString",
        "coordinates": [
          [
            108.0315779999777,
            30.298577999979656
          ],
          [
            107.88336199996928,
            30.137612999973268
          ]
        ]
      },
      "properties": {
        "MAJ_MINOR": 2,
        "SOURCE": "MDYZK",
        "_layer_id": "ming_courier_routes",
        "_layer_title": "명대 역참 노선",
        "_source_file": "Ming_Routes_2016.shp",
        "_source_crs": "EPSG:4326"
      }
    },
    {
      "type": "Feature",
      "geometry": {
        "type": "LineString",
        "coordinates": [
          [
            107.88336199996928,
            30.137612999973268
          ],
          [
            107.71456099995676,
            29.887395999964447
          ]
        ]
      },
      "properties": {
        "MAJ_MINOR": 2,
        "SOURCE": "MDYZK",
        "_layer_id": "ming_courier_routes",
        "_layer_title": "명대 역참 노선",
        "_source_file": "Ming_Routes_2016.shp",
        "_source_crs": "EPSG:4326"
      }
    },
    {
      "type": "Feature",
      "geometry": {
        "type": "LineString",
        "coordinates": [
          [
            107.71456099995676,
            29.887395999964447
          ],
          [
            107.46962699993173,
            29.9080559999452
          ]
        ]
      },
      "properties": {
        "MAJ_MINOR": 2,
        "SOURCE": "MDYZK",
        "_layer_id": "ming_courier_routes",
        "_layer_title": "명대 역참 노선",
        "_source_file": "Ming_Routes_2016.shp",
        "_source_crs": "EPSG:4326"
      }
    },
    {
      "type": "Feature",
      "geometry": {
        "type": "LineString",
        "coordinates": [
          [
            107.46962699993173,
            29.9080559999452
          ],
          [
            107.39096099992102,
            29.702775999938865
          ]
        ]
      },
      "properties": {
        "MAJ_MINOR": 2,
        "SOURCE": "MDYZK",
        "_layer_id": "ming_courier_routes",
        "_layer_title": "명대 역참 노선",
        "_source_file": "Ming_Routes_2016.shp",
        "_source_crs": "EPSG:4326"
      }
    },
    {
      "type": "Feature",
      "geometry": {
        "type": "LineString",
        "coordinates": [
          [
            107.39096099992102,
            29.702775999938865
          ],
          [
            107.1939929998896,
            29.66137699991634
          ]
        ]
      },
      "properties": {
        "MAJ_MINOR": 2,
        "SOURCE": "MDYZK",
        "_layer_id": "ming_courier_routes",
        "_layer_title": "명대 역참 노선",
        "_source_file": "Ming_Routes_2016.shp",
        "_source_crs": "EPSG:4326"
      }
    },
    {
      "type": "Feature",
      "geometry": {
        "type": "LineString",
        "coordinates": [
          [
            107.1939929998896,
            29.66137699991634
          ],
          [
            107.06114999986379,
            29.83363699989501
          ]
        ]
      },
      "properties": {
        "MAJ_MINOR": 2,
        "SOURCE": "MDYZK",
        "_layer_id": "ming_courier_routes",
        "_layer_title": "명대 역참 노선",
        "_source_file": "Ming_Routes_2016.shp",
        "_source_crs": "EPSG:4326"
      }
    },
    {
      "type": "Feature",
      "geometry": {
        "type": "LineString",
        "coordinates": [
          [
            107.06114999986379,
            29.83363699989501
          ],
          [
            106.8842559998204,
            29.68166099986564
          ]
        ]
      },
      "properties": {
        "MAJ_MINOR": 2,
        "SOURCE": "MDYZK",
        "_layer_id": "ming_courier_routes",
        "_layer_title": "명대 역참 노선",
        "_source_file": "Ming_Routes_2016.shp",
        "_source_crs": "EPSG:4326"
      }
    },
    {
      "type": "Feature",
      "geometry": {
        "type": "LineString",
        "coordinates": [
          [
            106.8842559998204,
            29.68166099986564
          ],
          [
            106.84062999980769,
            29.570592999858576
          ]
        ]
      },
      "properties": {
        "MAJ_MINOR": 2,
        "SOURCE": "MDYZK",
        "_layer_id": "ming_courier_routes",
        "_layer_title": "명대 역참 노선",
        "_source_file": "Ming_Routes_2016.shp",
        "_source_crs": "EPSG:4326"
      }
    },
    {
      "type": "Feature",
      "geometry": {
        "type": "LineString",
        "coordinates": [
          [
            106.84062999980769,
            29.570592999858576
          ],
          [
            106.552667,
            29.559972000000013
          ]
        ]
      },
      "properties": {
        "MAJ_MINOR": 2,
        "SOURCE": "MDYZK",
        "_layer_id": "ming_courier_routes",
        "_layer_title": "명대 역참 노선",
        "_source_file": "Ming_Routes_2016.shp",
        "_source_crs": "EPSG:4326"
      }
    },
    {
      "type": "Feature",
      "geometry": {
        "type": "LineString",
        "coordinates": [
          [
            104.55953063511136,
            32.40292337232066
          ],
          [
            104.52972399860917,
            32.41315499732576
          ]
        ]
      },
      "properties": {
        "MAJ_MINOR": 2,
        "SOURCE": "MDYZK",
        "_layer_id": "ming_courier_routes",
        "_layer_title": "명대 역참 노선",
        "_source_file": "Ming_Routes_2016.shp",
        "_source_crs": "EPSG:4326"
      }
    },
    {
      "type": "Feature",
      "geometry": {
        "type": "LineString",
        "coordinates": [
          [
            115.96814727783203,
            39.487220764160156
          ],
          [
            115.85886400009079,
            39.325759999155856
          ]
        ]
      },
      "properties": {
        "MAJ_MINOR": 1,
        "SOURCE": "MDYZK",
        "_layer_id": "ming_courier_routes",
        "_layer_title": "명대 역참 노선",
        "_source_file": "Ming_Routes_2016.shp",
        "_source_crs": "EPSG:4326"
      }
    },
    {
      "type": "Feature",
      "geometry": {
        "type": "LineString",
        "coordinates": [
          [
            115.85886400009079,
            39.325759999155856
          ],
          [
            115.7741928100586,
            39.26959228515625
          ]
        ]
      },
      "properties": {
        "MAJ_MINOR": 1,
        "SOURCE": "MDYZK",
        "_layer_id": "ming_courier_routes",
        "_layer_title": "명대 역참 노선",
        "_source_file": "Ming_Routes_2016.shp",
        "_source_crs": "EPSG:4326"
      }
    },
    {
      "type": "Feature",
      "geometry": {
        "type": "LineString",
        "coordinates": [
          [
            103.82211303710938,
            25.609928131103516
          ],
          [
            103.7967758178711,
            25.4958438873291
          ]
        ]
      },
      "properties": {
        "MAJ_MINOR": 1,
        "SOURCE": "MDYZK",
        "_layer_id": "ming_courier_routes",
        "_layer_title": "명대 역참 노선",
        "_source_file": "Ming_Routes_2016.shp",
        "_source_crs": "EPSG:4326"
      }
    },
    {
      "type": "Feature",
      "geometry": {
        "type": "LineString",
        "coordinates": [
          [
            103.82211303710938,
            25.609928131103516
          ],
          [
            103.7967758178711,
            25.4958438873291
          ]
        ]
      },
      "properties": {
        "MAJ_MINOR": 2,
        "SOURCE": "MDYZK",
        "_layer_id": "ming_courier_routes",
        "_layer_title": "명대 역참 노선",
        "_source_file": "Ming_Routes_2016.shp",
        "_source_crs": "EPSG:4326"
      }
    }
  ]
}