{
  "type": "FeatureCollection",
  "features": [
    {
      "type": "Feature",
      "geometry": {
        "type": "LineString",
        "coordinates": [
          [
            119.6040788548968,
            23.582267818097414
          ],
          [
            119.60387319803571,
            23.58143849575624
          ],
          [
            119.60239246863611,
            23.578309641568527
          ],
          [
            119.60226907451948,
            23.578083456447725
          ],
          [
            119.60198115491399,
            23.577178712067674
          ],
          [
            119.60219709461809,
            23.575755611936934
          ],
          [
            119.6022382259903,
            23.575114740615614
          ],
          [
            119.60207370050146,
            23.573380602533238
          ],
          [
            119.60211483187368,
            23.572664321424497
          ],
          [
            119.60205313481534,
            23.572362728209832
          ],
          [
            119.60139503285993,
            23.57104324975156
          ],
          [
            119.60129220442943,
            23.57104324975156
          ],
          [
            119.60096315345172,
            23.571024399963243
          ],
          [
            119.60075749659065,
            23.57096785058208
          ],
          [
            119.60067421310475,
            23.570933812348475
          ],
          [
            119.60061191844204,
            23.570931045526113
          ]
        ]
      },
      "properties": {
        "NM_KOR": "팽호_1",
        "SEQ": 1,
        "TYPE": 11,
        "TYPE_MEMO": "육로 이동",
        "TRANS_MEMO": "도보",
        "_layer_id": "route_lines",
        "_layer_title": "노정 선",
        "_source_file": "leespath_proved.shp",
        "_source_crs": "EPSG:4326"
      }
    },
    {
      "type": "Feature",
      "geometry": {
        "type": "LineString",
        "coordinates": [
          [
            119.60066488262666,
            23.57092802717439
          ],
          [
            119.60052437660327,
            23.570783146209763
          ],
          [
            119.60050681335032,
            23.570589971341644
          ],
          [
            119.60048925009744,
            23.57034850235691
          ],
          [
            119.59934763865729,
            23.56915724886779
          ],
          [
            119.59890855733417,
            23.5690284640596
          ],
          [
            119.59720492180047,
            23.56881918847695
          ],
          [
            119.59594036758985,
            23.56888358099944
          ],
          [
            119.5896351597898,
            23.56912505267757
          ],
          [
            119.5852970363173,
            23.569318229700425
          ],
          [
            119.58250447910225,
            23.569801171014486
          ],
          [
            119.58190732850282,
            23.569946053062413
          ],
          [
            119.58138043091506,
            23.56992995506498
          ],
          [
            119.58073059055683,
            23.569736778941877
          ],
          [
            119.5803060463493,
            23.56958946255508
          ]
        ]
      },
      "properties": {
        "NM_KOR": "팽호_2",
        "SEQ": 2,
        "TYPE": 11,
        "TYPE_MEMO": "육로 이동",
        "TRANS_MEMO": "도보",
        "_layer_id": "route_lines",
        "_layer_title": "노정 선",
        "_source_file": "leespath_proved.shp",
        "_source_crs": "EPSG:4326"
      }
    },
    {
      "type": "Feature",
      "geometry": {
        "type": "LineString",
        "coordinates": [
          [
            119.58030672228534,
            23.569588223462805
          ],
          [
            119.5802607735411,
            23.56954360253465
          ],
          [
            119.5795055536653,
            23.569430916165885
          ],
          [
            119.57880302354833,
            23.56954360253465
          ],
          [
            119.57774922837281,
            23.570171424819275
          ],
          [
            119.57715207777336,
            23.570606069258172
          ],
          [
            119.57682844489827,
            23.571027909108896
          ]
        ]
      },
      "properties": {
        "NM_KOR": "팽호_3",
        "SEQ": 3,
        "TYPE": 11,
        "TYPE_MEMO": "육로 이동",
        "TRANS_MEMO": "도보",
        "_layer_id": "route_lines",
        "_layer_title": "노정 선",
        "_source_file": "leespath_proved.shp",
        "_source_crs": "EPSG:4326"
      }
    },
    {
      "type": "Feature",
      "geometry": {
        "type": "LineString",
        "coordinates": [
          [
            119.57682844489827,
            23.57102731441738
          ],
          [
            119.5772816067638,
            23.570519542933628
          ],
          [
            119.57765043507526,
            23.570245877903965
          ],
          [
            119.57724648025797,
            23.569038525377287
          ],
          [
            119.57678983568194,
            23.56844289404241
          ],
          [
            119.57531452243622,
            23.566994049789493
          ],
          [
            119.57487544111312,
            23.566623787027595
          ],
          [
            119.57390946220222,
            23.565191021289497
          ],
          [
            119.57081832968741,
            23.562357640788974
          ],
          [
            119.56913225740666,
            23.560840308209492
          ],
          [
            119.56126392009625,
            23.559487975810942
          ],
          [
            119.55441425145553,
            23.55813562949422
          ],
          [
            119.54535161294625,
            23.557539948725072
          ],
          [
            119.54004751056294,
            23.55656994926173
          ],
          [
            119.53709688407154,
            23.555410770388228
          ],
          [
            119.53653485997792,
            23.552190775428407
          ],
          [
            119.53730764310666,
            23.53032492385983
          ],
          [
            119.53695637804815,
            23.52549398044646
          ],
          [
            119.53765890816514,
            23.51807008512306
          ],
          [
            119.54363041415964,
            23.51233681223561
          ],
          [
            119.5494614141307,
            23.507956165859696
          ],
          [
            119.57046706462897,
            23.488773017294317
          ],
          [
            119.58845183562413,
            23.469184319708912
          ],
          [
            119.58226957059455,
            23.358814772288913
          ],
          [
            119.57889742603291,
            23.296885071177474
          ],
          [
            119.58620373924975,
            23.243189335226177
          ],
          [
            119.61655304030404,
            23.201870208012732
          ],
          [
            119.72333761808777,
            23.09774107844587
          ],
          [
            119.77279573832443,
            23.072407134590765
          ],
          [
            119.82899814768427,
            23.049654220116306
          ],
          [
            119.90711949669445,
            23.02379396814313
          ],
          [
            119.99929144804462,
            22.99948080766438
          ],
          [
            120.09314947167556,
            22.987063887191486
          ],
          [
            120.11914308600448,
            22.985867404859363
          ],
          [
            120.13572279676562,
            22.98729024752149
          ],
          [
            120.15202149548,
            22.991299996196812
          ],
          [
            120.16087337495414,
            22.992722781624604
          ],
          [
            120.17014677249854,
            22.994533577759558
          ],
          [
            120.17717207366853,
            22.99634434960899
          ],
          [
            120.1785771339025,
            22.997508404401547
          ],
          [
            120.18166826641732,
            22.998155097171413
          ],
          [
            120.1843378808619,
            22.99828443535362
          ],
          [
            120.18714800132987,
            22.998672449156736
          ],
          [
            120.18981761577446,
            22.998931124405853
          ],
          [
            120.19122267600848,
            23.000224493215956
          ],
          [
            120.19361127840627,
            23.001776519429328
          ],
          [
            120.19571886875728,
            23.00255252584354
          ],
          [
            120.19810747115505,
            23.003328527795933
          ],
          [
            120.20033979644514,
            23.00382045529424
          ],
          [
            120.20151366692126,
            23.003172140006374
          ],
          [
            120.20386140787348,
            23.002437378915197
          ],
          [
            120.20578655545428,
            23.001918721618907
          ],
          [
            120.20757083857796,
            23.001443284013074
          ],
          [
            120.20907339278739,
            23.001140731937394
          ],
          [
            120.21020030844444,
            23.000794957306173
          ],
          [
            120.21113940482533,
            23.00057884771184
          ],
          [
            120.21193763674908,
            23.00049240377722
          ],
          [
            120.21264195903476,
            23.001183953704018
          ],
          [
            120.21273586867284,
            23.001400062329502
          ],
          [
            120.21344019095848,
            23.001659392223342
          ],
          [
            120.2145201517965,
            23.001529727338706
          ],
          [
            120.21597575118687,
            23.00122717545679
          ],
          [
            120.21733744093918,
            23.001011066554494
          ]
        ]
      },
      "properties": {
        "NM_KOR": "팽호_대만부",
        "SEQ": 4,
        "TYPE": 12,
        "TYPE_MEMO": "수로 이동",
        "TRANS_MEMO": "선박",
        "_layer_id": "route_lines",
        "_layer_title": "노정 선",
        "_source_file": "leespath_proved.shp",
        "_source_crs": "EPSG:4326"
      }
    },
    {
      "type": "Feature",
      "geometry": {
        "type": "LineString",
        "coordinates": [
          [
            120.21743424175189,
            23.000903874439217
          ],
          [
            120.21390829356149,
            23.0015607266706
          ],
          [
            120.21285890421908,
            23.00159936493761
          ],
          [
            120.2118934660241,
            23.000556127846128
          ],
          [
            120.20710825062284,
            23.001444811803243
          ],
          [
            120.20018228096316,
            23.00372445258831
          ],
          [
            120.19413779835105,
            23.002024385144615
          ],
          [
            120.18995073487496,
            22.998971937584955
          ],
          [
            120.18415810570501,
            22.998199155101087
          ],
          [
            120.17844942768245,
            22.997387728731756
          ],
          [
            120.16997036179602,
            22.994412456984293
          ],
          [
            120.16089314398445,
            22.992741252862853
          ],
          [
            120.15507952702764,
            22.991775229486073
          ],
          [
            120.14508934048816,
            22.98895440167425
          ],
          [
            119.60161060006942,
            23.0779945352972
          ],
          [
            119.2888086248927,
            23.171104897393512
          ],
          [
            118.87098376433052,
            23.46876078359226
          ],
          [
            118.47204791193127,
            23.99995003285231
          ],
          [
            118.19305726136605,
            24.384094598922204
          ],
          [
            118.20590178691681,
            24.454955506581655
          ],
          [
            118.21270182985543,
            24.485214048006455
          ],
          [
            118.20514622659032,
            24.519589922222643
          ],
          [
            118.1998573043047,
            24.538836304263082
          ],
          [
            118.17945717548882,
            24.56014135620154
          ],
          [
            118.16736821026461,
            24.58762639680984
          ],
          [
            118.16019038716273,
            24.621974214966475
          ],
          [
            118.16963489124412,
            24.649102321327625
          ],
          [
            118.1734126928767,
            24.66626896418374
          ],
          [
            118.1734126928767,
            24.6848062857759
          ],
          [
            118.17376686177967,
            24.687209070139847
          ],
          [
            118.17348352665724,
            24.689697619401887
          ],
          [
            118.17206685104499,
            24.69518941434828
          ],
          [
            118.16828904941244,
            24.698621663277706
          ],
          [
            118.16715570892266,
            24.701796409350226
          ],
          [
            118.16630570355535,
            24.70454207043131
          ],
          [
            118.1631890172085,
            24.707459269008304
          ],
          [
            118.16125289387178,
            24.711191467540715
          ],
          [
            118.16068622362693,
            24.714280098964725
          ],
          [
            118.15766398232086,
            24.71719706939267
          ],
          [
            118.15753412038971,
            24.71891290241917
          ],
          [
            118.15558619142293,
            24.723202381495568
          ],
          [
            118.1491639286476,
            24.727320142304652
          ],
          [
            118.14879795411437,
            24.72892860560645
          ],
          [
            118.150261852247,
            24.731094636659734
          ],
          [
            118.15271742330818,
            24.733410746949183
          ],
          [
            118.15493688176728,
            24.736284379392618
          ],
          [
            118.15304798095102,
            24.74327517805825
          ]
        ]
      },
      "properties": {
        "NM_KOR": "대만부_동안현학_항해",
        "SEQ": 5,
        "TYPE": 12,
        "TYPE_MEMO": "수로 이동",
        "TRANS_MEMO": "선박",
        "_layer_id": "route_lines",
        "_layer_title": "노정 선",
        "_source_file": "leespath_proved.shp",
        "_source_crs": "EPSG:4326"
      }
    },
    {
      "type": "Feature",
      "geometry": {
        "type": "LineString",
        "coordinates": [
          [
            118.15318964851221,
            24.742760531436723
          ],
          [
            118.1550785493285,
            24.73830017148045
          ],
          [
            118.1550785493285,
            24.734182774128364
          ],
          [
            118.15696745014479,
            24.72972210650838
          ],
          [
            118.16301193275689,
            24.727663282887317
          ],
          [
            118.17018975585876,
            24.725604425195336
          ],
          [
            118.18530096238905,
            24.71805498886262
          ],
          [
            118.20230106973558,
            24.71325056367071
          ],
          [
            118.2181678365924,
            24.70467077180935
          ],
          [
            118.22685678034729,
            24.69643361551064
          ],
          [
            118.2336568232859,
            24.69025539086809
          ],
          [
            118.25670141324458,
            24.68407685992977
          ],
          [
            118.3024128129987,
            24.678584575337645
          ],
          [
            118.32243516165131,
            24.68373359923122
          ],
          [
            118.32999076491643,
            24.689912147184312
          ],
          [
            118.34850199291604,
            24.69437424133281
          ],
          [
            118.36927990189514,
            24.698836175696243
          ],
          [
            118.38448555346625,
            24.70467077180935
          ],
          [
            118.39733007901698,
            24.714280098964725
          ],
          [
            118.40488568228213,
            24.721486607606867
          ],
          [
            118.41102460993501,
            24.729035835753805
          ],
          [
            118.40989126944525,
            24.736241489844254
          ],
          [
            118.41631353222066,
            24.74619146867123
          ],
          [
            118.4321802990774,
            24.749965390257362
          ],
          [
            118.45258042789328,
            24.76917630503929
          ],
          [
            118.46240271213796,
            24.778780648173623
          ],
          [
            118.48129172030083,
            24.790442065773686
          ],
          [
            118.50395853009624,
            24.80553168493519
          ],
          [
            118.52209197793256,
            24.822676750152542
          ],
          [
            118.5251142192386,
            24.839819442632017
          ],
          [
            118.52813646054466,
            24.85421746978063
          ],
          [
            118.52813646054466,
            24.86655730215972
          ],
          [
            118.5356920638098,
            24.875468637382845
          ],
          [
            118.56591447687036,
            24.89123327158832
          ],
          [
            118.57498120078853,
            24.89500277730976
          ],
          [
            118.58461459495159,
            24.904940013433023
          ],
          [
            118.58830975717339,
            24.90794886785251
          ],
          [
            118.59000976790801,
            24.90979055037294
          ]
        ]
      },
      "properties": {
        "NM_KOR": "동안현학_천주부",
        "SEQ": 6,
        "TYPE": 11,
        "TYPE_MEMO": "육로 이동",
        "TRANS_MEMO": null,
        "_layer_id": "route_lines",
        "_layer_title": "노정 선",
        "_source_file": "leespath_proved.shp",
        "_source_crs": "EPSG:4326"
      }
    },
    {
      "type": "Feature",
      "geometry": {
        "type": "LineString",
        "coordinates": [
          [
            118.5907338465543,
            24.90990476233715
          ],
          [
            118.59287460081272,
            24.914701569357792
          ],
          [
            118.60105983768328,
            24.915272605388417
          ],
          [
            118.60760802717978,
            24.91367369784091
          ],
          [
            118.61478585028163,
            24.91207476956854
          ],
          [
            118.62057847945157,
            24.912645817759152
          ],
          [
            118.62485998796848,
            24.91458736183443
          ],
          [
            118.62775630255348,
            24.91778513251661
          ],
          [
            118.63317115156016,
            24.923266832218808
          ],
          [
            118.63921563417227,
            24.929090871137646
          ],
          [
            118.643245289247,
            24.935028823599783
          ],
          [
            118.65083237419242,
            24.941794314949785
          ],
          [
            118.65775834385212,
            24.94510555926838
          ],
          [
            118.66203985236903,
            24.948302538290584
          ],
          [
            118.66506209367508,
            24.952412817953824
          ],
          [
            118.66858804186548,
            24.956294622774053
          ],
          [
            118.67617512681089,
            24.96157482255928
          ],
          [
            118.68007885516457,
            24.961917314182713
          ],
          [
            118.69204189366768,
            24.959976515716125
          ],
          [
            118.70608272306872,
            24.96066150690445
          ],
          [
            118.71754205468754,
            24.956894008198834
          ],
          [
            118.72761619237438,
            24.955295640581433
          ],
          [
            118.74197183857815,
            24.9598623501475
          ],
          [
            118.7502830021698,
            24.9673970505423
          ],
          [
            118.75657933822407,
            24.979953859310008
          ],
          [
            118.76186826050969,
            24.988400445779423
          ],
          [
            118.76942386377483,
            24.997074714330136
          ],
          [
            118.77760910064536,
            25.00751726483061
          ],
          [
            118.78843879865875,
            25.01413612677921
          ],
          [
            118.80254259142033,
            25.022009825461485
          ]
        ]
      },
      "properties": {
        "NM_KOR": "천주부_혜안현",
        "SEQ": 7,
        "TYPE": 11,
        "TYPE_MEMO": "육로 이동",
        "TRANS_MEMO": null,
        "_layer_id": "route_lines",
        "_layer_title": "노정 선",
        "_source_file": "leespath_proved.shp",
        "_source_crs": "EPSG:4326"
      }
    },
    {
      "type": "Feature",
      "geometry": {
        "type": "LineString",
        "coordinates": [
          [
            118.80362722053448,
            25.02216125551056
          ],
          [
            118.80875873441873,
            25.030490840421653
          ],
          [
            118.81102541539828,
            25.051255288347168
          ],
          [
            118.8160624842417,
            25.066997415806963
          ],
          [
            118.81807731177908,
            25.083421826980064
          ],
          [
            118.8178254583369,
            25.095282531367925
          ],
          [
            118.81354394981999,
            25.108966530771642
          ],
          [
            118.80926244130308,
            25.122877026960783
          ],
          [
            118.82286252718033,
            25.148413486908993
          ],
          [
            118.82311438062248,
            25.156449526608853
          ],
          [
            118.83117369077196,
            25.16670753154014
          ],
          [
            118.83545519928886,
            25.172406050352965
          ],
          [
            118.84099597501663,
            25.178104302813196
          ],
          [
            118.84704045762878,
            25.181751044585656
          ],
          [
            118.85006269893483,
            25.184713941922656
          ],
          [
            118.85868867932919,
            25.200723736530648
          ],
          [
            118.86271833440392,
            25.206534600408922
          ],
          [
            118.86599242915216,
            25.212459117195895
          ],
          [
            118.86259240768284,
            25.219750434221062
          ],
          [
            118.85957016637678,
            25.227041314257008
          ],
          [
            118.85654792507073,
            25.231512458061935
          ],
          [
            118.85944423965572,
            25.237094037411424
          ],
          [
            118.86057758014546,
            25.24096681941338
          ],
          [
            118.85969609309787,
            25.246092370544254
          ],
          [
            118.8575553388394,
            25.2491675974465
          ],
          [
            118.85642199834966,
            25.258535169999817
          ],
          [
            118.85390346392794,
            25.27060659906076
          ],
          [
            118.84886639508451,
            25.27880537568441
          ],
          [
            118.84231820558804,
            25.28768675850983
          ],
          [
            118.8340070419964,
            25.297933699783034
          ],
          [
            118.83551816264944,
            25.307269047789603
          ],
          [
            118.84030337805066,
            25.313928582136267
          ],
          [
            118.84886639508451,
            25.322352084030694
          ],
          [
            118.86070350686657,
            25.327132729864022
          ],
          [
            118.86951837734254,
            25.332140823023394
          ],
          [
            118.88639255796804,
            25.343977310357193
          ],
          [
            118.89747410942354,
            25.353536704736193
          ],
          [
            118.90729639366825,
            25.365371098390472
          ],
          [
            118.91592237406257,
            25.37407546562048
          ],
          [
            118.92247056355903,
            25.381129525382576
          ],
          [
            118.93632250287848,
            25.387045515887255
          ],
          [
            118.94765590777615,
            25.391823604300374
          ],
          [
            118.95596707136784,
            25.400469188281456
          ],
          [
            118.96755232970771,
            25.407521705918374
          ],
          [
            118.9794524048503,
            25.41645051172761
          ],
          [
            118.99506731826494,
            25.423957021569446
          ],
          [
            119.00488960250962,
            25.42896110177429
          ],
          [
            119.01118593856388,
            25.433737529954765
          ]
        ]
      },
      "properties": {
        "NM_KOR": "혜안현_흥화부",
        "SEQ": 8,
        "TYPE": 11,
        "TYPE_MEMO": "육로 이동",
        "TRANS_MEMO": null,
        "_layer_id": "route_lines",
        "_layer_title": "노정 선",
        "_source_file": "leespath_proved.shp",
        "_source_crs": "EPSG:4326"
      }
    },
    {
      "type": "Feature",
      "geometry": {
        "type": "LineString",
        "coordinates": [
          [
            119.00847851406057,
            25.436296252877177
          ],
          [
            119.04474540973321,
            25.473135835129504
          ],
          [
            119.08403454671195,
            25.46767883078543
          ],
          [
            119.11274583911947,
            25.456764079471775
          ],
          [
            119.17470178589359,
            25.479956742377635
          ],
          [
            119.19170189324012,
            25.486777262687188
          ],
          [
            119.1992574965053,
            25.492915400071578
          ],
          [
            119.21021312123973,
            25.495643360493617
          ],
          [
            119.2219243063007,
            25.487459293433634
          ],
          [
            119.23552439217796,
            25.49700731747832
          ],
          [
            119.2510133788715,
            25.51303265196421
          ],
          [
            119.26423568458547,
            25.538600564080475
          ],
          [
            119.27179128785059,
            25.560073398393577
          ],
          [
            119.27878022087087,
            25.580349764152263
          ],
          [
            119.28520248364626,
            25.595682549875093
          ],
          [
            119.27575797956482,
            25.623276611108555
          ],
          [
            119.27878022087087,
            25.64303140676381
          ],
          [
            119.29238030674814,
            25.66652854352146
          ],
          [
            119.30409149180909,
            25.68627617857431
          ],
          [
            119.30361926660495,
            25.70372287367453
          ],
          [
            119.3039970467682,
            25.732312902250957
          ],
          [
            119.30513038725799,
            25.745924785845222
          ],
          [
            119.29833034431937,
            25.755111925792956
          ],
          [
            119.29228586170726,
            25.757153415945602
          ],
          [
            119.2892636204012,
            25.768380984389168
          ],
          [
            119.29606366333984,
            25.807158956680944
          ],
          [
            119.29719700382958,
            25.820847272329704
          ],
          [
            119.30361926660495,
            25.832068810418562
          ],
          [
            119.30683039799264,
            25.842269285505182
          ],
          [
            119.31221376531904,
            25.849919064680844
          ],
          [
            119.32288605493108,
            25.858928170016476
          ],
          [
            119.35237651892531,
            25.87594585612174
          ],
          [
            119.37579888904725,
            25.894978964785587
          ],
          [
            119.38259893198587,
            25.914348798769733
          ],
          [
            119.38222115182262,
            25.929978275137714
          ],
          [
            119.39506567737337,
            25.954437641904047
          ],
          [
            119.39062676045509,
            25.967429613920235
          ],
          [
            119.36531548951686,
            25.99493728891338
          ],
          [
            119.3350930764563,
            26.02311748705065
          ],
          [
            119.32177632570152,
            26.04560586260402
          ],
          [
            119.32064048596966,
            26.05722220194409
          ],
          [
            119.32006368721761,
            26.072766285616215
          ],
          [
            119.31118098643607,
            26.077739956696227
          ],
          [
            119.29618421888283,
            26.084992848260196
          ]
        ]
      },
      "properties": {
        "NM_KOR": "흥화부_복청현_복건성",
        "SEQ": 9,
        "TYPE": 11,
        "TYPE_MEMO": "육로 이동",
        "TRANS_MEMO": null,
        "_layer_id": "route_lines",
        "_layer_title": "노정 선",
        "_source_file": "leespath_proved.shp",
        "_source_crs": "EPSG:4326"
      }
    },
    {
      "type": "Feature",
      "geometry": {
        "type": "LineString",
        "coordinates": [
          [
            119.2973378163869,
            26.085096457740747
          ],
          [
            119.29203126786804,
            26.08675419695497
          ],
          [
            119.284417524341,
            26.086961412705612
          ],
          [
            119.27634234181238,
            26.08488923868788
          ],
          [
            119.2684978787845,
            26.081780908867735
          ],
          [
            119.25834622074846,
            26.081780908867735
          ],
          [
            119.25280895272881,
            26.085925330283168
          ],
          [
            119.24911744071571,
            26.09297050985473
          ],
          [
            119.2472716847091,
            26.097321732368634
          ],
          [
            119.24058081918538,
            26.110581602591584
          ],
          [
            119.2345821121641,
            26.114932169846544
          ],
          [
            119.2237382956256,
            26.117003811624404
          ],
          [
            119.20920296707398,
            26.121198773749363
          ],
          [
            119.2008970650445,
            26.124927502541745
          ],
          [
            119.19166828501174,
            26.12699896711628
          ],
          [
            119.18405454148468,
            26.126584677139864
          ],
          [
            119.1805937489724,
            26.125548945770866
          ],
          [
            119.1757486394552,
            26.125548945770866
          ],
          [
            119.16651985942244,
            26.125548945770866
          ],
          [
            119.1600597133995,
            26.12617038569421
          ],
          [
            119.15244596987246,
            26.124306056006954
          ]
        ]
      },
      "properties": {
        "NM_KOR": "복건성_황진교",
        "SEQ": 10,
        "TYPE": 3,
        "TYPE_MEMO": "불확실한 노정",
        "TRANS_MEMO": null,
        "_layer_id": "route_lines",
        "_layer_title": "노정 선",
        "_source_file": "leespath_proved.shp",
        "_source_crs": "EPSG:4326"
      }
    },
    {
      "type": "Feature",
      "geometry": {
        "type": "LineString",
        "coordinates": [
          [
            119.1529074088741,
            26.12513465065209
          ],
          [
            119.14644726285115,
            26.133420273855798
          ],
          [
            119.1337576903061,
            26.139426983117843
          ],
          [
            119.11945308125533,
            26.145433383359407
          ],
          [
            119.10491775270371,
            26.154131759886013
          ],
          [
            119.09384321666437,
            26.163864888606245
          ],
          [
            119.07653925410295,
            26.18063709785353
          ],
          [
            119.07411669934437,
            26.19290412999049
          ],
          [
            119.06904087032633,
            26.201805977304534
          ],
          [
            119.05819705378782,
            26.206153143781478
          ],
          [
            119.0457382007436,
            26.211121135263006
          ],
          [
            119.03524046345633,
            26.216140661274
          ],
          [
            119.01724434239243,
            26.216761618514283
          ],
          [
            119.00109397733506,
            26.20661890199038
          ],
          [
            118.98655864878349,
            26.195440190689173
          ],
          [
            118.97906026500684,
            26.194612095308333
          ],
          [
            118.96960076547326,
            26.199373563338092
          ],
          [
            118.95091248590693,
            26.2144847590991
          ],
          [
            118.93430068184796,
            26.223591929428498
          ],
          [
            118.92264934705658,
            26.22426458987133
          ],
          [
            118.91434344502709,
            26.221573924760655
          ],
          [
            118.90153851273163,
            26.209723909091064
          ],
          [
            118.89277117170052,
            26.206825905040606
          ],
          [
            118.88492670867264,
            26.211793867807764
          ],
          [
            118.87892800165136,
            26.218417488286963
          ],
          [
            118.87292929463005,
            26.23124967989432
          ],
          [
            118.87223713612758,
            26.242631890514183
          ],
          [
            118.87154497762512,
            26.26104801551432
          ],
          [
            118.86808418511285,
            26.27946122045905
          ],
          [
            118.86508483160222,
            26.28939072511478
          ],
          [
            118.8605858013362,
            26.293372631424337
          ],
          [
            118.84674263128709,
            26.294613717130765
          ],
          [
            118.82943866872564,
            26.293993175937928
          ],
          [
            118.81374974266993,
            26.299784764590182
          ],
          [
            118.80452096263716,
            26.30557606392353
          ],
          [
            118.7796032565487,
            26.313693737473063
          ],
          [
            118.76622152550118,
            26.321138746938182
          ],
          [
            118.75330123345532,
            26.333546032590395
          ],
          [
            118.74753324593482,
            26.34429793792428
          ],
          [
            118.74234205716644,
            26.358434139080057
          ],
          [
            118.7347283136394,
            26.368150160099752
          ],
          [
            118.72619169210907,
            26.372904511087263
          ],
          [
            118.71280996106157,
            26.375384964391735
          ],
          [
            118.70196614452307,
            26.371457555404536
          ],
          [
            118.69573671800096,
            26.36628970864887
          ],
          [
            118.6865079379682,
            26.36153508556783
          ],
          [
            118.68097066994854,
            26.360501445979136
          ],
          [
            118.6784327554395,
            26.364222505250282
          ],
          [
            118.68189354795182,
            26.37414474439519
          ],
          [
            118.68627721846737,
            26.39067991635321
          ],
          [
            118.69181448648702,
            26.401839819108734
          ],
          [
            118.68927657197798,
            26.41010571810013
          ],
          [
            118.6784327554395,
            26.416098124578305
          ],
          [
            118.67289548741986,
            26.41981739270939
          ],
          [
            118.67497196292723,
            26.429115038241328
          ]
        ]
      },
      "properties": {
        "NM_KOR": "황진교_민청현_수구진_황전역",
        "SEQ": 11,
        "TYPE": 12,
        "TYPE_MEMO": "수로 이동",
        "TRANS_MEMO": "선박",
        "_layer_id": "route_lines",
        "_layer_title": "노정 선",
        "_source_file": "leespath_proved.shp",
        "_source_crs": "EPSG:4326"
      }
    },
    {
      "type": "Feature",
      "geometry": {
        "type": "LineString",
        "coordinates": [
          [
            118.67612556043133,
            26.427048959585672
          ],
          [
            118.6682810974035,
            26.42085050145936
          ],
          [
            118.64474770831993,
            26.419610769848795
          ],
          [
            118.62721302625769,
            26.425396070000946
          ],
          [
            118.61983000223147,
            26.427462178279086
          ],
          [
            118.5972194911512,
            26.417544520881563
          ],
          [
            118.56122724902337,
            26.417957773636566
          ],
          [
            118.54553832296769,
            26.421676981795418
          ],
          [
            118.52246637288577,
            26.41506497325653
          ],
          [
            118.49939442280386,
            26.410932275431477
          ],
          [
            118.48001398473505,
            26.399359933955452
          ],
          [
            118.46247930267279,
            26.402253128120588
          ],
          [
            118.44771325462037,
            26.408039298864168
          ],
          [
            118.42648706054503,
            26.408039298864168
          ],
          [
            118.4131053294975,
            26.411345551876444
          ],
          [
            118.40572230547127,
            26.420437259070027
          ],
          [
            118.40479942746803,
            26.432007486148578
          ],
          [
            118.40941381748442,
            26.4394448760305
          ],
          [
            118.42417986553683,
            26.450186925026113
          ],
          [
            118.43064001155973,
            26.462580352027988
          ],
          [
            118.42694849954665,
            26.475385491548515
          ],
          [
            118.41402820750079,
            26.491493158840385
          ],
          [
            118.39095625741888,
            26.510076124659523
          ],
          [
            118.36834574633859,
            26.525353200399852
          ],
          [
            118.35127250327798,
            26.52834644328627
          ],
          [
            118.33927508923537,
            26.531649241398764
          ],
          [
            118.32958487020099,
            26.549400152522903
          ],
          [
            118.29266975006992,
            26.572926195047327
          ],
          [
            118.2599075809536,
            26.590670714857445
          ],
          [
            118.24029642338397,
            26.609340756933154
          ],
          [
            118.23291339935774,
            26.618829334099022
          ],
          [
            118.2075342542676,
            26.625017112361423
          ],
          [
            118.18769237719718,
            26.63739166386929
          ],
          [
            118.1694655366325,
            26.642237997932902
          ],
          [
            118.16669690262266,
            26.652548662732045
          ],
          [
            118.16092891510218,
            26.6589408072805
          ],
          [
            118.15377661057678,
            26.66718820671856
          ],
          [
            118.15216157407106,
            26.675847334479343
          ],
          [
            118.15469948858005,
            26.68409351159541
          ],
          [
            118.15954459809723,
            26.690690023850824
          ],
          [
            118.16761978062593,
            26.693782007546805
          ],
          [
            118.17638712165704,
            26.692339092262095
          ],
          [
            118.18238582867832,
            26.690793091325627
          ],
          [
            118.18411622493447,
            26.684093511595403
          ],
          [
            118.18653877969308,
            26.67935203262414
          ],
          [
            118.19276820621518,
            26.674610356476084
          ],
          [
            118.20245842524963,
            26.677702776326793
          ],
          [
            118.21076432727912,
            26.686773390741298
          ],
          [
            118.2213774243168,
            26.696667783302953
          ],
          [
            118.22622253383402,
            26.706561316697297
          ],
          [
            118.23129836285202,
            26.71666007893909
          ],
          [
            118.23568203336758,
            26.72222432025028
          ],
          [
            118.24237289889133,
            26.72758222145044
          ],
          [
            118.24329577689463,
            26.73561860020724
          ],
          [
            118.24006570388316,
            26.743860450176296
          ],
          [
            118.23937354538069,
            26.750247473028065
          ],
          [
            118.25044808142002,
            26.758488262572072
          ],
          [
            118.25529319093721,
            26.765492463827254
          ],
          [
            118.25575462993885,
            26.768788409113576
          ]
        ]
      },
      "properties": {
        "NM_KOR": "황전역_남평현_대왕관",
        "SEQ": 12,
        "TYPE": 11,
        "TYPE_MEMO": "육로 이동",
        "TRANS_MEMO": null,
        "_layer_id": "route_lines",
        "_layer_title": "노정 선",
        "_source_file": "leespath_proved.shp",
        "_source_crs": "EPSG:4326"
      }
    },
    {
      "type": "Feature",
      "geometry": {
        "type": "LineString",
        "coordinates": [
          [
            118.2559853494396,
            26.76899440251843
          ],
          [
            118.25783110544614,
            26.773835139978814
          ],
          [
            118.25771574569575,
            26.778881646562272
          ],
          [
            118.25840790419822,
            26.79113651434106
          ],
          [
            118.2559853494396,
            26.798653551444495
          ],
          [
            118.24940984366626,
            26.809361894653232
          ],
          [
            118.2487176851638,
            26.82037807693034
          ],
          [
            118.25252455692731,
            26.824701893242334
          ],
          [
            118.25633142869086,
            26.826349017962322
          ],
          [
            118.26509876972194,
            26.82387832190299
          ],
          [
            118.27155891574492,
            26.822231161266256
          ],
          [
            118.27940337877277,
            26.83170200792158
          ],
          [
            118.28494064679242,
            26.841172062761128
          ],
          [
            118.29186223181696,
            26.843230665539
          ],
          [
            118.29739949983663,
            26.846524352125265
          ],
          [
            118.3052439628645,
            26.867107721759503
          ],
          [
            118.3052439628645,
            26.883160150090834
          ],
          [
            118.30985835288088,
            26.899621811049975
          ],
          [
            118.30847403587599,
            26.906617290546095
          ],
          [
            118.29370798782351,
            26.911555015131267
          ],
          [
            118.28355632978747,
            26.920606949229583
          ],
          [
            118.28078769577769,
            26.933360714802973
          ],
          [
            118.27340467175144,
            26.93829726915686
          ],
          [
            118.27109747674326,
            26.941588185322242
          ],
          [
            118.2743275497547,
            26.94858106319519
          ],
          [
            118.27894193977109,
            26.95392826529063
          ],
          [
            118.28632496379734,
            26.95763002578724
          ],
          [
            118.29416942682519,
            26.961331664650892
          ],
          [
            118.30155245085139,
            26.965444454051735
          ],
          [
            118.30616684086776,
            26.972024604683096
          ],
          [
            118.31170410888744,
            26.982305320147535
          ],
          [
            118.30478252386287,
            26.999163660400676
          ],
          [
            118.29555374383011,
            27.005741839478045
          ],
          [
            118.29140079281535,
            27.01396402206543
          ],
          [
            118.29324654882191,
            27.021363472101324
          ],
          [
            118.30016813384648,
            27.025474067112533
          ],
          [
            118.30778187737349,
            27.027991732274845
          ],
          [
            118.31147338938659,
            27.03282138093206
          ],
          [
            118.31020443213208,
            27.036623298644436
          ],
          [
            118.3080125968743,
            27.04114433050442
          ],
          [
            118.30605148111734,
            27.04402125597627
          ],
          [
            118.30432108486117,
            27.04669262074266
          ],
          [
            118.30189853010258,
            27.05100776796203
          ],
          [
            118.29809165833908,
            27.0537817035447
          ],
          [
            118.29117007331448,
            27.052754327992254
          ],
          [
            118.28747856130141,
            27.052548851752785
          ],
          [
            118.28113377502888,
            27.05285706597086
          ],
          [
            118.27686546426372,
            27.055425484859555
          ],
          [
            118.2732316321258,
            27.068805995916605
          ],
          [
            118.27415451012907,
            27.07229853449017
          ],
          [
            118.27415451012907,
            27.079283285200066
          ],
          [
            118.27715386363974,
            27.085035105985163
          ],
          [
            118.28615192417168,
            27.096743257310447
          ],
          [
            118.28915127768234,
            27.10865555838764
          ],
          [
            118.29145847269051,
            27.11851305576804
          ],
          [
            118.29030487518644,
            27.128780358697558
          ],
          [
            118.28615192417168,
            27.13124437115162
          ],
          [
            118.27969177814875,
            27.133092344860017
          ],
          [
            118.26815580310777,
            27.133297673386668
          ],
          [
            118.25362047455617,
            27.130679706426534
          ],
          [
            118.24992896254307,
            27.13129570416704
          ],
          [
            118.24508385302585,
            27.13129570416704
          ],
          [
            118.24000802400785,
            27.13293834821756
          ],
          [
            118.2381622680013,
            27.1358129172354
          ],
          [
            118.23654723149554,
            27.140535263018425
          ],
          [
            118.23585507299309,
            27.145257409289357
          ],
          [
            118.23539363399146,
            27.14813166150163
          ],
          [
            118.23585507299309,
            27.151827019991174
          ],
          [
            118.23493219498981,
            27.15613811707503
          ],
          [
            118.23285571948243,
            27.158190961968334
          ],
          [
            118.23008708547263,
            27.161270158560846
          ],
          [
            118.22155046394232,
            27.167017765032988
          ]
        ]
      },
      "properties": {
        "NM_KOR": "대왕관_태평역_건녕부_엽방순사",
        "SEQ": 13,
        "TYPE": 11,
        "TYPE_MEMO": "육로 이동",
        "TRANS_MEMO": null,
        "_layer_id": "route_lines",
        "_layer_title": "노정 선",
        "_source_file": "leespath_proved.shp",
        "_source_crs": "EPSG:4326"
      }
    },
    {
      "type": "Feature",
      "geometry": {
        "type": "LineString",
        "coordinates": [
          [
            118.22155046394232,
            27.168865147135417
          ],
          [
            118.21832039093086,
            27.17851209028982
          ],
          [
            118.22155046394232,
            27.18774774378462
          ],
          [
            118.22939492697019,
            27.193493986733994
          ],
          [
            118.23193284147915,
            27.200881578324235
          ],
          [
            118.2312406829767,
            27.203959597014116
          ],
          [
            118.22847204896689,
            27.20580636743161
          ],
          [
            118.21716679342676,
            27.20765310725
          ],
          [
            118.21139880590627,
            27.215039760504524
          ],
          [
            118.21001448890135,
            27.216681172506483
          ],
          [
            118.20378506237923,
            27.21955358531749
          ],
          [
            118.19594059935142,
            27.219348415430105
          ],
          [
            118.18786541682272,
            27.219348415430105
          ],
          [
            118.1839431853088,
            27.22140009729838
          ],
          [
            118.17125361276375,
            27.23801732746236
          ],
          [
            118.17056145426128,
            27.25032478766364
          ],
          [
            118.16940785675718,
            27.257503510740143
          ],
          [
            118.16156339372934,
            27.260579964504082
          ],
          [
            118.15302677219904,
            27.262630886395094
          ],
          [
            118.14079863865561,
            27.262015613799868
          ],
          [
            118.13272345612694,
            27.252375898676647
          ],
          [
            118.12972410261631,
            27.250735012891784
          ],
          [
            118.12672474910566,
            27.253196332492227
          ],
          [
            118.12418683459663,
            27.258529004784762
          ],
          [
            118.11518877406468,
            27.27206463981114
          ],
          [
            118.10849790854093,
            27.27698628027889
          ],
          [
            118.1108051035491,
            27.285188529979376
          ],
          [
            118.12303323709253,
            27.2940052729456
          ],
          [
            118.13180057812367,
            27.299335987240475
          ],
          [
            118.13595352913843,
            27.30446143267544
          ],
          [
            118.1357228096376,
            27.310714155585025
          ],
          [
            118.12903194411383,
            27.31296914953094
          ],
          [
            118.12510971259992,
            27.31850394035403
          ],
          [
            118.12164892008764,
            27.32567825816592
          ],
          [
            118.12164892008764,
            27.332237228278473
          ],
          [
            118.12003388358187,
            27.337771057475212
          ],
          [
            118.11588093256715,
            27.34084528764393
          ],
          [
            118.10642143303356,
            27.340435395215433
          ]
        ]
      },
      "properties": {
        "NM_KOR": "엽방순사_건양현",
        "SEQ": 14,
        "TYPE": 11,
        "TYPE_MEMO": "육로 이동",
        "TRANS_MEMO": null,
        "_layer_id": "route_lines",
        "_layer_title": "노정 선",
        "_source_file": "leespath_proved.shp",
        "_source_crs": "EPSG:4326"
      }
    },
    {
      "type": "Feature",
      "geometry": {
        "type": "LineString",
        "coordinates": [
          [
            118.10538319527997,
            27.339554761823344
          ],
          [
            118.11801508794981,
            27.337863926093984
          ],
          [
            118.12320627671824,
            27.338171352690814
          ],
          [
            118.12787834660983,
            27.3386324909871
          ],
          [
            118.13306953537827,
            27.345703037911324
          ],
          [
            118.13653032789053,
            27.34969923441729
          ],
          [
            118.13964504115162,
            27.351543584183442
          ],
          [
            118.14310583366388,
            27.353541595107913
          ],
          [
            118.14570142804808,
            27.35615432423914
          ],
          [
            118.14743182430422,
            27.357076449215803
          ],
          [
            118.14985437906287,
            27.359842778073656
          ],
          [
            118.15089261681653,
            27.361072235382252
          ],
          [
            118.15279605269829,
            27.36307007439114
          ],
          [
            118.15366125082637,
            27.363684786833186
          ],
          [
            118.15694900371302,
            27.365528903679646
          ],
          [
            118.15885243959478,
            27.366143602468366
          ],
          [
            118.15937155847165,
            27.36629727663218
          ],
          [
            118.16214019248149,
            27.36645095058269
          ],
          [
            118.16387058873762,
            27.36629727663218
          ],
          [
            118.16888873788045,
            27.36629727663218
          ],
          [
            118.17563728327939,
            27.368295021347578
          ],
          [
            118.17927111541728,
            27.36998539255965
          ],
          [
            118.1827319079296,
            27.374633780271935
          ],
          [
            118.18723093819553,
            27.379704525989567
          ],
          [
            118.19519076097383,
            27.38308489402174
          ],
          [
            118.20055498936787,
            27.385543278617284
          ],
          [
            118.2057461781363,
            27.390767164451702
          ],
          [
            118.20955304989978,
            27.395837170593293
          ],
          [
            118.21232168390965,
            27.399370673746667
          ],
          [
            118.21457119904262,
            27.40182869628039
          ],
          [
            118.21785895192929,
            27.402904063949997
          ],
          [
            118.22166582369279,
            27.40382579933894
          ],
          [
            118.22633789358439,
            27.404901147576656
          ],
          [
            118.22910652759425,
            27.405976485350646
          ],
          [
            118.22964727642425,
            27.40707101483896
          ],
          [
            118.22951749670503,
            27.407915907380442
          ],
          [
            118.22969053633065,
            27.40937525200847
          ],
          [
            118.23029617502027,
            27.41037373985897
          ],
          [
            118.23124789296118,
            27.41071936816639
          ],
          [
            118.23267546987252,
            27.41083457736193
          ],
          [
            118.23462216566067,
            27.41048894941493
          ],
          [
            118.23579018313356,
            27.410296933421602
          ],
          [
            118.2373042798577,
            27.411074596133467
          ],
          [
            118.23955379499067,
            27.411189804958582
          ],
          [
            118.2408948520892,
            27.411343416538507
          ],
          [
            118.24184657003005,
            27.412073068626523
          ],
          [
            118.24232242900048,
            27.412649106344656
          ],
          [
            118.24301458750296,
            27.41299472753382
          ],
          [
            118.24383652572459,
            27.413225141059225
          ],
          [
            118.24409608516305,
            27.413532358345527
          ],
          [
            118.24444216441425,
            27.41391637875198
          ],
          [
            118.2447882436655,
            27.414377201477553
          ],
          [
            118.24513432291674,
            27.414914825561087
          ],
          [
            118.2458264814192,
            27.41579805944652
          ],
          [
            118.24643212010885,
            27.41656608317156
          ],
          [
            118.24827066613099,
            27.417487704592556
          ],
          [
            118.25263991667774,
            27.419522924654885
          ],
          [
            118.25523551106194,
            27.42117411337472
          ],
          [
            118.25653330825409,
            27.422402888957915
          ],
          [
            118.25739850638216,
            27.423055670425263
          ],
          [
            118.25843674413585,
            27.423286062963008
          ],
          [
            118.25934520217034,
            27.42441881928175
          ],
          [
            118.26198405646093,
            27.425378773167058
          ],
          [
            118.26358467299787,
            27.426146730266314
          ],
          [
            118.26496899000279,
            27.42722186123166
          ],
          [
            118.26609374756927,
            27.427644231246497
          ],
          [
            118.26708872541654,
            27.427183463877462
          ],
          [
            118.26868934195349,
            27.427721025621064
          ],
          [
            118.26964105989437,
            27.427452245076406
          ],
          [
            118.27033321839681,
            27.427260258572502
          ],
          [
            118.27111189671206,
            27.427567436818542
          ],
          [
            118.27171753540172,
            27.427682628440465
          ],
          [
            118.27227991418499,
            27.43060077610595
          ],
          [
            118.27271251324899,
            27.43202142534058
          ],
          [
            118.27314511231306,
            27.435150628756396
          ],
          [
            118.27504854819479,
            27.43730070483469
          ],
          [
            118.27669242463814,
            27.43799179182122
          ],
          [
            118.27807674164309,
            27.439220380222327
          ],
          [
            118.28041277658886,
            27.44137037701032
          ],
          [
            118.28413312853958,
            27.44175430059991
          ],
          [
            118.2878534804903,
            27.44313641446139
          ],
          [
            118.28967039655926,
            27.443981031075857
          ],
          [
            118.29313118907149,
            27.44305963081219
          ],
          [
            118.2965919815838,
            27.442829279543922
          ],
          [
            118.2989280165296,
            27.441677515988847
          ],
          [
            118.31030537191374,
            27.433307673065634
          ],
          [
            118.31947647207132,
            27.427778621366915
          ],
          [
            118.3302049288594,
            27.42486039910554
          ],
          [
            118.33556915725342,
            27.42501399167376
          ],
          [
            118.34941232730267,
            27.430619974190442
          ],
          [
            118.36014078409076,
            27.434152364910428
          ],
          [
            118.36169814072129,
            27.4396810973463
          ],
          [
            118.35979470483953,
            27.445516681081894
          ],
          [
            118.36239029922373,
            27.450123502841613
          ],
          [
            118.36671628986409,
            27.453041057108294
          ],
          [
            118.37052316162762,
            27.454423029559543
          ],
          [
            118.37623346927289,
            27.45488368319484
          ],
          [
            118.3810785787901,
            27.455958534193865
          ],
          [
            118.38402025242551,
            27.458108204761096
          ],
          [
            118.38436633167676,
            27.46271450056382
          ],
          [
            118.38402025242551,
            27.46547818566419
          ],
          [
            118.38228985616938,
            27.469777113646227
          ],
          [
            118.38626976755852,
            27.476685753731115
          ],
          [
            118.39492174883924,
            27.47975612139062
          ],
          [
            118.40184333386381,
            27.482365866617926
          ],
          [
            118.40565020562732,
            27.486203614920548
          ],
          [
            118.40859187926277,
            27.49004122949084
          ],
          [
            118.40945707739084,
            27.492497232627265
          ],
          [
            118.40980315664208,
            27.504200869856287
          ],
          [
            118.40565020562732,
            27.51525103074302
          ],
          [
            118.40443892824801,
            27.523998287567206
          ],
          [
            118.41049531514453,
            27.533972380369296
          ],
          [
            118.41239875102629,
            27.53934267085057
          ],
          [
            118.4113605132726,
            27.542871575978747
          ],
          [
            118.40573672544012,
            27.545403112007556
          ],
          [
            118.40037249704608,
            27.54647707936504
          ],
          [
            118.39898818004119,
            27.55107967767883
          ],
          [
            118.40331417068153,
            27.556755949958532
          ],
          [
            118.40504456693768,
            27.564119325385132
          ],
          [
            118.40539064618886,
            27.56964153281903
          ],
          [
            118.40366024993277,
            27.575163462380587
          ],
          [
            118.40123769517416,
            27.578691216329855
          ],
          [
            118.40071857629732,
            27.582678975490378
          ],
          [
            118.40158377442539,
            27.586973323211552
          ],
          [
            118.40833231982432,
            27.588353613551728
          ],
          [
            118.41404262746964,
            27.59111414210669
          ],
          [
            118.41733038035629,
            27.594641383002557
          ],
          [
            118.41836861810998,
            27.59694169635716
          ],
          [
            118.41559998410013,
            27.59878191228386
          ],
          [
            118.40902447832681,
            27.602385578974282
          ],
          [
            118.41006271608049,
            27.606372476380006
          ],
          [
            118.41819557848437,
            27.60698583233607
          ],
          [
            118.42286764837597,
            27.610665895964303
          ],
          [
            118.42477108425773,
            27.615725781599533
          ],
          [
            118.42529020313457,
            27.61909890882958
          ],
          [
            118.4223485294991,
            27.62185866292054
          ],
          [
            118.41854165773557,
            27.623545145068377
          ],
          [
            118.41525390484892,
            27.62553822684253
          ],
          [
            118.41283135009033,
            27.62921766709805
          ],
          [
            118.40902447832681,
            27.63458329577152
          ],
          [
            118.40469848768642,
            27.643474329816218
          ],
          [
            118.40331417068153,
            27.648456058886673
          ],
          [
            118.40089161592293,
            27.65642635343339
          ],
          [
            118.39310483277028,
            27.65887863487726
          ],
          [
            118.38670236662256,
            27.659491696643485
          ],
          [
            118.37407047395273,
            27.66271021451026
          ],
          [
            118.36455329454392,
            27.668533958322833
          ],
          [
            118.35918906614988,
            27.672671692966613
          ],
          [
            118.35624739251442,
            27.680027278758445
          ]
        ]
      },
      "properties": {
        "NM_KOR": "건양현_인화관",
        "SEQ": 15,
        "TYPE": 11,
        "TYPE_MEMO": "육로 이동",
        "TRANS_MEMO": null,
        "_layer_id": "route_lines",
        "_layer_title": "노정 선",
        "_source_file": "leespath_proved.shp",
        "_source_crs": "EPSG:4326"
      }
    },
    {
      "type": "Feature",
      "geometry": {
        "type": "LineString",
        "coordinates": [
          [
            118.35529567457363,
            27.68071683953309
          ],
          [
            118.35598783307614,
            27.688225108383076
          ],
          [
            118.36169814072142,
            27.69573286096027
          ],
          [
            118.3700040427509,
            27.70262728092008
          ],
          [
            118.37104228050461,
            27.706457326024367
          ],
          [
            118.37035012200204,
            27.711206956876065
          ],
          [
            118.38090553916463,
            27.731732251149772
          ],
          [
            118.38626976755867,
            27.739543315306648
          ],
          [
            118.38678888643544,
            27.749804105064413
          ],
          [
            118.38384721280006,
            27.76312626712143
          ],
          [
            118.38709170578026,
            27.77139440425865
          ],
          [
            118.39228289454867,
            27.773537892817124
          ],
          [
            118.39505152855851,
            27.77506893021747
          ],
          [
            118.3986853606964,
            27.77679132153706
          ],
          [
            118.40197311358308,
            27.781805238786248
          ],
          [
            118.40612606459781,
            27.793133544073584
          ],
          [
            118.41598932325782,
            27.797802299360814
          ],
          [
            118.43069769143504,
            27.803848422085647
          ],
          [
            118.4466173369916,
            27.80997073517109
          ],
          [
            118.46738209206532,
            27.82527500820282
          ],
          [
            118.47352499877465,
            27.833882713793233
          ],
          [
            118.48096570267606,
            27.841380425373345
          ],
          [
            118.48702208957255,
            27.846429612609104
          ],
          [
            118.49273239721784,
            27.853161496617787
          ],
          [
            118.49671230860696,
            27.874310662253173
          ],
          [
            118.50017310111924,
            27.889911740347404
          ],
          [
            118.5037204134443,
            27.90099937524316
          ],
          [
            118.50129785868572,
            27.91812562642896
          ],
          [
            118.50683512670537,
            27.924088595182525
          ],
          [
            118.53581926399579,
            27.92477660887521
          ]
        ]
      },
      "properties": {
        "NM_KOR": "인화역_포성현",
        "SEQ": 16,
        "TYPE": 11,
        "TYPE_MEMO": "육로 이동",
        "TRANS_MEMO": null,
        "_layer_id": "route_lines",
        "_layer_title": "노정 선",
        "_source_file": "leespath_proved.shp",
        "_source_crs": "EPSG:4326"
      }
    },
    {
      "type": "Feature",
      "geometry": {
        "type": "LineString",
        "coordinates": [
          [
            118.53595955325979,
            27.924816935596695
          ],
          [
            118.53595955325979,
            27.928926120146254
          ],
          [
            118.5297723456303,
            27.958786391774975
          ],
          [
            118.53259603770279,
            27.999564963723987
          ],
          [
            118.52462326008629,
            28.031531614772515
          ],
          [
            118.5213012694127,
            28.05938471548215
          ],
          [
            118.51366069086355,
            28.06876518819208
          ],
          [
            118.4900745570814,
            28.069351440548992
          ],
          [
            118.48475937200372,
            28.084299794737696
          ],
          [
            118.48542377013844,
            28.093971150489825
          ],
          [
            118.48608816827316,
            28.10598586347113
          ],
          [
            118.48758306407623,
            28.109428856359372
          ],
          [
            118.4885796612783,
            28.112212471942374
          ],
          [
            118.48542377013844,
            28.11118693776417
          ],
          [
            118.48392887433532,
            28.10913583999031
          ],
          [
            118.48127128179648,
            28.110014886696156
          ],
          [
            118.48027468459445,
            28.1117729584953
          ],
          [
            118.47678659438722,
            28.11455651324066
          ],
          [
            118.4761221962525,
            28.117925982845332
          ],
          [
            118.47329850418,
            28.125397037749025
          ],
          [
            118.47329850418,
            28.12935209131928
          ],
          [
            118.47379680278104,
            28.132867571967864
          ],
          [
            118.47213580744423,
            28.136675879193028
          ],
          [
            118.4696443144391,
            28.140630516501798
          ],
          [
            118.4703087125738,
            28.142681011707356
          ],
          [
            118.46931211537175,
            28.143999166469122
          ],
          [
            118.46682062236657,
            28.144585007822826
          ],
          [
            118.46383083076039,
            28.150443245109898
          ],
          [
            118.45619025221123,
            28.15659404933829
          ],
          [
            118.4515394652683,
            28.157765591031215
          ],
          [
            118.44572598158958,
            28.161426576180908
          ],
          [
            118.44522768298853,
            28.169773154076726
          ],
          [
            118.4434005881181,
            28.17387298896879
          ],
          [
            118.44522768298853,
            28.179143974381365
          ],
          [
            118.44838357412841,
            28.184341497283736
          ],
          [
            118.44938017133047,
            28.190783146890723
          ],
          [
            118.44938017133047,
            28.197078020351977
          ],
          [
            118.44954627086415,
            28.203226143478513
          ],
          [
            118.45502755547552,
            28.2061536968205
          ],
          [
            118.45785124754802,
            28.209227541487255
          ],
          [
            118.46067493962053,
            28.210837615297287
          ],
          [
            118.46200373588994,
            28.21288676504399
          ],
          [
            118.46100713868785,
            28.214935875474303
          ],
          [
            118.46001054148581,
            28.217277667821115
          ],
          [
            118.45818344661537,
            28.218448544735722
          ],
          [
            118.45768514801435,
            28.21888762026849
          ],
          [
            118.45668855081227,
            28.22152203554693
          ],
          [
            118.45751904848065,
            28.22635162805428
          ],
          [
            118.45502755547552,
            28.228693170008043
          ],
          [
            118.45021066899886,
            28.230302950302335
          ],
          [
            118.44838357412841,
            28.23235172646773
          ],
          [
            118.45336656013875,
            28.2395587157507
          ],
          [
            118.45203776386931,
            28.24921604966937
          ],
          [
            118.44904797226313,
            28.255068553712697
          ],
          [
            118.45336656013875,
            28.25945772091827
          ],
          [
            118.46034274055319,
            28.26092073649233
          ],
          [
            118.46532572656349,
            28.26677259796492
          ],
          [
            118.47329850418,
            28.272916706656886
          ],
          [
            118.47595609671883,
            28.27759769449656
          ],
          [
            118.47761709205561,
            28.28286355992058
          ],
          [
            118.47961028645973,
            28.288714216105177
          ],
          [
            118.48160348086387,
            28.29397953177887
          ],
          [
            118.4879152631436,
            28.306044897779746
          ],
          [
            118.49190165195182,
            28.314818850052834
          ],
          [
            118.49588804076011,
            28.323007219113546
          ],
          [
            118.49854563329895,
            28.330025319213807
          ],
          [
            118.49987442956832,
            28.338724195861136
          ],
          [
            118.50286422117456,
            28.34413322219734
          ],
          [
            118.50120322583776,
            28.347349269441057
          ],
          [
            118.50004052910202,
            28.34793399484049
          ],
          [
            118.4980473346979,
            28.348226356332905
          ],
          [
            118.49738293656318,
            28.34939579425362
          ],
          [
            118.49771513563053,
            28.35085757354415
          ],
          [
            118.49904393189996,
            28.35144227962589
          ],
          [
            118.49954223050098,
            28.353196378552294
          ],
          [
            118.49954223050098,
            28.354804277110862
          ],
          [
            118.4980473346979,
            28.355096619687068
          ],
          [
            118.49688463796214,
            28.354804277110862
          ],
          [
            118.49522364262539,
            28.354804277110862
          ],
          [
            118.49439314495702,
            28.35538896145832
          ]
        ]
      },
      "properties": {
        "NM_KOR": "포성현_선하령",
        "SEQ": 17,
        "TYPE": 11,
        "TYPE_MEMO": "육로 이동",
        "TRANS_MEMO": null,
        "_layer_id": "route_lines",
        "_layer_title": "노정 선",
        "_source_file": "leespath_proved.shp",
        "_source_crs": "EPSG:4326"
      }
    },
    {
      "type": "Feature",
      "geometry": {
        "type": "LineString",
        "coordinates": [
          [
            118.49447619472392,
            28.35538896145832
          ],
          [
            118.49397789612287,
            28.357800750354034
          ],
          [
            118.49397789612287,
            28.359481661726353
          ],
          [
            118.49281519938711,
            28.362331841913775
          ],
          [
            118.49215080125242,
            28.364378077924073
          ],
          [
            118.48949320871358,
            28.367520434977035
          ],
          [
            118.48044078412813,
            28.37468173821208
          ],
          [
            118.47778319158931,
            28.378627555871088
          ],
          [
            118.47877978879139,
            28.386299558869926
          ],
          [
            118.48044078412813,
            28.390756372367736
          ],
          [
            118.4780323408898,
            28.394153653525358
          ],
          [
            118.47487644974993,
            28.39963290981571
          ],
          [
            118.47686964415409,
            28.404162214453024
          ],
          [
            118.47894588832504,
            28.405696289869542
          ],
          [
            118.48118823202968,
            28.404965780536788
          ],
          [
            118.48401192410222,
            28.406645944471542
          ],
          [
            118.48475937200375,
            28.408983519530988
          ],
          [
            118.4850915710711,
            28.412453262394454
          ],
          [
            118.48625426780686,
            28.412818491873217
          ],
          [
            118.48758306407629,
            28.412453262394454
          ],
          [
            118.48866271104514,
            28.414790709294397
          ],
          [
            118.48791526314358,
            28.41939240710845
          ],
          [
            118.4881644124441,
            28.424870358036742
          ],
          [
            118.48824746221095,
            28.431151392892097
          ],
          [
            118.48824746221095,
            28.435752379547683
          ],
          [
            118.4958880407601,
            28.443201171862718
          ],
          [
            118.49771513563053,
            28.44239789596159
          ],
          [
            118.5017015244388,
            28.443931417388416
          ],
          [
            118.50618621184809,
            28.443712344260064
          ],
          [
            118.51033870019002,
            28.445099799743137
          ],
          [
            118.5131623922625,
            28.450284340725656
          ],
          [
            118.51789622897233,
            28.45344240484775
          ],
          [
            118.51847757734018,
            28.459137634633457
          ],
          [
            118.51731488060447,
            28.46351837183292
          ],
          [
            118.52204871731425,
            28.46541663489766
          ]
        ]
      },
      "properties": {
        "NM_KOR": "선하령_협구참",
        "SEQ": 18,
        "TYPE": 11,
        "TYPE_MEMO": "육로 이동",
        "TRANS_MEMO": null,
        "_layer_id": "route_lines",
        "_layer_title": "노정 선",
        "_source_file": "leespath_proved.shp",
        "_source_crs": "EPSG:4326"
      }
    },
    {
      "type": "Feature",
      "geometry": {
        "type": "LineString",
        "coordinates": [
          [
            118.52246396614844,
            28.465489644334607
          ],
          [
            118.51681658200343,
            28.464321487290743
          ],
          [
            118.51565388526767,
            28.47220629674015
          ],
          [
            118.51415898946459,
            28.477462509478233
          ],
          [
            118.48592206873946,
            28.493740508686678
          ],
          [
            118.47927808739236,
            28.52409993263746
          ],
          [
            118.49256605008654,
            28.56145337799093
          ],
          [
            118.49738293656318,
            28.566340446254856
          ],
          [
            118.49771513563053,
            28.573050677686258
          ],
          [
            118.50851160531957,
            28.589824383775515
          ],
          [
            118.50851160531957,
            28.61607350806182
          ],
          [
            118.50984040158896,
            28.63969211181853
          ],
          [
            118.5217995680137,
            28.660098968952322
          ],
          [
            118.53774512324672,
            28.674672863807398
          ],
          [
            118.55435507661441,
            28.686913368939027
          ],
          [
            118.5729582243863,
            28.68982756405711
          ],
          [
            118.59222577029286,
            28.69915244332909
          ],
          [
            118.60352053858288,
            28.706728296025524
          ],
          [
            118.61282211246883,
            28.723043654037546
          ],
          [
            118.61614410314237,
            28.73469592271715
          ]
        ]
      },
      "properties": {
        "NM_KOR": "협구참_강산현",
        "SEQ": 19,
        "TYPE": 11,
        "TYPE_MEMO": "육로 이동",
        "TRANS_MEMO": null,
        "_layer_id": "route_lines",
        "_layer_title": "노정 선",
        "_source_file": "leespath_proved.shp",
        "_source_crs": "EPSG:4326"
      }
    },
    {
      "type": "Feature",
      "geometry": {
        "type": "LineString",
        "coordinates": [
          [
            118.61680850127706,
            28.73731750414869
          ],
          [
            118.6553435930902,
            28.771100887642287
          ],
          [
            118.69387868490332,
            28.796722367867254
          ],
          [
            118.72045461029171,
            28.835142781425322
          ],
          [
            118.75633210956597,
            28.860748514071975
          ],
          [
            118.79619599764854,
            28.87354901614123
          ],
          [
            118.81878553422862,
            28.896818616317343
          ],
          [
            118.84801905215582,
            28.932876189267816
          ],
          [
            118.8679509961971,
            28.956132485652457
          ]
        ]
      },
      "properties": {
        "NM_KOR": "강산현_구주부",
        "SEQ": 20,
        "TYPE": 11,
        "TYPE_MEMO": "육로 이동",
        "TRANS_MEMO": null,
        "_layer_id": "route_lines",
        "_layer_title": "노정 선",
        "_source_file": "leespath_proved.shp",
        "_source_crs": "EPSG:4326"
      }
    },
    {
      "type": "Feature",
      "geometry": {
        "type": "LineString",
        "coordinates": [
          [
            118.8679509961971,
            28.956713826167586
          ],
          [
            118.88788294023838,
            28.961655088768875
          ],
          [
            118.92342824044528,
            28.970955649179412
          ],
          [
            118.96262773039315,
            28.979964770073032
          ],
          [
            118.9789054846935,
            28.9825801743646
          ],
          [
            119.00880340075541,
            28.98141778062094
          ],
          [
            119.02939974293137,
            28.98345196110023
          ],
          [
            119.04335210376024,
            28.989554262506743
          ],
          [
            119.04999608510738,
            28.993912828768654
          ],
          [
            119.07192122355278,
            29.00706005710694
          ],
          [
            119.11942569018447,
            29.016356534977305
          ],
          [
            119.15264559691988,
            29.026233126042108
          ],
          [
            119.17233877288137,
            29.034729143336413
          ]
        ]
      },
      "properties": {
        "NM_KOR": "구주부_용유현",
        "SEQ": 21,
        "TYPE": 11,
        "TYPE_MEMO": "육로 이동",
        "TRANS_MEMO": null,
        "_layer_id": "route_lines",
        "_layer_title": "노정 선",
        "_source_file": "leespath_proved.shp",
        "_source_crs": "EPSG:4326"
      }
    },
    {
      "type": "Feature",
      "geometry": {
        "type": "LineString",
        "coordinates": [
          [
            119.17233877288137,
            29.034783602730258
          ],
          [
            119.17091654562435,
            29.0628263718969
          ],
          [
            119.17822492510615,
            29.104050817107932
          ],
          [
            119.20280765609039,
            29.153382316893378
          ],
          [
            119.20480085049451,
            29.180649568613987
          ],
          [
            119.1662657586814,
            29.224146134487658
          ],
          [
            119.16302681777462,
            29.230351951720234
          ],
          [
            119.16427256427725,
            29.243278774741725
          ],
          [
            119.16003702616847,
            29.251168135555787
          ],
          [
            119.16190564592233,
            29.25714589130917
          ],
          [
            119.15206424855197,
            29.26747028291099
          ],
          [
            119.16265309382386,
            29.285100846154435
          ],
          [
            119.16800980378497,
            29.291511205891954
          ],
          [
            119.17025214748965,
            29.300800081048894
          ],
          [
            119.16539373612954,
            29.311880440745792
          ],
          [
            119.16888182633677,
            29.317963263981287
          ],
          [
            119.17187161794298,
            29.321004539611167
          ],
          [
            119.17224534189374,
            29.328172901994613
          ],
          [
            119.1738648123471,
            29.332842927646258
          ],
          [
            119.1787232237072,
            29.335847559755553
          ],
          [
            119.19666197334432,
            29.34569344437919
          ],
          [
            119.21576341971719,
            29.356262232463767
          ],
          [
            119.22730733730772,
            29.36357287579075
          ],
          [
            119.23719025956157,
            29.373922691097075
          ],
          [
            119.24325289254074,
            29.381376801288685
          ],
          [
            119.24117664836979,
            29.388323829884172
          ],
          [
            119.23552926422478,
            29.397585796768578
          ],
          [
            119.23885125489832,
            29.40916206921566
          ],
          [
            119.24483083811069,
            29.41466033684667
          ],
          [
            119.25380021292925,
            29.42073702340798
          ],
          [
            119.26243738868048,
            29.429128040693186
          ],
          [
            119.26476278215196,
            29.436939743995723
          ],
          [
            119.26609157842137,
            29.44532942257804
          ],
          [
            119.26941356909492,
            29.45082573256404
          ],
          [
            119.27506095323996,
            29.457189509056903
          ],
          [
            119.27971174018292,
            29.459214263322938
          ],
          [
            119.28668792059737,
            29.460082002779643
          ],
          [
            119.29266750380972,
            29.467312876228064
          ],
          [
            119.302301276763,
            29.47750753178478
          ],
          [
            119.2978165893537,
            29.486183026831693
          ],
          [
            119.29582339494958,
            29.496158927937053
          ],
          [
            119.29997588329154,
            29.501724764584775
          ],
          [
            119.31210114924997,
            29.512205055098732
          ],
          [
            119.33585338256584,
            29.519721284940786
          ],
          [
            119.35678192380915,
            29.52897126298467
          ],
          [
            119.37239527997482,
            29.534752069759094
          ],
          [
            119.38236125199545,
            29.539954513335378
          ],
          [
            119.39664581189169,
            29.546601690580882
          ],
          [
            119.40129659883466,
            29.54804667127417
          ],
          [
            119.42089634380858,
            29.54371166722302
          ],
          [
            119.44448247759073,
            29.54197761354837
          ],
          [
            119.47305159738323,
            29.54111057555712
          ],
          [
            119.49696993023275,
            29.54313365263638
          ],
          [
            119.49962752277159,
            29.543422660342827
          ]
        ]
      },
      "properties": {
        "NM_KOR": "용유현_엄주부",
        "SEQ": 22,
        "TYPE": 11,
        "TYPE_MEMO": "육로 이동",
        "TRANS_MEMO": null,
        "_layer_id": "route_lines",
        "_layer_title": "노정 선",
        "_source_file": "leespath_proved.shp",
        "_source_crs": "EPSG:4326"
      }
    },
    {
      "type": "Feature",
      "geometry": {
        "type": "LineString",
        "coordinates": [
          [
            119.5001258213727,
            29.543711667223025
          ],
          [
            119.53002373743462,
            29.539665495714495
          ],
          [
            119.54862688520643,
            29.549491631309557
          ],
          [
            119.5805179956725,
            29.59918567372766
          ],
          [
            119.5977923471749,
            29.616515048795733
          ],
          [
            119.62104628188973,
            29.63268644450518
          ],
          [
            119.63699183712275,
            29.64365841324155
          ],
          [
            119.64230702220043,
            29.663289478401982
          ],
          [
            119.64097822593102,
            29.67598989149614
          ],
          [
            119.64895100354752,
            29.686957139262475
          ],
          [
            119.65227299422105,
            29.697634625418967
          ],
          [
            119.6542661886252,
            29.715524085264423
          ],
          [
            119.65160859608636,
            29.72994874732214
          ],
          [
            119.65027979981693,
            29.749562959885754
          ],
          [
            119.65692378116402,
            29.772056890637813
          ],
          [
            119.66622535504992,
            29.78935647755655
          ],
          [
            119.66556095691523,
            29.803193994606218
          ]
        ]
      },
      "properties": {
        "NM_KOR": "엄주부_엄자릉조대_동로현",
        "SEQ": 23,
        "TYPE": 11,
        "TYPE_MEMO": "육로 이동",
        "TRANS_MEMO": null,
        "_layer_id": "route_lines",
        "_layer_title": "노정 선",
        "_source_file": "leespath_proved.shp",
        "_source_crs": "EPSG:4326"
      }
    },
    {
      "type": "Feature",
      "geometry": {
        "type": "LineString",
        "coordinates": [
          [
            119.66556095691523,
            29.80377051628593
          ],
          [
            119.69479447484244,
            29.81068851725304
          ],
          [
            119.72867877971257,
            29.830286920973908
          ],
          [
            119.74130234427206,
            29.84642389717819
          ],
          [
            119.75259711256211,
            29.86601529149093
          ],
          [
            119.77717984354635,
            29.87696174854925
          ],
          [
            119.79711178758762,
            29.89265917540909
          ],
          [
            119.82634530551482,
            29.900146985256896
          ],
          [
            119.84295525888253,
            29.923758699571465
          ],
          [
            119.85890081411556,
            29.943334898769066
          ],
          [
            119.88016155442625,
            29.949091871388575
          ],
          [
            119.9054086835452,
            29.96636078950817
          ],
          [
            119.9213542387782,
            29.98420218610854
          ],
          [
            119.92799822012529,
            29.997437280354422
          ],
          [
            119.93663539587648,
            30.017574255072937
          ],
          [
            119.94593696976243,
            30.034831265363163
          ],
          [
            119.94925896043597,
            30.053235431281223
          ]
        ]
      },
      "properties": {
        "NM_KOR": "동로현_부양현",
        "SEQ": 24,
        "TYPE": 11,
        "TYPE_MEMO": "육로 이동",
        "TRANS_MEMO": null,
        "_layer_id": "route_lines",
        "_layer_title": "노정 선",
        "_source_file": "leespath_proved.shp",
        "_source_crs": "EPSG:4326"
      }
    },
    {
      "type": "Feature",
      "geometry": {
        "type": "LineString",
        "coordinates": [
          [
            119.95125215484009,
            30.052947892485157
          ],
          [
            119.9877940522491,
            30.05639830293309
          ],
          [
            120.02566474592749,
            30.051797728951804
          ],
          [
            120.07150821722242,
            30.06272374313869
          ],
          [
            120.10539252209259,
            30.079972889279496
          ],
          [
            120.13130404934623,
            30.088596334681835
          ],
          [
            120.15057159525279,
            30.100093092159725
          ],
          [
            120.1738255299676,
            30.108140026831716
          ],
          [
            120.16917474302464,
            30.11791042367435
          ],
          [
            120.1512359933875,
            30.127105208487144
          ],
          [
            120.14592080830981,
            30.13572454163723
          ],
          [
            120.13130404934623,
            30.144343122127452
          ],
          [
            120.11801608665205,
            30.16100357638574
          ],
          [
            120.11469409597852,
            30.177661215952245
          ],
          [
            120.1213380773256,
            30.194316039894726
          ],
          [
            120.14857840084865,
            30.205226293987423
          ],
          [
            120.16186636354284,
            30.208671386164035
          ],
          [
            120.18578469639237,
            30.22187645554124
          ],
          [
            120.1944218721436,
            30.233357683700927
          ],
          [
            120.1944218721436,
            30.241393745739142
          ],
          [
            120.19109988147004,
            30.25516832343928
          ],
          [
            120.17914071504526,
            30.263776453756215
          ],
          [
            120.16917474302464,
            30.280990450541438
          ],
          [
            120.16863506147035,
            30.294068238808215
          ]
        ]
      },
      "properties": {
        "NM_KOR": "부양현_항주부",
        "SEQ": 25,
        "TYPE": 11,
        "TYPE_MEMO": "육로 이동",
        "TRANS_MEMO": null,
        "_layer_id": "route_lines",
        "_layer_title": "노정 선",
        "_source_file": "leespath_proved.shp",
        "_source_crs": "EPSG:4326"
      }
    },
    {
      "type": "Feature",
      "geometry": {
        "type": "LineString",
        "coordinates": [
          [
            120.16863506147035,
            30.294068238808215
          ],
          [
            120.1658321318398,
            30.295273596162517
          ],
          [
            120.1623985430424,
            30.297028191839605
          ],
          [
            120.16050656554178,
            30.29557611489828
          ],
          [
            120.15630217109599,
            30.29472906008646
          ],
          [
            120.1544101935954,
            30.294063511887465
          ],
          [
            120.15405982739155,
            30.29557611489828
          ],
          [
            120.15006565266805,
            30.29497107649354
          ],
          [
            120.14705250331522,
            30.29351896909247
          ],
          [
            120.14565103849996,
            30.293760988485733
          ],
          [
            120.14172693701722,
            30.29866175269726
          ],
          [
            120.13536779041797,
            30.30683671084629
          ]
        ]
      },
      "properties": {
        "NM_KOR": "항주부_북신관_대선사",
        "SEQ": 26,
        "TYPE": 12,
        "TYPE_MEMO": "수로 이동",
        "TRANS_MEMO": "선박(조선국번인호송선)",
        "_layer_id": "route_lines",
        "_layer_title": "노정 선",
        "_source_file": "leespath_proved.shp",
        "_source_crs": "EPSG:4326"
      }
    },
    {
      "type": "Feature",
      "geometry": {
        "type": "LineString",
        "coordinates": [
          [
            120.13536779041797,
            30.306857506586542
          ],
          [
            120.13256486078745,
            30.3104418700788
          ],
          [
            120.12790280048783,
            30.332264713825484
          ],
          [
            120.12489841029009,
            30.35273917322622
          ],
          [
            120.12570863213637,
            30.366046975332125
          ],
          [
            120.12397431942753,
            30.372874952906024
          ],
          [
            120.12145168276005,
            30.395207080996904
          ],
          [
            120.12120642641734,
            30.408624304153328
          ],
          [
            120.12471008845549,
            30.421450533298806
          ],
          [
            120.12828382373444,
            30.428890182224713
          ],
          [
            120.13213785197644,
            30.43301384473126
          ],
          [
            120.14195686483836,
            30.448745979063723
          ],
          [
            120.14351599444537,
            30.46570997507559
          ],
          [
            120.15578757073403,
            30.475258119945984
          ],
          [
            120.21006805486029,
            30.498523437081566
          ],
          [
            120.29611799451757,
            30.50262905879423
          ],
          [
            120.3157385019313,
            30.500938529664946
          ],
          [
            120.368223359263,
            30.508726794700955
          ],
          [
            120.36717226065157,
            30.51065867086831
          ],
          [
            120.372077387505,
            30.52478434863385
          ],
          [
            120.4015081486256,
            30.52170585022804
          ],
          [
            120.42007755742785,
            30.520860755174613
          ],
          [
            120.4266644420596,
            30.528541795401672
          ],
          [
            120.42848634631943,
            30.535181105117612
          ],
          [
            120.42771554067104,
            30.58573059186088
          ],
          [
            120.43107905622769,
            30.59587955077947
          ],
          [
            120.43381191261746,
            30.620274926904152
          ],
          [
            120.440749163453,
            30.62648587041867
          ],
          [
            120.4530119805866,
            30.631807065663228
          ],
          [
            120.46114047651514,
            30.638680471127397
          ],
          [
            120.4781682740206,
            30.644061283262158
          ],
          [
            120.49449533911847,
            30.652018910399235
          ],
          [
            120.5112428436609,
            30.66330616327529
          ],
          [
            120.53695972302104,
            30.67293470015903
          ],
          [
            120.54866195422849,
            30.682637606802093
          ],
          [
            120.61011618637788,
            30.713216475435736
          ],
          [
            120.62469142045663,
            30.72213223170869
          ],
          [
            120.68719675121753,
            30.74959721594246
          ],
          [
            120.69616612603524,
            30.755619192074988
          ],
          [
            120.71466546159672,
            30.758027877078483
          ],
          [
            120.73204362530599,
            30.758750470828762
          ],
          [
            120.73540714086265,
            30.76043650182098
          ],
          [
            120.74017212123456,
            30.775609451822145
          ],
          [
            120.74465680864341,
            30.782593021524473
          ],
          [
            120.73849036345624,
            30.80095257422244
          ],
          [
            120.73204362530599,
            30.813471176249465
          ],
          [
            120.71522604752283,
            30.871709358264773
          ],
          [
            120.70597637974205,
            30.89516309583046
          ],
          [
            120.70485520788986,
            30.910795730266447
          ],
          [
            120.70681725863126,
            30.92420168643072
          ],
          [
            120.70359388955613,
            30.936223367378133
          ],
          [
            120.6834127962163,
            30.954012681028548
          ],
          [
            120.65244042379894,
            30.971498270906036
          ],
          [
            120.63996738694307,
            30.977266010539097
          ],
          [
            120.6416491447214,
            30.98735871621336
          ],
          [
            120.65117910546513,
            31.02147376587858
          ],
          [
            120.66519375361777,
            31.065661018323976
          ],
          [
            120.67528430028771,
            31.110787669466685
          ],
          [
            120.65454262102179,
            31.1545736185143
          ],
          [
            120.65173969139127,
            31.166566240982483
          ],
          [
            120.66014848028284,
            31.191026483356985
          ],
          [
            120.65230027731734,
            31.258259552605093
          ],
          [
            120.65734555065232,
            31.263051527302643
          ],
          [
            120.64578346592629,
            31.272275393577676
          ],
          [
            120.63317028258892,
            31.273712798015758
          ],
          [
            120.58305039713274,
            31.27144812744794
          ]
        ]
      },
      "properties": {
        "NM_KOR": "북신관_대선사_소주부 경내",
        "SEQ": 27,
        "TYPE": 12,
        "TYPE_MEMO": "수로 이동",
        "TRANS_MEMO": "선박(운하)",
        "_layer_id": "route_lines",
        "_layer_title": "노정 선",
        "_source_file": "leespath_proved.shp",
        "_source_crs": "EPSG:4326"
      }
    },
    {
      "type": "Feature",
      "geometry": {
        "type": "LineString",
        "coordinates": [
          [
            120.58315550699383,
            31.27142379598135
          ],
          [
            120.5775496477328,
            31.29226420459218
          ],
          [
            120.57075254337896,
            31.305210410655132
          ],
          [
            120.54762837392707,
            31.333166199620802
          ],
          [
            120.51357277891613,
            31.367276575843846
          ],
          [
            120.44728349315405,
            31.42792654603765
          ],
          [
            120.43509074926122,
            31.442754103962997
          ],
          [
            120.4292045970371,
            31.447178001543676
          ],
          [
            120.39627017387838,
            31.478886447500084
          ],
          [
            120.36557809442404,
            31.504490423436955
          ],
          [
            120.36039267460754,
            31.510733503687597
          ],
          [
            120.32759839793036,
            31.535492618359473
          ],
          [
            120.30993994125802,
            31.53680654960027
          ],
          [
            120.2908800197704,
            31.560125751696244
          ],
          [
            120.2873763577322,
            31.56896223623187
          ],
          [
            120.28835738310292,
            31.58030514431547
          ],
          [
            120.28695591828763,
            31.58591638850959
          ],
          [
            120.28050918013743,
            31.5916466721483
          ],
          [
            120.27252083069041,
            31.602539208235395
          ],
          [
            120.26579379957712,
            31.619964616090275
          ],
          [
            120.17666063732624,
            31.655431947108
          ],
          [
            120.02418126542531,
            31.745098788422137
          ],
          [
            119.93224517354388,
            31.769884947582938
          ],
          [
            119.88067126834208,
            31.81562656734649
          ],
          [
            119.58243955565355,
            31.979347960859542
          ],
          [
            119.56674314972257,
            32.04589532677153
          ],
          [
            119.56898549342701,
            32.1047969049187
          ],
          [
            119.5510467437916,
            32.14657499404995
          ],
          [
            119.55553143120045,
            32.16555870967167
          ],
          [
            119.52974447859961,
            32.17742152370654
          ],
          [
            119.45238362079695,
            32.186910662433874
          ],
          [
            119.44117190227482,
            32.1888083714972
          ]
        ]
      },
      "properties": {
        "NM_KOR": "소주부_진강부",
        "SEQ": 28,
        "TYPE": 5,
        "TYPE_MEMO": "동정호 방문 추정 경로",
        "TRANS_MEMO": null,
        "_layer_id": "route_lines",
        "_layer_title": "노정 선",
        "_source_file": "leespath_proved.shp",
        "_source_crs": "EPSG:4326"
      }
    },
    {
      "type": "Feature",
      "geometry": {
        "type": "LineString",
        "coordinates": [
          [
            119.44089160931178,
            32.18833394794041
          ],
          [
            119.4047338170779,
            32.19189187237761
          ],
          [
            119.38959799707301,
            32.201379725296675
          ],
          [
            119.21777841072144,
            32.223434611032815
          ],
          [
            119.16508333366748,
            32.24192815784275
          ],
          [
            119.1051006395741,
            32.244772984804925
          ],
          [
            119.05464790622453,
            32.23291895135516
          ],
          [
            119.01092220398826,
            32.19497565271008
          ],
          [
            118.93300076025947,
            32.17837048208248
          ],
          [
            118.87133630838778,
            32.181691758519925
          ],
          [
            118.8444281839347,
            32.17457458924519
          ],
          [
            118.81752005948157,
            32.1589148590007
          ],
          [
            118.7962177942895,
            32.15179591002012
          ],
          [
            118.77940021650635,
            32.13803103209486
          ],
          [
            118.7491285764966,
            32.1256883405496
          ],
          [
            118.73287158463953,
            32.117617216308226
          ],
          [
            118.70652404611253,
            32.07107564475383
          ],
          [
            118.65887424239351,
            32.02866894888932
          ],
          [
            118.63869314905364,
            31.97304722551446
          ],
          [
            118.5523629164333,
            31.89550091706502
          ],
          [
            118.4318369423204,
            31.705880209998284
          ],
          [
            118.40044413045842,
            31.654358282024702
          ],
          [
            118.37577834970976,
            31.534029354988565
          ],
          [
            118.32420444450798,
            31.434593258456697
          ],
          [
            118.33765850673454,
            31.396320479386823
          ],
          [
            118.34662788155224,
            31.31541792934996
          ],
          [
            118.31635624154252,
            31.270388767015127
          ],
          [
            118.25581296152303,
            31.25697166792597
          ],
          [
            118.21545077484338,
            31.266555504787746
          ],
          [
            118.15714983852833,
            31.25601323071425
          ],
          [
            118.09772773036106,
            31.22917303852267
          ],
          [
            118.01588218514954,
            31.212873486928853
          ],
          [
            118.00018577921855,
            31.186021041179796
          ],
          [
            117.9945799199575,
            31.148606723469374
          ],
          [
            117.99794343551413,
            31.120776243779808
          ],
          [
            117.97439882661763,
            31.08717686209838
          ],
          [
            117.91946140585925,
            31.067971879275518
          ],
          [
            117.8858262502929,
            31.074694064583536
          ],
          [
            117.84658523546543,
            31.063170027403924
          ],
          [
            117.81519242360349,
            31.05836793310895
          ],
          [
            117.76473969025392,
            31.011294584450535
          ],
          [
            117.74680094061851,
            30.94376620033865
          ],
          [
            117.73222570653977,
            30.895674203090774
          ],
          [
            117.72213515986984,
            30.830230307900944
          ],
          [
            117.68625766059904,
            30.79074991132527
          ],
          [
            117.58647336575211,
            30.763778368834007
          ],
          [
            117.4788408679397,
            30.72595732035024
          ],
          [
            117.40596469754585,
            30.71342733053973
          ],
          [
            117.3016957152901,
            30.680648891697505
          ],
          [
            117.25684884120162,
            30.657504468946506
          ],
          [
            117.222092513783,
            30.626636616520603
          ],
          [
            117.23330423230512,
            30.59479382882616
          ],
          [
            117.24900063823613,
            30.561733805535003
          ],
          [
            117.23442540415736,
            30.533732567153375
          ],
          [
            117.19069970192106,
            30.511518947121527
          ],
          [
            117.12791407819715,
            30.49413083374586
          ],
          [
            117.02476626779361,
            30.495096921596026
          ],
          [
            116.9989793151927,
            30.49316473630256
          ],
          [
            116.96534415962633,
            30.468042836165257
          ],
          [
            116.91937611368563,
            30.442914454330282
          ],
          [
            116.89807384849358,
            30.40037474332722
          ],
          [
            116.89583150478914,
            30.35781649377873
          ],
          [
            116.90928556701567,
            30.315239721096415
          ],
          [
            116.92161845739004,
            30.283052949859883
          ],
          [
            116.90255853590244,
            30.23463190858742
          ],
          [
            116.86219634922276,
            30.18618700588238
          ],
          [
            116.83080353736082,
            30.131900414827516
          ],
          [
            116.79492603809001,
            30.110080424374026
          ],
          [
            116.76241205437584,
            30.071277430357995
          ],
          [
            116.69065705583425,
            30.046047320847727
          ],
          [
            116.64917369730237,
            30.02372301951959
          ],
          [
            116.64132549433688,
            29.994596809871396
          ],
          [
            116.58302455802183,
            29.96740463429509
          ],
          [
            116.55387408986431,
            29.95380575509596
          ],
          [
            116.54378354319437,
            29.905223147182394
          ],
          [
            116.39018299944127,
            29.872173432403397
          ],
          [
            116.27806581422001,
            29.794122960377372
          ],
          [
            116.23321894013151,
            29.767849286292794
          ],
          [
            116.15585808232879,
            29.761036467691202
          ],
          [
            116.10204183342263,
            29.76492956361963
          ],
          [
            116.05831613118634,
            29.76492956361963
          ],
          [
            116.0044998822801,
            29.749356272380698
          ],
          [
            115.97871292967925,
            29.73864823104114
          ]
        ]
      },
      "properties": {
        "NM_KOR": "진강부_구강부",
        "SEQ": 29,
        "TYPE": 5,
        "TYPE_MEMO": "동정호 방문 추정 경로",
        "TRANS_MEMO": null,
        "_layer_id": "route_lines",
        "_layer_title": "노정 선",
        "_source_file": "leespath_proved.shp",
        "_source_crs": "EPSG:4326"
      }
    },
    {
      "type": "Feature",
      "geometry": {
        "type": "LineString",
        "coordinates": [
          [
            115.977591757827,
            29.737674716036533
          ],
          [
            115.94059308670403,
            29.729886255838764
          ],
          [
            115.850899338527,
            29.752276448818012
          ],
          [
            115.73205512219246,
            29.81066210613905
          ],
          [
            115.71075285700043,
            29.846649615137807
          ],
          [
            115.67711770143406,
            29.854428993805826
          ],
          [
            115.60760504659689,
            29.845677150185185
          ],
          [
            115.55154645398623,
            29.839842161599943
          ],
          [
            115.46185270580924,
            29.853456604622295
          ],
          [
            115.4327022376517,
            29.89623276571961
          ],
          [
            115.40243059764197,
            29.920529227193054
          ],
          [
            115.40579411319857,
            29.952591478983422
          ],
          [
            115.38337067615436,
            29.962305272626992
          ],
          [
            115.35534137984904,
            30.00891826492731
          ],
          [
            115.32506973983928,
            30.027363194371063
          ],
          [
            115.31497919316938,
            30.062302070542795
          ],
          [
            115.30937333390831,
            30.096258603945426
          ],
          [
            115.26788997537646,
            30.151534283404608
          ],
          [
            115.23201247610562,
            30.178675911537475
          ],
          [
            115.20622552350476,
            30.20774793271135
          ],
          [
            115.18268091460828,
            30.223249500450443
          ],
          [
            115.15465161830299,
            30.214772383219064
          ],
          [
            115.13447052496315,
            30.20992798825599
          ],
          [
            115.10756240051006,
            30.213803523307377
          ],
          [
            115.07841193235252,
            30.234147577636364
          ],
          [
            115.08513896346578,
            30.31064225783951
          ],
          [
            115.07953310420474,
            30.372568894390138
          ],
          [
            115.03244388641183,
            30.40641844590254
          ],
          [
            114.98983935602773,
            30.40931929026298
          ],
          [
            114.94162896638255,
            30.405934963462613
          ],
          [
            114.8575410774666,
            30.433006292395078
          ],
          [
            114.83511764042241,
            30.46103653510823
          ],
          [
            114.8283906093091,
            30.49485540053287
          ],
          [
            114.83287529671794,
            30.55666521455543
          ],
          [
            114.82726943745689,
            30.590450819366385
          ],
          [
            114.80148248485601,
            30.615541076133326
          ],
          [
            114.77681670410732,
            30.61940053877699
          ],
          [
            114.7476662359498,
            30.60975159370278
          ],
          [
            114.6938499870436,
            30.580798990460256
          ],
          [
            114.6490031129551,
            30.5730768354636
          ],
          [
            114.62545850405863,
            30.558596137574
          ],
          [
            114.60751975442322,
            30.562457868348464
          ],
          [
            114.57612694256126,
            30.5923810698214
          ],
          [
            114.54361295884712,
            30.662808888836512
          ],
          [
            114.48419085067985,
            30.69270108240693
          ],
          [
            114.43261694547806,
            30.695593384297265
          ],
          [
            114.39673944620726,
            30.68595204096127
          ],
          [
            114.35189257211874,
            30.658951157787776
          ],
          [
            114.31825741655237,
            30.605891746455633
          ],
          [
            114.28686460469042,
            30.562457868348464
          ],
          [
            114.24986593356739,
            30.49485540053287
          ],
          [
            114.2050190594789,
            30.4571707739854
          ],
          [
            114.18147445058244,
            30.430106152113737
          ],
          [
            114.15680866983374,
            30.392396483188616
          ],
          [
            114.11868882685852,
            30.35176978508556
          ],
          [
            114.0906595305532,
            30.32177258731367
          ],
          [
            114.0816901557355,
            30.271434077339045
          ],
          [
            114.06599374980453,
            30.235358400539965
          ],
          [
            114.0547820312824,
            30.223733885083714
          ],
          [
            114.036843281647,
            30.220827541500622
          ],
          [
            114.02563156312488,
            30.245044446848535
          ],
          [
            114.00545046978506,
            30.27022369901423
          ],
          [
            113.9751788297753,
            30.295396494511298
          ],
          [
            113.9381801586523,
            30.295396494511298
          ],
          [
            113.9034238312337,
            30.28184271482249
          ],
          [
            113.88436390974609,
            30.249887112018964
          ],
          [
            113.87875805048503,
            30.1966046724224
          ],
          [
            113.9123932060514,
            30.184975577787963
          ],
          [
            113.93593781494788,
            30.20144972319915
          ],
          [
            113.9650882831054,
            30.206294535518285
          ],
          [
            113.99535992311516,
            30.185944721455417
          ],
          [
            114.03123742238596,
            30.149110560402843
          ],
          [
            114.06935726536118,
            30.1297186327418
          ],
          [
            114.08729601499658,
            30.120991022231443
          ],
          [
            114.0816901557355,
            30.099653616117617
          ],
          [
            114.0357221097948,
            30.07637119139472
          ],
          [
            113.98751172014966,
            30.05793538499855
          ],
          [
            113.91687789346025,
            30.02687784544698
          ],
          [
            113.85184992603195,
            29.96473357272098
          ],
          [
            113.81709359861333,
            29.932675235130862
          ],
          [
            113.8058818800912,
            29.926845336295862
          ],
          [
            113.74085391266289,
            29.92101509596713
          ],
          [
            113.71506696006199,
            29.92393025881569
          ],
          [
            113.68255297634784,
            29.92660241643322
          ],
          [
            113.64891782078146,
            29.913969766672842
          ],
          [
            113.62537321188499,
            29.903279349657947
          ],
          [
            113.61191914965845,
            29.882867186179325
          ],
          [
            113.59285922817082,
            29.86147853210343
          ],
          [
            113.5558605570478,
            29.845920267311186
          ],
          [
            113.52446774518583,
            29.82549636566753
          ],
          [
            113.47625735554072,
            29.791447253396797
          ],
          [
            113.37310954513714,
            29.705543420931082
          ],
          [
            113.28677931251677,
            29.60616352317387
          ],
          [
            113.19147970507869,
            29.522296439834744
          ],
          [
            113.16905626803445,
            29.485948688695505
          ],
          [
            113.13878462802472,
            29.447879348585204
          ],
          [
            113.10066478504947,
            29.407842331123057
          ],
          [
            113.0670296294831,
            29.38537563293466
          ]
        ]
      },
      "properties": {
        "NM_KOR": "구강부_동정호",
        "SEQ": 30,
        "TYPE": 5,
        "TYPE_MEMO": "동정호 방문 추정 경로",
        "TRANS_MEMO": null,
        "_layer_id": "route_lines",
        "_layer_title": "노정 선",
        "_source_file": "leespath_proved.shp",
        "_source_crs": "EPSG:4326"
      }
    },
    {
      "type": "Feature",
      "geometry": {
        "type": "LineString",
        "coordinates": [
          [
            113.06142377022202,
            29.380490911421106
          ],
          [
            113.13542111246807,
            29.43128054933721
          ],
          [
            113.18699501766984,
            29.51522306804027
          ],
          [
            113.22959954805391,
            29.554242404812587
          ],
          [
            113.26996173473356,
            29.59324668001394
          ],
          [
            113.34844376438846,
            29.68484737074654
          ],
          [
            113.40898704440794,
            29.741325348579117
          ],
          [
            113.50092313628936,
            29.811391711349682
          ],
          [
            113.59734391557966,
            29.861964688804665
          ],
          [
            113.6377061022593,
            29.91445566745593
          ],
          [
            113.6825529763478,
            29.92611657492936
          ],
          [
            113.74085391266284,
            29.91834278836653
          ],
          [
            113.8238206297266,
            29.933889754401264
          ],
          [
            113.87763687863279,
            29.990227140946427
          ],
          [
            113.92696844013018,
            30.034885798810574
          ],
          [
            114.03011625053372,
            30.069822021898055
          ],
          [
            114.07944781203106,
            30.10086609220573
          ],
          [
            114.08393249943991,
            30.12414274834822
          ],
          [
            114.05702437498681,
            30.141596640654253
          ],
          [
            114.02563156312488,
            30.151291913784373
          ],
          [
            114.01666218830717,
            30.17843360863706
          ],
          [
            113.96284593940095,
            30.209443535641928
          ],
          [
            113.93145312753899,
            30.20362991825328
          ],
          [
            113.89781797197261,
            30.19200165333389
          ],
          [
            113.87539453492836,
            30.21719449125682
          ],
          [
            113.9045450030859,
            30.283052949859883
          ],
          [
            113.95051304902663,
            30.297574605849736
          ],
          [
            113.98639054829742,
            30.285957453044123
          ],
          [
            114.00545046978505,
            30.26756081416808
          ],
          [
            114.02338921942045,
            30.233663244299194
          ],
          [
            114.05029734387354,
            30.223976076505693
          ],
          [
            114.07832664017883,
            30.25690855254339
          ],
          [
            114.08729601499657,
            30.297574605849736
          ],
          [
            114.1119617957452,
            30.35467225189819
          ],
          [
            114.16689921650362,
            30.399165957924666
          ],
          [
            114.21623077800098,
            30.462002951421855
          ],
          [
            114.28350108913375,
            30.54701002320607
          ],
          [
            114.32162093210898,
            30.610716531478612
          ],
          [
            114.37880069657183,
            30.674381158002802
          ],
          [
            114.44158632029573,
            30.695593384297265
          ],
          [
            114.50437194401961,
            30.68884454507006
          ],
          [
            114.54809764625591,
            30.660880042560052
          ],
          [
            114.57949045811786,
            30.58176421659525
          ],
          [
            114.6075197544232,
            30.557630680867167
          ],
          [
            114.66806303444265,
            30.57500743186305
          ],
          [
            114.72636397075773,
            30.592381069821375
          ],
          [
            114.80036131300376,
            30.625189444248992
          ],
          [
            114.83399646857013,
            30.607821689307602
          ],
          [
            114.84184467153561,
            30.568250176331944
          ],
          [
            114.82951178116132,
            30.4919571010083
          ],
          [
            114.83735998412673,
            30.43880631424467
          ],
          [
            114.86651045228432,
            30.421405213901867
          ],
          [
            114.93265959156486,
            30.407868878856984
          ],
          [
            115.0077781056631,
            30.404967991400255
          ],
          [
            115.07729076050028,
            30.37305254197575
          ],
          [
            115.0885024790224,
            30.31499775472324
          ],
          [
            115.07168490123918,
            30.24334945765343
          ],
          [
            115.09522951013568,
            30.21331908977377
          ],
          [
            115.16362099312065,
            30.211381331788232
          ],
          [
            115.2073466953569,
            30.208474623258944
          ],
          [
            115.25443591314983,
            30.161955613643322
          ],
          [
            115.30600981835165,
            30.105715847816676
          ],
          [
            115.31834270872598,
            30.056237177494637
          ],
          [
            115.38561301985875,
            29.968618729458356
          ],
          [
            115.40691528505079,
            29.94821996219256
          ],
          [
            115.40579411319857,
            29.915184514185114
          ],
          [
            115.43830809691275,
            29.878249569533544
          ],
          [
            115.48651848655788,
            29.849080736085618
          ],
          [
            115.55266762583841,
            29.83643826083112
          ],
          [
            115.7029046540349,
            29.855887559821124
          ],
          [
            115.73541863774908,
            29.830602732522436
          ],
          [
            115.76232676220218,
            29.79266349271132
          ],
          [
            115.86771691631016,
            29.74667936925283
          ],
          [
            115.93162371188627,
            29.722340608407915
          ],
          [
            115.98319761708804,
            29.73694457358189
          ]
        ]
      },
      "properties": {
        "NM_KOR": "동정호_구강부",
        "SEQ": 31,
        "TYPE": 5,
        "TYPE_MEMO": "동정호 방문 추정 경로",
        "TRANS_MEMO": null,
        "_layer_id": "route_lines",
        "_layer_title": "노정 선",
        "_source_file": "leespath_proved.shp",
        "_source_crs": "EPSG:4326"
      }
    },
    {
      "type": "Feature",
      "geometry": {
        "type": "LineString",
        "coordinates": [
          [
            115.98543996079248,
            29.739865111508493
          ],
          [
            116.05831613118629,
            29.7651728770925
          ],
          [
            116.13567698898898,
            29.76419961965552
          ],
          [
            116.23321894013145,
            29.766146125074755
          ],
          [
            116.29376222015092,
            29.80020384652854
          ],
          [
            116.36215370313592,
            29.855644466965266
          ],
          [
            116.39242534314565,
            29.874117836557705
          ],
          [
            116.50678487207136,
            29.897447729536985
          ],
          [
            116.54154119948993,
            29.904251253160968
          ],
          [
            116.55611643356868,
            29.952834335392293
          ],
          [
            116.57966104246518,
            29.968375911612434
          ],
          [
            116.64356783804128,
            29.995567821288798
          ],
          [
            116.66823361878994,
            30.03440048672176
          ],
          [
            116.73886744547934,
            30.06448534108513
          ],
          [
            116.81062244402095,
            30.11614201641025
          ],
          [
            116.87340806774486,
            30.21307687211255
          ],
          [
            116.92386080109445,
            30.27506512276658
          ],
          [
            116.89471033293691,
            30.395055975644766
          ],
          [
            116.92386080109445,
            30.44726406103694
          ],
          [
            116.97543470629623,
            30.471425008023818
          ],
          [
            117.01691806482808,
            30.49413083374586
          ],
          [
            117.0998847818918,
            30.498961177061496
          ],
          [
            117.17612446784227,
            30.51055302238253
          ],
          [
            117.24227360712281,
            30.53759528705374
          ],
          [
            117.24003126341837,
            30.595517644813356
          ],
          [
            117.22321368563519,
            30.628324956820574
          ],
          [
            117.24451595082722,
            30.653405399646342
          ],
          [
            117.32636149603876,
            30.682336288964283
          ],
          [
            117.42614579088568,
            30.71800578482631
          ],
          [
            117.55956524129896,
            30.74884444244732
          ],
          [
            117.71989281616538,
            30.81169580070003
          ],
          [
            117.72886219098308,
            30.86367964444605
          ],
          [
            117.7400739095052,
            30.947372125295527
          ],
          [
            117.75464914358396,
            31.013696849178437
          ],
          [
            117.80173836137689,
            31.04924328614904
          ],
          [
            117.88358390658843,
            31.069412387561208
          ],
          [
            117.94749070216453,
            31.079015218466548
          ],
          [
            117.98000468587868,
            31.086936823760148
          ],
          [
            118.00242812292296,
            31.1387710214723
          ],
          [
            118.008033982184,
            31.214551511709338
          ],
          [
            118.0786678088734,
            31.24139585757403
          ],
          [
            118.11902999555306,
            31.23660278367418
          ],
          [
            118.16163452593716,
            31.25769048944852
          ],
          [
            118.21096608743447,
            31.271107486344807
          ],
          [
            118.26029764893185,
            31.271107486344807
          ],
          [
            118.32420444450798,
            31.28164807408897
          ],
          [
            118.34102202229114,
            31.302725715269748
          ],
          [
            118.33877967858673,
            31.407325502591615
          ],
          [
            118.33093147562126,
            31.4427242120527
          ],
          [
            118.36008194377877,
            31.501055057900057
          ],
          [
            118.42062522379824,
            31.706595590988695
          ],
          [
            118.55740818976818,
            31.89550091706502
          ],
          [
            118.64149607868411,
            31.972809453447205
          ],
          [
            118.69419115573812,
            32.00419004004809
          ],
          [
            118.70091818685141,
            32.02700554084374
          ],
          [
            118.71437224907797,
            32.057417370082014
          ],
          [
            118.72446279574787,
            32.08306949051437
          ],
          [
            118.73903802982663,
            32.12034723527645
          ],
          [
            118.7917331068806,
            32.14788025107364
          ],
          [
            118.83994349652576,
            32.16971087032661
          ],
          [
            118.8859115424665,
            32.18014975238278
          ],
          [
            118.93187958840717,
            32.18204760238142
          ],
          [
            118.9868170091656,
            32.191536258961776
          ],
          [
            119.02045216473198,
            32.20576738915268
          ],
          [
            119.04960263288949,
            32.22568723147618
          ],
          [
            119.07090489808155,
            32.236119692816224
          ],
          [
            119.11014591290899,
            32.24370618513549
          ],
          [
            119.14153872477095,
            32.24370618513549
          ],
          [
            119.20544552034708,
            32.23232620908204
          ],
          [
            119.25814059740108,
            32.21904776891683
          ],
          [
            119.33438028335152,
            32.21904776891683
          ],
          [
            119.37362129817897,
            32.212407821457745
          ],
          [
            119.38287096595973,
            32.20363286152412
          ],
          [
            119.3926812196666,
            32.19960083935283
          ],
          [
            119.40813236925489,
            32.19014267449351
          ],
          [
            119.42113095541647,
            32.19020197639492
          ],
          [
            119.44222300088622,
            32.18904558234833
          ]
        ]
      },
      "properties": {
        "NM_KOR": "구강부_진강부",
        "SEQ": 32,
        "TYPE": 5,
        "TYPE_MEMO": "동정호 방문 추정 경로",
        "TRANS_MEMO": null,
        "_layer_id": "route_lines",
        "_layer_title": "노정 선",
        "_source_file": "leespath_proved.shp",
        "_source_crs": "EPSG:4326"
      }
    },
    {
      "type": "Feature",
      "geometry": {
        "type": "LineString",
        "coordinates": [
          [
            119.44180256144163,
            32.18892697700004
          ],
          [
            119.496459689237,
            32.182522058699995
          ],
          [
            119.5264510362837,
            32.180624218591056
          ],
          [
            119.54102627036247,
            32.17682841969979
          ],
          [
            119.5579839946272,
            32.16911771610567
          ],
          [
            119.55349930721833,
            32.15532579172466
          ],
          [
            119.5527985748107,
            32.14165044704328
          ],
          [
            119.5570029692565,
            32.131325834735435
          ],
          [
            119.56204824259142,
            32.1238486618052
          ],
          [
            119.56961615259385,
            32.09615998602568
          ],
          [
            119.56611249055571,
            32.065107823456216
          ],
          [
            119.56975629907541,
            32.033718395401905
          ],
          [
            119.57438113296577,
            32.020886315589685
          ],
          [
            119.57802494148547,
            31.996494469327963
          ],
          [
            119.58054757815295,
            31.992096710370152
          ],
          [
            119.58068772463446,
            31.986242609473575
          ],
          [
            119.58307021482042,
            31.981963233389862
          ],
          [
            119.5924600290827,
            31.97471161273922
          ],
          [
            119.60745570260606,
            31.968291667145294
          ],
          [
            119.61488346612697,
            31.96612186179808
          ],
          [
            119.62819738187196,
            31.959820218585158
          ],
          [
            119.64431422724755,
            31.947334554133313
          ],
          [
            119.67486616022033,
            31.9314872082761
          ],
          [
            119.69392608170793,
            31.919354560769538
          ],
          [
            119.69728959726459,
            31.91611296979139
          ],
          [
            119.73667075857355,
            31.892555961270155
          ],
          [
            119.74830291654027,
            31.887766488575714
          ],
          [
            119.7596547815439,
            31.88050743402255
          ],
          [
            119.79511184137016,
            31.862863166991353
          ],
          [
            119.81795571785898,
            31.84869770260904
          ],
          [
            119.84416310990444,
            31.837953115908288
          ],
          [
            119.87149167380213,
            31.819139635594492
          ],
          [
            119.88298368528731,
            31.814465439134327
          ],
          [
            119.8887296910299,
            31.80970168341974
          ],
          [
            119.9093312238143,
            31.797552994377664
          ],
          [
            119.92586850863445,
            31.779773725481718
          ],
          [
            119.93806125252725,
            31.770957275805
          ],
          [
            119.96623069531408,
            31.76461248638006
          ],
          [
            119.97141611513055,
            31.76282514321374
          ],
          [
            119.97702197439165,
            31.758624750891766
          ],
          [
            119.98416944494949,
            31.756956457078914
          ],
          [
            119.99566145643466,
            31.751593880460813
          ],
          [
            120.00126731569574,
            31.752904761209237
          ],
          [
            120.02621338940747,
            31.745039198312785
          ],
          [
            120.03476232478057,
            31.73717296729806
          ],
          [
            120.04807624052562,
            31.728084255073014
          ],
          [
            120.06573469719795,
            31.717832309882894
          ],
          [
            120.07834788053533,
            31.712467468075218
          ],
          [
            120.09446472591092,
            31.702571501143385
          ],
          [
            120.1140852333246,
            31.694791099092235
          ],
          [
            120.15024302555848,
            31.670461955722
          ],
          [
            120.1641175272296,
            31.66470670399523
          ],
          [
            120.17813217538225,
            31.653851269201475
          ],
          [
            120.21947538743261,
            31.639504642525417
          ],
          [
            120.22872505521333,
            31.638430793473347
          ],
          [
            120.25493244725882,
            31.625782304932198
          ],
          [
            120.26614416578096,
            31.61918889676309
          ],
          [
            120.27329163633883,
            31.602002071933228
          ],
          [
            120.28127998578584,
            31.590870716869556
          ],
          [
            120.28758657745453,
            31.585737311467422
          ],
          [
            120.28870774930675,
            31.578335159317596
          ],
          [
            120.28744643097299,
            31.56818609207799
          ],
          [
            120.28744643097299,
            31.565559094699246
          ],
          [
            120.31211221172168,
            31.53546275607094
          ],
          [
            120.33005096135709,
            31.53450715779439
          ],
          [
            120.43768345916946,
            31.439854544272706
          ],
          [
            120.55148240216907,
            31.32822814673938
          ],
          [
            120.56234375448743,
            31.315028806689828
          ],
          [
            120.56444595171033,
            31.31317296880759
          ],
          [
            120.5999730847773,
            31.31664515182383
          ],
          [
            120.60992348496569,
            31.31820160610371
          ],
          [
            120.61679066256049,
            31.317962153273537
          ],
          [
            120.61889285978339,
            31.31269403696631
          ]
        ]
      },
      "properties": {
        "NM_KOR": "진강부_소주부",
        "SEQ": 33,
        "TYPE": 5,
        "TYPE_MEMO": "동정호 방문 추정 경로",
        "TRANS_MEMO": null,
        "_layer_id": "route_lines",
        "_layer_title": "노정 선",
        "_source_file": "leespath_proved.shp",
        "_source_crs": "EPSG:4326"
      }
    },
    {
      "type": "Feature",
      "geometry": {
        "type": "LineString",
        "coordinates": [
          [
            120.61819212737572,
            31.311496696708744
          ],
          [
            120.61637022311591,
            31.319563482495717
          ],
          [
            120.60999355820645,
            31.31881520120181
          ],
          [
            120.60032345098114,
            31.317348552616995
          ],
          [
            120.59629423963722,
            31.320850512411557
          ],
          [
            120.59019786769083,
            31.32599845615089
          ],
          [
            120.5864139126896,
            31.32773432720247
          ],
          [
            120.58438178870746,
            31.328452609308894
          ],
          [
            120.57961680833557,
            31.331505247112826
          ],
          [
            120.57716424490886,
            31.33377969718798
          ],
          [
            120.57772483083497,
            31.335455572596622
          ],
          [
            120.57642847588077,
            31.337355859496505
          ]
        ]
      },
      "properties": {
        "NM_KOR": "소주부_호구사",
        "SEQ": 34,
        "TYPE": 12,
        "TYPE_MEMO": "수로 이동",
        "TRANS_MEMO": "선박(운하)",
        "_layer_id": "route_lines",
        "_layer_title": "노정 선",
        "_source_file": "leespath_proved.shp",
        "_source_crs": "EPSG:4326"
      }
    },
    {
      "type": "Feature",
      "geometry": {
        "type": "LineString",
        "coordinates": [
          [
            120.57614818291779,
            31.3374680799638
          ],
          [
            120.57387080259296,
            31.3366600896122
          ],
          [
            120.57352043638916,
            31.335373275840325
          ],
          [
            120.5715233490274,
            31.33633090636882
          ],
          [
            120.56949122504524,
            31.337737408539212
          ],
          [
            120.56710873485932,
            31.337887035192455
          ],
          [
            120.5659174897663,
            31.3366600896122
          ],
          [
            120.56588245314592,
            31.33549298018931
          ],
          [
            120.56626785597017,
            31.333517838959487
          ],
          [
            120.56745910106312,
            31.33064483226161
          ],
          [
            120.56766932078543,
            31.32929808018215
          ],
          [
            120.56661822217397,
            31.327622095128245
          ],
          [
            120.56264156576067,
            31.32343948441839
          ],
          [
            120.5617656502511,
            31.322107594416043
          ],
          [
            120.56011892909316,
            31.321598777531285
          ],
          [
            120.56199338828358,
            31.315144795343265
          ],
          [
            120.56307952351546,
            31.313737955583022
          ],
          [
            120.56307952351546,
            31.313259026614702
          ],
          [
            120.56381529254345,
            31.31218142753179
          ]
        ]
      },
      "properties": {
        "NM_KOR": "호구사_한산사",
        "SEQ": 35,
        "TYPE": 12,
        "TYPE_MEMO": "수로 이동",
        "TRANS_MEMO": "선박(운하)",
        "_layer_id": "route_lines",
        "_layer_title": "노정 선",
        "_source_file": "leespath_proved.shp",
        "_source_crs": "EPSG:4326"
      }
    },
    {
      "type": "Feature",
      "geometry": {
        "type": "LineString",
        "coordinates": [
          [
            120.58220951824374,
            31.271223529056552
          ],
          [
            120.5767438054642,
            31.29218374132665
          ],
          [
            120.57071750675856,
            31.305236604383985
          ],
          [
            120.56399047564527,
            31.31230116137205
          ],
          [
            120.57050728703628,
            31.304697760496357
          ],
          [
            120.56742406444269,
            31.302482481025738
          ],
          [
            120.56441091508987,
            31.301704127225495
          ],
          [
            120.55782403045811,
            31.30134488484149
          ],
          [
            120.54850428943661,
            31.300626395964727
          ],
          [
            120.55207802471553,
            31.291824462651746
          ],
          [
            120.5510269261041,
            31.28936935505818
          ],
          [
            120.5391845484151,
            31.283680445416287
          ],
          [
            120.53301810322792,
            31.28200364866119
          ],
          [
            120.5221567509096,
            31.28032682209011
          ],
          [
            120.51977426072364,
            31.28068614457959
          ],
          [
            120.51767206350075,
            31.28062625759309
          ],
          [
            120.51024429997987,
            31.277332414770683
          ],
          [
            120.5067406379417,
            31.275655505145625
          ],
          [
            120.50176543784751,
            31.275056601625916
          ],
          [
            120.49419752784507,
            31.272840625539928
          ]
        ]
      },
      "properties": {
        "NM_KOR": "한산사_고소대(박지원)",
        "SEQ": 103,
        "TYPE": 4,
        "TYPE_MEMO": "박지원 고증",
        "TRANS_MEMO": null,
        "_layer_id": "route_lines",
        "_layer_title": "노정 선",
        "_source_file": "leespath_proved.shp",
        "_source_crs": "EPSG:4326"
      }
    },
    {
      "type": "Feature",
      "geometry": {
        "type": "LineString",
        "coordinates": [
          [
            120.49412745460428,
            31.2730203012159
          ],
          [
            120.50225595053286,
            31.27517638263405
          ],
          [
            120.50660049146018,
            31.27559561496477
          ],
          [
            120.51774213674152,
            31.28068614457959
          ],
          [
            120.51963411424212,
            31.281479643560566
          ],
          [
            120.51662096488933,
            31.29854574102406
          ],
          [
            120.56763428416497,
            31.30237770300405
          ],
          [
            120.57113794620314,
            31.305550928561914
          ],
          [
            120.56455106157141,
            31.312735195267063
          ],
          [
            120.55964593471798,
            31.321954201380002
          ],
          [
            120.56258901083002,
            31.32219364405853
          ],
          [
            120.5683350165726,
            31.328778079083868
          ],
          [
            120.56651311231278,
            31.334673750505935
          ],
          [
            120.56777443064652,
            31.337426932474635
          ],
          [
            120.570297067314,
            31.337426932474635
          ],
          [
            120.57239926453688,
            31.3358707960421
          ],
          [
            120.57408102231521,
            31.33563138815304
          ],
          [
            120.57562263361199,
            31.337067826351245
          ],
          [
            120.57646351250116,
            31.33730723058578
          ]
        ]
      },
      "properties": {
        "NM_KOR": "고소대_호구사(박지원)",
        "SEQ": 104,
        "TYPE": 4,
        "TYPE_MEMO": "박지원 고증",
        "TRANS_MEMO": null,
        "_layer_id": "route_lines",
        "_layer_title": "노정 선",
        "_source_file": "leespath_proved.shp",
        "_source_crs": "EPSG:4326"
      }
    },
    {
      "type": "Feature",
      "geometry": {
        "type": "LineString",
        "coordinates": [
          [
            120.57730439139026,
            31.338145140610052
          ],
          [
            120.57281970398141,
            31.335272275177385
          ],
          [
            120.57029706731393,
            31.33718752854466
          ],
          [
            120.56777443064642,
            31.33694812400555
          ],
          [
            120.5669335517573,
            31.33192048798784
          ],
          [
            120.56805472360949,
            31.328089727888084
          ],
          [
            120.56160798545928,
            31.322103853125448
          ],
          [
            120.55824446990263,
            31.32090663250179
          ],
          [
            120.56357003620064,
            31.313244060045196
          ],
          [
            120.57057736027697,
            31.30510189370097
          ],
          [
            120.5781452702794,
            31.28857592247034
          ],
          [
            120.5817890787991,
            31.270130475918656
          ],
          [
            120.56160798545928,
            31.257671770207484
          ],
          [
            120.51031437322054,
            31.244492503331337
          ],
          [
            120.50947349433142,
            31.249764430837732
          ],
          [
            120.46210398357542,
            31.271088769765047
          ],
          [
            120.4514528509794,
            31.273724027651685
          ],
          [
            120.43603673801147,
            31.284743399345796
          ],
          [
            120.42118121096965,
            31.291689732795643
          ],
          [
            120.39090957095989,
            31.28953402890941
          ],
          [
            120.34354006020385,
            31.269651325345308
          ],
          [
            120.33793420094281,
            31.269651325345308
          ]
        ]
      },
      "properties": {
        "NM_KOR": "호구사_동동정(태호)(박지원)",
        "SEQ": 105,
        "TYPE": 4,
        "TYPE_MEMO": "박지원 고증",
        "TRANS_MEMO": null,
        "_layer_id": "route_lines",
        "_layer_title": "노정 선",
        "_source_file": "leespath_proved.shp",
        "_source_crs": "EPSG:4326"
      }
    },
    {
      "type": "Feature",
      "geometry": {
        "type": "LineString",
        "coordinates": [
          [
            120.5637802559228,
            31.312231940264173
          ],
          [
            120.56427076860813,
            31.31256120778208
          ],
          [
            120.52387354530806,
            31.356283688979318
          ],
          [
            120.49542380955819,
            31.385510451530607
          ],
          [
            120.4481769269735,
            31.426792335613207
          ],
          [
            120.43514330419156,
            31.443054890779234
          ],
          [
            120.4281359801152,
            31.447478774159073
          ],
          [
            120.3942205315858,
            31.480621360616283
          ],
          [
            120.38104676232227,
            31.49260240111871
          ],
          [
            120.36507006342826,
            31.504791011915177
          ],
          [
            120.36030508305637,
            31.510645759934526
          ],
          [
            120.3405444291611,
            31.526565235171685
          ],
          [
            120.32751080637915,
            31.535643796048678
          ],
          [
            120.30999249618833,
            31.536868139673473
          ],
          [
            120.29233403951596,
            31.55908270767636
          ],
          [
            120.28700847321797,
            31.569023805082857
          ],
          [
            120.28840993803325,
            31.58072488005636
          ],
          [
            120.2877092056256,
            31.585739176854982
          ],
          [
            120.28028144210467,
            31.591469471392013
          ],
          [
            120.2729938250653,
            31.60251123246279
          ],
          [
            120.26570620802592,
            31.620055986450737
          ],
          [
            120.2287075369029,
            31.6384624871125
          ],
          [
            120.22071918745588,
            31.639417019890267
          ],
          [
            120.17839495003487,
            31.653793484476097
          ],
          [
            120.16367956947455,
            31.665245342095435
          ],
          [
            120.15050580021106,
            31.670970741584053
          ],
          [
            120.13088529279736,
            31.68256955758865
          ],
          [
            120.11406771501417,
            31.69485258471204
          ],
          [
            120.09402676815586,
            31.70322915368665
          ],
          [
            120.07748948333574,
            31.71288660752006
          ],
          [
            120.06543688592446,
            31.717893780229623
          ],
          [
            120.0483390151782,
            31.728145718620958
          ],
          [
            120.03334334165488,
            31.738277334074482
          ],
          [
            120.0256352851709,
            31.74530921568914
          ],
          [
            120.00096950442222,
            31.752847038157782
          ],
          [
            119.99578408460572,
            31.751536156592035
          ],
          [
            119.98415192663906,
            31.757137066230985
          ],
          [
            119.97672416311812,
            31.758805356788585
          ],
          [
            119.97153874330162,
            31.76309510871772
          ],
          [
            119.96635332348515,
            31.764882446669887
          ],
          [
            119.94995618514655,
            31.767980417340514
          ],
          [
            119.93790358773525,
            31.77095913747508
          ],
          [
            119.92865391995448,
            31.77786939882952
          ],
          [
            119.9265517227316,
            31.779060771024117
          ],
          [
            119.90959399846689,
            31.797554855512338
          ],
          [
            119.88745085438568,
            31.810924280099563
          ],
          [
            119.88296616697683,
            31.814973434523385
          ],
          [
            119.8716143019732,
            31.8194987499782
          ],
          [
            119.87021283715794,
            31.820570502736558
          ],
          [
            119.84414559159399,
            31.837865680793687
          ],
          [
            119.81737761362241,
            31.84896741730145
          ],
          [
            119.80714692047096,
            31.85563376977042
          ],
          [
            119.79341256528137,
            31.863638707964405
          ],
          [
            119.75879638434431,
            31.880925812077052
          ],
          [
            119.74828539822978,
            31.887827845973344
          ],
          [
            119.73805470507838,
            31.891635643266806
          ],
          [
            119.6965713465465,
            31.91641222695548
          ],
          [
            119.6927873915453,
            31.920218841826504
          ],
          [
            119.67442820246532,
            31.93163774118219
          ],
          [
            119.6448572948632,
            31.94674181447767
          ],
          [
            119.6284601565246,
            31.95961399594849
          ],
          [
            119.61570682670566,
            31.966391232544296
          ],
          [
            119.60715789133255,
            31.96817463272003
          ],
          [
            119.596366612255,
            31.973405740045095
          ],
          [
            119.58291255002847,
            31.982945798763293
          ],
          [
            119.58053005984246,
            31.98686852578765
          ],
          [
            119.57996947391638,
            31.99281173198864
          ],
          [
            119.57800742317501,
            31.996615181866115
          ],
          [
            119.57436361465534,
            32.02100699600947
          ],
          [
            119.56973878076492,
            32.034670704659014
          ],
          [
            119.56693585113443,
            32.05730044941639
          ],
          [
            119.56651541168983,
            32.066683321577095
          ],
          [
            119.5679168765051,
            32.07950898178881
          ],
          [
            119.56973878076492,
            32.09616184112164
          ],
          [
            119.56679570465289,
            32.10933949258562
          ],
          [
            119.56147013835489,
            32.12423625849553
          ],
          [
            119.55600442557535,
            32.13254415530009
          ],
          [
            119.5526409100187,
            32.14191930154082
          ],
          [
            119.55278105650021,
            32.1549716973653
          ],
          [
            119.5578263298352,
            32.169327174131034
          ],
          [
            119.54142919149656,
            32.17662268584505
          ],
          [
            119.5272743968624,
            32.18029987672383
          ],
          [
            119.4925180694438,
            32.18267217912957
          ],
          [
            119.4520157362826,
            32.18800963353916
          ],
          [
            119.42244482868051,
            32.190263131440204
          ],
          [
            119.40829003404632,
            32.190263131440204
          ],
          [
            119.39371479996753,
            32.19915797308542
          ],
          [
            119.39161260274467,
            32.21258753624089
          ]
        ]
      },
      "properties": {
        "NM_KOR": "소주부_한산사_양자강",
        "SEQ": 36,
        "TYPE": 12,
        "TYPE_MEMO": "수로 이동",
        "TRANS_MEMO": "선박(운하)",
        "_layer_id": "route_lines",
        "_layer_title": "노정 선",
        "_source_file": "leespath_proved.shp",
        "_source_crs": "EPSG:4326"
      }
    },
    {
      "type": "Feature",
      "geometry": {
        "type": "LineString",
        "coordinates": [
          [
            119.39161260274464,
            32.21294325930062
          ],
          [
            119.39329436052297,
            32.22835658852545
          ],
          [
            119.39273377459683,
            32.27152962857229
          ],
          [
            119.403945493119,
            32.30719041491724
          ],
          [
            119.42188424275437,
            32.3434291919667
          ],
          [
            119.4235660005327,
            32.360004187798204
          ],
          [
            119.43085361757205,
            32.3742089093376
          ],
          [
            119.440944164242,
            32.37799645808965
          ],
          [
            119.45271646869023,
            32.38888477641711
          ],
          [
            119.4605646716557,
            32.42580060384662
          ],
          [
            119.4762610775867,
            32.432424923154855
          ],
          [
            119.5037297879659,
            32.43479063355259
          ],
          [
            119.49139689759156,
            32.44898359237486
          ],
          [
            119.48298810869997,
            32.47168767735751
          ],
          [
            119.48691221018268,
            32.49249472705204
          ],
          [
            119.493639241296,
            32.49911414305757
          ],
          [
            119.50148744426147,
            32.49911414305757
          ],
          [
            119.49980568648317,
            32.50620583391009
          ],
          [
            119.50204803018758,
            32.52322360994698
          ],
          [
            119.4975633427787,
            32.539056701516444
          ],
          [
            119.48887426092408,
            32.54945303440206
          ],
          [
            119.47542019869752,
            32.58819239427418
          ],
          [
            119.47009463239952,
            32.59149863761805
          ],
          [
            119.46560994499067,
            32.601652765246165
          ],
          [
            119.46785228869511,
            32.604250147936554
          ],
          [
            119.46112525758181,
            32.631400093335536
          ],
          [
            119.45748144906214,
            32.63517682454754
          ],
          [
            119.45551939832077,
            32.65051815566791
          ],
          [
            119.45411793350551,
            32.663733192186726
          ],
          [
            119.44739090239223,
            32.68425981975337
          ],
          [
            119.44010328535285,
            32.71521778817382
          ],
          [
            119.43786094164844,
            32.73101695322768
          ],
          [
            119.43281566831345,
            32.74286448974713
          ],
          [
            119.42833098090463,
            32.76078015916899
          ],
          [
            119.42945215275685,
            32.77044369481188
          ],
          [
            119.4218842427544,
            32.78458356330167
          ],
          [
            119.43758064868537,
            32.789767618733926
          ]
        ]
      },
      "properties": {
        "NM_KOR": "양자강_고우주",
        "SEQ": 37,
        "TYPE": 12,
        "TYPE_MEMO": "수로 이동",
        "TRANS_MEMO": "선박(운하)",
        "_layer_id": "route_lines",
        "_layer_title": "노정 선",
        "_source_file": "leespath_proved.shp",
        "_source_crs": "EPSG:4326"
      }
    },
    {
      "type": "Feature",
      "geometry": {
        "type": "LineString",
        "coordinates": [
          [
            119.43772079516691,
            32.79035669682449
          ],
          [
            119.44234562905729,
            32.79029778919101
          ],
          [
            119.44178504313118,
            32.795304798742876
          ],
          [
            119.43765072192613,
            32.80113613682543
          ],
          [
            119.43183464294279,
            32.80949961057612
          ],
          [
            119.42854120062688,
            32.81580114482455
          ],
          [
            119.4244769526626,
            32.83635164104806
          ],
          [
            119.4234959272919,
            32.845535998305344
          ],
          [
            119.4234959272919,
            32.85377756107085
          ],
          [
            119.42223460895819,
            32.8616651970141
          ],
          [
            119.42027255821682,
            32.86802188568888
          ],
          [
            119.41774992154934,
            32.88099871020268
          ],
          [
            119.41676889617865,
            32.894885633057115
          ],
          [
            119.41438640599269,
            32.90597595488701
          ],
          [
            119.41074259747303,
            32.91903545468203
          ],
          [
            119.40850025376857,
            32.94400197096192
          ],
          [
            119.4038754198782,
            32.97428168641335
          ],
          [
            119.4075192283979,
            32.98568533501311
          ],
          [
            119.413405380622,
            32.99461912334476
          ],
          [
            119.4127046482144,
            33.00593199816831
          ],
          [
            119.41424625951117,
            33.014628702514784
          ],
          [
            119.41508713840035,
            33.02156194690206
          ],
          [
            119.41088274395455,
            33.03357632064929
          ],
          [
            119.39161260274464,
            33.098525422334376
          ],
          [
            119.37143150940483,
            33.1450642938835
          ],
          [
            119.35685627532608,
            33.1563285081581
          ],
          [
            119.34087957643204,
            33.16055221558721
          ],
          [
            119.32125906901831,
            33.190874805700794
          ],
          [
            119.31733496753557,
            33.20424390976523
          ],
          [
            119.32350141272275,
            33.21081044130324
          ],
          [
            119.31088822938536,
            33.23566499050458
          ]
        ]
      },
      "properties": {
        "NM_KOR": "고우주_보응현",
        "SEQ": 38,
        "TYPE": 11,
        "TYPE_MEMO": "육로 이동",
        "TRANS_MEMO": "고우주에서 하선해 육로로 이동",
        "_layer_id": "route_lines",
        "_layer_title": "노정 선",
        "_source_file": "leespath_proved.shp",
        "_source_crs": "EPSG:4326"
      }
    },
    {
      "type": "Feature",
      "geometry": {
        "type": "LineString",
        "coordinates": [
          [
            119.31060793642226,
            33.23566499050458
          ],
          [
            119.29491153049126,
            33.25137129852738
          ],
          [
            119.28285893307998,
            33.268012216316464
          ],
          [
            119.26155666788796,
            33.301050272311066
          ],
          [
            119.24866319158753,
            33.31557368511365
          ],
          [
            119.2391332308437,
            33.33548088352412
          ],
          [
            119.1463562600731,
            33.47230734885345
          ],
          [
            119.14103069377512,
            33.48329558450242
          ],
          [
            119.1399095219229,
            33.50222948564026
          ]
        ]
      },
      "properties": {
        "NM_KOR": "보응현_산양현",
        "SEQ": 39,
        "TYPE": 11,
        "TYPE_MEMO": "육로 이동",
        "TRANS_MEMO": null,
        "_layer_id": "route_lines",
        "_layer_title": "노정 선",
        "_source_file": "leespath_proved.shp",
        "_source_crs": "EPSG:4326"
      }
    },
    {
      "type": "Feature",
      "geometry": {
        "type": "LineString",
        "coordinates": [
          [
            119.14131098673813,
            33.50041808780073
          ],
          [
            119.12169047932443,
            33.50602745481467
          ],
          [
            119.10767583117178,
            33.52659202330024
          ],
          [
            119.08581298005363,
            33.55836401191984
          ],
          [
            119.06899540227042,
            33.57517974708084
          ],
          [
            119.04601137930008,
            33.591992206988955
          ],
          [
            119.0134973955859,
            33.591525238446934
          ]
        ]
      },
      "properties": {
        "NM_KOR": "산양현_회안부(청하현)",
        "SEQ": 40,
        "TYPE": 11,
        "TYPE_MEMO": "육로 이동",
        "TRANS_MEMO": null,
        "_layer_id": "route_lines",
        "_layer_title": "노정 선",
        "_source_file": "leespath_proved.shp",
        "_source_crs": "EPSG:4326"
      }
    },
    {
      "type": "Feature",
      "geometry": {
        "type": "LineString",
        "coordinates": [
          [
            119.00859226873257,
            33.58627166817158
          ],
          [
            118.97944180057506,
            33.57319472661574
          ],
          [
            118.94692781686088,
            33.52740983118937
          ],
          [
            118.92562555166884,
            33.52740983118937
          ],
          [
            118.90880797388566,
            33.56011580379196
          ],
          [
            118.868445787206,
            33.56291859688264
          ],
          [
            118.81687188200424,
            33.570392267073785
          ],
          [
            118.77875203902899,
            33.583469633219124
          ],
          [
            118.75744977383695,
            33.60681714387312
          ],
          [
            118.72493579012277,
            33.676821741558946
          ],
          [
            118.69194247670526,
            33.69552715644318
          ],
          [
            118.68231968284505,
            33.704506546698646
          ]
        ]
      },
      "properties": {
        "NM_KOR": "회안부_청강부_왕가영진",
        "SEQ": 41,
        "TYPE": 11,
        "TYPE_MEMO": "육로 이동",
        "TRANS_MEMO": null,
        "_layer_id": "route_lines",
        "_layer_title": "노정 선",
        "_source_file": "leespath_proved.shp",
        "_source_crs": "EPSG:4326"
      }
    },
    {
      "type": "Feature",
      "geometry": {
        "type": "LineString",
        "coordinates": [
          [
            118.69233258996987,
            33.70553424837429
          ],
          [
            118.60806812481584,
            33.77041680246457
          ],
          [
            118.60806812481584,
            33.808458387513674
          ],
          [
            118.58310087588131,
            33.852530887380446
          ],
          [
            118.51548124335027,
            33.880172617205744
          ],
          [
            118.43537798635197,
            33.86548906257277
          ],
          [
            118.37920167624921,
            33.895717156713275
          ],
          [
            118.35215382323682,
            34.05186856465134
          ],
          [
            118.3438314069253,
            34.16900894047123
          ],
          [
            118.35527472935358,
            34.40366073293849
          ],
          [
            118.3635971456651,
            34.50316770826828
          ],
          [
            118.3469523130421,
            34.612830811264296
          ]
        ]
      },
      "properties": {
        "NM_KOR": "왕가영진_담성현",
        "SEQ": 42,
        "TYPE": 3,
        "TYPE_MEMO": "불확실한 노정",
        "TRANS_MEMO": null,
        "_layer_id": "route_lines",
        "_layer_title": "노정 선",
        "_source_file": "leespath_proved.shp",
        "_source_crs": "EPSG:4326"
      }
    },
    {
      "type": "Feature",
      "geometry": {
        "type": "LineString",
        "coordinates": [
          [
            118.33476798555272,
            34.61738271553435
          ],
          [
            118.34422787305576,
            34.618074725749956
          ],
          [
            118.34885270694612,
            34.62326461845602
          ],
          [
            118.35221622250278,
            34.633297490680285
          ],
          [
            118.35074468444672,
            34.65508885952088
          ],
          [
            118.34485853222262,
            34.6747999244891
          ],
          [
            118.35810237472687,
            34.69303712640662
          ],
          [
            118.35831259444912,
            34.732090974758364
          ],
          [
            118.35978413250517,
            34.76214641458195
          ],
          [
            118.36230676917262,
            34.79434886424843
          ],
          [
            118.371976876398,
            34.80988442353178
          ],
          [
            118.39552148529447,
            34.873592712471805
          ],
          [
            118.42915664086084,
            34.92298980364317
          ],
          [
            118.42411136752587,
            34.92721260869942
          ],
          [
            118.41612301807886,
            34.9327277818797
          ],
          [
            118.40939598696555,
            34.948926458746534
          ],
          [
            118.40561203196437,
            34.96581103382401
          ],
          [
            118.38585137806912,
            34.99371464113823
          ],
          [
            118.38164698362331,
            35.0040468973474
          ],
          [
            118.37281775528714,
            35.02092010995194
          ],
          [
            118.35515929861481,
            35.0670454010271
          ],
          [
            118.34338699416658,
            35.0715188566985
          ]
        ]
      },
      "properties": {
        "NM_KOR": "담성현_난산현",
        "SEQ": 43,
        "TYPE": 11,
        "TYPE_MEMO": "육로 이동",
        "TRANS_MEMO": null,
        "_layer_id": "route_lines",
        "_layer_title": "노정 선",
        "_source_file": "leespath_proved.shp",
        "_source_crs": "EPSG:4326"
      }
    },
    {
      "type": "Feature",
      "geometry": {
        "type": "LineString",
        "coordinates": [
          [
            118.3421256758328,
            35.07272320671632
          ],
          [
            118.33708040249789,
            35.08442168189469
          ],
          [
            118.34254611527743,
            35.09646247764075
          ],
          [
            118.32320590082674,
            35.1317145796249
          ],
          [
            118.30428612582065,
            35.170216508137614
          ],
          [
            118.29966129193029,
            35.190835045986894
          ],
          [
            118.29713865526281,
            35.20217301217635
          ],
          [
            118.29839997359655,
            35.21522689156889
          ],
          [
            118.29882041304111,
            35.22793523109691
          ],
          [
            118.30638832304355,
            35.243388637559214
          ],
          [
            118.30638832304355,
            35.26089893878685
          ],
          [
            118.31143359637852,
            35.27874868458595
          ],
          [
            118.31353579360142,
            35.29796708890434
          ],
          [
            118.30849052026643,
            35.34204921380395
          ],
          [
            118.3017634891532,
            35.361595456959655
          ],
          [
            118.29629777637363,
            35.375652110096695
          ],
          [
            118.26854877303137,
            35.420976701114014
          ],
          [
            118.25887866580605,
            35.439476201503645
          ],
          [
            118.24626548246863,
            35.46345070967053
          ],
          [
            118.23323185968668,
            35.47543528495853
          ],
          [
            118.2092668113456,
            35.49477804444526
          ],
          [
            118.19413099134077,
            35.51873606773636
          ],
          [
            118.16596154855391,
            35.54063429051262
          ],
          [
            118.15965495688522,
            35.548502504403885
          ],
          [
            118.13611034798875,
            35.55773811821372
          ],
          [
            118.09238464575249,
            35.581335408024444
          ],
          [
            118.05580641407404,
            35.59749041211914
          ],
          [
            118.03646619962335,
            35.60261830311815
          ],
          [
            118.0297391685101,
            35.61082224526454
          ],
          [
            118.01922818239561,
            35.616291072676425
          ],
          [
            118.01544422739435,
            35.62517711972955
          ],
          [
            118.00409236239074,
            35.6364541420217
          ],
          [
            117.9885361029413,
            35.64602127694192
          ],
          [
            117.98307039016174,
            35.65182933570917
          ],
          [
            117.97886599571595,
            35.66344418635315
          ],
          [
            117.96961632793519,
            35.67130033326588
          ],
          [
            117.9570031445978,
            35.67949722747549
          ],
          [
            117.95784402348696,
            35.69076658228873
          ],
          [
            117.94523084014958,
            35.708179726503836
          ],
          [
            117.9279928229218,
            35.71295914005298
          ]
        ]
      },
      "properties": {
        "NM_KOR": "난산현_몽음현",
        "SEQ": 44,
        "TYPE": 11,
        "TYPE_MEMO": "육로 이동",
        "TRANS_MEMO": null,
        "_layer_id": "route_lines",
        "_layer_title": "노정 선",
        "_source_file": "leespath_proved.shp",
        "_source_crs": "EPSG:4326"
      }
    },
    {
      "type": "Feature",
      "geometry": {
        "type": "LineString",
        "coordinates": [
          [
            117.92809793278292,
            35.713385859468715
          ],
          [
            117.92410375805942,
            35.71714089180613
          ],
          [
            117.91947892416906,
            35.72430909855713
          ],
          [
            117.91212123388891,
            35.72917287155287
          ],
          [
            117.90434310416417,
            35.737107863597714
          ],
          [
            117.8781707487391,
            35.773914174281074
          ],
          [
            117.86913130068062,
            35.786534433464766
          ],
          [
            117.86177361040049,
            35.79881168151248
          ],
          [
            117.8594611934553,
            35.8052905754282
          ],
          [
            117.84390493400585,
            35.81104441311564
          ],
          [
            117.83843922122634,
            35.82468147421822
          ],
          [
            117.83003043233475,
            35.83422602313335
          ],
          [
            117.81573549121904,
            35.84240615132969
          ],
          [
            117.81026977843948,
            35.84854069391603
          ],
          [
            117.80017923176959,
            35.85706010474313
          ],
          [
            117.79092956398881,
            35.86421570238845
          ],
          [
            117.7749528650948,
            35.869667152722734
          ],
          [
            117.76402143953574,
            35.87375549436833
          ],
          [
            117.76906671287067,
            35.881250239472514
          ],
          [
            117.76948715231525,
            35.89146920363159
          ],
          [
            117.76948715231525,
            35.89487523196825
          ],
          [
            117.76149880286823,
            35.897940532184556
          ],
          [
            117.75561265064411,
            35.909178950760115
          ]
        ]
      },
      "properties": {
        "NM_KOR": "몽음현_신태현",
        "SEQ": 45,
        "TYPE": 11,
        "TYPE_MEMO": "육로 이동",
        "TRANS_MEMO": null,
        "_layer_id": "route_lines",
        "_layer_title": "노정 선",
        "_source_file": "leespath_proved.shp",
        "_source_crs": "EPSG:4326"
      }
    },
    {
      "type": "Feature",
      "geometry": {
        "type": "LineString",
        "coordinates": [
          [
            117.75571776050523,
            35.90956205053489
          ],
          [
            117.75235424494863,
            35.90675260911225
          ],
          [
            117.73091183327506,
            35.9139037183446
          ],
          [
            117.72544612049553,
            35.909476917411936
          ],
          [
            117.68424305492672,
            35.928203997683234
          ],
          [
            117.62243845657346,
            35.94896884575838
          ],
          [
            117.53204397598883,
            35.99150271736152
          ]
        ]
      },
      "properties": {
        "NM_KOR": "신태현_양류점",
        "SEQ": 46,
        "TYPE": 11,
        "TYPE_MEMO": "육로 이동",
        "TRANS_MEMO": null,
        "_layer_id": "route_lines",
        "_layer_title": "노정 선",
        "_source_file": "leespath_proved.shp",
        "_source_crs": "EPSG:4326"
      }
    },
    {
      "type": "Feature",
      "geometry": {
        "type": "LineString",
        "coordinates": [
          [
            117.5312030970997,
            35.99252324866767
          ],
          [
            117.50177233597911,
            36.008169741985725
          ],
          [
            117.43954729818131,
            36.05925431633144
          ],
          [
            117.4206275231752,
            36.07522737895144
          ],
          [
            117.3840492914968,
            36.10138900328768
          ],
          [
            117.34789149926294,
            36.11973092153255
          ],
          [
            117.31846073814239,
            36.129239859356545
          ],
          [
            117.30752931258328,
            36.13874764529749
          ],
          [
            117.28146206701936,
            36.150291265186574
          ],
          [
            117.25455394256626,
            36.15572296907899
          ],
          [
            117.23941812256137,
            36.16047540135443
          ],
          [
            117.17635220587442,
            36.17473096969355
          ],
          [
            117.14608056586468,
            36.182197137314795
          ],
          [
            117.12926298808149,
            36.18830529067883
          ]
        ]
      },
      "properties": {
        "NM_KOR": "양류점_태안부",
        "SEQ": 47,
        "TYPE": 11,
        "TYPE_MEMO": "육로 이동",
        "TRANS_MEMO": null,
        "_layer_id": "route_lines",
        "_layer_title": "노정 선",
        "_source_file": "leespath_proved.shp",
        "_source_crs": "EPSG:4326"
      }
    },
    {
      "type": "Feature",
      "geometry": {
        "type": "LineString",
        "coordinates": [
          [
            117.12463815419112,
            36.1860996235779
          ],
          [
            117.07502629973068,
            36.19763627184396
          ],
          [
            117.0355049919402,
            36.2139204109776
          ],
          [
            116.99514280526054,
            36.24580036795538
          ],
          [
            116.94384919302182,
            36.296645716014865
          ],
          [
            116.91610018967955,
            36.34610338217342
          ],
          [
            116.9093731585663,
            36.38402223216894
          ],
          [
            116.90432788523133,
            36.436806972448295
          ],
          [
            116.89255558078311,
            36.462509619860995
          ],
          [
            116.86732921410831,
            36.48955583659576
          ],
          [
            116.84714812076848,
            36.50442723208066
          ],
          [
            116.83789845298774,
            36.529431774141464
          ],
          [
            116.8505116363251,
            36.56455963350117
          ],
          [
            116.8757380029999,
            36.60034659834599
          ],
          [
            116.91610018967955,
            36.61789640171172
          ],
          [
            116.99766544192799,
            36.648261622657856
          ]
        ]
      },
      "properties": {
        "NM_KOR": "태안부_제남부",
        "SEQ": 48,
        "TYPE": 11,
        "TYPE_MEMO": "육로 이동",
        "TRANS_MEMO": null,
        "_layer_id": "route_lines",
        "_layer_title": "노정 선",
        "_source_file": "leespath_proved.shp",
        "_source_crs": "EPSG:4326"
      }
    },
    {
      "type": "Feature",
      "geometry": {
        "type": "LineString",
        "coordinates": [
          [
            117.0001880785955,
            36.650285545239235
          ],
          [
            116.88078327633488,
            36.67456846694832
          ],
          [
            116.7832413251924,
            36.70423718873148
          ],
          [
            116.77693473352372,
            36.726902443421004
          ],
          [
            116.73741342573321,
            36.80672518437227
          ],
          [
            116.66804091737757,
            36.8464371592961
          ],
          [
            116.64933136209375,
            36.86956492895393
          ],
          [
            116.63146268569912,
            36.90890809502626
          ],
          [
            116.62137213902919,
            36.91416072232256
          ],
          [
            116.62431521514125,
            36.93012648803329
          ],
          [
            116.65258976778924,
            36.94529086871636
          ],
          [
            116.61475021777706,
            36.93991436988539
          ],
          [
            116.56850187887329,
            37.007764820862015
          ],
          [
            116.55757045331421,
            37.04946951164078
          ],
          [
            116.44657443994515,
            37.15224872208308
          ],
          [
            116.42807510438365,
            37.15962065799605
          ],
          [
            116.37961945839585,
            37.26241764506329
          ],
          [
            116.36669094547501,
            37.29169080755515
          ],
          [
            116.33683974490985,
            37.324463232418324
          ],
          [
            116.31161337823508,
            37.38503784857313
          ],
          [
            116.2990001948977,
            37.39105086593299
          ],
          [
            116.29942063434228,
            37.40274146351368
          ],
          [
            116.30656810490015,
            37.4054133440585
          ],
          [
            116.29395492156274,
            37.427452722891225
          ],
          [
            116.28764832989405,
            37.4509041779713
          ]
        ]
      },
      "properties": {
        "NM_KOR": "제남부_덕주",
        "SEQ": 49,
        "TYPE": 11,
        "TYPE_MEMO": "육로 이동",
        "TRANS_MEMO": null,
        "_layer_id": "route_lines",
        "_layer_title": "노정 선",
        "_source_file": "leespath_proved.shp",
        "_source_crs": "EPSG:4326"
      }
    },
    {
      "type": "Feature",
      "geometry": {
        "type": "LineString",
        "coordinates": [
          [
            116.2868074510049,
            37.451237953458985
          ],
          [
            116.2858614622546,
            37.461584254831955
          ],
          [
            116.26147597446895,
            37.47092807090714
          ],
          [
            116.2589533378015,
            37.51229378809042
          ],
          [
            116.26357817169186,
            37.53563528466093
          ],
          [
            116.26946432391597,
            37.56163577739551
          ],
          [
            116.27745267336296,
            37.58862668842775
          ],
          [
            116.28207750725338,
            37.61693996301407
          ],
          [
            116.2816570678088,
            37.631592013182136
          ],
          [
            116.27072564224972,
            37.656560441066574
          ],
          [
            116.26357817169186,
            37.668875107103716
          ],
          [
            116.25769201946771,
            37.68750963436411
          ]
        ]
      },
      "properties": {
        "NM_KOR": "덕주_경주",
        "SEQ": 50,
        "TYPE": 11,
        "TYPE_MEMO": "육로 이동",
        "TRANS_MEMO": null,
        "_layer_id": "route_lines",
        "_layer_title": "노정 선",
        "_source_file": "leespath_proved.shp",
        "_source_crs": "EPSG:4326"
      }
    },
    {
      "type": "Feature",
      "geometry": {
        "type": "LineString",
        "coordinates": [
          [
            116.25821756877347,
            37.68859095876026
          ],
          [
            116.24980877988187,
            37.703228875848154
          ],
          [
            116.24896790099272,
            37.7152032038001
          ],
          [
            116.16067561763097,
            37.83218353546962
          ],
          [
            116.15983473874182,
            37.86106775435286
          ],
          [
            116.14638067651526,
            37.869033823579116
          ],
          [
            116.18632242375034,
            37.87650123137675
          ],
          [
            116.18968593930698,
            37.91531954917866
          ],
          [
            116.19557209153109,
            37.934886833238394
          ],
          [
            116.23088900487579,
            37.93720802987274
          ],
          [
            116.26494459988676,
            37.93753962340814
          ],
          [
            116.27965998044704,
            37.94218177582535
          ],
          [
            116.28050085933617,
            37.9541173927325
          ],
          [
            116.27881910155789,
            37.98427933376779
          ],
          [
            116.2865972312826,
            37.98875285186918
          ],
          [
            116.29269360322901,
            37.99521411869281
          ],
          [
            116.29332426239587,
            38.0034969615533
          ],
          [
            116.29395492156272,
            38.008797490029025
          ],
          [
            116.29185272433983,
            38.01823810714581
          ],
          [
            116.28743811017175,
            38.02428277598528
          ],
          [
            116.26052998571865,
            38.02295795972793
          ],
          [
            116.20629329736784,
            38.02163311951729
          ],
          [
            116.14953397234957,
            38.02626995545827
          ],
          [
            116.13397771290016,
            38.03057532608721
          ],
          [
            116.12809156067605,
            38.04050983107328
          ],
          [
            116.12220540845189,
            38.05375374147062
          ],
          [
            116.11631925622778,
            38.07129823216432
          ],
          [
            116.11547837733865,
            38.08519842557735
          ],
          [
            116.11842145345071,
            38.10438958683538
          ],
          [
            116.12346672678564,
            38.12390645937892
          ],
          [
            116.12514848456397,
            38.13945006609762
          ],
          [
            116.11800101400611,
            38.16821353872672
          ],
          [
            116.10833090678076,
            38.178129347052874
          ],
          [
            116.10959222511454,
            38.18705242101298
          ],
          [
            116.11716013511698,
            38.19101788085726
          ],
          [
            116.10706958844706,
            38.1925048726401
          ],
          [
            116.1058082701133,
            38.21067676338063
          ],
          [
            116.10160387566752,
            38.232807301817886
          ],
          [
            116.10286519400125,
            38.252289813320395
          ],
          [
            116.09109288955302,
            38.273747552106016
          ],
          [
            116.08814981344096,
            38.3134276576701
          ],
          [
            116.08562717677349,
            38.32596238889325
          ],
          [
            116.08394541899516,
            38.34904700956843
          ],
          [
            116.08268410066141,
            38.36849833416987
          ],
          [
            116.08394541899516,
            38.38168270004732
          ],
          [
            116.08436585843974,
            38.39453514353346
          ],
          [
            116.08184322177227,
            38.40540850391808
          ],
          [
            116.08058190343853,
            38.41463310282899
          ],
          [
            116.07763882732647,
            38.42286835676713
          ],
          [
            116.0772183878819,
            38.433078767797355
          ],
          [
            116.08562717677349,
            38.4357134782329
          ]
        ]
      },
      "properties": {
        "NM_KOR": "경주_부성현_교하현_헌현_하간부",
        "SEQ": 51,
        "TYPE": 11,
        "TYPE_MEMO": "육로 이동",
        "TRANS_MEMO": null,
        "_layer_id": "route_lines",
        "_layer_title": "노정 선",
        "_source_file": "leespath_proved.shp",
        "_source_crs": "EPSG:4326"
      }
    },
    {
      "type": "Feature",
      "geometry": {
        "type": "LineString",
        "coordinates": [
          [
            116.08394541899516,
            38.436866133815094
          ],
          [
            116.0793205851048,
            38.44246448486428
          ],
          [
            116.083104540106,
            38.453330632725
          ],
          [
            116.08436585843974,
            38.479336884820256
          ],
          [
            116.08604761621807,
            38.50763682582301
          ],
          [
            116.08730893455181,
            38.53633674224329
          ],
          [
            116.07091179621318,
            38.5636280456759
          ],
          [
            116.06712784121196,
            38.5918948533764
          ],
          [
            116.07007091732403,
            38.60372416753567
          ],
          [
            116.06124168898783,
            38.63394577922833
          ],
          [
            116.07007091732403,
            38.6681760719606
          ],
          [
            116.07049135676861,
            38.688854075226736
          ],
          [
            116.07553663010357,
            38.698698643584606
          ],
          [
            116.09109288955302,
            38.70821377176343
          ],
          [
            116.0915133289976,
            38.72248408993995
          ],
          [
            116.09319508677594,
            38.73986706386134
          ],
          [
            116.09613816288795,
            38.750032503031775
          ],
          [
            116.10959222511454,
            38.76216355195249
          ],
          [
            116.1158988167832,
            38.772653607123274
          ],
          [
            116.11842145345071,
            38.78576400699861
          ],
          [
            116.12010321122901,
            38.79788898094618
          ],
          [
            116.1165294759501,
            38.84374859244503
          ],
          [
            116.11873678303414,
            38.84956082624277
          ],
          [
            116.12136452956277,
            38.857500716144685
          ],
          [
            116.12020832109016,
            38.85979247827033
          ],
          [
            116.11831634358956,
            38.8625752329861
          ],
          [
            116.12157474928503,
            38.874196148953644
          ],
          [
            116.12199518872964,
            38.88295149954579
          ],
          [
            116.11074843358712,
            38.880987776434296
          ],
          [
            116.10128854608406,
            38.8806604839726
          ],
          [
            116.09687393191598,
            38.88503789588515
          ],
          [
            116.09550750372111,
            38.89117400059394
          ],
          [
            116.09466662483196,
            38.89371010239002
          ],
          [
            116.09592794316569,
            38.89739137934588
          ],
          [
            116.09676882205484,
            38.90197225750926
          ],
          [
            116.09687393191598,
            38.90982450394683
          ],
          [
            116.09676882205484,
            38.916122032245276
          ],
          [
            116.09645349247141,
            38.91914791850702
          ],
          [
            116.091828658581,
            38.92871541244845
          ],
          [
            116.09266953747016,
            38.942451095962156
          ],
          [
            116.0939308558039,
            38.958145762149535
          ],
          [
            116.0939308558039,
            38.96762627217558
          ],
          [
            116.0939308558039,
            38.97579810739156
          ],
          [
            116.09582283330451,
            38.98135441676378
          ],
          [
            116.09897612913886,
            38.99115860496319
          ],
          [
            116.10233964469549,
            39.00422874356599
          ],
          [
            116.10233964469549,
            39.011252945481246
          ],
          [
            116.10360096302925,
            39.02186960094405
          ],
          [
            116.1002374474726,
            39.02709567655714
          ],
          [
            116.08594250635689,
            39.03395431447413
          ],
          [
            116.07248844413033,
            39.03917949662028
          ],
          [
            116.06176723829357,
            39.04505736467869
          ],
          [
            116.05356866912425,
            39.05126125040929
          ],
          [
            116.025819665782,
            39.07468416754264
          ],
          [
            116.01909263466872,
            39.08268045681489
          ],
          [
            116.01804153605725,
            39.089860025934364
          ],
          [
            116.02014373328018,
            39.09393900100231
          ],
          [
            116.02476856717057,
            39.09899660242943
          ],
          [
            116.0232970291145,
            39.100628009374226
          ],
          [
            116.01635977827893,
            39.10242251341195
          ],
          [
            116.0111042852217,
            39.10731638316399
          ],
          [
            116.00963274716568,
            39.110415658271606
          ],
          [
            116.00774076966508,
            39.11416723000213
          ],
          [
            116.00879186827653,
            39.132840560692536
          ],
          [
            116.01078895563826,
            39.137161630507556
          ],
          [
            116.01078895563826,
            39.14131939073358
          ],
          [
            116.00973785702683,
            39.14629207557941
          ],
          [
            116.00605901188675,
            39.160494900135966
          ],
          [
            116.00448236396957,
            39.16505875730035
          ],
          [
            116.00322104563581,
            39.18210947818384
          ],
          [
            116.00227505688551,
            39.18699781103043
          ],
          [
            115.99922687091231,
            39.193046652261316
          ],
          [
            115.99470714688307,
            39.19687527930387
          ],
          [
            115.98840055521438,
            39.199970612475276
          ],
          [
            115.98861077493669,
            39.2070567827737
          ],
          [
            115.98766478618636,
            39.22320162090738
          ],
          [
            115.98840055521438,
            39.22670291175475
          ],
          [
            115.98430127062976,
            39.234050983272276
          ],
          [
            115.98377572132402,
            39.24064527316326
          ],
          [
            115.98293484243487,
            39.243575869716324
          ],
          [
            115.98734945660296,
            39.246180741643755
          ],
          [
            115.9872443467418,
            39.2552156413327
          ],
          [
            115.98798011576982,
            39.26180794156317
          ],
          [
            115.98850566507556,
            39.29805451104252
          ],
          [
            115.98829544535326,
            39.30439878234579
          ],
          [
            115.98829544535326,
            39.31090512994648
          ],
          [
            115.98945165382587,
            39.31863063204045
          ],
          [
            115.98945165382587,
            39.33629442939375
          ],
          [
            115.98945165382587,
            39.340521696104986
          ],
          [
            115.98976698340927,
            39.366834745569506
          ],
          [
            115.98409105090742,
            39.36829741967165
          ],
          [
            115.97925599729479,
            39.3689474872166
          ],
          [
            115.97452605354326,
            39.372929018880676
          ],
          [
            115.97242385632038,
            39.378372786556426
          ],
          [
            115.97189830701463,
            39.38308495906977
          ],
          [
            115.9708472084032,
            39.38739063165063
          ],
          [
            115.9711625379866,
            39.400976130177405
          ],
          [
            115.96779902243,
            39.47981719800874
          ],
          [
            115.96800924215229,
            39.48719953599985
          ],
          [
            115.96485594631797,
            39.49352663055263
          ],
          [
            115.96369973784536,
            39.501880757861656
          ],
          [
            115.96412017728996,
            39.50715226320517
          ],
          [
            115.96443550687339,
            39.51201791321575
          ],
          [
            115.96443550687339,
            39.51526149059207
          ],
          [
            115.96906034076378,
            39.52971384111944
          ],
          [
            115.97042676895865,
            39.536442380584866
          ],
          [
            115.97200341687581,
            39.54049540285411
          ],
          [
            115.9779946789611,
            39.54667580615245
          ],
          [
            115.98503703965778,
            39.552673310593875
          ],
          [
            115.98819033549213,
            39.55729265649289
          ],
          [
            115.99754511313404,
            39.57133114836145
          ],
          [
            116.00721522035937,
            39.580729069571056
          ],
          [
            116.01268093313891,
            39.59498555125721
          ],
          [
            116.02277147980881,
            39.59952108935129
          ],
          [
            116.02697587425462,
            39.6134498136323
          ],
          [
            116.03622554203537,
            39.61960347365743
          ],
          [
            116.04463433092698,
            39.62284202234894
          ],
          [
            116.06313366648847,
            39.635794701572856
          ],
          [
            116.07154245538005,
            39.643888894643815
          ],
          [
            116.07280377371379,
            39.65586656184236
          ],
          [
            116.0812125626054,
            39.67698428300438
          ],
          [
            116.09845057983317,
            39.69866166314763
          ],
          [
            116.10349585316813,
            39.717745063463994
          ],
          [
            116.10812068705849,
            39.73035661661606
          ],
          [
            116.10980244483682,
            39.73496410872428
          ],
          [
            116.12830178039833,
            39.74757251227341
          ],
          [
            116.14638067651526,
            39.75791614601378
          ],
          [
            116.16025517818639,
            39.77439810183217
          ],
          [
            116.16488001207675,
            39.779891210293165
          ],
          [
            116.1745501193021,
            39.78279914904163
          ],
          [
            116.1888450604178,
            39.78506079422222
          ],
          [
            116.19788450847625,
            39.80182897766179
          ],
          [
            116.20124802403288,
            39.81345628628492
          ],
          [
            116.20671373681242,
            39.82346711512718
          ],
          [
            116.20461153958951,
            39.839287708983484
          ],
          [
            116.2076728642954,
            39.84288920994679
          ],
          [
            116.22142911737272,
            39.8444528280259
          ],
          [
            116.22983790626431,
            39.84961755853943
          ],
          [
            116.23278098237637,
            39.85349085144483
          ],
          [
            116.25675916945008,
            39.86503882578623
          ],
          [
            116.28072421779113,
            39.863425251851616
          ],
          [
            116.3042688266876,
            39.86632965761192
          ],
          [
            116.31730244946955,
            39.86600695193234
          ],
          [
            116.32234772280452,
            39.86729776554324
          ],
          [
            116.324870359472,
            39.8670355709941
          ],
          [
            116.33086162155726,
            39.866954895546606
          ],
          [
            116.33622222447565,
            39.86794316324124
          ],
          [
            116.34883540781304,
            39.867620465151205
          ],
          [
            116.36270990948418,
            39.86826585981337
          ],
          [
            116.3706982589312,
            39.86923394042221
          ],
          [
            116.38036836615653,
            39.86987931990513
          ],
          [
            116.39087935227103,
            39.86987931990513
          ],
          [
            116.39298154949391,
            39.875364800360906
          ],
          [
            116.3923348913362,
            39.87982441840802
          ],
          [
            116.39268969045156,
            39.884997346442724
          ],
          [
            116.39195791727613,
            39.89306225163416
          ],
          [
            116.39171399288433,
            39.89764725458856
          ],
          [
            116.39171399288433,
            39.89785140343126
          ]
        ]
      },
      "properties": {
        "NM_KOR": "하간부_임구현_웅현_신성현_탁주_북경",
        "SEQ": 52,
        "TYPE": 11,
        "TYPE_MEMO": "육로 이동",
        "TRANS_MEMO": null,
        "_layer_id": "route_lines",
        "_layer_title": "노정 선",
        "_source_file": "leespath_proved.shp",
        "_source_crs": "EPSG:4326"
      }
    },
    {
      "type": "Feature",
      "geometry": {
        "type": "LineString",
        "coordinates": [
          [
            120.58383820114618,
            31.271283291647016
          ],
          [
            120.5831244100298,
            31.276367245527165
          ],
          [
            120.58705026116989,
            31.280332539338332
          ],
          [
            120.59371231158943,
            31.28551767199325
          ],
          [
            120.60061229238107,
            31.290397536384617
          ],
          [
            120.60548986500966,
            31.29385395417055
          ],
          [
            120.6107243331964,
            31.296497011666
          ],
          [
            120.61024847245216,
            31.301782904296658
          ],
          [
            120.60715537761453,
            31.30656028291168
          ],
          [
            120.6046571087072,
            31.31469143409165
          ],
          [
            120.6104864028243,
            31.316012679859917
          ],
          [
            120.61536397545285,
            31.31580941248667
          ],
          [
            120.61857603547656,
            31.31225216243754
          ]
        ]
      },
      "properties": {
        "NM_KOR": "운하_소주부",
        "SEQ": 101,
        "TYPE": 4,
        "TYPE_MEMO": "박지원 고증",
        "TRANS_MEMO": null,
        "_layer_id": "route_lines",
        "_layer_title": "노정 선",
        "_source_file": "leespath_proved.shp",
        "_source_crs": "EPSG:4326"
      }
    },
    {
      "type": "Feature",
      "geometry": {
        "type": "LineString",
        "coordinates": [
          [
            120.61881396584867,
            31.31286198627361
          ],
          [
            120.61572087101105,
            31.315504510604192
          ],
          [
            120.61215191542917,
            31.31621594679442
          ],
          [
            120.60572779538177,
            31.31519960773459
          ],
          [
            120.60108815312532,
            31.314488163866727
          ],
          [
            120.56575549286464,
            31.310930863914653
          ],
          [
            120.56432791063187,
            31.31225216243754
          ]
        ]
      },
      "properties": {
        "NM_KOR": "소주부_한산사",
        "SEQ": 102,
        "TYPE": 4,
        "TYPE_MEMO": "박지원 고증",
        "TRANS_MEMO": null,
        "_layer_id": "route_lines",
        "_layer_title": "노정 선",
        "_source_file": "leespath_proved.shp",
        "_source_crs": "EPSG:4326"
      }
    }
  ]
}